{"level":"warn","message":"Unauthorized access attempt (no/invalid Authorization header): /api/student-teams","service":"research-mgmt-api","timestamp":"2025-04-12 00:00:26.862"}
{"level":"error","message":"HTTP GET /api/student-teams - 404 (0ms) Error: Route not found","service":"research-mgmt-api","timestamp":"2025-04-12 00:00:26.865"}
{"level":"warn","message":"Unauthorized access attempt (no/invalid Authorization header): /api/student-teams/invitations","service":"research-mgmt-api","timestamp":"2025-04-12 00:00:26.866"}
{"level":"error","message":"HTTP GET /api/student-teams/invitations - 404 (0ms) Error: Route not found","service":"research-mgmt-api","timestamp":"2025-04-12 00:00:26.867"}
{"level":"warn","message":"Unauthorized access attempt (no/invalid Authorization header): /api/student-teams","service":"research-mgmt-api","timestamp":"2025-04-12 00:00:35.147"}
{"level":"error","message":"HTTP GET /api/student-teams - 404 (0ms) Error: Route not found","service":"research-mgmt-api","timestamp":"2025-04-12 00:00:35.147"}
{"level":"warn","message":"Unauthorized access attempt (no/invalid Authorization header): /api/student-teams","service":"research-mgmt-api","timestamp":"2025-04-12 00:01:26.297"}
{"level":"error","message":"HTTP GET /api/student-teams - 404 (0ms) Error: Route not found","service":"research-mgmt-api","timestamp":"2025-04-12 00:01:26.297"}
{"level":"warn","message":"Unauthorized access attempt (no/invalid Authorization header): /api/student-teams/invitations","service":"research-mgmt-api","timestamp":"2025-04-12 00:01:26.298"}
{"level":"error","message":"HTTP GET /api/student-teams/invitations - 404 (0ms) Error: Route not found","service":"research-mgmt-api","timestamp":"2025-04-12 00:01:26.298"}
{"level":"warn","message":"Unauthorized access attempt (no/invalid Authorization header): /api/api/teams","service":"research-mgmt-api","timestamp":"2025-04-12 00:02:39.246"}
{"level":"error","message":"HTTP GET /api/api/teams - 404 (0ms) Error: Route not found","service":"research-mgmt-api","timestamp":"2025-04-12 00:02:39.246"}
{"level":"warn","message":"Unauthorized access attempt (no/invalid Authorization header): /api/api/teams","service":"research-mgmt-api","timestamp":"2025-04-12 00:02:44.323"}
{"level":"error","message":"HTTP GET /api/api/teams - 404 (0ms) Error: Route not found","service":"research-mgmt-api","timestamp":"2025-04-12 00:02:44.323"}
{"external":"23 MB","heapTotal":"30 MB","heapUsed":"42 MB","level":"info","message":"Memory usage stats:","rss":"211 MB","service":"research-mgmt-api","timestamp":"2025-04-12 00:02:56.509"}
{"level":"info","message":"JWT helper initialized","service":"research-mgmt-api","timestamp":"2025-04-12 00:04:25.911"}
{"adminRoutes":true,"authRoutes":true,"level":"info","message":"Route modules loaded:","service":"research-mgmt-api","studentRoutes":true,"supervisorRoutes":true,"timestamp":"2025-04-12 00:04:25.946"}
{"error":"Can't find variable: studentRoutes","level":"error","location":"uncaughtException handler","message":"Uncaught Exception:","service":"research-mgmt-api","stack":"ReferenceError: Can't find variable: studentRoutes\n    at <anonymous> (/home/swadhin/r/server/src/index.js:391:46)\n    at group (/home/swadhin/r/server/node_modules/elysia/src/index.ts:2919:38)\n    at <anonymous> (/home/swadhin/r/server/src/index.js:389:8)\n    at group (/home/swadhin/r/server/node_modules/elysia/src/index.ts:2919:38)\n    at /home/swadhin/r/server/src/index.js:365:5\n    at moduleEvaluation (native)\n    at moduleEvaluation (native)\n    at <anonymous> (native:2)\n    at processTicksAndRejections (native:7:39)","timestamp":"2025-04-12 00:04:25.961"}
{"level":"info","message":"JWT helper initialized","service":"research-mgmt-api","timestamp":"2025-04-12 00:10:57.436"}
{"adminRoutes":true,"authRoutes":true,"level":"info","message":"Route modules loaded:","service":"research-mgmt-api","studentRoutes":true,"supervisorRoutes":true,"timestamp":"2025-04-12 00:10:57.471"}
{"level":"info","message":"Registered API redirect from GET /notifications to GET /api/notifications","service":"research-mgmt-api","timestamp":"2025-04-12 00:10:57.487"}
{"level":"info","message":"Registered API redirect from GET /notifications/unread/count to GET /api/notifications/unread/count","service":"research-mgmt-api","timestamp":"2025-04-12 00:10:57.487"}
{"level":"info","message":"Registered API redirect from GET /user/profile to GET /api/user/profile","service":"research-mgmt-api","timestamp":"2025-04-12 00:10:57.487"}
{"level":"info","message":"Registered API redirect from GET /dashboard to GET /api/dashboard","service":"research-mgmt-api","timestamp":"2025-04-12 00:10:57.487"}
{"level":"info","message":"Registered API redirect from GET /calendar to GET /api/calendar","service":"research-mgmt-api","timestamp":"2025-04-12 00:10:57.487"}
{"level":"info","message":"Registered API redirect from GET /projects to GET /api/projects","service":"research-mgmt-api","timestamp":"2025-04-12 00:10:57.487"}
{"level":"info","message":"Registered API redirect from POST /projects to POST /api/projects","service":"research-mgmt-api","timestamp":"2025-04-12 00:10:57.488"}
{"level":"info","message":"Registered API redirect from GET /sessions to GET /api/sessions","service":"research-mgmt-api","timestamp":"2025-04-12 00:10:57.488"}
{"level":"info","message":"Registered API redirect from POST /sessions to POST /api/sessions","service":"research-mgmt-api","timestamp":"2025-04-12 00:10:57.488"}
{"level":"info","message":"Registered API redirect from GET /messages to GET /api/messages","service":"research-mgmt-api","timestamp":"2025-04-12 00:10:57.488"}
{"level":"info","message":"Registered API redirect from POST /messages to POST /api/messages","service":"research-mgmt-api","timestamp":"2025-04-12 00:10:57.488"}
{"level":"info","message":"Registered API redirect from GET /projects/:id to GET /api/projects/:id","service":"research-mgmt-api","timestamp":"2025-04-12 00:10:57.488"}
{"level":"info","message":"Registered API redirect from PUT /projects/:id to PUT /api/projects/:id","service":"research-mgmt-api","timestamp":"2025-04-12 00:10:57.488"}
{"level":"info","message":"Registered API redirect from DELETE /projects/:id to DELETE /api/projects/:id","service":"research-mgmt-api","timestamp":"2025-04-12 00:10:57.488"}
{"level":"info","message":"Registered API redirect from GET /users/:id to GET /api/users/:id","service":"research-mgmt-api","timestamp":"2025-04-12 00:10:57.488"}
{"level":"info","message":"Registered API redirect from PUT /users/:id to PUT /api/users/:id","service":"research-mgmt-api","timestamp":"2025-04-12 00:10:57.489"}
{"level":"info","message":"Attempting to connect to MongoDB database","service":"research-mgmt-api","timestamp":"2025-04-12 00:10:57.489"}
{"level":"info","message":"Attempting to connect to MongoDB...","service":"research-mgmt-api","timestamp":"2025-04-12 00:10:57.489"}
{"level":"info","message":"MongoDB Connected: ac-xdpuchx-shard-00-01.tvoe17p.mongodb.net","service":"research-mgmt-api","timestamp":"2025-04-12 00:10:58.790"}
{"level":"info","message":"✅ MongoDB connection established successfully","service":"research-mgmt-api","timestamp":"2025-04-12 00:10:58.790"}
{"level":"info","message":"🚀 Server running on port 300000 and accessible from all network interfaces","service":"research-mgmt-api","timestamp":"2025-04-12 00:10:58.794"}
{"level":"warn","message":"Unauthorized access attempt (no/invalid Authorization header): /api/student-teams","service":"research-mgmt-api","timestamp":"2025-04-12 00:11:25.754"}
{"level":"error","message":"HTTP GET /api/student-teams - 404 (0ms) Error: Route not found","service":"research-mgmt-api","timestamp":"2025-04-12 00:11:25.755"}
{"level":"warn","message":"Unauthorized access attempt (no/invalid Authorization header): /api/student-teams/invitations","service":"research-mgmt-api","timestamp":"2025-04-12 00:11:25.756"}
{"level":"error","message":"HTTP GET /api/student-teams/invitations - 404 (0ms) Error: Route not found","service":"research-mgmt-api","timestamp":"2025-04-12 00:11:25.756"}
{"level":"warn","message":"Unauthorized access attempt (no/invalid Authorization header): /api/student-teams","service":"research-mgmt-api","timestamp":"2025-04-12 00:11:28.308"}
{"level":"error","message":"HTTP GET /api/student-teams - 404 (0ms) Error: Route not found","service":"research-mgmt-api","timestamp":"2025-04-12 00:11:28.309"}
{"level":"warn","message":"Unauthorized access attempt (no/invalid Authorization header): /api/student-teams/invitations","service":"research-mgmt-api","timestamp":"2025-04-12 00:11:28.309"}
{"level":"error","message":"HTTP GET /api/student-teams/invitations - 404 (0ms) Error: Route not found","service":"research-mgmt-api","timestamp":"2025-04-12 00:11:28.309"}
{"level":"warn","message":"Unauthorized access attempt (no/invalid Authorization header): /api/students/results","service":"research-mgmt-api","timestamp":"2025-04-12 00:11:41.489"}
{"level":"error","message":"HTTP GET /api/students/results - 404 (0ms) Error: Route not found","service":"research-mgmt-api","timestamp":"2025-04-12 00:11:41.489"}
{"level":"info","message":"JWT helper initialized","service":"research-mgmt-api","timestamp":"2025-04-12 00:14:27.935"}
{"adminRoutes":true,"authRoutes":true,"level":"info","message":"Route modules loaded:","service":"research-mgmt-api","studentRoutes":true,"supervisorRoutes":true,"timestamp":"2025-04-12 00:14:27.971"}
{"level":"info","message":"Registered API redirect from GET /notifications to GET /api/notifications","service":"research-mgmt-api","timestamp":"2025-04-12 00:14:27.986"}
{"level":"info","message":"Registered API redirect from GET /notifications/unread/count to GET /api/notifications/unread/count","service":"research-mgmt-api","timestamp":"2025-04-12 00:14:27.987"}
{"level":"info","message":"Registered API redirect from GET /user/profile to GET /api/user/profile","service":"research-mgmt-api","timestamp":"2025-04-12 00:14:27.987"}
{"level":"info","message":"Registered API redirect from GET /dashboard to GET /api/dashboard","service":"research-mgmt-api","timestamp":"2025-04-12 00:14:27.987"}
{"level":"info","message":"Registered API redirect from GET /calendar to GET /api/calendar","service":"research-mgmt-api","timestamp":"2025-04-12 00:14:27.987"}
{"level":"info","message":"Registered API redirect from GET /teams to GET /api/teams","service":"research-mgmt-api","timestamp":"2025-04-12 00:14:27.987"}
{"level":"info","message":"Registered API redirect from GET /teams/my-team to GET /api/teams/my-team","service":"research-mgmt-api","timestamp":"2025-04-12 00:14:27.987"}
{"level":"info","message":"Registered API redirect from GET /teams/:id to GET /api/teams/:id","service":"research-mgmt-api","timestamp":"2025-04-12 00:14:27.987"}
{"level":"info","message":"Registered API redirect from PUT /teams/:id to PUT /api/teams/:id","service":"research-mgmt-api","timestamp":"2025-04-12 00:14:27.988"}
{"level":"info","message":"Registered API redirect from DELETE /teams/:id to DELETE /api/teams/:id","service":"research-mgmt-api","timestamp":"2025-04-12 00:14:27.988"}
{"level":"info","message":"Registered API redirect from POST /teams/:id/invite to POST /api/teams/:id/invite","service":"research-mgmt-api","timestamp":"2025-04-12 00:14:27.988"}
{"level":"info","message":"Registered API redirect from POST /teams/:id/leave to POST /api/teams/:id/leave","service":"research-mgmt-api","timestamp":"2025-04-12 00:14:27.988"}
{"level":"info","message":"Registered API redirect from POST /teams/:id/remove-member to POST /api/teams/:id/remove-member","service":"research-mgmt-api","timestamp":"2025-04-12 00:14:27.988"}
{"level":"info","message":"Registered API redirect from GET /projects to GET /api/projects","service":"research-mgmt-api","timestamp":"2025-04-12 00:14:27.988"}
{"level":"info","message":"Registered API redirect from POST /projects to POST /api/projects","service":"research-mgmt-api","timestamp":"2025-04-12 00:14:27.988"}
{"level":"info","message":"Registered API redirect from GET /sessions to GET /api/sessions","service":"research-mgmt-api","timestamp":"2025-04-12 00:14:27.988"}
{"level":"info","message":"Registered API redirect from POST /sessions to POST /api/sessions","service":"research-mgmt-api","timestamp":"2025-04-12 00:14:27.988"}
{"level":"info","message":"Registered API redirect from GET /messages to GET /api/messages","service":"research-mgmt-api","timestamp":"2025-04-12 00:14:27.989"}
{"level":"info","message":"Registered API redirect from POST /messages to POST /api/messages","service":"research-mgmt-api","timestamp":"2025-04-12 00:14:27.989"}
{"level":"info","message":"Registered API redirect from GET /projects/:id to GET /api/projects/:id","service":"research-mgmt-api","timestamp":"2025-04-12 00:14:27.989"}
{"level":"info","message":"Registered API redirect from PUT /projects/:id to PUT /api/projects/:id","service":"research-mgmt-api","timestamp":"2025-04-12 00:14:27.989"}
{"level":"info","message":"Registered API redirect from DELETE /projects/:id to DELETE /api/projects/:id","service":"research-mgmt-api","timestamp":"2025-04-12 00:14:27.989"}
{"level":"info","message":"Registered API redirect from GET /users/:id to GET /api/users/:id","service":"research-mgmt-api","timestamp":"2025-04-12 00:14:27.989"}
{"level":"info","message":"Registered API redirect from PUT /users/:id to PUT /api/users/:id","service":"research-mgmt-api","timestamp":"2025-04-12 00:14:27.989"}
{"level":"info","message":"Attempting to connect to MongoDB database","service":"research-mgmt-api","timestamp":"2025-04-12 00:14:27.989"}
{"level":"info","message":"Attempting to connect to MongoDB...","service":"research-mgmt-api","timestamp":"2025-04-12 00:14:27.990"}
{"level":"info","message":"MongoDB Connected: ac-xdpuchx-shard-00-00.tvoe17p.mongodb.net","service":"research-mgmt-api","timestamp":"2025-04-12 00:14:29.628"}
{"level":"info","message":"✅ MongoDB connection established successfully","service":"research-mgmt-api","timestamp":"2025-04-12 00:14:29.628"}
{"level":"info","message":"🚀 Server running on port 300000 and accessible from all network interfaces","service":"research-mgmt-api","timestamp":"2025-04-12 00:14:29.634"}
{"level":"info","message":"JWT helper initialized","service":"research-mgmt-api","timestamp":"2025-04-12 00:15:01.971"}
{"adminRoutes":true,"authRoutes":true,"level":"info","message":"Route modules loaded:","service":"research-mgmt-api","studentRoutes":true,"supervisorRoutes":true,"timestamp":"2025-04-12 00:15:02.005"}
{"level":"info","message":"Registered API redirect from GET /notifications to GET /api/notifications","service":"research-mgmt-api","timestamp":"2025-04-12 00:15:02.019"}
{"level":"info","message":"Registered API redirect from GET /notifications/unread/count to GET /api/notifications/unread/count","service":"research-mgmt-api","timestamp":"2025-04-12 00:15:02.019"}
{"level":"info","message":"Registered API redirect from GET /user/profile to GET /api/user/profile","service":"research-mgmt-api","timestamp":"2025-04-12 00:15:02.020"}
{"level":"info","message":"Registered API redirect from GET /dashboard to GET /api/dashboard","service":"research-mgmt-api","timestamp":"2025-04-12 00:15:02.020"}
{"level":"info","message":"Registered API redirect from GET /calendar to GET /api/calendar","service":"research-mgmt-api","timestamp":"2025-04-12 00:15:02.020"}
{"level":"info","message":"Registered Team API redirect from GET /teams to GET /api/students/team/...","service":"research-mgmt-api","timestamp":"2025-04-12 00:15:02.020"}
{"level":"info","message":"Registered Team API redirect from GET /teams/my-team to GET /api/students/team/...","service":"research-mgmt-api","timestamp":"2025-04-12 00:15:02.020"}
{"level":"info","message":"Registered Team API redirect from GET /teams/:id to GET /api/students/team/...","service":"research-mgmt-api","timestamp":"2025-04-12 00:15:02.020"}
{"level":"info","message":"Registered Team API redirect from PUT /teams/:id to PUT /api/students/team/...","service":"research-mgmt-api","timestamp":"2025-04-12 00:15:02.020"}
{"level":"info","message":"Registered Team API redirect from DELETE /teams/:id to DELETE /api/students/team/...","service":"research-mgmt-api","timestamp":"2025-04-12 00:15:02.021"}
{"level":"info","message":"Registered Team API redirect from POST /teams/:id/invite to POST /api/students/team/...","service":"research-mgmt-api","timestamp":"2025-04-12 00:15:02.021"}
{"level":"info","message":"Registered Team API redirect from POST /teams/:id/leave to POST /api/students/team/...","service":"research-mgmt-api","timestamp":"2025-04-12 00:15:02.021"}
{"level":"info","message":"Registered Team API redirect from POST /teams/:id/remove-member to POST /api/students/team/...","service":"research-mgmt-api","timestamp":"2025-04-12 00:15:02.021"}
{"level":"info","message":"Registered API redirect from GET /projects to GET /api/projects","service":"research-mgmt-api","timestamp":"2025-04-12 00:15:02.021"}
{"level":"info","message":"Registered API redirect from POST /projects to POST /api/projects","service":"research-mgmt-api","timestamp":"2025-04-12 00:15:02.021"}
{"level":"info","message":"Registered API redirect from GET /sessions to GET /api/sessions","service":"research-mgmt-api","timestamp":"2025-04-12 00:15:02.021"}
{"level":"info","message":"Registered API redirect from POST /sessions to POST /api/sessions","service":"research-mgmt-api","timestamp":"2025-04-12 00:15:02.021"}
{"level":"info","message":"Registered API redirect from GET /messages to GET /api/messages","service":"research-mgmt-api","timestamp":"2025-04-12 00:15:02.021"}
{"level":"info","message":"Registered API redirect from POST /messages to POST /api/messages","service":"research-mgmt-api","timestamp":"2025-04-12 00:15:02.021"}
{"level":"info","message":"Registered API redirect from GET /projects/:id to GET /api/projects/:id","service":"research-mgmt-api","timestamp":"2025-04-12 00:15:02.021"}
{"level":"info","message":"Registered API redirect from PUT /projects/:id to PUT /api/projects/:id","service":"research-mgmt-api","timestamp":"2025-04-12 00:15:02.021"}
{"level":"info","message":"Registered API redirect from DELETE /projects/:id to DELETE /api/projects/:id","service":"research-mgmt-api","timestamp":"2025-04-12 00:15:02.022"}
{"level":"info","message":"Registered API redirect from GET /users/:id to GET /api/users/:id","service":"research-mgmt-api","timestamp":"2025-04-12 00:15:02.022"}
{"level":"info","message":"Registered API redirect from PUT /users/:id to PUT /api/users/:id","service":"research-mgmt-api","timestamp":"2025-04-12 00:15:02.022"}
{"level":"info","message":"Attempting to connect to MongoDB database","service":"research-mgmt-api","timestamp":"2025-04-12 00:15:02.022"}
{"level":"info","message":"Attempting to connect to MongoDB...","service":"research-mgmt-api","timestamp":"2025-04-12 00:15:02.022"}
{"level":"info","message":"MongoDB Connected: ac-xdpuchx-shard-00-00.tvoe17p.mongodb.net","service":"research-mgmt-api","timestamp":"2025-04-12 00:15:03.396"}
{"level":"info","message":"✅ MongoDB connection established successfully","service":"research-mgmt-api","timestamp":"2025-04-12 00:15:03.396"}
{"level":"info","message":"🚀 Server running on port 300000 and accessible from all network interfaces","service":"research-mgmt-api","timestamp":"2025-04-12 00:15:03.401"}
{"level":"warn","message":"Unauthorized access attempt (no/invalid Authorization header): /api/student-teams","service":"research-mgmt-api","timestamp":"2025-04-12 00:15:18.394"}
{"level":"error","message":"HTTP GET /api/student-teams - 404 (0ms) Error: Route not found","service":"research-mgmt-api","timestamp":"2025-04-12 00:15:18.394"}
{"level":"warn","message":"Unauthorized access attempt (no/invalid Authorization header): /api/student-teams/invitations","service":"research-mgmt-api","timestamp":"2025-04-12 00:15:18.396"}
{"level":"error","message":"HTTP GET /api/student-teams/invitations - 404 (0ms) Error: Route not found","service":"research-mgmt-api","timestamp":"2025-04-12 00:15:18.396"}
{"level":"warn","message":"Unauthorized access attempt (no/invalid Authorization header): /api/student-teams","service":"research-mgmt-api","timestamp":"2025-04-12 00:16:42.059"}
{"level":"error","message":"HTTP GET /api/student-teams - 404 (0ms) Error: Route not found","service":"research-mgmt-api","timestamp":"2025-04-12 00:16:42.059"}
{"level":"warn","message":"Unauthorized access attempt (no/invalid Authorization header): /api/student-teams/invitations","service":"research-mgmt-api","timestamp":"2025-04-12 00:16:42.060"}
{"level":"error","message":"HTTP GET /api/student-teams/invitations - 404 (0ms) Error: Route not found","service":"research-mgmt-api","timestamp":"2025-04-12 00:16:42.060"}
{"level":"warn","message":"Unauthorized access attempt (no/invalid Authorization header): /api/student-teams","service":"research-mgmt-api","timestamp":"2025-04-12 00:16:42.726"}
{"level":"error","message":"HTTP GET /api/student-teams - 404 (0ms) Error: Route not found","service":"research-mgmt-api","timestamp":"2025-04-12 00:16:42.726"}
{"level":"warn","message":"Unauthorized access attempt (no/invalid Authorization header): /api/student-teams/invitations","service":"research-mgmt-api","timestamp":"2025-04-12 00:16:42.727"}
{"level":"error","message":"HTTP GET /api/student-teams/invitations - 404 (0ms) Error: Route not found","service":"research-mgmt-api","timestamp":"2025-04-12 00:16:42.727"}
{"level":"warn","message":"Unauthorized access attempt (no/invalid Authorization header): /api/student-teams","service":"research-mgmt-api","timestamp":"2025-04-12 00:17:02.896"}
{"level":"error","message":"HTTP GET /api/student-teams - 404 (0ms) Error: Route not found","service":"research-mgmt-api","timestamp":"2025-04-12 00:17:02.897"}
{"level":"warn","message":"Unauthorized access attempt (no/invalid Authorization header): /api/student-teams/invitations","service":"research-mgmt-api","timestamp":"2025-04-12 00:17:02.897"}
{"level":"error","message":"HTTP GET /api/student-teams/invitations - 404 (0ms) Error: Route not found","service":"research-mgmt-api","timestamp":"2025-04-12 00:17:02.897"}
{"level":"info","message":"JWT helper initialized","service":"research-mgmt-api","timestamp":"2025-04-12 00:19:16.952"}
{"adminRoutes":true,"authRoutes":true,"level":"info","message":"Route modules loaded:","service":"research-mgmt-api","studentRoutes":true,"supervisorRoutes":true,"timestamp":"2025-04-12 00:19:16.988"}
{"level":"info","message":"Registered API redirect from GET /notifications to GET /api/notifications","service":"research-mgmt-api","timestamp":"2025-04-12 00:19:17.003"}
{"level":"info","message":"Registered API redirect from GET /notifications/unread/count to GET /api/notifications/unread/count","service":"research-mgmt-api","timestamp":"2025-04-12 00:19:17.003"}
{"level":"info","message":"Registered API redirect from GET /user/profile to GET /api/user/profile","service":"research-mgmt-api","timestamp":"2025-04-12 00:19:17.003"}
{"level":"info","message":"Registered API redirect from GET /dashboard to GET /api/dashboard","service":"research-mgmt-api","timestamp":"2025-04-12 00:19:17.003"}
{"level":"info","message":"Registered API redirect from GET /calendar to GET /api/calendar","service":"research-mgmt-api","timestamp":"2025-04-12 00:19:17.004"}
{"level":"info","message":"Registered Team API redirect from GET /teams to GET /api/students/team/...","service":"research-mgmt-api","timestamp":"2025-04-12 00:19:17.004"}
{"level":"info","message":"Registered Team API redirect from GET /teams/my-team to GET /api/students/team/...","service":"research-mgmt-api","timestamp":"2025-04-12 00:19:17.004"}
{"level":"info","message":"Registered Team API redirect from GET /teams/:id to GET /api/students/team/...","service":"research-mgmt-api","timestamp":"2025-04-12 00:19:17.004"}
{"level":"info","message":"Registered Team API redirect from PUT /teams/:id to PUT /api/students/team/...","service":"research-mgmt-api","timestamp":"2025-04-12 00:19:17.004"}
{"level":"info","message":"Registered Team API redirect from DELETE /teams/:id to DELETE /api/students/team/...","service":"research-mgmt-api","timestamp":"2025-04-12 00:19:17.004"}
{"level":"info","message":"Registered Team API redirect from POST /teams/:id/invite to POST /api/students/team/...","service":"research-mgmt-api","timestamp":"2025-04-12 00:19:17.004"}
{"level":"info","message":"Registered Team API redirect from POST /teams/:id/leave to POST /api/students/team/...","service":"research-mgmt-api","timestamp":"2025-04-12 00:19:17.004"}
{"level":"info","message":"Registered Team API redirect from POST /teams/:id/remove-member to POST /api/students/team/...","service":"research-mgmt-api","timestamp":"2025-04-12 00:19:17.005"}
{"level":"info","message":"Registered API redirect from GET /projects to GET /api/projects","service":"research-mgmt-api","timestamp":"2025-04-12 00:19:17.005"}
{"level":"info","message":"Registered API redirect from POST /projects to POST /api/projects","service":"research-mgmt-api","timestamp":"2025-04-12 00:19:17.005"}
{"level":"info","message":"Registered API redirect from GET /sessions to GET /api/sessions","service":"research-mgmt-api","timestamp":"2025-04-12 00:19:17.005"}
{"level":"info","message":"Registered API redirect from POST /sessions to POST /api/sessions","service":"research-mgmt-api","timestamp":"2025-04-12 00:19:17.005"}
{"level":"info","message":"Registered API redirect from GET /messages to GET /api/messages","service":"research-mgmt-api","timestamp":"2025-04-12 00:19:17.005"}
{"level":"info","message":"Registered API redirect from POST /messages to POST /api/messages","service":"research-mgmt-api","timestamp":"2025-04-12 00:19:17.005"}
{"level":"info","message":"Registered API redirect from GET /projects/:id to GET /api/projects/:id","service":"research-mgmt-api","timestamp":"2025-04-12 00:19:17.005"}
{"level":"info","message":"Registered API redirect from PUT /projects/:id to PUT /api/projects/:id","service":"research-mgmt-api","timestamp":"2025-04-12 00:19:17.005"}
{"level":"info","message":"Registered API redirect from DELETE /projects/:id to DELETE /api/projects/:id","service":"research-mgmt-api","timestamp":"2025-04-12 00:19:17.005"}
{"level":"info","message":"Registered API redirect from GET /users/:id to GET /api/users/:id","service":"research-mgmt-api","timestamp":"2025-04-12 00:19:17.005"}
{"level":"info","message":"Registered API redirect from PUT /users/:id to PUT /api/users/:id","service":"research-mgmt-api","timestamp":"2025-04-12 00:19:17.005"}
{"level":"info","message":"Attempting to connect to MongoDB database","service":"research-mgmt-api","timestamp":"2025-04-12 00:19:17.006"}
{"level":"info","message":"Attempting to connect to MongoDB...","service":"research-mgmt-api","timestamp":"2025-04-12 00:19:17.006"}
{"level":"info","message":"JWT helper initialized","service":"research-mgmt-api","timestamp":"2025-04-12 00:19:20.528"}
{"adminRoutes":true,"authRoutes":true,"level":"info","message":"Route modules loaded:","service":"research-mgmt-api","studentRoutes":true,"supervisorRoutes":true,"timestamp":"2025-04-12 00:19:20.564"}
{"level":"info","message":"Registered API redirect from GET /notifications to GET /api/notifications","service":"research-mgmt-api","timestamp":"2025-04-12 00:19:20.579"}
{"level":"info","message":"Registered API redirect from GET /notifications/unread/count to GET /api/notifications/unread/count","service":"research-mgmt-api","timestamp":"2025-04-12 00:19:20.579"}
{"level":"info","message":"Registered API redirect from GET /user/profile to GET /api/user/profile","service":"research-mgmt-api","timestamp":"2025-04-12 00:19:20.579"}
{"level":"info","message":"Registered API redirect from GET /dashboard to GET /api/dashboard","service":"research-mgmt-api","timestamp":"2025-04-12 00:19:20.579"}
{"level":"info","message":"Registered API redirect from GET /calendar to GET /api/calendar","service":"research-mgmt-api","timestamp":"2025-04-12 00:19:20.579"}
{"level":"info","message":"Registered Team API redirect from GET /teams to GET /api/students/team/...","service":"research-mgmt-api","timestamp":"2025-04-12 00:19:20.579"}
{"level":"info","message":"Registered Team API redirect from GET /teams/my-team to GET /api/students/team/...","service":"research-mgmt-api","timestamp":"2025-04-12 00:19:20.579"}
{"level":"info","message":"Registered Team API redirect from GET /teams/:id to GET /api/students/team/...","service":"research-mgmt-api","timestamp":"2025-04-12 00:19:20.580"}
{"level":"info","message":"Registered Team API redirect from PUT /teams/:id to PUT /api/students/team/...","service":"research-mgmt-api","timestamp":"2025-04-12 00:19:20.580"}
{"level":"info","message":"Registered Team API redirect from DELETE /teams/:id to DELETE /api/students/team/...","service":"research-mgmt-api","timestamp":"2025-04-12 00:19:20.580"}
{"level":"info","message":"Registered Team API redirect from POST /teams/:id/invite to POST /api/students/team/...","service":"research-mgmt-api","timestamp":"2025-04-12 00:19:20.580"}
{"level":"info","message":"Registered Team API redirect from POST /teams/:id/leave to POST /api/students/team/...","service":"research-mgmt-api","timestamp":"2025-04-12 00:19:20.580"}
{"level":"info","message":"Registered Team API redirect from POST /teams/:id/remove-member to POST /api/students/team/...","service":"research-mgmt-api","timestamp":"2025-04-12 00:19:20.580"}
{"level":"info","message":"Registered API redirect from GET /api/student-teams to GET /api/api/student-teams","service":"research-mgmt-api","timestamp":"2025-04-12 00:19:20.580"}
{"level":"info","message":"Registered API redirect from GET /api/student-teams/invitations to GET /api/api/student-teams/invitations","service":"research-mgmt-api","timestamp":"2025-04-12 00:19:20.580"}
{"level":"info","message":"Registered API redirect from DELETE /api/student-teams/:id/leave to DELETE /api/api/student-teams/:id/leave","service":"research-mgmt-api","timestamp":"2025-04-12 00:19:20.580"}
{"level":"info","message":"Registered API redirect from GET /projects to GET /api/projects","service":"research-mgmt-api","timestamp":"2025-04-12 00:19:20.581"}
{"level":"info","message":"Registered API redirect from POST /projects to POST /api/projects","service":"research-mgmt-api","timestamp":"2025-04-12 00:19:20.581"}
{"level":"info","message":"Registered API redirect from GET /sessions to GET /api/sessions","service":"research-mgmt-api","timestamp":"2025-04-12 00:19:20.581"}
{"level":"info","message":"Registered API redirect from POST /sessions to POST /api/sessions","service":"research-mgmt-api","timestamp":"2025-04-12 00:19:20.581"}
{"level":"info","message":"Registered API redirect from GET /messages to GET /api/messages","service":"research-mgmt-api","timestamp":"2025-04-12 00:19:20.581"}
{"level":"info","message":"Registered API redirect from POST /messages to POST /api/messages","service":"research-mgmt-api","timestamp":"2025-04-12 00:19:20.581"}
{"level":"info","message":"Registered API redirect from GET /projects/:id to GET /api/projects/:id","service":"research-mgmt-api","timestamp":"2025-04-12 00:19:20.581"}
{"level":"info","message":"Registered API redirect from PUT /projects/:id to PUT /api/projects/:id","service":"research-mgmt-api","timestamp":"2025-04-12 00:19:20.581"}
{"level":"info","message":"Registered API redirect from DELETE /projects/:id to DELETE /api/projects/:id","service":"research-mgmt-api","timestamp":"2025-04-12 00:19:20.581"}
{"level":"info","message":"Registered API redirect from GET /users/:id to GET /api/users/:id","service":"research-mgmt-api","timestamp":"2025-04-12 00:19:20.581"}
{"level":"info","message":"Registered API redirect from PUT /users/:id to PUT /api/users/:id","service":"research-mgmt-api","timestamp":"2025-04-12 00:19:20.581"}
{"level":"info","message":"Attempting to connect to MongoDB database","service":"research-mgmt-api","timestamp":"2025-04-12 00:19:20.581"}
{"level":"info","message":"Attempting to connect to MongoDB...","service":"research-mgmt-api","timestamp":"2025-04-12 00:19:20.582"}
{"level":"warn","message":"MongoDB disconnected","service":"research-mgmt-api","timestamp":"2025-04-12 00:19:22.472"}
{"level":"info","message":"MongoDB reconnected successfully","service":"research-mgmt-api","timestamp":"2025-04-12 00:19:22.618"}
{"level":"info","message":"MongoDB Connected: ac-xdpuchx-shard-00-02.tvoe17p.mongodb.net","service":"research-mgmt-api","timestamp":"2025-04-12 00:19:23.992"}
{"level":"info","message":"✅ MongoDB connection established successfully","service":"research-mgmt-api","timestamp":"2025-04-12 00:19:23.992"}
{"level":"info","message":"🚀 Server running on port 300000 and accessible from all network interfaces","service":"research-mgmt-api","timestamp":"2025-04-12 00:19:23.996"}
{"level":"info","message":"JWT helper initialized","service":"research-mgmt-api","timestamp":"2025-04-12 00:19:47.336"}
{"adminRoutes":true,"authRoutes":true,"level":"info","message":"Route modules loaded:","service":"research-mgmt-api","studentRoutes":true,"supervisorRoutes":true,"timestamp":"2025-04-12 00:19:47.372"}
{"level":"info","message":"Registered API redirect from GET /notifications to GET /api/notifications","service":"research-mgmt-api","timestamp":"2025-04-12 00:19:47.387"}
{"level":"info","message":"Registered API redirect from GET /notifications/unread/count to GET /api/notifications/unread/count","service":"research-mgmt-api","timestamp":"2025-04-12 00:19:47.387"}
{"level":"info","message":"Registered API redirect from GET /user/profile to GET /api/user/profile","service":"research-mgmt-api","timestamp":"2025-04-12 00:19:47.387"}
{"level":"info","message":"Registered API redirect from GET /dashboard to GET /api/dashboard","service":"research-mgmt-api","timestamp":"2025-04-12 00:19:47.387"}
{"level":"info","message":"Registered API redirect from GET /calendar to GET /api/calendar","service":"research-mgmt-api","timestamp":"2025-04-12 00:19:47.387"}
{"level":"info","message":"Registered Team API redirect from GET /teams to GET /api/students/team/...","service":"research-mgmt-api","timestamp":"2025-04-12 00:19:47.387"}
{"level":"info","message":"Registered Team API redirect from GET /teams/my-team to GET /api/students/team/...","service":"research-mgmt-api","timestamp":"2025-04-12 00:19:47.388"}
{"level":"info","message":"Registered Team API redirect from GET /teams/:id to GET /api/students/team/...","service":"research-mgmt-api","timestamp":"2025-04-12 00:19:47.388"}
{"level":"info","message":"Registered Team API redirect from PUT /teams/:id to PUT /api/students/team/...","service":"research-mgmt-api","timestamp":"2025-04-12 00:19:47.388"}
{"level":"info","message":"Registered Team API redirect from DELETE /teams/:id to DELETE /api/students/team/...","service":"research-mgmt-api","timestamp":"2025-04-12 00:19:47.388"}
{"level":"info","message":"Registered Team API redirect from POST /teams/:id/invite to POST /api/students/team/...","service":"research-mgmt-api","timestamp":"2025-04-12 00:19:47.388"}
{"level":"info","message":"Registered Team API redirect from POST /teams/:id/leave to POST /api/students/team/...","service":"research-mgmt-api","timestamp":"2025-04-12 00:19:47.388"}
{"level":"info","message":"Registered Team API redirect from POST /teams/:id/remove-member to POST /api/students/team/...","service":"research-mgmt-api","timestamp":"2025-04-12 00:19:47.388"}
{"level":"info","message":"Registered API redirect from GET /api/student-teams to GET /api/api/student-teams","service":"research-mgmt-api","timestamp":"2025-04-12 00:19:47.389"}
{"level":"info","message":"Registered API redirect from GET /api/student-teams/invitations to GET /api/api/student-teams/invitations","service":"research-mgmt-api","timestamp":"2025-04-12 00:19:47.389"}
{"level":"info","message":"Registered API redirect from DELETE /api/student-teams/:id/leave to DELETE /api/api/student-teams/:id/leave","service":"research-mgmt-api","timestamp":"2025-04-12 00:19:47.389"}
{"level":"info","message":"Registered API redirect from GET /projects to GET /api/projects","service":"research-mgmt-api","timestamp":"2025-04-12 00:19:47.389"}
{"level":"info","message":"Registered API redirect from POST /projects to POST /api/projects","service":"research-mgmt-api","timestamp":"2025-04-12 00:19:47.389"}
{"level":"info","message":"Registered API redirect from GET /sessions to GET /api/sessions","service":"research-mgmt-api","timestamp":"2025-04-12 00:19:47.389"}
{"level":"info","message":"Registered API redirect from POST /sessions to POST /api/sessions","service":"research-mgmt-api","timestamp":"2025-04-12 00:19:47.389"}
{"level":"info","message":"Registered API redirect from GET /messages to GET /api/messages","service":"research-mgmt-api","timestamp":"2025-04-12 00:19:47.389"}
{"level":"info","message":"Registered API redirect from POST /messages to POST /api/messages","service":"research-mgmt-api","timestamp":"2025-04-12 00:19:47.389"}
{"level":"info","message":"Registered API redirect from GET /projects/:id to GET /api/projects/:id","service":"research-mgmt-api","timestamp":"2025-04-12 00:19:47.389"}
{"level":"info","message":"Registered API redirect from PUT /projects/:id to PUT /api/projects/:id","service":"research-mgmt-api","timestamp":"2025-04-12 00:19:47.389"}
{"level":"info","message":"Registered API redirect from DELETE /projects/:id to DELETE /api/projects/:id","service":"research-mgmt-api","timestamp":"2025-04-12 00:19:47.390"}
{"level":"info","message":"Registered API redirect from GET /users/:id to GET /api/users/:id","service":"research-mgmt-api","timestamp":"2025-04-12 00:19:47.390"}
{"level":"info","message":"Registered API redirect from PUT /users/:id to PUT /api/users/:id","service":"research-mgmt-api","timestamp":"2025-04-12 00:19:47.390"}
{"level":"info","message":"Attempting to connect to MongoDB database","service":"research-mgmt-api","timestamp":"2025-04-12 00:19:47.390"}
{"level":"info","message":"Attempting to connect to MongoDB...","service":"research-mgmt-api","timestamp":"2025-04-12 00:19:47.390"}
{"level":"info","message":"JWT helper initialized","service":"research-mgmt-api","timestamp":"2025-04-12 00:19:51.414"}
{"adminRoutes":true,"authRoutes":true,"level":"info","message":"Route modules loaded:","service":"research-mgmt-api","studentRoutes":true,"supervisorRoutes":true,"timestamp":"2025-04-12 00:19:51.448"}
{"level":"info","message":"Registered API redirect from GET /notifications to GET /api/notifications","service":"research-mgmt-api","timestamp":"2025-04-12 00:19:51.463"}
{"level":"info","message":"Registered API redirect from GET /notifications/unread/count to GET /api/notifications/unread/count","service":"research-mgmt-api","timestamp":"2025-04-12 00:19:51.463"}
{"level":"info","message":"Registered API redirect from GET /user/profile to GET /api/user/profile","service":"research-mgmt-api","timestamp":"2025-04-12 00:19:51.463"}
{"level":"info","message":"Registered API redirect from GET /dashboard to GET /api/dashboard","service":"research-mgmt-api","timestamp":"2025-04-12 00:19:51.463"}
{"level":"info","message":"Registered API redirect from GET /calendar to GET /api/calendar","service":"research-mgmt-api","timestamp":"2025-04-12 00:19:51.463"}
{"level":"info","message":"Registered Team API redirect from GET /teams to GET /api/students/team/...","service":"research-mgmt-api","timestamp":"2025-04-12 00:19:51.464"}
{"level":"info","message":"Registered Team API redirect from GET /teams/my-team to GET /api/students/team/...","service":"research-mgmt-api","timestamp":"2025-04-12 00:19:51.464"}
{"level":"info","message":"Registered Team API redirect from GET /teams/:id to GET /api/students/team/...","service":"research-mgmt-api","timestamp":"2025-04-12 00:19:51.464"}
{"level":"info","message":"Registered Team API redirect from PUT /teams/:id to PUT /api/students/team/...","service":"research-mgmt-api","timestamp":"2025-04-12 00:19:51.464"}
{"level":"info","message":"Registered Team API redirect from DELETE /teams/:id to DELETE /api/students/team/...","service":"research-mgmt-api","timestamp":"2025-04-12 00:19:51.464"}
{"level":"info","message":"Registered Team API redirect from POST /teams/:id/invite to POST /api/students/team/...","service":"research-mgmt-api","timestamp":"2025-04-12 00:19:51.464"}
{"level":"info","message":"Registered Team API redirect from POST /teams/:id/leave to POST /api/students/team/...","service":"research-mgmt-api","timestamp":"2025-04-12 00:19:51.464"}
{"level":"info","message":"Registered Team API redirect from POST /teams/:id/remove-member to POST /api/students/team/...","service":"research-mgmt-api","timestamp":"2025-04-12 00:19:51.464"}
{"level":"info","message":"Registered Student Team API redirect from GET /api/student-teams to GET /api/students/team/...","service":"research-mgmt-api","timestamp":"2025-04-12 00:19:51.464"}
{"level":"info","message":"Registered Student Team API redirect from GET /api/student-teams/invitations to GET /api/students/team/...","service":"research-mgmt-api","timestamp":"2025-04-12 00:19:51.465"}
{"level":"info","message":"Registered Student Team API redirect from DELETE /api/student-teams/:id/leave to DELETE /api/students/team/...","service":"research-mgmt-api","timestamp":"2025-04-12 00:19:51.465"}
{"level":"info","message":"Registered API redirect from GET /projects to GET /api/projects","service":"research-mgmt-api","timestamp":"2025-04-12 00:19:51.465"}
{"level":"info","message":"Registered API redirect from POST /projects to POST /api/projects","service":"research-mgmt-api","timestamp":"2025-04-12 00:19:51.465"}
{"level":"info","message":"Registered API redirect from GET /sessions to GET /api/sessions","service":"research-mgmt-api","timestamp":"2025-04-12 00:19:51.465"}
{"level":"info","message":"Registered API redirect from POST /sessions to POST /api/sessions","service":"research-mgmt-api","timestamp":"2025-04-12 00:19:51.465"}
{"level":"info","message":"Registered API redirect from GET /messages to GET /api/messages","service":"research-mgmt-api","timestamp":"2025-04-12 00:19:51.465"}
{"level":"info","message":"Registered API redirect from POST /messages to POST /api/messages","service":"research-mgmt-api","timestamp":"2025-04-12 00:19:51.465"}
{"level":"info","message":"Registered API redirect from GET /projects/:id to GET /api/projects/:id","service":"research-mgmt-api","timestamp":"2025-04-12 00:19:51.465"}
{"level":"info","message":"Registered API redirect from PUT /projects/:id to PUT /api/projects/:id","service":"research-mgmt-api","timestamp":"2025-04-12 00:19:51.465"}
{"level":"info","message":"Registered API redirect from DELETE /projects/:id to DELETE /api/projects/:id","service":"research-mgmt-api","timestamp":"2025-04-12 00:19:51.465"}
{"level":"info","message":"Registered API redirect from GET /users/:id to GET /api/users/:id","service":"research-mgmt-api","timestamp":"2025-04-12 00:19:51.465"}
{"level":"info","message":"Registered API redirect from PUT /users/:id to PUT /api/users/:id","service":"research-mgmt-api","timestamp":"2025-04-12 00:19:51.466"}
{"level":"info","message":"Attempting to connect to MongoDB database","service":"research-mgmt-api","timestamp":"2025-04-12 00:19:51.466"}
{"level":"info","message":"Attempting to connect to MongoDB...","service":"research-mgmt-api","timestamp":"2025-04-12 00:19:51.466"}
{"level":"info","message":"MongoDB Connected: ac-xdpuchx-shard-00-01.tvoe17p.mongodb.net","service":"research-mgmt-api","timestamp":"2025-04-12 00:19:59.274"}
{"level":"info","message":"✅ MongoDB connection established successfully","service":"research-mgmt-api","timestamp":"2025-04-12 00:19:59.274"}
{"level":"info","message":"🚀 Server running on port 300000 and accessible from all network interfaces","service":"research-mgmt-api","timestamp":"2025-04-12 00:19:59.279"}
{"level":"info","message":"MongoDB connection state: 1","service":"research-mgmt-api","timestamp":"2025-04-12 00:22:39.433"}
{"level":"info","message":"Login attempt for user: teststudent1@gmail.com","service":"research-mgmt-api","timestamp":"2025-04-12 00:22:39.433"}
{"level":"info","message":"Verifying password for user: teststudent1@gmail.com","service":"research-mgmt-api","timestamp":"2025-04-12 00:22:39.852"}
{"level":"info","message":"Login successful for user: teststudent1@gmail.com","service":"research-mgmt-api","timestamp":"2025-04-12 00:22:39.874"}
{"level":"info","message":"HTTP POST /api/auth/login - 200 (443ms)","service":"research-mgmt-api","timestamp":"2025-04-12 00:22:39.874"}
{"external":"30 MB","heapTotal":"32 MB","heapUsed":"55 MB","level":"info","message":"Memory usage stats:","rss":"235 MB","service":"research-mgmt-api","timestamp":"2025-04-12 00:24:51.474"}
{"external":"23 MB","heapTotal":"31 MB","heapUsed":"42 MB","level":"info","message":"Memory usage stats:","rss":"228 MB","service":"research-mgmt-api","timestamp":"2025-04-12 00:29:51.476"}
{"external":"23 MB","heapTotal":"30 MB","heapUsed":"42 MB","level":"info","message":"Memory usage stats:","rss":"228 MB","service":"research-mgmt-api","timestamp":"2025-04-12 00:34:51.475"}
{"external":"23 MB","heapTotal":"30 MB","heapUsed":"42 MB","level":"info","message":"Memory usage stats:","rss":"229 MB","service":"research-mgmt-api","timestamp":"2025-04-12 00:39:51.475"}
{"external":"23 MB","heapTotal":"30 MB","heapUsed":"42 MB","level":"info","message":"Memory usage stats:","rss":"229 MB","service":"research-mgmt-api","timestamp":"2025-04-12 00:44:51.476"}
{"level":"warn","message":"Unauthorized access attempt (no/invalid Authorization header): /api/students/team","service":"research-mgmt-api","timestamp":"2025-04-12 00:46:59.126"}
{"level":"error","message":"HTTP GET /api/students/team - 404 (0ms) Error: Route not found","service":"research-mgmt-api","timestamp":"2025-04-12 00:46:59.126"}
{"external":"23 MB","heapTotal":"30 MB","heapUsed":"42 MB","level":"info","message":"Memory usage stats:","rss":"231 MB","service":"research-mgmt-api","timestamp":"2025-04-12 00:49:51.477"}
{"external":"22 MB","heapTotal":"30 MB","heapUsed":"41 MB","level":"info","message":"Memory usage stats:","rss":"232 MB","service":"research-mgmt-api","timestamp":"2025-04-12 00:54:51.477"}
{"external":"23 MB","heapTotal":"30 MB","heapUsed":"42 MB","level":"info","message":"Memory usage stats:","rss":"232 MB","service":"research-mgmt-api","timestamp":"2025-04-12 00:59:51.477"}
{"external":"22 MB","heapTotal":"30 MB","heapUsed":"42 MB","level":"info","message":"Memory usage stats:","rss":"233 MB","service":"research-mgmt-api","timestamp":"2025-04-12 01:04:51.478"}
{"external":"23 MB","heapTotal":"30 MB","heapUsed":"42 MB","level":"info","message":"Memory usage stats:","rss":"233 MB","service":"research-mgmt-api","timestamp":"2025-04-12 01:09:51.478"}
{"external":"23 MB","heapTotal":"30 MB","heapUsed":"42 MB","level":"info","message":"Memory usage stats:","rss":"235 MB","service":"research-mgmt-api","timestamp":"2025-04-12 01:14:51.479"}
{"external":"23 MB","heapTotal":"30 MB","heapUsed":"42 MB","level":"info","message":"Memory usage stats:","rss":"235 MB","service":"research-mgmt-api","timestamp":"2025-04-12 01:19:51.481"}
{"external":"23 MB","heapTotal":"30 MB","heapUsed":"42 MB","level":"info","message":"Memory usage stats:","rss":"236 MB","service":"research-mgmt-api","timestamp":"2025-04-12 01:24:51.481"}
{"external":"23 MB","heapTotal":"30 MB","heapUsed":"42 MB","level":"info","message":"Memory usage stats:","rss":"236 MB","service":"research-mgmt-api","timestamp":"2025-04-12 01:29:51.482"}
{"external":"23 MB","heapTotal":"30 MB","heapUsed":"42 MB","level":"info","message":"Memory usage stats:","rss":"237 MB","service":"research-mgmt-api","timestamp":"2025-04-12 01:34:51.481"}
{"external":"22 MB","heapTotal":"30 MB","heapUsed":"41 MB","level":"info","message":"Memory usage stats:","rss":"238 MB","service":"research-mgmt-api","timestamp":"2025-04-12 01:39:51.481"}
{"external":"22 MB","heapTotal":"30 MB","heapUsed":"41 MB","level":"info","message":"Memory usage stats:","rss":"238 MB","service":"research-mgmt-api","timestamp":"2025-04-12 01:44:51.481"}
{"external":"23 MB","heapTotal":"31 MB","heapUsed":"43 MB","level":"info","message":"Memory usage stats:","rss":"239 MB","service":"research-mgmt-api","timestamp":"2025-04-12 01:49:51.482"}
{"external":"23 MB","heapTotal":"31 MB","heapUsed":"43 MB","level":"info","message":"Memory usage stats:","rss":"248 MB","service":"research-mgmt-api","timestamp":"2025-04-12 01:54:51.483"}
{"external":"23 MB","heapTotal":"31 MB","heapUsed":"43 MB","level":"info","message":"Memory usage stats:","rss":"242 MB","service":"research-mgmt-api","timestamp":"2025-04-12 01:59:51.483"}
{"external":"23 MB","heapTotal":"31 MB","heapUsed":"43 MB","level":"info","message":"Memory usage stats:","rss":"242 MB","service":"research-mgmt-api","timestamp":"2025-04-12 02:04:51.483"}
{"external":"23 MB","heapTotal":"30 MB","heapUsed":"42 MB","level":"info","message":"Memory usage stats:","rss":"242 MB","service":"research-mgmt-api","timestamp":"2025-04-12 02:09:51.484"}
{"external":"23 MB","heapTotal":"31 MB","heapUsed":"43 MB","level":"info","message":"Memory usage stats:","rss":"243 MB","service":"research-mgmt-api","timestamp":"2025-04-12 02:14:51.484"}
{"external":"23 MB","heapTotal":"30 MB","heapUsed":"43 MB","level":"info","message":"Memory usage stats:","rss":"243 MB","service":"research-mgmt-api","timestamp":"2025-04-12 02:19:51.486"}
{"external":"23 MB","heapTotal":"30 MB","heapUsed":"42 MB","level":"info","message":"Memory usage stats:","rss":"245 MB","service":"research-mgmt-api","timestamp":"2025-04-12 02:24:51.487"}
{"external":"23 MB","heapTotal":"31 MB","heapUsed":"43 MB","level":"info","message":"Memory usage stats:","rss":"245 MB","service":"research-mgmt-api","timestamp":"2025-04-12 02:29:51.488"}
{"level":"warn","message":"Unauthorized access attempt (no/invalid Authorization header): /api/students/team","service":"research-mgmt-api","timestamp":"2025-04-12 02:30:45.045"}
{"level":"error","message":"HTTP GET /api/students/team - 404 (0ms) Error: Route not found","service":"research-mgmt-api","timestamp":"2025-04-12 02:30:45.045"}
{"level":"warn","message":"Unauthorized access attempt (no/invalid Authorization header): /api/students/team/create","service":"research-mgmt-api","timestamp":"2025-04-12 02:31:07.405"}
{"level":"error","message":"HTTP GET /api/students/team/create - 404 (0ms) Error: Route not found","service":"research-mgmt-api","timestamp":"2025-04-12 02:31:07.406"}
{"external":"23 MB","heapTotal":"30 MB","heapUsed":"42 MB","level":"info","message":"Memory usage stats:","rss":"246 MB","service":"research-mgmt-api","timestamp":"2025-04-12 02:34:51.489"}
{"level":"info","message":"HTTP GET /api/notifications - 200 (0ms)","service":"research-mgmt-api","timestamp":"2025-04-12 02:36:04.582"}
{"level":"info","message":"HTTP GET /api/notifications/unread/count - 200 (0ms)","service":"research-mgmt-api","timestamp":"2025-04-12 02:36:04.589"}
{"level":"info","message":"HTTP GET /api/notifications - 200 (0ms)","service":"research-mgmt-api","timestamp":"2025-04-12 02:36:05.335"}
{"level":"info","message":"HTTP GET /api/notifications/unread/count - 200 (0ms)","service":"research-mgmt-api","timestamp":"2025-04-12 02:36:05.339"}
{"level":"error","message":"HTTP GET /api/students/team - 404 (0ms) Error: Route not found","service":"research-mgmt-api","timestamp":"2025-04-12 02:36:41.926"}
{"level":"error","message":"HTTP GET /api/students/team/invitations - 404 (0ms) Error: Route not found","service":"research-mgmt-api","timestamp":"2025-04-12 02:36:41.928"}
{"level":"info","message":"📊 Fetching student dashboard data","service":"research-mgmt-api","timestamp":"2025-04-12 02:36:42.349"}
{"level":"info","message":"HTTP GET /api/notifications - 200 (0ms)","service":"research-mgmt-api","timestamp":"2025-04-12 02:36:42.414"}
{"level":"info","message":"HTTP GET /api/notifications/unread/count - 200 (0ms)","service":"research-mgmt-api","timestamp":"2025-04-12 02:36:42.416"}
{"level":"info","message":"HTTP GET /api/dashboard - 200 (227ms)","service":"research-mgmt-api","timestamp":"2025-04-12 02:36:42.576"}
{"code":"VALIDATION","level":"error","message":"Application error: {\n  \"type\": \"validation\",\n  \"on\": \"response\",\n  \"summary\": \"Property 'data.upcomingDeadlines' is missing\",\n  \"property\": \"/data/upcomingDeadlines\",\n  \"message\": \"Expected required property\",\n  \"expected\": {\n    \"success\": false,\n    \"data\": {\n      \"currentSession\": {\n        \"id\": \"\",\n        \"name\": \"\",\n        \"startDate\": \"\",\n        \"endDate\": \"\"\n      },\n      \"upcomingDeadlines\": [],\n      \"recentActivities\": [],\n      \"notifications\": []\n    }\n  },\n  \"found\": {\n    \"success\": true,\n    \"data\": {\n      \"currentSession\": null,\n      \"team\": null,\n      \"notifications\": []\n    }\n  },\n  \"errors\": [\n    {\n      \"type\": 45,\n      \"schema\": {\n        \"type\": \"array\",\n        \"items\": {\n          \"type\": \"object\",\n          \"properties\": {\n            \"id\": {\n              \"type\": \"string\"\n            },\n            \"title\": {\n              \"type\": \"string\"\n            },\n            \"dueDate\": {\n              \"type\": \"string\"\n            },\n            \"type\": {\n              \"type\": \"string\"\n            },\n            \"isOverdue\": {\n              \"type\": \"boolean\"\n            },\n            \"daysRemaining\": {\n              \"type\": \"number\"\n            }\n          },\n          \"required\": [\n            \"id\",\n            \"title\",\n            \"dueDate\",\n            \"type\",\n            \"isOverdue\",\n            \"daysRemaining\"\n          ]\n        }\n      },\n      \"path\": \"/data/upcomingDeadlines\",\n      \"message\": \"Expected required property\",\n      \"errors\": [],\n      \"summary\": \"Property 'data.upcomingDeadlines' is missing\"\n    },\n    {\n      \"type\": 45,\n      \"schema\": {\n        \"type\": \"array\",\n        \"items\": {\n          \"type\": \"object\",\n          \"properties\": {\n            \"id\": {\n              \"type\": \"string\"\n            },\n            \"type\": {\n              \"type\": \"string\"\n            },\n            \"description\": {\n              \"type\": \"string\"\n            },\n            \"timestamp\": {\n              \"type\": \"string\"\n            }\n          },\n          \"required\": [\n            \"id\",\n            \"type\",\n            \"description\",\n            \"timestamp\"\n          ]\n        }\n      },\n      \"path\": \"/data/recentActivities\",\n      \"message\": \"Expected required property\",\n      \"errors\": [],\n      \"summary\": \"Property 'data.recentActivities' is missing\"\n    },\n    {\n      \"summary\": \"Expected object\",\n      \"type\": 46,\n      \"schema\": {\n        \"type\": \"object\",\n        \"properties\": {\n          \"id\": {\n            \"type\": \"string\"\n          },\n          \"name\": {\n            \"type\": \"string\"\n          },\n          \"startDate\": {\n            \"type\": \"string\"\n          },\n          \"endDate\": {\n            \"type\": \"string\"\n          }\n        },\n        \"required\": [\n          \"id\",\n          \"name\",\n          \"startDate\",\n          \"endDate\"\n        ]\n      },\n      \"path\": \"/data/currentSession\",\n      \"value\": null,\n      \"message\": \"Expected object\",\n      \"errors\": []\n    },\n    {\n      \"summary\": \"Expected object\",\n      \"type\": 46,\n      \"schema\": {\n        \"type\": \"object\",\n        \"properties\": {\n          \"id\": {\n            \"type\": \"string\"\n          },\n          \"name\": {\n            \"type\": \"string\"\n          },\n          \"members\": {\n            \"type\": \"array\",\n            \"items\": {\n              \"type\": \"object\",\n              \"properties\": {\n                \"id\": {\n                  \"type\": \"string\"\n                },\n                \"name\": {\n                  \"type\": \"string\"\n                },\n                \"role\": {\n                  \"type\": \"string\"\n                },\n                \"status\": {\n                  \"type\": \"string\"\n                },\n                \"lastActive\": {\n                  \"type\": \"string\"\n                }\n              },\n              \"required\": [\n                \"id\",\n                \"name\",\n                \"role\",\n                \"status\"\n              ]\n            }\n          },\n          \"projectId\": {\n            \"type\": \"string\"\n          }\n        },\n        \"required\": [\n          \"id\",\n          \"name\",\n          \"members\"\n        ]\n      },\n      \"path\": \"/data/team\",\n      \"value\": null,\n      \"message\": \"Expected object\",\n      \"errors\": []\n    },\n    {\n      \"summary\": \"Expected array\",\n      \"type\": 6,\n      \"schema\": {\n        \"type\": \"array\",\n        \"items\": {\n          \"type\": \"object\",\n          \"properties\": {\n            \"id\": {\n              \"type\": \"string\"\n            },\n            \"title\": {\n              \"type\": \"string\"\n            },\n            \"dueDate\": {\n              \"type\": \"string\"\n            },\n            \"type\": {\n              \"type\": \"string\"\n            },\n            \"isOverdue\": {\n              \"type\": \"boolean\"\n            },\n            \"daysRemaining\": {\n              \"type\": \"number\"\n            }\n          },\n          \"required\": [\n            \"id\",\n            \"title\",\n            \"dueDate\",\n            \"type\",\n            \"isOverdue\",\n            \"daysRemaining\"\n          ]\n        }\n      },\n      \"path\": \"/data/upcomingDeadlines\",\n      \"message\": \"Expected array\",\n      \"errors\": []\n    },\n    {\n      \"summary\": \"Expected array\",\n      \"type\": 6,\n      \"schema\": {\n        \"type\": \"array\",\n        \"items\": {\n          \"type\": \"object\",\n          \"properties\": {\n            \"id\": {\n              \"type\": \"string\"\n            },\n            \"type\": {\n              \"type\": \"string\"\n            },\n            \"description\": {\n              \"type\": \"string\"\n            },\n            \"timestamp\": {\n              \"type\": \"string\"\n            }\n          },\n          \"required\": [\n            \"id\",\n            \"type\",\n            \"description\",\n            \"timestamp\"\n          ]\n        }\n      },\n      \"path\": \"/data/recentActivities\",\n      \"message\": \"Expected array\",\n      \"errors\": []\n    }\n  ]\n}","service":"research-mgmt-api","stack":"Error: {\n  \"type\": \"validation\",\n  \"on\": \"response\",\n  \"summary\": \"Property 'data.upcomingDeadlines' is missing\",\n  \"property\": \"/data/upcomingDeadlines\",\n  \"message\": \"Expected required property\",\n  \"expected\": {\n    \"success\": false,\n    \"data\": {\n      \"currentSession\": {\n        \"id\": \"\",\n        \"name\": \"\",\n        \"startDate\": \"\",\n        \"endDate\": \"\"\n      },\n      \"upcomingDeadlines\": [],\n      \"recentActivities\": [],\n      \"notifications\": []\n    }\n  },\n  \"found\": {\n    \"success\": true,\n    \"data\": {\n      \"currentSession\": null,\n      \"team\": null,\n      \"notifications\": []\n    }\n  },\n  \"errors\": [\n    {\n      \"type\": 45,\n      \"schema\": {\n        \"type\": \"array\",\n        \"items\": {\n          \"type\": \"object\",\n          \"properties\": {\n            \"id\": {\n              \"type\": \"string\"\n            },\n            \"title\": {\n              \"type\": \"string\"\n            },\n            \"dueDate\": {\n              \"type\": \"string\"\n            },\n            \"type\": {\n              \"type\": \"string\"\n            },\n            \"isOverdue\": {\n              \"type\": \"boolean\"\n            },\n            \"daysRemaining\": {\n              \"type\": \"number\"\n            }\n          },\n          \"required\": [\n            \"id\",\n            \"title\",\n            \"dueDate\",\n            \"type\",\n            \"isOverdue\",\n            \"daysRemaining\"\n          ]\n        }\n      },\n      \"path\": \"/data/upcomingDeadlines\",\n      \"message\": \"Expected required property\",\n      \"errors\": [],\n      \"summary\": \"Property 'data.upcomingDeadlines' is missing\"\n    },\n    {\n      \"type\": 45,\n      \"schema\": {\n        \"type\": \"array\",\n        \"items\": {\n          \"type\": \"object\",\n          \"properties\": {\n            \"id\": {\n              \"type\": \"string\"\n            },\n            \"type\": {\n              \"type\": \"string\"\n            },\n            \"description\": {\n              \"type\": \"string\"\n            },\n            \"timestamp\": {\n              \"type\": \"string\"\n            }\n          },\n          \"required\": [\n            \"id\",\n            \"type\",\n            \"description\",\n            \"timestamp\"\n          ]\n        }\n      },\n      \"path\": \"/data/recentActivities\",\n      \"message\": \"Expected required property\",\n      \"errors\": [],\n      \"summary\": \"Property 'data.recentActivities' is missing\"\n    },\n    {\n      \"summary\": \"Expected object\",\n      \"type\": 46,\n      \"schema\": {\n        \"type\": \"object\",\n        \"properties\": {\n          \"id\": {\n            \"type\": \"string\"\n          },\n          \"name\": {\n            \"type\": \"string\"\n          },\n          \"startDate\": {\n            \"type\": \"string\"\n          },\n          \"endDate\": {\n            \"type\": \"string\"\n          }\n        },\n        \"required\": [\n          \"id\",\n          \"name\",\n          \"startDate\",\n          \"endDate\"\n        ]\n      },\n      \"path\": \"/data/currentSession\",\n      \"value\": null,\n      \"message\": \"Expected object\",\n      \"errors\": []\n    },\n    {\n      \"summary\": \"Expected object\",\n      \"type\": 46,\n      \"schema\": {\n        \"type\": \"object\",\n        \"properties\": {\n          \"id\": {\n            \"type\": \"string\"\n          },\n          \"name\": {\n            \"type\": \"string\"\n          },\n          \"members\": {\n            \"type\": \"array\",\n            \"items\": {\n              \"type\": \"object\",\n              \"properties\": {\n                \"id\": {\n                  \"type\": \"string\"\n                },\n                \"name\": {\n                  \"type\": \"string\"\n                },\n                \"role\": {\n                  \"type\": \"string\"\n                },\n                \"status\": {\n                  \"type\": \"string\"\n                },\n                \"lastActive\": {\n                  \"type\": \"string\"\n                }\n              },\n              \"required\": [\n                \"id\",\n                \"name\",\n                \"role\",\n                \"status\"\n              ]\n            }\n          },\n          \"projectId\": {\n            \"type\": \"string\"\n          }\n        },\n        \"required\": [\n          \"id\",\n          \"name\",\n          \"members\"\n        ]\n      },\n      \"path\": \"/data/team\",\n      \"value\": null,\n      \"message\": \"Expected object\",\n      \"errors\": []\n    },\n    {\n      \"summary\": \"Expected array\",\n      \"type\": 6,\n      \"schema\": {\n        \"type\": \"array\",\n        \"items\": {\n          \"type\": \"object\",\n          \"properties\": {\n            \"id\": {\n              \"type\": \"string\"\n            },\n            \"title\": {\n              \"type\": \"string\"\n            },\n            \"dueDate\": {\n              \"type\": \"string\"\n            },\n            \"type\": {\n              \"type\": \"string\"\n            },\n            \"isOverdue\": {\n              \"type\": \"boolean\"\n            },\n            \"daysRemaining\": {\n              \"type\": \"number\"\n            }\n          },\n          \"required\": [\n            \"id\",\n            \"title\",\n            \"dueDate\",\n            \"type\",\n            \"isOverdue\",\n            \"daysRemaining\"\n          ]\n        }\n      },\n      \"path\": \"/data/upcomingDeadlines\",\n      \"message\": \"Expected array\",\n      \"errors\": []\n    },\n    {\n      \"summary\": \"Expected array\",\n      \"type\": 6,\n      \"schema\": {\n        \"type\": \"array\",\n        \"items\": {\n          \"type\": \"object\",\n          \"properties\": {\n            \"id\": {\n              \"type\": \"string\"\n            },\n            \"type\": {\n              \"type\": \"string\"\n            },\n            \"description\": {\n              \"type\": \"string\"\n            },\n            \"timestamp\": {\n              \"type\": \"string\"\n            }\n          },\n          \"required\": [\n            \"id\",\n            \"type\",\n            \"description\",\n            \"timestamp\"\n          ]\n        }\n      },\n      \"path\": \"/data/recentActivities\",\n      \"message\": \"Expected array\",\n      \"errors\": []\n    }\n  ]\n}\n    at new ValidationError (/home/swadhin/r/server/node_modules/elysia/src/error.ts:264:3)\n    at <anonymous> (file:///home/swadhin/r/server/node_modules/elysia/dist/bun/index.js:27:26)\n    at processTicksAndRejections (native:7:39)","status":422,"timestamp":"2025-04-12 02:36:42.579","type":"response","validator":{"code":"return function check(value) {\n  return (\n    (typeof value === 'object' && value !== null && !Array.isArray(value)) &&\n    (typeof value.success === 'boolean') &&\n    (typeof value.data === 'object' && value.data !== null && !Array.isArray(value.data)) &&\n    (typeof value.data.currentSession === 'object' && value.data.currentSession !== null && !Array.isArray(value.data.currentSession)) &&\n    (typeof value.data.currentSession.id === 'string') &&\n    (typeof value.data.currentSession.name === 'string') &&\n    (typeof value.data.currentSession.startDate === 'string') &&\n    (typeof value.data.currentSession.endDate === 'string') &&\n    (value.data.team !== undefined ? ((typeof value.data.team === 'object' && value.data.team !== null && !Array.isArray(value.data.team)) && (typeof value.data.team.id === 'string') && (typeof value.data.team.name === 'string') && Array.isArray(value.data.team.members) && value.data.team.members.every((value) => ((typeof value === 'object' && value !== null && !Array.isArray(value)) && (typeof value.id === 'string') && (typeof value.name === 'string') && (typeof value.role === 'string') && (typeof value.status === 'string') && (value.lastActive !== undefined ? ((typeof value.lastActive === 'string')) : true))) && (value.data.team.projectId !== undefined ? ((typeof value.data.team.projectId === 'string')) : true)) : true) &&\n    (value.data.projectStatus !== undefined ? ((typeof value.data.projectStatus === 'string')) : true) &&\n    Array.isArray(value.data.upcomingDeadlines) &&\n    value.data.upcomingDeadlines.every((value) => ((typeof value === 'object' && value !== null && !Array.isArray(value)) && (typeof value.id === 'string') && (typeof value.title === 'string') && (typeof value.dueDate === 'string') && (typeof value.type === 'string') && (typeof value.isOverdue === 'boolean') && Number.isFinite(value.daysRemaining))) &&\n    Array.isArray(value.data.recentActivities) &&\n    value.data.recentActivities.every((value) => ((typeof value === 'object' && value !== null && !Array.isArray(value)) && (typeof value.id === 'string') && (typeof value.type === 'string') && (typeof value.description === 'string') && (typeof value.timestamp === 'string'))) &&\n    Array.isArray(value.data.notifications) &&\n    value.data.notifications.every((value) => ((typeof value === 'object' && value !== null && !Array.isArray(value)) && (typeof value.id === 'string') && (typeof value.message === 'string') && (typeof value.type === 'string') && (typeof value.isRead === 'boolean') && (typeof value.createdAt === 'string'))) &&\n    Object.getOwnPropertyNames(value).length === 2\n  )\n}","hasTransform":false,"references":[],"schema":{"additionalProperties":false,"properties":{"data":{"properties":{"currentSession":{"properties":{"endDate":{"type":"string"},"id":{"type":"string"},"name":{"type":"string"},"startDate":{"type":"string"}},"required":["id","name","startDate","endDate"],"type":"object"},"notifications":{"items":{"properties":{"createdAt":{"type":"string"},"id":{"type":"string"},"isRead":{"type":"boolean"},"message":{"type":"string"},"type":{"type":"string"}},"required":["id","message","type","isRead","createdAt"],"type":"object"},"type":"array"},"projectStatus":{"type":"string"},"recentActivities":{"items":{"properties":{"description":{"type":"string"},"id":{"type":"string"},"timestamp":{"type":"string"},"type":{"type":"string"}},"required":["id","type","description","timestamp"],"type":"object"},"type":"array"},"team":{"properties":{"id":{"type":"string"},"members":{"items":{"properties":{"id":{"type":"string"},"lastActive":{"type":"string"},"name":{"type":"string"},"role":{"type":"string"},"status":{"type":"string"}},"required":["id","name","role","status"],"type":"object"},"type":"array"},"name":{"type":"string"},"projectId":{"type":"string"}},"required":["id","name","members"],"type":"object"},"upcomingDeadlines":{"items":{"properties":{"daysRemaining":{"type":"number"},"dueDate":{"type":"string"},"id":{"type":"string"},"isOverdue":{"type":"boolean"},"title":{"type":"string"},"type":{"type":"string"}},"required":["id","title","dueDate","type","isOverdue","daysRemaining"],"type":"object"},"type":"array"}},"required":["currentSession","upcomingDeadlines","recentActivities","notifications"],"type":"object"},"success":{"type":"boolean"}},"required":["success","data"],"type":"object"}},"value":{"data":{"currentSession":null,"notifications":[],"team":null},"success":true}}
{"level":"info","message":"HTTP GET /api/notifications - 200 (0ms)","service":"research-mgmt-api","timestamp":"2025-04-12 02:36:43.322"}
{"level":"info","message":"HTTP GET /api/notifications/unread/count - 200 (0ms)","service":"research-mgmt-api","timestamp":"2025-04-12 02:36:43.325"}
{"level":"info","message":"📊 Fetching student dashboard data","service":"research-mgmt-api","timestamp":"2025-04-12 02:37:15.327"}
{"level":"info","message":"HTTP GET /api/dashboard - 200 (211ms)","service":"research-mgmt-api","timestamp":"2025-04-12 02:37:15.538"}
{"code":"VALIDATION","level":"error","message":"Application error: {\n  \"type\": \"validation\",\n  \"on\": \"response\",\n  \"summary\": \"Property 'data.upcomingDeadlines' is missing\",\n  \"property\": \"/data/upcomingDeadlines\",\n  \"message\": \"Expected required property\",\n  \"expected\": {\n    \"success\": false,\n    \"data\": {\n      \"currentSession\": {\n        \"id\": \"\",\n        \"name\": \"\",\n        \"startDate\": \"\",\n        \"endDate\": \"\"\n      },\n      \"upcomingDeadlines\": [],\n      \"recentActivities\": [],\n      \"notifications\": []\n    }\n  },\n  \"found\": {\n    \"success\": true,\n    \"data\": {\n      \"currentSession\": null,\n      \"team\": null,\n      \"notifications\": []\n    }\n  },\n  \"errors\": [\n    {\n      \"type\": 45,\n      \"schema\": {\n        \"type\": \"array\",\n        \"items\": {\n          \"type\": \"object\",\n          \"properties\": {\n            \"id\": {\n              \"type\": \"string\"\n            },\n            \"title\": {\n              \"type\": \"string\"\n            },\n            \"dueDate\": {\n              \"type\": \"string\"\n            },\n            \"type\": {\n              \"type\": \"string\"\n            },\n            \"isOverdue\": {\n              \"type\": \"boolean\"\n            },\n            \"daysRemaining\": {\n              \"type\": \"number\"\n            }\n          },\n          \"required\": [\n            \"id\",\n            \"title\",\n            \"dueDate\",\n            \"type\",\n            \"isOverdue\",\n            \"daysRemaining\"\n          ]\n        }\n      },\n      \"path\": \"/data/upcomingDeadlines\",\n      \"message\": \"Expected required property\",\n      \"errors\": [],\n      \"summary\": \"Property 'data.upcomingDeadlines' is missing\"\n    },\n    {\n      \"type\": 45,\n      \"schema\": {\n        \"type\": \"array\",\n        \"items\": {\n          \"type\": \"object\",\n          \"properties\": {\n            \"id\": {\n              \"type\": \"string\"\n            },\n            \"type\": {\n              \"type\": \"string\"\n            },\n            \"description\": {\n              \"type\": \"string\"\n            },\n            \"timestamp\": {\n              \"type\": \"string\"\n            }\n          },\n          \"required\": [\n            \"id\",\n            \"type\",\n            \"description\",\n            \"timestamp\"\n          ]\n        }\n      },\n      \"path\": \"/data/recentActivities\",\n      \"message\": \"Expected required property\",\n      \"errors\": [],\n      \"summary\": \"Property 'data.recentActivities' is missing\"\n    },\n    {\n      \"summary\": \"Expected object\",\n      \"type\": 46,\n      \"schema\": {\n        \"type\": \"object\",\n        \"properties\": {\n          \"id\": {\n            \"type\": \"string\"\n          },\n          \"name\": {\n            \"type\": \"string\"\n          },\n          \"startDate\": {\n            \"type\": \"string\"\n          },\n          \"endDate\": {\n            \"type\": \"string\"\n          }\n        },\n        \"required\": [\n          \"id\",\n          \"name\",\n          \"startDate\",\n          \"endDate\"\n        ]\n      },\n      \"path\": \"/data/currentSession\",\n      \"value\": null,\n      \"message\": \"Expected object\",\n      \"errors\": []\n    },\n    {\n      \"summary\": \"Expected object\",\n      \"type\": 46,\n      \"schema\": {\n        \"type\": \"object\",\n        \"properties\": {\n          \"id\": {\n            \"type\": \"string\"\n          },\n          \"name\": {\n            \"type\": \"string\"\n          },\n          \"members\": {\n            \"type\": \"array\",\n            \"items\": {\n              \"type\": \"object\",\n              \"properties\": {\n                \"id\": {\n                  \"type\": \"string\"\n                },\n                \"name\": {\n                  \"type\": \"string\"\n                },\n                \"role\": {\n                  \"type\": \"string\"\n                },\n                \"status\": {\n                  \"type\": \"string\"\n                },\n                \"lastActive\": {\n                  \"type\": \"string\"\n                }\n              },\n              \"required\": [\n                \"id\",\n                \"name\",\n                \"role\",\n                \"status\"\n              ]\n            }\n          },\n          \"projectId\": {\n            \"type\": \"string\"\n          }\n        },\n        \"required\": [\n          \"id\",\n          \"name\",\n          \"members\"\n        ]\n      },\n      \"path\": \"/data/team\",\n      \"value\": null,\n      \"message\": \"Expected object\",\n      \"errors\": []\n    },\n    {\n      \"summary\": \"Expected array\",\n      \"type\": 6,\n      \"schema\": {\n        \"type\": \"array\",\n        \"items\": {\n          \"type\": \"object\",\n          \"properties\": {\n            \"id\": {\n              \"type\": \"string\"\n            },\n            \"title\": {\n              \"type\": \"string\"\n            },\n            \"dueDate\": {\n              \"type\": \"string\"\n            },\n            \"type\": {\n              \"type\": \"string\"\n            },\n            \"isOverdue\": {\n              \"type\": \"boolean\"\n            },\n            \"daysRemaining\": {\n              \"type\": \"number\"\n            }\n          },\n          \"required\": [\n            \"id\",\n            \"title\",\n            \"dueDate\",\n            \"type\",\n            \"isOverdue\",\n            \"daysRemaining\"\n          ]\n        }\n      },\n      \"path\": \"/data/upcomingDeadlines\",\n      \"message\": \"Expected array\",\n      \"errors\": []\n    },\n    {\n      \"summary\": \"Expected array\",\n      \"type\": 6,\n      \"schema\": {\n        \"type\": \"array\",\n        \"items\": {\n          \"type\": \"object\",\n          \"properties\": {\n            \"id\": {\n              \"type\": \"string\"\n            },\n            \"type\": {\n              \"type\": \"string\"\n            },\n            \"description\": {\n              \"type\": \"string\"\n            },\n            \"timestamp\": {\n              \"type\": \"string\"\n            }\n          },\n          \"required\": [\n            \"id\",\n            \"type\",\n            \"description\",\n            \"timestamp\"\n          ]\n        }\n      },\n      \"path\": \"/data/recentActivities\",\n      \"message\": \"Expected array\",\n      \"errors\": []\n    }\n  ]\n}","service":"research-mgmt-api","stack":"Error: {\n  \"type\": \"validation\",\n  \"on\": \"response\",\n  \"summary\": \"Property 'data.upcomingDeadlines' is missing\",\n  \"property\": \"/data/upcomingDeadlines\",\n  \"message\": \"Expected required property\",\n  \"expected\": {\n    \"success\": false,\n    \"data\": {\n      \"currentSession\": {\n        \"id\": \"\",\n        \"name\": \"\",\n        \"startDate\": \"\",\n        \"endDate\": \"\"\n      },\n      \"upcomingDeadlines\": [],\n      \"recentActivities\": [],\n      \"notifications\": []\n    }\n  },\n  \"found\": {\n    \"success\": true,\n    \"data\": {\n      \"currentSession\": null,\n      \"team\": null,\n      \"notifications\": []\n    }\n  },\n  \"errors\": [\n    {\n      \"type\": 45,\n      \"schema\": {\n        \"type\": \"array\",\n        \"items\": {\n          \"type\": \"object\",\n          \"properties\": {\n            \"id\": {\n              \"type\": \"string\"\n            },\n            \"title\": {\n              \"type\": \"string\"\n            },\n            \"dueDate\": {\n              \"type\": \"string\"\n            },\n            \"type\": {\n              \"type\": \"string\"\n            },\n            \"isOverdue\": {\n              \"type\": \"boolean\"\n            },\n            \"daysRemaining\": {\n              \"type\": \"number\"\n            }\n          },\n          \"required\": [\n            \"id\",\n            \"title\",\n            \"dueDate\",\n            \"type\",\n            \"isOverdue\",\n            \"daysRemaining\"\n          ]\n        }\n      },\n      \"path\": \"/data/upcomingDeadlines\",\n      \"message\": \"Expected required property\",\n      \"errors\": [],\n      \"summary\": \"Property 'data.upcomingDeadlines' is missing\"\n    },\n    {\n      \"type\": 45,\n      \"schema\": {\n        \"type\": \"array\",\n        \"items\": {\n          \"type\": \"object\",\n          \"properties\": {\n            \"id\": {\n              \"type\": \"string\"\n            },\n            \"type\": {\n              \"type\": \"string\"\n            },\n            \"description\": {\n              \"type\": \"string\"\n            },\n            \"timestamp\": {\n              \"type\": \"string\"\n            }\n          },\n          \"required\": [\n            \"id\",\n            \"type\",\n            \"description\",\n            \"timestamp\"\n          ]\n        }\n      },\n      \"path\": \"/data/recentActivities\",\n      \"message\": \"Expected required property\",\n      \"errors\": [],\n      \"summary\": \"Property 'data.recentActivities' is missing\"\n    },\n    {\n      \"summary\": \"Expected object\",\n      \"type\": 46,\n      \"schema\": {\n        \"type\": \"object\",\n        \"properties\": {\n          \"id\": {\n            \"type\": \"string\"\n          },\n          \"name\": {\n            \"type\": \"string\"\n          },\n          \"startDate\": {\n            \"type\": \"string\"\n          },\n          \"endDate\": {\n            \"type\": \"string\"\n          }\n        },\n        \"required\": [\n          \"id\",\n          \"name\",\n          \"startDate\",\n          \"endDate\"\n        ]\n      },\n      \"path\": \"/data/currentSession\",\n      \"value\": null,\n      \"message\": \"Expected object\",\n      \"errors\": []\n    },\n    {\n      \"summary\": \"Expected object\",\n      \"type\": 46,\n      \"schema\": {\n        \"type\": \"object\",\n        \"properties\": {\n          \"id\": {\n            \"type\": \"string\"\n          },\n          \"name\": {\n            \"type\": \"string\"\n          },\n          \"members\": {\n            \"type\": \"array\",\n            \"items\": {\n              \"type\": \"object\",\n              \"properties\": {\n                \"id\": {\n                  \"type\": \"string\"\n                },\n                \"name\": {\n                  \"type\": \"string\"\n                },\n                \"role\": {\n                  \"type\": \"string\"\n                },\n                \"status\": {\n                  \"type\": \"string\"\n                },\n                \"lastActive\": {\n                  \"type\": \"string\"\n                }\n              },\n              \"required\": [\n                \"id\",\n                \"name\",\n                \"role\",\n                \"status\"\n              ]\n            }\n          },\n          \"projectId\": {\n            \"type\": \"string\"\n          }\n        },\n        \"required\": [\n          \"id\",\n          \"name\",\n          \"members\"\n        ]\n      },\n      \"path\": \"/data/team\",\n      \"value\": null,\n      \"message\": \"Expected object\",\n      \"errors\": []\n    },\n    {\n      \"summary\": \"Expected array\",\n      \"type\": 6,\n      \"schema\": {\n        \"type\": \"array\",\n        \"items\": {\n          \"type\": \"object\",\n          \"properties\": {\n            \"id\": {\n              \"type\": \"string\"\n            },\n            \"title\": {\n              \"type\": \"string\"\n            },\n            \"dueDate\": {\n              \"type\": \"string\"\n            },\n            \"type\": {\n              \"type\": \"string\"\n            },\n            \"isOverdue\": {\n              \"type\": \"boolean\"\n            },\n            \"daysRemaining\": {\n              \"type\": \"number\"\n            }\n          },\n          \"required\": [\n            \"id\",\n            \"title\",\n            \"dueDate\",\n            \"type\",\n            \"isOverdue\",\n            \"daysRemaining\"\n          ]\n        }\n      },\n      \"path\": \"/data/upcomingDeadlines\",\n      \"message\": \"Expected array\",\n      \"errors\": []\n    },\n    {\n      \"summary\": \"Expected array\",\n      \"type\": 6,\n      \"schema\": {\n        \"type\": \"array\",\n        \"items\": {\n          \"type\": \"object\",\n          \"properties\": {\n            \"id\": {\n              \"type\": \"string\"\n            },\n            \"type\": {\n              \"type\": \"string\"\n            },\n            \"description\": {\n              \"type\": \"string\"\n            },\n            \"timestamp\": {\n              \"type\": \"string\"\n            }\n          },\n          \"required\": [\n            \"id\",\n            \"type\",\n            \"description\",\n            \"timestamp\"\n          ]\n        }\n      },\n      \"path\": \"/data/recentActivities\",\n      \"message\": \"Expected array\",\n      \"errors\": []\n    }\n  ]\n}\n    at new ValidationError (/home/swadhin/r/server/node_modules/elysia/src/error.ts:264:3)\n    at <anonymous> (file:///home/swadhin/r/server/node_modules/elysia/dist/bun/index.js:27:26)\n    at processTicksAndRejections (native:7:39)","status":422,"timestamp":"2025-04-12 02:37:15.538","type":"response","validator":{"code":"return function check(value) {\n  return (\n    (typeof value === 'object' && value !== null && !Array.isArray(value)) &&\n    (typeof value.success === 'boolean') &&\n    (typeof value.data === 'object' && value.data !== null && !Array.isArray(value.data)) &&\n    (typeof value.data.currentSession === 'object' && value.data.currentSession !== null && !Array.isArray(value.data.currentSession)) &&\n    (typeof value.data.currentSession.id === 'string') &&\n    (typeof value.data.currentSession.name === 'string') &&\n    (typeof value.data.currentSession.startDate === 'string') &&\n    (typeof value.data.currentSession.endDate === 'string') &&\n    (value.data.team !== undefined ? ((typeof value.data.team === 'object' && value.data.team !== null && !Array.isArray(value.data.team)) && (typeof value.data.team.id === 'string') && (typeof value.data.team.name === 'string') && Array.isArray(value.data.team.members) && value.data.team.members.every((value) => ((typeof value === 'object' && value !== null && !Array.isArray(value)) && (typeof value.id === 'string') && (typeof value.name === 'string') && (typeof value.role === 'string') && (typeof value.status === 'string') && (value.lastActive !== undefined ? ((typeof value.lastActive === 'string')) : true))) && (value.data.team.projectId !== undefined ? ((typeof value.data.team.projectId === 'string')) : true)) : true) &&\n    (value.data.projectStatus !== undefined ? ((typeof value.data.projectStatus === 'string')) : true) &&\n    Array.isArray(value.data.upcomingDeadlines) &&\n    value.data.upcomingDeadlines.every((value) => ((typeof value === 'object' && value !== null && !Array.isArray(value)) && (typeof value.id === 'string') && (typeof value.title === 'string') && (typeof value.dueDate === 'string') && (typeof value.type === 'string') && (typeof value.isOverdue === 'boolean') && Number.isFinite(value.daysRemaining))) &&\n    Array.isArray(value.data.recentActivities) &&\n    value.data.recentActivities.every((value) => ((typeof value === 'object' && value !== null && !Array.isArray(value)) && (typeof value.id === 'string') && (typeof value.type === 'string') && (typeof value.description === 'string') && (typeof value.timestamp === 'string'))) &&\n    Array.isArray(value.data.notifications) &&\n    value.data.notifications.every((value) => ((typeof value === 'object' && value !== null && !Array.isArray(value)) && (typeof value.id === 'string') && (typeof value.message === 'string') && (typeof value.type === 'string') && (typeof value.isRead === 'boolean') && (typeof value.createdAt === 'string'))) &&\n    Object.getOwnPropertyNames(value).length === 2\n  )\n}","hasTransform":false,"references":[],"schema":{"additionalProperties":false,"properties":{"data":{"properties":{"currentSession":{"properties":{"endDate":{"type":"string"},"id":{"type":"string"},"name":{"type":"string"},"startDate":{"type":"string"}},"required":["id","name","startDate","endDate"],"type":"object"},"notifications":{"items":{"properties":{"createdAt":{"type":"string"},"id":{"type":"string"},"isRead":{"type":"boolean"},"message":{"type":"string"},"type":{"type":"string"}},"required":["id","message","type","isRead","createdAt"],"type":"object"},"type":"array"},"projectStatus":{"type":"string"},"recentActivities":{"items":{"properties":{"description":{"type":"string"},"id":{"type":"string"},"timestamp":{"type":"string"},"type":{"type":"string"}},"required":["id","type","description","timestamp"],"type":"object"},"type":"array"},"team":{"properties":{"id":{"type":"string"},"members":{"items":{"properties":{"id":{"type":"string"},"lastActive":{"type":"string"},"name":{"type":"string"},"role":{"type":"string"},"status":{"type":"string"}},"required":["id","name","role","status"],"type":"object"},"type":"array"},"name":{"type":"string"},"projectId":{"type":"string"}},"required":["id","name","members"],"type":"object"},"upcomingDeadlines":{"items":{"properties":{"daysRemaining":{"type":"number"},"dueDate":{"type":"string"},"id":{"type":"string"},"isOverdue":{"type":"boolean"},"title":{"type":"string"},"type":{"type":"string"}},"required":["id","title","dueDate","type","isOverdue","daysRemaining"],"type":"object"},"type":"array"}},"required":["currentSession","upcomingDeadlines","recentActivities","notifications"],"type":"object"},"success":{"type":"boolean"}},"required":["success","data"],"type":"object"}},"value":{"data":{"currentSession":null,"notifications":[],"team":null},"success":true}}
{"level":"error","message":"HTTP POST /api/students/team/create - 404 (0ms) Error: Route not found","service":"research-mgmt-api","timestamp":"2025-04-12 02:37:19.565"}
{"level":"info","message":"HTTP GET /api/notifications/unread/count - 200 (0ms)","service":"research-mgmt-api","timestamp":"2025-04-12 02:37:41.915"}
{"level":"info","message":"HTTP GET /api/notifications/unread/count - 200 (0ms)","service":"research-mgmt-api","timestamp":"2025-04-12 02:37:43.322"}
{"level":"info","message":"HTTP GET /api/notifications/unread/count - 200 (0ms)","service":"research-mgmt-api","timestamp":"2025-04-12 02:38:41.916"}
{"level":"info","message":"HTTP GET /api/notifications/unread/count - 200 (0ms)","service":"research-mgmt-api","timestamp":"2025-04-12 02:38:43.323"}
{"level":"info","message":"HTTP GET /api/notifications/unread/count - 200 (0ms)","service":"research-mgmt-api","timestamp":"2025-04-12 02:39:41.916"}
{"level":"info","message":"HTTP GET /api/notifications/unread/count - 200 (0ms)","service":"research-mgmt-api","timestamp":"2025-04-12 02:39:43.322"}
{"external":"24 MB","heapTotal":"30 MB","heapUsed":"43 MB","level":"info","message":"Memory usage stats:","rss":"249 MB","service":"research-mgmt-api","timestamp":"2025-04-12 02:39:51.490"}
{"level":"info","message":"HTTP GET /api/notifications/unread/count - 200 (0ms)","service":"research-mgmt-api","timestamp":"2025-04-12 02:40:41.915"}
{"level":"info","message":"HTTP GET /api/notifications/unread/count - 200 (0ms)","service":"research-mgmt-api","timestamp":"2025-04-12 02:41:01.324"}
{"level":"info","message":"HTTP GET /api/notifications - 200 (0ms)","service":"research-mgmt-api","timestamp":"2025-04-12 02:41:35.964"}
{"level":"info","message":"HTTP GET /api/notifications/unread/count - 200 (0ms)","service":"research-mgmt-api","timestamp":"2025-04-12 02:41:35.971"}
{"level":"info","message":"MongoDB connection state: 1","service":"research-mgmt-api","timestamp":"2025-04-12 02:41:43.285"}
{"level":"info","message":"Login attempt for user: teststudent1@gmail.com","service":"research-mgmt-api","timestamp":"2025-04-12 02:41:43.285"}
{"level":"info","message":"Verifying password for user: teststudent1@gmail.com","service":"research-mgmt-api","timestamp":"2025-04-12 02:41:43.341"}
{"level":"info","message":"Login successful for user: teststudent1@gmail.com","service":"research-mgmt-api","timestamp":"2025-04-12 02:41:43.355"}
{"level":"info","message":"HTTP POST /api/auth/login - 200 (71ms)","service":"research-mgmt-api","timestamp":"2025-04-12 02:41:43.355"}
{"level":"info","message":"📊 Fetching student dashboard data","service":"research-mgmt-api","timestamp":"2025-04-12 02:41:43.474"}
{"level":"info","message":"HTTP GET /api/dashboard - 200 (211ms)","service":"research-mgmt-api","timestamp":"2025-04-12 02:41:43.685"}
{"code":"VALIDATION","level":"error","message":"Application error: {\n  \"type\": \"validation\",\n  \"on\": \"response\",\n  \"summary\": \"Property 'data.upcomingDeadlines' is missing\",\n  \"property\": \"/data/upcomingDeadlines\",\n  \"message\": \"Expected required property\",\n  \"expected\": {\n    \"success\": false,\n    \"data\": {\n      \"currentSession\": {\n        \"id\": \"\",\n        \"name\": \"\",\n        \"startDate\": \"\",\n        \"endDate\": \"\"\n      },\n      \"upcomingDeadlines\": [],\n      \"recentActivities\": [],\n      \"notifications\": []\n    }\n  },\n  \"found\": {\n    \"success\": true,\n    \"data\": {\n      \"currentSession\": null,\n      \"team\": null,\n      \"notifications\": []\n    }\n  },\n  \"errors\": [\n    {\n      \"type\": 45,\n      \"schema\": {\n        \"type\": \"array\",\n        \"items\": {\n          \"type\": \"object\",\n          \"properties\": {\n            \"id\": {\n              \"type\": \"string\"\n            },\n            \"title\": {\n              \"type\": \"string\"\n            },\n            \"dueDate\": {\n              \"type\": \"string\"\n            },\n            \"type\": {\n              \"type\": \"string\"\n            },\n            \"isOverdue\": {\n              \"type\": \"boolean\"\n            },\n            \"daysRemaining\": {\n              \"type\": \"number\"\n            }\n          },\n          \"required\": [\n            \"id\",\n            \"title\",\n            \"dueDate\",\n            \"type\",\n            \"isOverdue\",\n            \"daysRemaining\"\n          ]\n        }\n      },\n      \"path\": \"/data/upcomingDeadlines\",\n      \"message\": \"Expected required property\",\n      \"errors\": [],\n      \"summary\": \"Property 'data.upcomingDeadlines' is missing\"\n    },\n    {\n      \"type\": 45,\n      \"schema\": {\n        \"type\": \"array\",\n        \"items\": {\n          \"type\": \"object\",\n          \"properties\": {\n            \"id\": {\n              \"type\": \"string\"\n            },\n            \"type\": {\n              \"type\": \"string\"\n            },\n            \"description\": {\n              \"type\": \"string\"\n            },\n            \"timestamp\": {\n              \"type\": \"string\"\n            }\n          },\n          \"required\": [\n            \"id\",\n            \"type\",\n            \"description\",\n            \"timestamp\"\n          ]\n        }\n      },\n      \"path\": \"/data/recentActivities\",\n      \"message\": \"Expected required property\",\n      \"errors\": [],\n      \"summary\": \"Property 'data.recentActivities' is missing\"\n    },\n    {\n      \"summary\": \"Expected object\",\n      \"type\": 46,\n      \"schema\": {\n        \"type\": \"object\",\n        \"properties\": {\n          \"id\": {\n            \"type\": \"string\"\n          },\n          \"name\": {\n            \"type\": \"string\"\n          },\n          \"startDate\": {\n            \"type\": \"string\"\n          },\n          \"endDate\": {\n            \"type\": \"string\"\n          }\n        },\n        \"required\": [\n          \"id\",\n          \"name\",\n          \"startDate\",\n          \"endDate\"\n        ]\n      },\n      \"path\": \"/data/currentSession\",\n      \"value\": null,\n      \"message\": \"Expected object\",\n      \"errors\": []\n    },\n    {\n      \"summary\": \"Expected object\",\n      \"type\": 46,\n      \"schema\": {\n        \"type\": \"object\",\n        \"properties\": {\n          \"id\": {\n            \"type\": \"string\"\n          },\n          \"name\": {\n            \"type\": \"string\"\n          },\n          \"members\": {\n            \"type\": \"array\",\n            \"items\": {\n              \"type\": \"object\",\n              \"properties\": {\n                \"id\": {\n                  \"type\": \"string\"\n                },\n                \"name\": {\n                  \"type\": \"string\"\n                },\n                \"role\": {\n                  \"type\": \"string\"\n                },\n                \"status\": {\n                  \"type\": \"string\"\n                },\n                \"lastActive\": {\n                  \"type\": \"string\"\n                }\n              },\n              \"required\": [\n                \"id\",\n                \"name\",\n                \"role\",\n                \"status\"\n              ]\n            }\n          },\n          \"projectId\": {\n            \"type\": \"string\"\n          }\n        },\n        \"required\": [\n          \"id\",\n          \"name\",\n          \"members\"\n        ]\n      },\n      \"path\": \"/data/team\",\n      \"value\": null,\n      \"message\": \"Expected object\",\n      \"errors\": []\n    },\n    {\n      \"summary\": \"Expected array\",\n      \"type\": 6,\n      \"schema\": {\n        \"type\": \"array\",\n        \"items\": {\n          \"type\": \"object\",\n          \"properties\": {\n            \"id\": {\n              \"type\": \"string\"\n            },\n            \"title\": {\n              \"type\": \"string\"\n            },\n            \"dueDate\": {\n              \"type\": \"string\"\n            },\n            \"type\": {\n              \"type\": \"string\"\n            },\n            \"isOverdue\": {\n              \"type\": \"boolean\"\n            },\n            \"daysRemaining\": {\n              \"type\": \"number\"\n            }\n          },\n          \"required\": [\n            \"id\",\n            \"title\",\n            \"dueDate\",\n            \"type\",\n            \"isOverdue\",\n            \"daysRemaining\"\n          ]\n        }\n      },\n      \"path\": \"/data/upcomingDeadlines\",\n      \"message\": \"Expected array\",\n      \"errors\": []\n    },\n    {\n      \"summary\": \"Expected array\",\n      \"type\": 6,\n      \"schema\": {\n        \"type\": \"array\",\n        \"items\": {\n          \"type\": \"object\",\n          \"properties\": {\n            \"id\": {\n              \"type\": \"string\"\n            },\n            \"type\": {\n              \"type\": \"string\"\n            },\n            \"description\": {\n              \"type\": \"string\"\n            },\n            \"timestamp\": {\n              \"type\": \"string\"\n            }\n          },\n          \"required\": [\n            \"id\",\n            \"type\",\n            \"description\",\n            \"timestamp\"\n          ]\n        }\n      },\n      \"path\": \"/data/recentActivities\",\n      \"message\": \"Expected array\",\n      \"errors\": []\n    }\n  ]\n}","service":"research-mgmt-api","stack":"Error: {\n  \"type\": \"validation\",\n  \"on\": \"response\",\n  \"summary\": \"Property 'data.upcomingDeadlines' is missing\",\n  \"property\": \"/data/upcomingDeadlines\",\n  \"message\": \"Expected required property\",\n  \"expected\": {\n    \"success\": false,\n    \"data\": {\n      \"currentSession\": {\n        \"id\": \"\",\n        \"name\": \"\",\n        \"startDate\": \"\",\n        \"endDate\": \"\"\n      },\n      \"upcomingDeadlines\": [],\n      \"recentActivities\": [],\n      \"notifications\": []\n    }\n  },\n  \"found\": {\n    \"success\": true,\n    \"data\": {\n      \"currentSession\": null,\n      \"team\": null,\n      \"notifications\": []\n    }\n  },\n  \"errors\": [\n    {\n      \"type\": 45,\n      \"schema\": {\n        \"type\": \"array\",\n        \"items\": {\n          \"type\": \"object\",\n          \"properties\": {\n            \"id\": {\n              \"type\": \"string\"\n            },\n            \"title\": {\n              \"type\": \"string\"\n            },\n            \"dueDate\": {\n              \"type\": \"string\"\n            },\n            \"type\": {\n              \"type\": \"string\"\n            },\n            \"isOverdue\": {\n              \"type\": \"boolean\"\n            },\n            \"daysRemaining\": {\n              \"type\": \"number\"\n            }\n          },\n          \"required\": [\n            \"id\",\n            \"title\",\n            \"dueDate\",\n            \"type\",\n            \"isOverdue\",\n            \"daysRemaining\"\n          ]\n        }\n      },\n      \"path\": \"/data/upcomingDeadlines\",\n      \"message\": \"Expected required property\",\n      \"errors\": [],\n      \"summary\": \"Property 'data.upcomingDeadlines' is missing\"\n    },\n    {\n      \"type\": 45,\n      \"schema\": {\n        \"type\": \"array\",\n        \"items\": {\n          \"type\": \"object\",\n          \"properties\": {\n            \"id\": {\n              \"type\": \"string\"\n            },\n            \"type\": {\n              \"type\": \"string\"\n            },\n            \"description\": {\n              \"type\": \"string\"\n            },\n            \"timestamp\": {\n              \"type\": \"string\"\n            }\n          },\n          \"required\": [\n            \"id\",\n            \"type\",\n            \"description\",\n            \"timestamp\"\n          ]\n        }\n      },\n      \"path\": \"/data/recentActivities\",\n      \"message\": \"Expected required property\",\n      \"errors\": [],\n      \"summary\": \"Property 'data.recentActivities' is missing\"\n    },\n    {\n      \"summary\": \"Expected object\",\n      \"type\": 46,\n      \"schema\": {\n        \"type\": \"object\",\n        \"properties\": {\n          \"id\": {\n            \"type\": \"string\"\n          },\n          \"name\": {\n            \"type\": \"string\"\n          },\n          \"startDate\": {\n            \"type\": \"string\"\n          },\n          \"endDate\": {\n            \"type\": \"string\"\n          }\n        },\n        \"required\": [\n          \"id\",\n          \"name\",\n          \"startDate\",\n          \"endDate\"\n        ]\n      },\n      \"path\": \"/data/currentSession\",\n      \"value\": null,\n      \"message\": \"Expected object\",\n      \"errors\": []\n    },\n    {\n      \"summary\": \"Expected object\",\n      \"type\": 46,\n      \"schema\": {\n        \"type\": \"object\",\n        \"properties\": {\n          \"id\": {\n            \"type\": \"string\"\n          },\n          \"name\": {\n            \"type\": \"string\"\n          },\n          \"members\": {\n            \"type\": \"array\",\n            \"items\": {\n              \"type\": \"object\",\n              \"properties\": {\n                \"id\": {\n                  \"type\": \"string\"\n                },\n                \"name\": {\n                  \"type\": \"string\"\n                },\n                \"role\": {\n                  \"type\": \"string\"\n                },\n                \"status\": {\n                  \"type\": \"string\"\n                },\n                \"lastActive\": {\n                  \"type\": \"string\"\n                }\n              },\n              \"required\": [\n                \"id\",\n                \"name\",\n                \"role\",\n                \"status\"\n              ]\n            }\n          },\n          \"projectId\": {\n            \"type\": \"string\"\n          }\n        },\n        \"required\": [\n          \"id\",\n          \"name\",\n          \"members\"\n        ]\n      },\n      \"path\": \"/data/team\",\n      \"value\": null,\n      \"message\": \"Expected object\",\n      \"errors\": []\n    },\n    {\n      \"summary\": \"Expected array\",\n      \"type\": 6,\n      \"schema\": {\n        \"type\": \"array\",\n        \"items\": {\n          \"type\": \"object\",\n          \"properties\": {\n            \"id\": {\n              \"type\": \"string\"\n            },\n            \"title\": {\n              \"type\": \"string\"\n            },\n            \"dueDate\": {\n              \"type\": \"string\"\n            },\n            \"type\": {\n              \"type\": \"string\"\n            },\n            \"isOverdue\": {\n              \"type\": \"boolean\"\n            },\n            \"daysRemaining\": {\n              \"type\": \"number\"\n            }\n          },\n          \"required\": [\n            \"id\",\n            \"title\",\n            \"dueDate\",\n            \"type\",\n            \"isOverdue\",\n            \"daysRemaining\"\n          ]\n        }\n      },\n      \"path\": \"/data/upcomingDeadlines\",\n      \"message\": \"Expected array\",\n      \"errors\": []\n    },\n    {\n      \"summary\": \"Expected array\",\n      \"type\": 6,\n      \"schema\": {\n        \"type\": \"array\",\n        \"items\": {\n          \"type\": \"object\",\n          \"properties\": {\n            \"id\": {\n              \"type\": \"string\"\n            },\n            \"type\": {\n              \"type\": \"string\"\n            },\n            \"description\": {\n              \"type\": \"string\"\n            },\n            \"timestamp\": {\n              \"type\": \"string\"\n            }\n          },\n          \"required\": [\n            \"id\",\n            \"type\",\n            \"description\",\n            \"timestamp\"\n          ]\n        }\n      },\n      \"path\": \"/data/recentActivities\",\n      \"message\": \"Expected array\",\n      \"errors\": []\n    }\n  ]\n}\n    at new ValidationError (/home/swadhin/r/server/node_modules/elysia/src/error.ts:264:3)\n    at <anonymous> (file:///home/swadhin/r/server/node_modules/elysia/dist/bun/index.js:27:26)\n    at processTicksAndRejections (native:7:39)","status":422,"timestamp":"2025-04-12 02:41:43.686","type":"response","validator":{"code":"return function check(value) {\n  return (\n    (typeof value === 'object' && value !== null && !Array.isArray(value)) &&\n    (typeof value.success === 'boolean') &&\n    (typeof value.data === 'object' && value.data !== null && !Array.isArray(value.data)) &&\n    (typeof value.data.currentSession === 'object' && value.data.currentSession !== null && !Array.isArray(value.data.currentSession)) &&\n    (typeof value.data.currentSession.id === 'string') &&\n    (typeof value.data.currentSession.name === 'string') &&\n    (typeof value.data.currentSession.startDate === 'string') &&\n    (typeof value.data.currentSession.endDate === 'string') &&\n    (value.data.team !== undefined ? ((typeof value.data.team === 'object' && value.data.team !== null && !Array.isArray(value.data.team)) && (typeof value.data.team.id === 'string') && (typeof value.data.team.name === 'string') && Array.isArray(value.data.team.members) && value.data.team.members.every((value) => ((typeof value === 'object' && value !== null && !Array.isArray(value)) && (typeof value.id === 'string') && (typeof value.name === 'string') && (typeof value.role === 'string') && (typeof value.status === 'string') && (value.lastActive !== undefined ? ((typeof value.lastActive === 'string')) : true))) && (value.data.team.projectId !== undefined ? ((typeof value.data.team.projectId === 'string')) : true)) : true) &&\n    (value.data.projectStatus !== undefined ? ((typeof value.data.projectStatus === 'string')) : true) &&\n    Array.isArray(value.data.upcomingDeadlines) &&\n    value.data.upcomingDeadlines.every((value) => ((typeof value === 'object' && value !== null && !Array.isArray(value)) && (typeof value.id === 'string') && (typeof value.title === 'string') && (typeof value.dueDate === 'string') && (typeof value.type === 'string') && (typeof value.isOverdue === 'boolean') && Number.isFinite(value.daysRemaining))) &&\n    Array.isArray(value.data.recentActivities) &&\n    value.data.recentActivities.every((value) => ((typeof value === 'object' && value !== null && !Array.isArray(value)) && (typeof value.id === 'string') && (typeof value.type === 'string') && (typeof value.description === 'string') && (typeof value.timestamp === 'string'))) &&\n    Array.isArray(value.data.notifications) &&\n    value.data.notifications.every((value) => ((typeof value === 'object' && value !== null && !Array.isArray(value)) && (typeof value.id === 'string') && (typeof value.message === 'string') && (typeof value.type === 'string') && (typeof value.isRead === 'boolean') && (typeof value.createdAt === 'string'))) &&\n    Object.getOwnPropertyNames(value).length === 2\n  )\n}","hasTransform":false,"references":[],"schema":{"additionalProperties":false,"properties":{"data":{"properties":{"currentSession":{"properties":{"endDate":{"type":"string"},"id":{"type":"string"},"name":{"type":"string"},"startDate":{"type":"string"}},"required":["id","name","startDate","endDate"],"type":"object"},"notifications":{"items":{"properties":{"createdAt":{"type":"string"},"id":{"type":"string"},"isRead":{"type":"boolean"},"message":{"type":"string"},"type":{"type":"string"}},"required":["id","message","type","isRead","createdAt"],"type":"object"},"type":"array"},"projectStatus":{"type":"string"},"recentActivities":{"items":{"properties":{"description":{"type":"string"},"id":{"type":"string"},"timestamp":{"type":"string"},"type":{"type":"string"}},"required":["id","type","description","timestamp"],"type":"object"},"type":"array"},"team":{"properties":{"id":{"type":"string"},"members":{"items":{"properties":{"id":{"type":"string"},"lastActive":{"type":"string"},"name":{"type":"string"},"role":{"type":"string"},"status":{"type":"string"}},"required":["id","name","role","status"],"type":"object"},"type":"array"},"name":{"type":"string"},"projectId":{"type":"string"}},"required":["id","name","members"],"type":"object"},"upcomingDeadlines":{"items":{"properties":{"daysRemaining":{"type":"number"},"dueDate":{"type":"string"},"id":{"type":"string"},"isOverdue":{"type":"boolean"},"title":{"type":"string"},"type":{"type":"string"}},"required":["id","title","dueDate","type","isOverdue","daysRemaining"],"type":"object"},"type":"array"}},"required":["currentSession","upcomingDeadlines","recentActivities","notifications"],"type":"object"},"success":{"type":"boolean"}},"required":["success","data"],"type":"object"}},"value":{"data":{"currentSession":null,"notifications":[],"team":null},"success":true}}
{"level":"info","message":"HTTP GET /api/notifications - 200 (0ms)","service":"research-mgmt-api","timestamp":"2025-04-12 02:41:43.869"}
{"level":"info","message":"HTTP GET /api/notifications/unread/count - 200 (0ms)","service":"research-mgmt-api","timestamp":"2025-04-12 02:41:43.872"}
{"level":"info","message":"📊 Fetching student dashboard data","service":"research-mgmt-api","timestamp":"2025-04-12 02:41:44.409"}
{"level":"info","message":"HTTP GET /api/dashboard - 200 (210ms)","service":"research-mgmt-api","timestamp":"2025-04-12 02:41:44.619"}
{"code":"VALIDATION","level":"error","message":"Application error: {\n  \"type\": \"validation\",\n  \"on\": \"response\",\n  \"summary\": \"Property 'data.upcomingDeadlines' is missing\",\n  \"property\": \"/data/upcomingDeadlines\",\n  \"message\": \"Expected required property\",\n  \"expected\": {\n    \"success\": false,\n    \"data\": {\n      \"currentSession\": {\n        \"id\": \"\",\n        \"name\": \"\",\n        \"startDate\": \"\",\n        \"endDate\": \"\"\n      },\n      \"upcomingDeadlines\": [],\n      \"recentActivities\": [],\n      \"notifications\": []\n    }\n  },\n  \"found\": {\n    \"success\": true,\n    \"data\": {\n      \"currentSession\": null,\n      \"team\": null,\n      \"notifications\": []\n    }\n  },\n  \"errors\": [\n    {\n      \"type\": 45,\n      \"schema\": {\n        \"type\": \"array\",\n        \"items\": {\n          \"type\": \"object\",\n          \"properties\": {\n            \"id\": {\n              \"type\": \"string\"\n            },\n            \"title\": {\n              \"type\": \"string\"\n            },\n            \"dueDate\": {\n              \"type\": \"string\"\n            },\n            \"type\": {\n              \"type\": \"string\"\n            },\n            \"isOverdue\": {\n              \"type\": \"boolean\"\n            },\n            \"daysRemaining\": {\n              \"type\": \"number\"\n            }\n          },\n          \"required\": [\n            \"id\",\n            \"title\",\n            \"dueDate\",\n            \"type\",\n            \"isOverdue\",\n            \"daysRemaining\"\n          ]\n        }\n      },\n      \"path\": \"/data/upcomingDeadlines\",\n      \"message\": \"Expected required property\",\n      \"errors\": [],\n      \"summary\": \"Property 'data.upcomingDeadlines' is missing\"\n    },\n    {\n      \"type\": 45,\n      \"schema\": {\n        \"type\": \"array\",\n        \"items\": {\n          \"type\": \"object\",\n          \"properties\": {\n            \"id\": {\n              \"type\": \"string\"\n            },\n            \"type\": {\n              \"type\": \"string\"\n            },\n            \"description\": {\n              \"type\": \"string\"\n            },\n            \"timestamp\": {\n              \"type\": \"string\"\n            }\n          },\n          \"required\": [\n            \"id\",\n            \"type\",\n            \"description\",\n            \"timestamp\"\n          ]\n        }\n      },\n      \"path\": \"/data/recentActivities\",\n      \"message\": \"Expected required property\",\n      \"errors\": [],\n      \"summary\": \"Property 'data.recentActivities' is missing\"\n    },\n    {\n      \"summary\": \"Expected object\",\n      \"type\": 46,\n      \"schema\": {\n        \"type\": \"object\",\n        \"properties\": {\n          \"id\": {\n            \"type\": \"string\"\n          },\n          \"name\": {\n            \"type\": \"string\"\n          },\n          \"startDate\": {\n            \"type\": \"string\"\n          },\n          \"endDate\": {\n            \"type\": \"string\"\n          }\n        },\n        \"required\": [\n          \"id\",\n          \"name\",\n          \"startDate\",\n          \"endDate\"\n        ]\n      },\n      \"path\": \"/data/currentSession\",\n      \"value\": null,\n      \"message\": \"Expected object\",\n      \"errors\": []\n    },\n    {\n      \"summary\": \"Expected object\",\n      \"type\": 46,\n      \"schema\": {\n        \"type\": \"object\",\n        \"properties\": {\n          \"id\": {\n            \"type\": \"string\"\n          },\n          \"name\": {\n            \"type\": \"string\"\n          },\n          \"members\": {\n            \"type\": \"array\",\n            \"items\": {\n              \"type\": \"object\",\n              \"properties\": {\n                \"id\": {\n                  \"type\": \"string\"\n                },\n                \"name\": {\n                  \"type\": \"string\"\n                },\n                \"role\": {\n                  \"type\": \"string\"\n                },\n                \"status\": {\n                  \"type\": \"string\"\n                },\n                \"lastActive\": {\n                  \"type\": \"string\"\n                }\n              },\n              \"required\": [\n                \"id\",\n                \"name\",\n                \"role\",\n                \"status\"\n              ]\n            }\n          },\n          \"projectId\": {\n            \"type\": \"string\"\n          }\n        },\n        \"required\": [\n          \"id\",\n          \"name\",\n          \"members\"\n        ]\n      },\n      \"path\": \"/data/team\",\n      \"value\": null,\n      \"message\": \"Expected object\",\n      \"errors\": []\n    },\n    {\n      \"summary\": \"Expected array\",\n      \"type\": 6,\n      \"schema\": {\n        \"type\": \"array\",\n        \"items\": {\n          \"type\": \"object\",\n          \"properties\": {\n            \"id\": {\n              \"type\": \"string\"\n            },\n            \"title\": {\n              \"type\": \"string\"\n            },\n            \"dueDate\": {\n              \"type\": \"string\"\n            },\n            \"type\": {\n              \"type\": \"string\"\n            },\n            \"isOverdue\": {\n              \"type\": \"boolean\"\n            },\n            \"daysRemaining\": {\n              \"type\": \"number\"\n            }\n          },\n          \"required\": [\n            \"id\",\n            \"title\",\n            \"dueDate\",\n            \"type\",\n            \"isOverdue\",\n            \"daysRemaining\"\n          ]\n        }\n      },\n      \"path\": \"/data/upcomingDeadlines\",\n      \"message\": \"Expected array\",\n      \"errors\": []\n    },\n    {\n      \"summary\": \"Expected array\",\n      \"type\": 6,\n      \"schema\": {\n        \"type\": \"array\",\n        \"items\": {\n          \"type\": \"object\",\n          \"properties\": {\n            \"id\": {\n              \"type\": \"string\"\n            },\n            \"type\": {\n              \"type\": \"string\"\n            },\n            \"description\": {\n              \"type\": \"string\"\n            },\n            \"timestamp\": {\n              \"type\": \"string\"\n            }\n          },\n          \"required\": [\n            \"id\",\n            \"type\",\n            \"description\",\n            \"timestamp\"\n          ]\n        }\n      },\n      \"path\": \"/data/recentActivities\",\n      \"message\": \"Expected array\",\n      \"errors\": []\n    }\n  ]\n}","service":"research-mgmt-api","stack":"Error: {\n  \"type\": \"validation\",\n  \"on\": \"response\",\n  \"summary\": \"Property 'data.upcomingDeadlines' is missing\",\n  \"property\": \"/data/upcomingDeadlines\",\n  \"message\": \"Expected required property\",\n  \"expected\": {\n    \"success\": false,\n    \"data\": {\n      \"currentSession\": {\n        \"id\": \"\",\n        \"name\": \"\",\n        \"startDate\": \"\",\n        \"endDate\": \"\"\n      },\n      \"upcomingDeadlines\": [],\n      \"recentActivities\": [],\n      \"notifications\": []\n    }\n  },\n  \"found\": {\n    \"success\": true,\n    \"data\": {\n      \"currentSession\": null,\n      \"team\": null,\n      \"notifications\": []\n    }\n  },\n  \"errors\": [\n    {\n      \"type\": 45,\n      \"schema\": {\n        \"type\": \"array\",\n        \"items\": {\n          \"type\": \"object\",\n          \"properties\": {\n            \"id\": {\n              \"type\": \"string\"\n            },\n            \"title\": {\n              \"type\": \"string\"\n            },\n            \"dueDate\": {\n              \"type\": \"string\"\n            },\n            \"type\": {\n              \"type\": \"string\"\n            },\n            \"isOverdue\": {\n              \"type\": \"boolean\"\n            },\n            \"daysRemaining\": {\n              \"type\": \"number\"\n            }\n          },\n          \"required\": [\n            \"id\",\n            \"title\",\n            \"dueDate\",\n            \"type\",\n            \"isOverdue\",\n            \"daysRemaining\"\n          ]\n        }\n      },\n      \"path\": \"/data/upcomingDeadlines\",\n      \"message\": \"Expected required property\",\n      \"errors\": [],\n      \"summary\": \"Property 'data.upcomingDeadlines' is missing\"\n    },\n    {\n      \"type\": 45,\n      \"schema\": {\n        \"type\": \"array\",\n        \"items\": {\n          \"type\": \"object\",\n          \"properties\": {\n            \"id\": {\n              \"type\": \"string\"\n            },\n            \"type\": {\n              \"type\": \"string\"\n            },\n            \"description\": {\n              \"type\": \"string\"\n            },\n            \"timestamp\": {\n              \"type\": \"string\"\n            }\n          },\n          \"required\": [\n            \"id\",\n            \"type\",\n            \"description\",\n            \"timestamp\"\n          ]\n        }\n      },\n      \"path\": \"/data/recentActivities\",\n      \"message\": \"Expected required property\",\n      \"errors\": [],\n      \"summary\": \"Property 'data.recentActivities' is missing\"\n    },\n    {\n      \"summary\": \"Expected object\",\n      \"type\": 46,\n      \"schema\": {\n        \"type\": \"object\",\n        \"properties\": {\n          \"id\": {\n            \"type\": \"string\"\n          },\n          \"name\": {\n            \"type\": \"string\"\n          },\n          \"startDate\": {\n            \"type\": \"string\"\n          },\n          \"endDate\": {\n            \"type\": \"string\"\n          }\n        },\n        \"required\": [\n          \"id\",\n          \"name\",\n          \"startDate\",\n          \"endDate\"\n        ]\n      },\n      \"path\": \"/data/currentSession\",\n      \"value\": null,\n      \"message\": \"Expected object\",\n      \"errors\": []\n    },\n    {\n      \"summary\": \"Expected object\",\n      \"type\": 46,\n      \"schema\": {\n        \"type\": \"object\",\n        \"properties\": {\n          \"id\": {\n            \"type\": \"string\"\n          },\n          \"name\": {\n            \"type\": \"string\"\n          },\n          \"members\": {\n            \"type\": \"array\",\n            \"items\": {\n              \"type\": \"object\",\n              \"properties\": {\n                \"id\": {\n                  \"type\": \"string\"\n                },\n                \"name\": {\n                  \"type\": \"string\"\n                },\n                \"role\": {\n                  \"type\": \"string\"\n                },\n                \"status\": {\n                  \"type\": \"string\"\n                },\n                \"lastActive\": {\n                  \"type\": \"string\"\n                }\n              },\n              \"required\": [\n                \"id\",\n                \"name\",\n                \"role\",\n                \"status\"\n              ]\n            }\n          },\n          \"projectId\": {\n            \"type\": \"string\"\n          }\n        },\n        \"required\": [\n          \"id\",\n          \"name\",\n          \"members\"\n        ]\n      },\n      \"path\": \"/data/team\",\n      \"value\": null,\n      \"message\": \"Expected object\",\n      \"errors\": []\n    },\n    {\n      \"summary\": \"Expected array\",\n      \"type\": 6,\n      \"schema\": {\n        \"type\": \"array\",\n        \"items\": {\n          \"type\": \"object\",\n          \"properties\": {\n            \"id\": {\n              \"type\": \"string\"\n            },\n            \"title\": {\n              \"type\": \"string\"\n            },\n            \"dueDate\": {\n              \"type\": \"string\"\n            },\n            \"type\": {\n              \"type\": \"string\"\n            },\n            \"isOverdue\": {\n              \"type\": \"boolean\"\n            },\n            \"daysRemaining\": {\n              \"type\": \"number\"\n            }\n          },\n          \"required\": [\n            \"id\",\n            \"title\",\n            \"dueDate\",\n            \"type\",\n            \"isOverdue\",\n            \"daysRemaining\"\n          ]\n        }\n      },\n      \"path\": \"/data/upcomingDeadlines\",\n      \"message\": \"Expected array\",\n      \"errors\": []\n    },\n    {\n      \"summary\": \"Expected array\",\n      \"type\": 6,\n      \"schema\": {\n        \"type\": \"array\",\n        \"items\": {\n          \"type\": \"object\",\n          \"properties\": {\n            \"id\": {\n              \"type\": \"string\"\n            },\n            \"type\": {\n              \"type\": \"string\"\n            },\n            \"description\": {\n              \"type\": \"string\"\n            },\n            \"timestamp\": {\n              \"type\": \"string\"\n            }\n          },\n          \"required\": [\n            \"id\",\n            \"type\",\n            \"description\",\n            \"timestamp\"\n          ]\n        }\n      },\n      \"path\": \"/data/recentActivities\",\n      \"message\": \"Expected array\",\n      \"errors\": []\n    }\n  ]\n}\n    at new ValidationError (/home/swadhin/r/server/node_modules/elysia/src/error.ts:264:3)\n    at <anonymous> (file:///home/swadhin/r/server/node_modules/elysia/dist/bun/index.js:27:26)\n    at processTicksAndRejections (native:7:39)","status":422,"timestamp":"2025-04-12 02:41:44.620","type":"response","validator":{"code":"return function check(value) {\n  return (\n    (typeof value === 'object' && value !== null && !Array.isArray(value)) &&\n    (typeof value.success === 'boolean') &&\n    (typeof value.data === 'object' && value.data !== null && !Array.isArray(value.data)) &&\n    (typeof value.data.currentSession === 'object' && value.data.currentSession !== null && !Array.isArray(value.data.currentSession)) &&\n    (typeof value.data.currentSession.id === 'string') &&\n    (typeof value.data.currentSession.name === 'string') &&\n    (typeof value.data.currentSession.startDate === 'string') &&\n    (typeof value.data.currentSession.endDate === 'string') &&\n    (value.data.team !== undefined ? ((typeof value.data.team === 'object' && value.data.team !== null && !Array.isArray(value.data.team)) && (typeof value.data.team.id === 'string') && (typeof value.data.team.name === 'string') && Array.isArray(value.data.team.members) && value.data.team.members.every((value) => ((typeof value === 'object' && value !== null && !Array.isArray(value)) && (typeof value.id === 'string') && (typeof value.name === 'string') && (typeof value.role === 'string') && (typeof value.status === 'string') && (value.lastActive !== undefined ? ((typeof value.lastActive === 'string')) : true))) && (value.data.team.projectId !== undefined ? ((typeof value.data.team.projectId === 'string')) : true)) : true) &&\n    (value.data.projectStatus !== undefined ? ((typeof value.data.projectStatus === 'string')) : true) &&\n    Array.isArray(value.data.upcomingDeadlines) &&\n    value.data.upcomingDeadlines.every((value) => ((typeof value === 'object' && value !== null && !Array.isArray(value)) && (typeof value.id === 'string') && (typeof value.title === 'string') && (typeof value.dueDate === 'string') && (typeof value.type === 'string') && (typeof value.isOverdue === 'boolean') && Number.isFinite(value.daysRemaining))) &&\n    Array.isArray(value.data.recentActivities) &&\n    value.data.recentActivities.every((value) => ((typeof value === 'object' && value !== null && !Array.isArray(value)) && (typeof value.id === 'string') && (typeof value.type === 'string') && (typeof value.description === 'string') && (typeof value.timestamp === 'string'))) &&\n    Array.isArray(value.data.notifications) &&\n    value.data.notifications.every((value) => ((typeof value === 'object' && value !== null && !Array.isArray(value)) && (typeof value.id === 'string') && (typeof value.message === 'string') && (typeof value.type === 'string') && (typeof value.isRead === 'boolean') && (typeof value.createdAt === 'string'))) &&\n    Object.getOwnPropertyNames(value).length === 2\n  )\n}","hasTransform":false,"references":[],"schema":{"additionalProperties":false,"properties":{"data":{"properties":{"currentSession":{"properties":{"endDate":{"type":"string"},"id":{"type":"string"},"name":{"type":"string"},"startDate":{"type":"string"}},"required":["id","name","startDate","endDate"],"type":"object"},"notifications":{"items":{"properties":{"createdAt":{"type":"string"},"id":{"type":"string"},"isRead":{"type":"boolean"},"message":{"type":"string"},"type":{"type":"string"}},"required":["id","message","type","isRead","createdAt"],"type":"object"},"type":"array"},"projectStatus":{"type":"string"},"recentActivities":{"items":{"properties":{"description":{"type":"string"},"id":{"type":"string"},"timestamp":{"type":"string"},"type":{"type":"string"}},"required":["id","type","description","timestamp"],"type":"object"},"type":"array"},"team":{"properties":{"id":{"type":"string"},"members":{"items":{"properties":{"id":{"type":"string"},"lastActive":{"type":"string"},"name":{"type":"string"},"role":{"type":"string"},"status":{"type":"string"}},"required":["id","name","role","status"],"type":"object"},"type":"array"},"name":{"type":"string"},"projectId":{"type":"string"}},"required":["id","name","members"],"type":"object"},"upcomingDeadlines":{"items":{"properties":{"daysRemaining":{"type":"number"},"dueDate":{"type":"string"},"id":{"type":"string"},"isOverdue":{"type":"boolean"},"title":{"type":"string"},"type":{"type":"string"}},"required":["id","title","dueDate","type","isOverdue","daysRemaining"],"type":"object"},"type":"array"}},"required":["currentSession","upcomingDeadlines","recentActivities","notifications"],"type":"object"},"success":{"type":"boolean"}},"required":["success","data"],"type":"object"}},"value":{"data":{"currentSession":null,"notifications":[],"team":null},"success":true}}
{"level":"info","message":"HTTP GET /api/notifications - 200 (0ms)","service":"research-mgmt-api","timestamp":"2025-04-12 02:41:45.323"}
{"level":"info","message":"HTTP GET /api/notifications/unread/count - 200 (0ms)","service":"research-mgmt-api","timestamp":"2025-04-12 02:41:45.327"}
{"level":"info","message":"HTTP GET /api/notifications/unread/count - 200 (0ms)","service":"research-mgmt-api","timestamp":"2025-04-12 02:42:43.370"}
{"level":"info","message":"HTTP GET /api/notifications/unread/count - 200 (0ms)","service":"research-mgmt-api","timestamp":"2025-04-12 02:42:44.322"}
{"level":"info","message":"HTTP GET /api/notifications/unread/count - 200 (0ms)","service":"research-mgmt-api","timestamp":"2025-04-12 02:43:43.370"}
{"level":"info","message":"HTTP GET /api/notifications/unread/count - 200 (0ms)","service":"research-mgmt-api","timestamp":"2025-04-12 02:43:44.322"}
{"level":"info","message":"JWT helper initialized","service":"research-mgmt-api","timestamp":"2025-04-12 02:43:52.382"}
{"adminRoutes":true,"authRoutes":true,"level":"info","message":"Route modules loaded:","service":"research-mgmt-api","studentRoutes":true,"supervisorRoutes":true,"timestamp":"2025-04-12 02:43:52.422"}
{"level":"info","message":"Registered API redirect from GET /notifications to GET /api/notifications","service":"research-mgmt-api","timestamp":"2025-04-12 02:43:52.438"}
{"level":"info","message":"Registered API redirect from GET /notifications/unread/count to GET /api/notifications/unread/count","service":"research-mgmt-api","timestamp":"2025-04-12 02:43:52.439"}
{"level":"info","message":"Registered API redirect from GET /user/profile to GET /api/user/profile","service":"research-mgmt-api","timestamp":"2025-04-12 02:43:52.439"}
{"level":"info","message":"Registered API redirect from GET /dashboard to GET /api/dashboard","service":"research-mgmt-api","timestamp":"2025-04-12 02:43:52.439"}
{"level":"info","message":"Registered API redirect from GET /calendar to GET /api/calendar","service":"research-mgmt-api","timestamp":"2025-04-12 02:43:52.439"}
{"level":"info","message":"Registered Team API redirect from GET /teams to GET /api/students/team/...","service":"research-mgmt-api","timestamp":"2025-04-12 02:43:52.439"}
{"level":"info","message":"Registered Team API redirect from GET /teams/my-team to GET /api/students/team/...","service":"research-mgmt-api","timestamp":"2025-04-12 02:43:52.440"}
{"level":"info","message":"Registered Team API redirect from GET /teams/:id to GET /api/students/team/...","service":"research-mgmt-api","timestamp":"2025-04-12 02:43:52.440"}
{"level":"info","message":"Registered Team API redirect from PUT /teams/:id to PUT /api/students/team/...","service":"research-mgmt-api","timestamp":"2025-04-12 02:43:52.440"}
{"level":"info","message":"Registered Team API redirect from DELETE /teams/:id to DELETE /api/students/team/...","service":"research-mgmt-api","timestamp":"2025-04-12 02:43:52.440"}
{"level":"info","message":"Registered Team API redirect from POST /teams/:id/invite to POST /api/students/team/...","service":"research-mgmt-api","timestamp":"2025-04-12 02:43:52.440"}
{"level":"info","message":"Registered Team API redirect from POST /teams/:id/leave to POST /api/students/team/...","service":"research-mgmt-api","timestamp":"2025-04-12 02:43:52.440"}
{"level":"info","message":"Registered Team API redirect from POST /teams/:id/remove-member to POST /api/students/team/...","service":"research-mgmt-api","timestamp":"2025-04-12 02:43:52.440"}
{"level":"info","message":"Registered Student Team API redirect from GET /api/student-teams to GET /api/students/team/...","service":"research-mgmt-api","timestamp":"2025-04-12 02:43:52.440"}
{"level":"info","message":"Registered Student Team API redirect from GET /api/student-teams/invitations to GET /api/students/team/...","service":"research-mgmt-api","timestamp":"2025-04-12 02:43:52.440"}
{"level":"info","message":"Registered Student Team API redirect from DELETE /api/student-teams/:id/leave to DELETE /api/students/team/...","service":"research-mgmt-api","timestamp":"2025-04-12 02:43:52.441"}
{"level":"info","message":"Registered API redirect from GET /projects to GET /api/projects","service":"research-mgmt-api","timestamp":"2025-04-12 02:43:52.441"}
{"level":"info","message":"Registered API redirect from POST /projects to POST /api/projects","service":"research-mgmt-api","timestamp":"2025-04-12 02:43:52.441"}
{"level":"info","message":"Registered API redirect from GET /sessions to GET /api/sessions","service":"research-mgmt-api","timestamp":"2025-04-12 02:43:52.441"}
{"level":"info","message":"Registered API redirect from POST /sessions to POST /api/sessions","service":"research-mgmt-api","timestamp":"2025-04-12 02:43:52.441"}
{"level":"info","message":"Registered API redirect from GET /messages to GET /api/messages","service":"research-mgmt-api","timestamp":"2025-04-12 02:43:52.441"}
{"level":"info","message":"Registered API redirect from POST /messages to POST /api/messages","service":"research-mgmt-api","timestamp":"2025-04-12 02:43:52.441"}
{"level":"info","message":"Registered API redirect from GET /projects/:id to GET /api/projects/:id","service":"research-mgmt-api","timestamp":"2025-04-12 02:43:52.441"}
{"level":"info","message":"Registered API redirect from PUT /projects/:id to PUT /api/projects/:id","service":"research-mgmt-api","timestamp":"2025-04-12 02:43:52.441"}
{"level":"info","message":"Registered API redirect from DELETE /projects/:id to DELETE /api/projects/:id","service":"research-mgmt-api","timestamp":"2025-04-12 02:43:52.441"}
{"level":"info","message":"Registered API redirect from GET /users/:id to GET /api/users/:id","service":"research-mgmt-api","timestamp":"2025-04-12 02:43:52.441"}
{"level":"info","message":"Registered API redirect from PUT /users/:id to PUT /api/users/:id","service":"research-mgmt-api","timestamp":"2025-04-12 02:43:52.441"}
{"level":"info","message":"Attempting to connect to MongoDB database","service":"research-mgmt-api","timestamp":"2025-04-12 02:43:52.442"}
{"level":"info","message":"Attempting to connect to MongoDB...","service":"research-mgmt-api","timestamp":"2025-04-12 02:43:52.442"}
{"level":"info","message":"MongoDB Connected: ac-xdpuchx-shard-00-00.tvoe17p.mongodb.net","service":"research-mgmt-api","timestamp":"2025-04-12 02:43:53.238"}
{"level":"info","message":"✅ MongoDB connection established successfully","service":"research-mgmt-api","timestamp":"2025-04-12 02:43:53.238"}
{"level":"info","message":"🚀 Server running on port 300000 and accessible from all network interfaces","service":"research-mgmt-api","timestamp":"2025-04-12 02:43:53.243"}
{"level":"info","message":"JWT helper initialized","service":"research-mgmt-api","timestamp":"2025-04-12 02:44:04.615"}
{"adminRoutes":true,"authRoutes":true,"level":"info","message":"Route modules loaded:","service":"research-mgmt-api","studentRoutes":true,"supervisorRoutes":true,"timestamp":"2025-04-12 02:44:04.655"}
{"level":"info","message":"Registered API redirect from GET /notifications to GET /api/notifications","service":"research-mgmt-api","timestamp":"2025-04-12 02:44:04.671"}
{"level":"info","message":"Registered API redirect from GET /notifications/unread/count to GET /api/notifications/unread/count","service":"research-mgmt-api","timestamp":"2025-04-12 02:44:04.671"}
{"level":"info","message":"Registered API redirect from GET /user/profile to GET /api/user/profile","service":"research-mgmt-api","timestamp":"2025-04-12 02:44:04.671"}
{"level":"info","message":"Registered API redirect from GET /dashboard to GET /api/dashboard","service":"research-mgmt-api","timestamp":"2025-04-12 02:44:04.671"}
{"level":"info","message":"Registered API redirect from GET /calendar to GET /api/calendar","service":"research-mgmt-api","timestamp":"2025-04-12 02:44:04.672"}
{"level":"info","message":"Registered Team API redirect from GET /teams to GET /api/students/team/...","service":"research-mgmt-api","timestamp":"2025-04-12 02:44:04.672"}
{"level":"info","message":"Registered Team API redirect from GET /teams/my-team to GET /api/students/team/...","service":"research-mgmt-api","timestamp":"2025-04-12 02:44:04.672"}
{"level":"info","message":"Registered Team API redirect from GET /teams/:id to GET /api/students/team/...","service":"research-mgmt-api","timestamp":"2025-04-12 02:44:04.672"}
{"level":"info","message":"Registered Team API redirect from PUT /teams/:id to PUT /api/students/team/...","service":"research-mgmt-api","timestamp":"2025-04-12 02:44:04.672"}
{"level":"info","message":"Registered Team API redirect from DELETE /teams/:id to DELETE /api/students/team/...","service":"research-mgmt-api","timestamp":"2025-04-12 02:44:04.672"}
{"level":"info","message":"Registered Team API redirect from POST /teams/:id/invite to POST /api/students/team/...","service":"research-mgmt-api","timestamp":"2025-04-12 02:44:04.672"}
{"level":"info","message":"Registered Team API redirect from POST /teams/:id/leave to POST /api/students/team/...","service":"research-mgmt-api","timestamp":"2025-04-12 02:44:04.673"}
{"level":"info","message":"Registered Team API redirect from POST /teams/:id/remove-member to POST /api/students/team/...","service":"research-mgmt-api","timestamp":"2025-04-12 02:44:04.673"}
{"level":"info","message":"Registered Student Team API redirect from GET /api/student-teams to GET /api/students/team/...","service":"research-mgmt-api","timestamp":"2025-04-12 02:44:04.673"}
{"level":"info","message":"Registered Student Team API redirect from GET /api/student-teams/invitations to GET /api/students/team/...","service":"research-mgmt-api","timestamp":"2025-04-12 02:44:04.673"}
{"level":"info","message":"Registered Student Team API redirect from DELETE /api/student-teams/:id/leave to DELETE /api/students/team/...","service":"research-mgmt-api","timestamp":"2025-04-12 02:44:04.673"}
{"level":"info","message":"Registered API redirect from GET /projects to GET /api/projects","service":"research-mgmt-api","timestamp":"2025-04-12 02:44:04.673"}
{"level":"info","message":"Registered API redirect from POST /projects to POST /api/projects","service":"research-mgmt-api","timestamp":"2025-04-12 02:44:04.673"}
{"level":"info","message":"Registered API redirect from GET /sessions to GET /api/sessions","service":"research-mgmt-api","timestamp":"2025-04-12 02:44:04.673"}
{"level":"info","message":"Registered API redirect from POST /sessions to POST /api/sessions","service":"research-mgmt-api","timestamp":"2025-04-12 02:44:04.673"}
{"level":"info","message":"Registered API redirect from GET /messages to GET /api/messages","service":"research-mgmt-api","timestamp":"2025-04-12 02:44:04.673"}
{"level":"info","message":"Registered API redirect from POST /messages to POST /api/messages","service":"research-mgmt-api","timestamp":"2025-04-12 02:44:04.673"}
{"level":"info","message":"Registered API redirect from GET /projects/:id to GET /api/projects/:id","service":"research-mgmt-api","timestamp":"2025-04-12 02:44:04.674"}
{"level":"info","message":"Registered API redirect from PUT /projects/:id to PUT /api/projects/:id","service":"research-mgmt-api","timestamp":"2025-04-12 02:44:04.674"}
{"level":"info","message":"Registered API redirect from DELETE /projects/:id to DELETE /api/projects/:id","service":"research-mgmt-api","timestamp":"2025-04-12 02:44:04.674"}
{"level":"info","message":"Registered API redirect from GET /users/:id to GET /api/users/:id","service":"research-mgmt-api","timestamp":"2025-04-12 02:44:04.674"}
{"level":"info","message":"Registered API redirect from PUT /users/:id to PUT /api/users/:id","service":"research-mgmt-api","timestamp":"2025-04-12 02:44:04.674"}
{"level":"info","message":"Attempting to connect to MongoDB database","service":"research-mgmt-api","timestamp":"2025-04-12 02:44:04.674"}
{"level":"info","message":"Attempting to connect to MongoDB...","service":"research-mgmt-api","timestamp":"2025-04-12 02:44:04.674"}
{"level":"info","message":"JWT helper initialized","service":"research-mgmt-api","timestamp":"2025-04-12 02:44:05.215"}
{"adminRoutes":true,"authRoutes":true,"level":"info","message":"Route modules loaded:","service":"research-mgmt-api","studentRoutes":true,"supervisorRoutes":true,"timestamp":"2025-04-12 02:44:05.250"}
{"level":"info","message":"Registered API redirect from GET /notifications to GET /api/notifications","service":"research-mgmt-api","timestamp":"2025-04-12 02:44:05.264"}
{"level":"info","message":"Registered API redirect from GET /notifications/unread/count to GET /api/notifications/unread/count","service":"research-mgmt-api","timestamp":"2025-04-12 02:44:05.264"}
{"level":"info","message":"Registered API redirect from GET /user/profile to GET /api/user/profile","service":"research-mgmt-api","timestamp":"2025-04-12 02:44:05.264"}
{"level":"info","message":"Registered API redirect from GET /dashboard to GET /api/dashboard","service":"research-mgmt-api","timestamp":"2025-04-12 02:44:05.265"}
{"level":"info","message":"Registered API redirect from GET /calendar to GET /api/calendar","service":"research-mgmt-api","timestamp":"2025-04-12 02:44:05.265"}
{"level":"info","message":"Registered Team API redirect from GET /teams to GET /api/students/team/...","service":"research-mgmt-api","timestamp":"2025-04-12 02:44:05.265"}
{"level":"info","message":"Registered Team API redirect from GET /teams/my-team to GET /api/students/team/...","service":"research-mgmt-api","timestamp":"2025-04-12 02:44:05.265"}
{"level":"info","message":"Registered Team API redirect from GET /teams/:id to GET /api/students/team/...","service":"research-mgmt-api","timestamp":"2025-04-12 02:44:05.265"}
{"level":"info","message":"Registered Team API redirect from PUT /teams/:id to PUT /api/students/team/...","service":"research-mgmt-api","timestamp":"2025-04-12 02:44:05.265"}
{"level":"info","message":"Registered Team API redirect from DELETE /teams/:id to DELETE /api/students/team/...","service":"research-mgmt-api","timestamp":"2025-04-12 02:44:05.265"}
{"level":"info","message":"Registered Team API redirect from POST /teams/:id/invite to POST /api/students/team/...","service":"research-mgmt-api","timestamp":"2025-04-12 02:44:05.265"}
{"level":"info","message":"Registered Team API redirect from POST /teams/:id/leave to POST /api/students/team/...","service":"research-mgmt-api","timestamp":"2025-04-12 02:44:05.266"}
{"level":"info","message":"Registered Team API redirect from POST /teams/:id/remove-member to POST /api/students/team/...","service":"research-mgmt-api","timestamp":"2025-04-12 02:44:05.266"}
{"level":"info","message":"Registered Student Team API redirect from GET /api/student-teams to GET /api/students/team/...","service":"research-mgmt-api","timestamp":"2025-04-12 02:44:05.266"}
{"level":"info","message":"Registered Student Team API redirect from GET /api/student-teams/invitations to GET /api/students/team/...","service":"research-mgmt-api","timestamp":"2025-04-12 02:44:05.266"}
{"level":"info","message":"Registered Student Team API redirect from DELETE /api/student-teams/:id/leave to DELETE /api/students/team/...","service":"research-mgmt-api","timestamp":"2025-04-12 02:44:05.266"}
{"level":"info","message":"Registered API redirect from GET /projects to GET /api/projects","service":"research-mgmt-api","timestamp":"2025-04-12 02:44:05.266"}
{"level":"info","message":"Registered API redirect from POST /projects to POST /api/projects","service":"research-mgmt-api","timestamp":"2025-04-12 02:44:05.266"}
{"level":"info","message":"Registered API redirect from GET /sessions to GET /api/sessions","service":"research-mgmt-api","timestamp":"2025-04-12 02:44:05.266"}
{"level":"info","message":"Registered API redirect from POST /sessions to POST /api/sessions","service":"research-mgmt-api","timestamp":"2025-04-12 02:44:05.266"}
{"level":"info","message":"Registered API redirect from GET /messages to GET /api/messages","service":"research-mgmt-api","timestamp":"2025-04-12 02:44:05.266"}
{"level":"info","message":"Registered API redirect from POST /messages to POST /api/messages","service":"research-mgmt-api","timestamp":"2025-04-12 02:44:05.266"}
{"level":"info","message":"Registered API redirect from GET /projects/:id to GET /api/projects/:id","service":"research-mgmt-api","timestamp":"2025-04-12 02:44:05.267"}
{"level":"info","message":"Registered API redirect from PUT /projects/:id to PUT /api/projects/:id","service":"research-mgmt-api","timestamp":"2025-04-12 02:44:05.267"}
{"level":"info","message":"Registered API redirect from DELETE /projects/:id to DELETE /api/projects/:id","service":"research-mgmt-api","timestamp":"2025-04-12 02:44:05.267"}
{"level":"info","message":"Registered API redirect from GET /users/:id to GET /api/users/:id","service":"research-mgmt-api","timestamp":"2025-04-12 02:44:05.267"}
{"level":"info","message":"Registered API redirect from PUT /users/:id to PUT /api/users/:id","service":"research-mgmt-api","timestamp":"2025-04-12 02:44:05.267"}
{"level":"info","message":"Attempting to connect to MongoDB database","service":"research-mgmt-api","timestamp":"2025-04-12 02:44:05.267"}
{"level":"info","message":"Attempting to connect to MongoDB...","service":"research-mgmt-api","timestamp":"2025-04-12 02:44:05.267"}
{"level":"info","message":"MongoDB Connected: ac-xdpuchx-shard-00-01.tvoe17p.mongodb.net","service":"research-mgmt-api","timestamp":"2025-04-12 02:44:05.890"}
{"level":"info","message":"✅ MongoDB connection established successfully","service":"research-mgmt-api","timestamp":"2025-04-12 02:44:05.891"}
{"level":"info","message":"🚀 Server running on port 300000 and accessible from all network interfaces","service":"research-mgmt-api","timestamp":"2025-04-12 02:44:05.896"}
{"level":"info","message":"JWT helper initialized","service":"research-mgmt-api","timestamp":"2025-04-12 02:44:13.277"}
{"adminRoutes":true,"authRoutes":true,"level":"info","message":"Route modules loaded:","service":"research-mgmt-api","studentRoutes":true,"supervisorRoutes":true,"timestamp":"2025-04-12 02:44:13.313"}
{"level":"info","message":"Registered API redirect from GET /notifications to GET /api/notifications","service":"research-mgmt-api","timestamp":"2025-04-12 02:44:13.328"}
{"level":"info","message":"Registered API redirect from GET /notifications/unread/count to GET /api/notifications/unread/count","service":"research-mgmt-api","timestamp":"2025-04-12 02:44:13.328"}
{"level":"info","message":"Registered API redirect from GET /user/profile to GET /api/user/profile","service":"research-mgmt-api","timestamp":"2025-04-12 02:44:13.328"}
{"level":"info","message":"Registered API redirect from GET /dashboard to GET /api/dashboard","service":"research-mgmt-api","timestamp":"2025-04-12 02:44:13.328"}
{"level":"info","message":"Registered API redirect from GET /calendar to GET /api/calendar","service":"research-mgmt-api","timestamp":"2025-04-12 02:44:13.328"}
{"level":"info","message":"Registered Team API redirect from GET /teams to GET /api/students/team/...","service":"research-mgmt-api","timestamp":"2025-04-12 02:44:13.329"}
{"level":"info","message":"Registered Team API redirect from GET /teams/my-team to GET /api/students/team/...","service":"research-mgmt-api","timestamp":"2025-04-12 02:44:13.329"}
{"level":"info","message":"Registered Team API redirect from GET /teams/:id to GET /api/students/team/...","service":"research-mgmt-api","timestamp":"2025-04-12 02:44:13.329"}
{"level":"info","message":"Registered Team API redirect from PUT /teams/:id to PUT /api/students/team/...","service":"research-mgmt-api","timestamp":"2025-04-12 02:44:13.329"}
{"level":"info","message":"Registered Team API redirect from DELETE /teams/:id to DELETE /api/students/team/...","service":"research-mgmt-api","timestamp":"2025-04-12 02:44:13.330"}
{"level":"info","message":"Registered Team API redirect from POST /teams/:id/invite to POST /api/students/team/...","service":"research-mgmt-api","timestamp":"2025-04-12 02:44:13.330"}
{"level":"info","message":"Registered Team API redirect from POST /teams/:id/leave to POST /api/students/team/...","service":"research-mgmt-api","timestamp":"2025-04-12 02:44:13.330"}
{"level":"info","message":"Registered Team API redirect from POST /teams/:id/remove-member to POST /api/students/team/...","service":"research-mgmt-api","timestamp":"2025-04-12 02:44:13.330"}
{"level":"info","message":"Registered Student Team API redirect from GET /api/student-teams to GET /api/students/team/...","service":"research-mgmt-api","timestamp":"2025-04-12 02:44:13.331"}
{"level":"info","message":"Registered Student Team API redirect from GET /api/student-teams/invitations to GET /api/students/team/...","service":"research-mgmt-api","timestamp":"2025-04-12 02:44:13.331"}
{"level":"info","message":"Registered Student Team API redirect from DELETE /api/student-teams/:id/leave to DELETE /api/students/team/...","service":"research-mgmt-api","timestamp":"2025-04-12 02:44:13.331"}
{"level":"info","message":"Registered API redirect from GET /projects to GET /api/projects","service":"research-mgmt-api","timestamp":"2025-04-12 02:44:13.331"}
{"level":"info","message":"Registered API redirect from POST /projects to POST /api/projects","service":"research-mgmt-api","timestamp":"2025-04-12 02:44:13.332"}
{"level":"info","message":"Registered API redirect from GET /sessions to GET /api/sessions","service":"research-mgmt-api","timestamp":"2025-04-12 02:44:13.332"}
{"level":"info","message":"Registered API redirect from POST /sessions to POST /api/sessions","service":"research-mgmt-api","timestamp":"2025-04-12 02:44:13.332"}
{"level":"info","message":"Registered API redirect from GET /messages to GET /api/messages","service":"research-mgmt-api","timestamp":"2025-04-12 02:44:13.332"}
{"level":"info","message":"Registered API redirect from POST /messages to POST /api/messages","service":"research-mgmt-api","timestamp":"2025-04-12 02:44:13.332"}
{"level":"info","message":"Registered API redirect from GET /projects/:id to GET /api/projects/:id","service":"research-mgmt-api","timestamp":"2025-04-12 02:44:13.332"}
{"level":"info","message":"Registered API redirect from PUT /projects/:id to PUT /api/projects/:id","service":"research-mgmt-api","timestamp":"2025-04-12 02:44:13.333"}
{"level":"info","message":"Registered API redirect from DELETE /projects/:id to DELETE /api/projects/:id","service":"research-mgmt-api","timestamp":"2025-04-12 02:44:13.333"}
{"level":"info","message":"Registered API redirect from GET /users/:id to GET /api/users/:id","service":"research-mgmt-api","timestamp":"2025-04-12 02:44:13.333"}
{"level":"info","message":"Registered API redirect from PUT /users/:id to PUT /api/users/:id","service":"research-mgmt-api","timestamp":"2025-04-12 02:44:13.333"}
{"level":"info","message":"Attempting to connect to MongoDB database","service":"research-mgmt-api","timestamp":"2025-04-12 02:44:13.334"}
{"level":"info","message":"Attempting to connect to MongoDB...","service":"research-mgmt-api","timestamp":"2025-04-12 02:44:13.334"}
{"level":"info","message":"MongoDB Connected: ac-xdpuchx-shard-00-00.tvoe17p.mongodb.net","service":"research-mgmt-api","timestamp":"2025-04-12 02:44:13.973"}
{"level":"info","message":"✅ MongoDB connection established successfully","service":"research-mgmt-api","timestamp":"2025-04-12 02:44:13.973"}
{"level":"info","message":"🚀 Server running on port 300000 and accessible from all network interfaces","service":"research-mgmt-api","timestamp":"2025-04-12 02:44:13.979"}
{"level":"info","message":"JWT helper initialized","service":"research-mgmt-api","timestamp":"2025-04-12 02:44:16.968"}
{"adminRoutes":true,"authRoutes":true,"level":"info","message":"Route modules loaded:","service":"research-mgmt-api","studentRoutes":true,"supervisorRoutes":true,"timestamp":"2025-04-12 02:44:17.004"}
{"level":"info","message":"Registered API redirect from GET /notifications to GET /api/notifications","service":"research-mgmt-api","timestamp":"2025-04-12 02:44:17.020"}
{"level":"info","message":"Registered API redirect from GET /notifications/unread/count to GET /api/notifications/unread/count","service":"research-mgmt-api","timestamp":"2025-04-12 02:44:17.020"}
{"level":"info","message":"Registered API redirect from GET /user/profile to GET /api/user/profile","service":"research-mgmt-api","timestamp":"2025-04-12 02:44:17.020"}
{"level":"info","message":"Registered API redirect from GET /dashboard to GET /api/dashboard","service":"research-mgmt-api","timestamp":"2025-04-12 02:44:17.021"}
{"level":"info","message":"Registered API redirect from GET /calendar to GET /api/calendar","service":"research-mgmt-api","timestamp":"2025-04-12 02:44:17.021"}
{"level":"info","message":"Registered Team API redirect from GET /teams to GET /api/students/team/...","service":"research-mgmt-api","timestamp":"2025-04-12 02:44:17.021"}
{"level":"info","message":"Registered Team API redirect from GET /teams/my-team to GET /api/students/team/...","service":"research-mgmt-api","timestamp":"2025-04-12 02:44:17.021"}
{"level":"info","message":"Registered Team API redirect from GET /teams/:id to GET /api/students/team/...","service":"research-mgmt-api","timestamp":"2025-04-12 02:44:17.021"}
{"level":"info","message":"Registered Team API redirect from PUT /teams/:id to PUT /api/students/team/...","service":"research-mgmt-api","timestamp":"2025-04-12 02:44:17.021"}
{"level":"info","message":"Registered Team API redirect from DELETE /teams/:id to DELETE /api/students/team/...","service":"research-mgmt-api","timestamp":"2025-04-12 02:44:17.021"}
{"level":"info","message":"Registered Team API redirect from POST /teams/:id/invite to POST /api/students/team/...","service":"research-mgmt-api","timestamp":"2025-04-12 02:44:17.022"}
{"level":"info","message":"Registered Team API redirect from POST /teams/:id/leave to POST /api/students/team/...","service":"research-mgmt-api","timestamp":"2025-04-12 02:44:17.022"}
{"level":"info","message":"Registered Team API redirect from POST /teams/:id/remove-member to POST /api/students/team/...","service":"research-mgmt-api","timestamp":"2025-04-12 02:44:17.022"}
{"level":"info","message":"Registered Student Team API redirect from GET /api/student-teams to GET /api/students/team/...","service":"research-mgmt-api","timestamp":"2025-04-12 02:44:17.022"}
{"level":"info","message":"Registered Student Team API redirect from GET /api/student-teams/invitations to GET /api/students/team/...","service":"research-mgmt-api","timestamp":"2025-04-12 02:44:17.022"}
{"level":"info","message":"Registered Student Team API redirect from DELETE /api/student-teams/:id/leave to DELETE /api/students/team/...","service":"research-mgmt-api","timestamp":"2025-04-12 02:44:17.022"}
{"level":"info","message":"Registered API redirect from GET /projects to GET /api/projects","service":"research-mgmt-api","timestamp":"2025-04-12 02:44:17.022"}
{"level":"info","message":"Registered API redirect from POST /projects to POST /api/projects","service":"research-mgmt-api","timestamp":"2025-04-12 02:44:17.023"}
{"level":"info","message":"Registered API redirect from GET /sessions to GET /api/sessions","service":"research-mgmt-api","timestamp":"2025-04-12 02:44:17.023"}
{"level":"info","message":"Registered API redirect from POST /sessions to POST /api/sessions","service":"research-mgmt-api","timestamp":"2025-04-12 02:44:17.023"}
{"level":"info","message":"Registered API redirect from GET /messages to GET /api/messages","service":"research-mgmt-api","timestamp":"2025-04-12 02:44:17.023"}
{"level":"info","message":"Registered API redirect from POST /messages to POST /api/messages","service":"research-mgmt-api","timestamp":"2025-04-12 02:44:17.023"}
{"level":"info","message":"Registered API redirect from GET /projects/:id to GET /api/projects/:id","service":"research-mgmt-api","timestamp":"2025-04-12 02:44:17.023"}
{"level":"info","message":"Registered API redirect from PUT /projects/:id to PUT /api/projects/:id","service":"research-mgmt-api","timestamp":"2025-04-12 02:44:17.023"}
{"level":"info","message":"Registered API redirect from DELETE /projects/:id to DELETE /api/projects/:id","service":"research-mgmt-api","timestamp":"2025-04-12 02:44:17.023"}
{"level":"info","message":"Registered API redirect from GET /users/:id to GET /api/users/:id","service":"research-mgmt-api","timestamp":"2025-04-12 02:44:17.023"}
{"level":"info","message":"Registered API redirect from PUT /users/:id to PUT /api/users/:id","service":"research-mgmt-api","timestamp":"2025-04-12 02:44:17.023"}
{"level":"info","message":"Attempting to connect to MongoDB database","service":"research-mgmt-api","timestamp":"2025-04-12 02:44:17.023"}
{"level":"info","message":"Attempting to connect to MongoDB...","service":"research-mgmt-api","timestamp":"2025-04-12 02:44:17.024"}
{"level":"info","message":"MongoDB Connected: ac-xdpuchx-shard-00-01.tvoe17p.mongodb.net","service":"research-mgmt-api","timestamp":"2025-04-12 02:44:17.647"}
{"level":"info","message":"✅ MongoDB connection established successfully","service":"research-mgmt-api","timestamp":"2025-04-12 02:44:17.647"}
{"level":"info","message":"🚀 Server running on port 300000 and accessible from all network interfaces","service":"research-mgmt-api","timestamp":"2025-04-12 02:44:17.653"}
{"level":"info","message":"JWT helper initialized","service":"research-mgmt-api","timestamp":"2025-04-12 02:44:30.478"}
{"adminRoutes":true,"authRoutes":true,"level":"info","message":"Route modules loaded:","service":"research-mgmt-api","studentRoutes":true,"supervisorRoutes":true,"timestamp":"2025-04-12 02:44:30.513"}
{"level":"info","message":"Registered API redirect from GET /notifications to GET /api/notifications","service":"research-mgmt-api","timestamp":"2025-04-12 02:44:30.527"}
{"level":"info","message":"Registered API redirect from GET /notifications/unread/count to GET /api/notifications/unread/count","service":"research-mgmt-api","timestamp":"2025-04-12 02:44:30.527"}
{"level":"info","message":"Registered API redirect from GET /user/profile to GET /api/user/profile","service":"research-mgmt-api","timestamp":"2025-04-12 02:44:30.527"}
{"level":"info","message":"Registered API redirect from GET /dashboard to GET /api/dashboard","service":"research-mgmt-api","timestamp":"2025-04-12 02:44:30.527"}
{"level":"info","message":"Registered API redirect from GET /calendar to GET /api/calendar","service":"research-mgmt-api","timestamp":"2025-04-12 02:44:30.528"}
{"level":"info","message":"Registered Team API redirect from GET /teams to GET /api/students/team/...","service":"research-mgmt-api","timestamp":"2025-04-12 02:44:30.528"}
{"level":"info","message":"Registered Team API redirect from GET /teams/my-team to GET /api/students/team/...","service":"research-mgmt-api","timestamp":"2025-04-12 02:44:30.528"}
{"level":"info","message":"Registered Team API redirect from GET /teams/:id to GET /api/students/team/...","service":"research-mgmt-api","timestamp":"2025-04-12 02:44:30.528"}
{"level":"info","message":"Registered Team API redirect from PUT /teams/:id to PUT /api/students/team/...","service":"research-mgmt-api","timestamp":"2025-04-12 02:44:30.528"}
{"level":"info","message":"Registered Team API redirect from DELETE /teams/:id to DELETE /api/students/team/...","service":"research-mgmt-api","timestamp":"2025-04-12 02:44:30.528"}
{"level":"info","message":"Registered Team API redirect from POST /teams/:id/invite to POST /api/students/team/...","service":"research-mgmt-api","timestamp":"2025-04-12 02:44:30.528"}
{"level":"info","message":"Registered Team API redirect from POST /teams/:id/leave to POST /api/students/team/...","service":"research-mgmt-api","timestamp":"2025-04-12 02:44:30.528"}
{"level":"info","message":"Registered Team API redirect from POST /teams/:id/remove-member to POST /api/students/team/...","service":"research-mgmt-api","timestamp":"2025-04-12 02:44:30.529"}
{"level":"info","message":"Registered Student Team API redirect from GET /api/student-teams to GET /api/students/team/...","service":"research-mgmt-api","timestamp":"2025-04-12 02:44:30.529"}
{"level":"info","message":"Registered Student Team API redirect from GET /api/student-teams/invitations to GET /api/students/team/...","service":"research-mgmt-api","timestamp":"2025-04-12 02:44:30.529"}
{"level":"info","message":"Registered Student Team API redirect from DELETE /api/student-teams/:id/leave to DELETE /api/students/team/...","service":"research-mgmt-api","timestamp":"2025-04-12 02:44:30.529"}
{"level":"info","message":"Registered API redirect from GET /projects to GET /api/projects","service":"research-mgmt-api","timestamp":"2025-04-12 02:44:30.529"}
{"level":"info","message":"Registered API redirect from POST /projects to POST /api/projects","service":"research-mgmt-api","timestamp":"2025-04-12 02:44:30.529"}
{"level":"info","message":"Registered API redirect from GET /sessions to GET /api/sessions","service":"research-mgmt-api","timestamp":"2025-04-12 02:44:30.529"}
{"level":"info","message":"Registered API redirect from POST /sessions to POST /api/sessions","service":"research-mgmt-api","timestamp":"2025-04-12 02:44:30.529"}
{"level":"info","message":"Registered API redirect from GET /messages to GET /api/messages","service":"research-mgmt-api","timestamp":"2025-04-12 02:44:30.529"}
{"level":"info","message":"Registered API redirect from POST /messages to POST /api/messages","service":"research-mgmt-api","timestamp":"2025-04-12 02:44:30.529"}
{"level":"info","message":"Registered API redirect from GET /projects/:id to GET /api/projects/:id","service":"research-mgmt-api","timestamp":"2025-04-12 02:44:30.529"}
{"level":"info","message":"Registered API redirect from PUT /projects/:id to PUT /api/projects/:id","service":"research-mgmt-api","timestamp":"2025-04-12 02:44:30.529"}
{"level":"info","message":"Registered API redirect from DELETE /projects/:id to DELETE /api/projects/:id","service":"research-mgmt-api","timestamp":"2025-04-12 02:44:30.530"}
{"level":"info","message":"Registered API redirect from GET /users/:id to GET /api/users/:id","service":"research-mgmt-api","timestamp":"2025-04-12 02:44:30.530"}
{"level":"info","message":"Registered API redirect from PUT /users/:id to PUT /api/users/:id","service":"research-mgmt-api","timestamp":"2025-04-12 02:44:30.530"}
{"level":"info","message":"Attempting to connect to MongoDB database","service":"research-mgmt-api","timestamp":"2025-04-12 02:44:30.530"}
{"level":"info","message":"Attempting to connect to MongoDB...","service":"research-mgmt-api","timestamp":"2025-04-12 02:44:30.530"}
{"level":"info","message":"MongoDB Connected: ac-xdpuchx-shard-00-02.tvoe17p.mongodb.net","service":"research-mgmt-api","timestamp":"2025-04-12 02:44:31.167"}
{"level":"info","message":"✅ MongoDB connection established successfully","service":"research-mgmt-api","timestamp":"2025-04-12 02:44:31.167"}
{"level":"info","message":"🚀 Server running on port 300000 and accessible from all network interfaces","service":"research-mgmt-api","timestamp":"2025-04-12 02:44:31.172"}
{"level":"info","message":"JWT helper initialized","service":"research-mgmt-api","timestamp":"2025-04-12 02:44:32.529"}
{"adminRoutes":true,"authRoutes":true,"level":"info","message":"Route modules loaded:","service":"research-mgmt-api","studentRoutes":true,"supervisorRoutes":true,"timestamp":"2025-04-12 02:44:32.564"}
{"level":"info","message":"Registered API redirect from GET /notifications to GET /api/notifications","service":"research-mgmt-api","timestamp":"2025-04-12 02:44:32.579"}
{"level":"info","message":"Registered API redirect from GET /notifications/unread/count to GET /api/notifications/unread/count","service":"research-mgmt-api","timestamp":"2025-04-12 02:44:32.579"}
{"level":"info","message":"Registered API redirect from GET /user/profile to GET /api/user/profile","service":"research-mgmt-api","timestamp":"2025-04-12 02:44:32.580"}
{"level":"info","message":"Registered API redirect from GET /dashboard to GET /api/dashboard","service":"research-mgmt-api","timestamp":"2025-04-12 02:44:32.580"}
{"level":"info","message":"Registered API redirect from GET /calendar to GET /api/calendar","service":"research-mgmt-api","timestamp":"2025-04-12 02:44:32.580"}
{"level":"info","message":"Registered Team API redirect from GET /teams to GET /api/students/team/...","service":"research-mgmt-api","timestamp":"2025-04-12 02:44:32.580"}
{"level":"info","message":"Registered Team API redirect from GET /teams/my-team to GET /api/students/team/...","service":"research-mgmt-api","timestamp":"2025-04-12 02:44:32.580"}
{"level":"info","message":"Registered Team API redirect from GET /teams/:id to GET /api/students/team/...","service":"research-mgmt-api","timestamp":"2025-04-12 02:44:32.581"}
{"level":"info","message":"Registered Team API redirect from PUT /teams/:id to PUT /api/students/team/...","service":"research-mgmt-api","timestamp":"2025-04-12 02:44:32.581"}
{"level":"info","message":"Registered Team API redirect from DELETE /teams/:id to DELETE /api/students/team/...","service":"research-mgmt-api","timestamp":"2025-04-12 02:44:32.581"}
{"level":"info","message":"Registered Team API redirect from POST /teams/:id/invite to POST /api/students/team/...","service":"research-mgmt-api","timestamp":"2025-04-12 02:44:32.581"}
{"level":"info","message":"Registered Team API redirect from POST /teams/:id/leave to POST /api/students/team/...","service":"research-mgmt-api","timestamp":"2025-04-12 02:44:32.581"}
{"level":"info","message":"Registered Team API redirect from POST /teams/:id/remove-member to POST /api/students/team/...","service":"research-mgmt-api","timestamp":"2025-04-12 02:44:32.581"}
{"level":"info","message":"Registered Student Team API redirect from GET /api/student-teams to GET /api/students/team/...","service":"research-mgmt-api","timestamp":"2025-04-12 02:44:32.581"}
{"level":"info","message":"Registered Student Team API redirect from GET /api/student-teams/invitations to GET /api/students/team/...","service":"research-mgmt-api","timestamp":"2025-04-12 02:44:32.581"}
{"level":"info","message":"Registered Student Team API redirect from DELETE /api/student-teams/:id/leave to DELETE /api/students/team/...","service":"research-mgmt-api","timestamp":"2025-04-12 02:44:32.581"}
{"level":"info","message":"Registered API redirect from GET /projects to GET /api/projects","service":"research-mgmt-api","timestamp":"2025-04-12 02:44:32.581"}
{"level":"info","message":"Registered API redirect from POST /projects to POST /api/projects","service":"research-mgmt-api","timestamp":"2025-04-12 02:44:32.582"}
{"level":"info","message":"Registered API redirect from GET /sessions to GET /api/sessions","service":"research-mgmt-api","timestamp":"2025-04-12 02:44:32.582"}
{"level":"info","message":"Registered API redirect from POST /sessions to POST /api/sessions","service":"research-mgmt-api","timestamp":"2025-04-12 02:44:32.582"}
{"level":"info","message":"Registered API redirect from GET /messages to GET /api/messages","service":"research-mgmt-api","timestamp":"2025-04-12 02:44:32.582"}
{"level":"info","message":"Registered API redirect from POST /messages to POST /api/messages","service":"research-mgmt-api","timestamp":"2025-04-12 02:44:32.582"}
{"level":"info","message":"Registered API redirect from GET /projects/:id to GET /api/projects/:id","service":"research-mgmt-api","timestamp":"2025-04-12 02:44:32.582"}
{"level":"info","message":"Registered API redirect from PUT /projects/:id to PUT /api/projects/:id","service":"research-mgmt-api","timestamp":"2025-04-12 02:44:32.582"}
{"level":"info","message":"Registered API redirect from DELETE /projects/:id to DELETE /api/projects/:id","service":"research-mgmt-api","timestamp":"2025-04-12 02:44:32.582"}
{"level":"info","message":"Registered API redirect from GET /users/:id to GET /api/users/:id","service":"research-mgmt-api","timestamp":"2025-04-12 02:44:32.582"}
{"level":"info","message":"Registered API redirect from PUT /users/:id to PUT /api/users/:id","service":"research-mgmt-api","timestamp":"2025-04-12 02:44:32.582"}
{"level":"info","message":"Attempting to connect to MongoDB database","service":"research-mgmt-api","timestamp":"2025-04-12 02:44:32.582"}
{"level":"info","message":"Attempting to connect to MongoDB...","service":"research-mgmt-api","timestamp":"2025-04-12 02:44:32.583"}
{"level":"info","message":"JWT helper initialized","service":"research-mgmt-api","timestamp":"2025-04-12 02:44:33.132"}
{"adminRoutes":true,"authRoutes":true,"level":"info","message":"Route modules loaded:","service":"research-mgmt-api","studentRoutes":true,"supervisorRoutes":true,"timestamp":"2025-04-12 02:44:33.166"}
{"level":"info","message":"Registered API redirect from GET /notifications to GET /api/notifications","service":"research-mgmt-api","timestamp":"2025-04-12 02:44:33.180"}
{"level":"info","message":"Registered API redirect from GET /notifications/unread/count to GET /api/notifications/unread/count","service":"research-mgmt-api","timestamp":"2025-04-12 02:44:33.180"}
{"level":"info","message":"Registered API redirect from GET /user/profile to GET /api/user/profile","service":"research-mgmt-api","timestamp":"2025-04-12 02:44:33.180"}
{"level":"info","message":"Registered API redirect from GET /dashboard to GET /api/dashboard","service":"research-mgmt-api","timestamp":"2025-04-12 02:44:33.180"}
{"level":"info","message":"Registered API redirect from GET /calendar to GET /api/calendar","service":"research-mgmt-api","timestamp":"2025-04-12 02:44:33.181"}
{"level":"info","message":"Registered Team API redirect from GET /teams to GET /api/students/team/...","service":"research-mgmt-api","timestamp":"2025-04-12 02:44:33.181"}
{"level":"info","message":"Registered Team API redirect from GET /teams/my-team to GET /api/students/team/...","service":"research-mgmt-api","timestamp":"2025-04-12 02:44:33.181"}
{"level":"info","message":"Registered Team API redirect from GET /teams/:id to GET /api/students/team/...","service":"research-mgmt-api","timestamp":"2025-04-12 02:44:33.181"}
{"level":"info","message":"Registered Team API redirect from PUT /teams/:id to PUT /api/students/team/...","service":"research-mgmt-api","timestamp":"2025-04-12 02:44:33.181"}
{"level":"info","message":"Registered Team API redirect from DELETE /teams/:id to DELETE /api/students/team/...","service":"research-mgmt-api","timestamp":"2025-04-12 02:44:33.181"}
{"level":"info","message":"Registered Team API redirect from POST /teams/:id/invite to POST /api/students/team/...","service":"research-mgmt-api","timestamp":"2025-04-12 02:44:33.181"}
{"level":"info","message":"Registered Team API redirect from POST /teams/:id/leave to POST /api/students/team/...","service":"research-mgmt-api","timestamp":"2025-04-12 02:44:33.182"}
{"level":"info","message":"Registered Team API redirect from POST /teams/:id/remove-member to POST /api/students/team/...","service":"research-mgmt-api","timestamp":"2025-04-12 02:44:33.182"}
{"level":"info","message":"Registered Student Team API redirect from GET /api/student-teams to GET /api/students/team/...","service":"research-mgmt-api","timestamp":"2025-04-12 02:44:33.182"}
{"level":"info","message":"Registered Student Team API redirect from GET /api/student-teams/invitations to GET /api/students/team/...","service":"research-mgmt-api","timestamp":"2025-04-12 02:44:33.182"}
{"level":"info","message":"Registered Student Team API redirect from DELETE /api/student-teams/:id/leave to DELETE /api/students/team/...","service":"research-mgmt-api","timestamp":"2025-04-12 02:44:33.182"}
{"level":"info","message":"Registered API redirect from GET /projects to GET /api/projects","service":"research-mgmt-api","timestamp":"2025-04-12 02:44:33.182"}
{"level":"info","message":"Registered API redirect from POST /projects to POST /api/projects","service":"research-mgmt-api","timestamp":"2025-04-12 02:44:33.182"}
{"level":"info","message":"Registered API redirect from GET /sessions to GET /api/sessions","service":"research-mgmt-api","timestamp":"2025-04-12 02:44:33.182"}
{"level":"info","message":"Registered API redirect from POST /sessions to POST /api/sessions","service":"research-mgmt-api","timestamp":"2025-04-12 02:44:33.182"}
{"level":"info","message":"Registered API redirect from GET /messages to GET /api/messages","service":"research-mgmt-api","timestamp":"2025-04-12 02:44:33.182"}
{"level":"info","message":"Registered API redirect from POST /messages to POST /api/messages","service":"research-mgmt-api","timestamp":"2025-04-12 02:44:33.182"}
{"level":"info","message":"Registered API redirect from GET /projects/:id to GET /api/projects/:id","service":"research-mgmt-api","timestamp":"2025-04-12 02:44:33.183"}
{"level":"info","message":"Registered API redirect from PUT /projects/:id to PUT /api/projects/:id","service":"research-mgmt-api","timestamp":"2025-04-12 02:44:33.183"}
{"level":"info","message":"Registered API redirect from DELETE /projects/:id to DELETE /api/projects/:id","service":"research-mgmt-api","timestamp":"2025-04-12 02:44:33.183"}
{"level":"info","message":"Registered API redirect from GET /users/:id to GET /api/users/:id","service":"research-mgmt-api","timestamp":"2025-04-12 02:44:33.183"}
{"level":"info","message":"Registered API redirect from PUT /users/:id to PUT /api/users/:id","service":"research-mgmt-api","timestamp":"2025-04-12 02:44:33.183"}
{"level":"info","message":"Attempting to connect to MongoDB database","service":"research-mgmt-api","timestamp":"2025-04-12 02:44:33.183"}
{"level":"info","message":"Attempting to connect to MongoDB...","service":"research-mgmt-api","timestamp":"2025-04-12 02:44:33.183"}
{"level":"info","message":"MongoDB Connected: ac-xdpuchx-shard-00-02.tvoe17p.mongodb.net","service":"research-mgmt-api","timestamp":"2025-04-12 02:44:33.806"}
{"level":"info","message":"✅ MongoDB connection established successfully","service":"research-mgmt-api","timestamp":"2025-04-12 02:44:33.806"}
{"level":"info","message":"🚀 Server running on port 300000 and accessible from all network interfaces","service":"research-mgmt-api","timestamp":"2025-04-12 02:44:33.811"}
{"level":"info","message":"JWT helper initialized","service":"research-mgmt-api","timestamp":"2025-04-12 02:44:42.083"}
{"adminRoutes":true,"authRoutes":true,"level":"info","message":"Route modules loaded:","service":"research-mgmt-api","studentRoutes":true,"supervisorRoutes":true,"timestamp":"2025-04-12 02:44:42.120"}
{"level":"info","message":"Registered API redirect from GET /notifications to GET /api/notifications","service":"research-mgmt-api","timestamp":"2025-04-12 02:44:42.136"}
{"level":"info","message":"Registered API redirect from GET /notifications/unread/count to GET /api/notifications/unread/count","service":"research-mgmt-api","timestamp":"2025-04-12 02:44:42.136"}
{"level":"info","message":"Registered API redirect from GET /user/profile to GET /api/user/profile","service":"research-mgmt-api","timestamp":"2025-04-12 02:44:42.136"}
{"level":"info","message":"Registered API redirect from GET /dashboard to GET /api/dashboard","service":"research-mgmt-api","timestamp":"2025-04-12 02:44:42.136"}
{"level":"info","message":"Registered API redirect from GET /calendar to GET /api/calendar","service":"research-mgmt-api","timestamp":"2025-04-12 02:44:42.136"}
{"level":"info","message":"Registered Team API redirect from GET /teams to GET /api/students/team/...","service":"research-mgmt-api","timestamp":"2025-04-12 02:44:42.136"}
{"level":"info","message":"Registered Team API redirect from GET /teams/my-team to GET /api/students/team/...","service":"research-mgmt-api","timestamp":"2025-04-12 02:44:42.137"}
{"level":"info","message":"Registered Team API redirect from GET /teams/:id to GET /api/students/team/...","service":"research-mgmt-api","timestamp":"2025-04-12 02:44:42.137"}
{"level":"info","message":"Registered Team API redirect from PUT /teams/:id to PUT /api/students/team/...","service":"research-mgmt-api","timestamp":"2025-04-12 02:44:42.137"}
{"level":"info","message":"Registered Team API redirect from DELETE /teams/:id to DELETE /api/students/team/...","service":"research-mgmt-api","timestamp":"2025-04-12 02:44:42.137"}
{"level":"info","message":"Registered Team API redirect from POST /teams/:id/invite to POST /api/students/team/...","service":"research-mgmt-api","timestamp":"2025-04-12 02:44:42.137"}
{"level":"info","message":"Registered Team API redirect from POST /teams/:id/leave to POST /api/students/team/...","service":"research-mgmt-api","timestamp":"2025-04-12 02:44:42.137"}
{"level":"info","message":"Registered Team API redirect from POST /teams/:id/remove-member to POST /api/students/team/...","service":"research-mgmt-api","timestamp":"2025-04-12 02:44:42.137"}
{"level":"info","message":"Registered Student Team API redirect from GET /api/student-teams to GET /api/students/team/...","service":"research-mgmt-api","timestamp":"2025-04-12 02:44:42.137"}
{"level":"info","message":"Registered Student Team API redirect from GET /api/student-teams/invitations to GET /api/students/team/...","service":"research-mgmt-api","timestamp":"2025-04-12 02:44:42.137"}
{"level":"info","message":"Registered Student Team API redirect from DELETE /api/student-teams/:id/leave to DELETE /api/students/team/...","service":"research-mgmt-api","timestamp":"2025-04-12 02:44:42.138"}
{"level":"info","message":"Registered API redirect from GET /projects to GET /api/projects","service":"research-mgmt-api","timestamp":"2025-04-12 02:44:42.138"}
{"level":"info","message":"Registered API redirect from POST /projects to POST /api/projects","service":"research-mgmt-api","timestamp":"2025-04-12 02:44:42.138"}
{"level":"info","message":"Registered API redirect from GET /sessions to GET /api/sessions","service":"research-mgmt-api","timestamp":"2025-04-12 02:44:42.138"}
{"level":"info","message":"Registered API redirect from POST /sessions to POST /api/sessions","service":"research-mgmt-api","timestamp":"2025-04-12 02:44:42.138"}
{"level":"info","message":"Registered API redirect from GET /messages to GET /api/messages","service":"research-mgmt-api","timestamp":"2025-04-12 02:44:42.138"}
{"level":"info","message":"Registered API redirect from POST /messages to POST /api/messages","service":"research-mgmt-api","timestamp":"2025-04-12 02:44:42.138"}
{"level":"info","message":"Registered API redirect from GET /projects/:id to GET /api/projects/:id","service":"research-mgmt-api","timestamp":"2025-04-12 02:44:42.138"}
{"level":"info","message":"Registered API redirect from PUT /projects/:id to PUT /api/projects/:id","service":"research-mgmt-api","timestamp":"2025-04-12 02:44:42.138"}
{"level":"info","message":"Registered API redirect from DELETE /projects/:id to DELETE /api/projects/:id","service":"research-mgmt-api","timestamp":"2025-04-12 02:44:42.138"}
{"level":"info","message":"Registered API redirect from GET /users/:id to GET /api/users/:id","service":"research-mgmt-api","timestamp":"2025-04-12 02:44:42.138"}
{"level":"info","message":"Registered API redirect from PUT /users/:id to PUT /api/users/:id","service":"research-mgmt-api","timestamp":"2025-04-12 02:44:42.138"}
{"level":"info","message":"Attempting to connect to MongoDB database","service":"research-mgmt-api","timestamp":"2025-04-12 02:44:42.139"}
{"level":"info","message":"Attempting to connect to MongoDB...","service":"research-mgmt-api","timestamp":"2025-04-12 02:44:42.139"}
{"level":"info","message":"MongoDB Connected: ac-xdpuchx-shard-00-00.tvoe17p.mongodb.net","service":"research-mgmt-api","timestamp":"2025-04-12 02:44:42.771"}
{"level":"info","message":"✅ MongoDB connection established successfully","service":"research-mgmt-api","timestamp":"2025-04-12 02:44:42.771"}
{"level":"info","message":"🚀 Server running on port 300000 and accessible from all network interfaces","service":"research-mgmt-api","timestamp":"2025-04-12 02:44:42.775"}
{"level":"info","message":"JWT helper initialized","service":"research-mgmt-api","timestamp":"2025-04-12 02:44:55.311"}
{"adminRoutes":true,"authRoutes":true,"level":"info","message":"Route modules loaded:","service":"research-mgmt-api","studentRoutes":true,"supervisorRoutes":true,"timestamp":"2025-04-12 02:44:55.346"}
{"level":"info","message":"Registered API redirect from GET /notifications to GET /api/notifications","service":"research-mgmt-api","timestamp":"2025-04-12 02:44:55.361"}
{"level":"info","message":"Registered API redirect from GET /notifications/unread/count to GET /api/notifications/unread/count","service":"research-mgmt-api","timestamp":"2025-04-12 02:44:55.361"}
{"level":"info","message":"Registered API redirect from GET /user/profile to GET /api/user/profile","service":"research-mgmt-api","timestamp":"2025-04-12 02:44:55.361"}
{"level":"info","message":"Registered API redirect from GET /dashboard to GET /api/dashboard","service":"research-mgmt-api","timestamp":"2025-04-12 02:44:55.362"}
{"level":"info","message":"Registered API redirect from GET /calendar to GET /api/calendar","service":"research-mgmt-api","timestamp":"2025-04-12 02:44:55.362"}
{"level":"info","message":"Registered Team API redirect from GET /teams to GET /api/students/team/...","service":"research-mgmt-api","timestamp":"2025-04-12 02:44:55.362"}
{"level":"info","message":"Registered Team API redirect from GET /teams/my-team to GET /api/students/team/...","service":"research-mgmt-api","timestamp":"2025-04-12 02:44:55.362"}
{"level":"info","message":"Registered Team API redirect from GET /teams/:id to GET /api/students/team/...","service":"research-mgmt-api","timestamp":"2025-04-12 02:44:55.362"}
{"level":"info","message":"Registered Team API redirect from PUT /teams/:id to PUT /api/students/team/...","service":"research-mgmt-api","timestamp":"2025-04-12 02:44:55.362"}
{"level":"info","message":"Registered Team API redirect from DELETE /teams/:id to DELETE /api/students/team/...","service":"research-mgmt-api","timestamp":"2025-04-12 02:44:55.362"}
{"level":"info","message":"Registered Team API redirect from POST /teams/:id/invite to POST /api/students/team/...","service":"research-mgmt-api","timestamp":"2025-04-12 02:44:55.363"}
{"level":"info","message":"Registered Team API redirect from POST /teams/:id/leave to POST /api/students/team/...","service":"research-mgmt-api","timestamp":"2025-04-12 02:44:55.363"}
{"level":"info","message":"Registered Team API redirect from POST /teams/:id/remove-member to POST /api/students/team/...","service":"research-mgmt-api","timestamp":"2025-04-12 02:44:55.363"}
{"level":"info","message":"Registered Student Team API redirect from GET /api/student-teams to GET /api/students/team/...","service":"research-mgmt-api","timestamp":"2025-04-12 02:44:55.363"}
{"level":"info","message":"Registered Student Team API redirect from GET /api/student-teams/invitations to GET /api/students/team/...","service":"research-mgmt-api","timestamp":"2025-04-12 02:44:55.363"}
{"level":"info","message":"Registered Student Team API redirect from DELETE /api/student-teams/:id/leave to DELETE /api/students/team/...","service":"research-mgmt-api","timestamp":"2025-04-12 02:44:55.363"}
{"level":"info","message":"Registered API redirect from GET /projects to GET /api/projects","service":"research-mgmt-api","timestamp":"2025-04-12 02:44:55.363"}
{"level":"info","message":"Registered API redirect from POST /projects to POST /api/projects","service":"research-mgmt-api","timestamp":"2025-04-12 02:44:55.363"}
{"level":"info","message":"Registered API redirect from GET /sessions to GET /api/sessions","service":"research-mgmt-api","timestamp":"2025-04-12 02:44:55.363"}
{"level":"info","message":"Registered API redirect from POST /sessions to POST /api/sessions","service":"research-mgmt-api","timestamp":"2025-04-12 02:44:55.364"}
{"level":"info","message":"Registered API redirect from GET /messages to GET /api/messages","service":"research-mgmt-api","timestamp":"2025-04-12 02:44:55.364"}
{"level":"info","message":"Registered API redirect from POST /messages to POST /api/messages","service":"research-mgmt-api","timestamp":"2025-04-12 02:44:55.364"}
{"level":"info","message":"Registered API redirect from GET /projects/:id to GET /api/projects/:id","service":"research-mgmt-api","timestamp":"2025-04-12 02:44:55.364"}
{"level":"info","message":"Registered API redirect from PUT /projects/:id to PUT /api/projects/:id","service":"research-mgmt-api","timestamp":"2025-04-12 02:44:55.364"}
{"level":"info","message":"Registered API redirect from DELETE /projects/:id to DELETE /api/projects/:id","service":"research-mgmt-api","timestamp":"2025-04-12 02:44:55.364"}
{"level":"info","message":"Registered API redirect from GET /users/:id to GET /api/users/:id","service":"research-mgmt-api","timestamp":"2025-04-12 02:44:55.364"}
{"level":"info","message":"Registered API redirect from PUT /users/:id to PUT /api/users/:id","service":"research-mgmt-api","timestamp":"2025-04-12 02:44:55.364"}
{"level":"info","message":"Attempting to connect to MongoDB database","service":"research-mgmt-api","timestamp":"2025-04-12 02:44:55.364"}
{"level":"info","message":"Attempting to connect to MongoDB...","service":"research-mgmt-api","timestamp":"2025-04-12 02:44:55.365"}
{"level":"info","message":"MongoDB Connected: ac-xdpuchx-shard-00-02.tvoe17p.mongodb.net","service":"research-mgmt-api","timestamp":"2025-04-12 02:44:56.030"}
{"level":"info","message":"✅ MongoDB connection established successfully","service":"research-mgmt-api","timestamp":"2025-04-12 02:44:56.030"}
{"level":"info","message":"🚀 Server running on port 300000 and accessible from all network interfaces","service":"research-mgmt-api","timestamp":"2025-04-12 02:44:56.035"}
{"level":"info","message":"JWT helper initialized","service":"research-mgmt-api","timestamp":"2025-04-12 02:45:16.122"}
{"adminRoutes":true,"authRoutes":true,"level":"info","message":"Route modules loaded:","service":"research-mgmt-api","studentRoutes":true,"supervisorRoutes":true,"timestamp":"2025-04-12 02:45:16.158"}
{"level":"info","message":"Registered API redirect from GET /notifications to GET /api/notifications","service":"research-mgmt-api","timestamp":"2025-04-12 02:45:16.173"}
{"level":"info","message":"Registered API redirect from GET /notifications/unread/count to GET /api/notifications/unread/count","service":"research-mgmt-api","timestamp":"2025-04-12 02:45:16.173"}
{"level":"info","message":"Registered API redirect from GET /user/profile to GET /api/user/profile","service":"research-mgmt-api","timestamp":"2025-04-12 02:45:16.173"}
{"level":"info","message":"Registered API redirect from GET /dashboard to GET /api/dashboard","service":"research-mgmt-api","timestamp":"2025-04-12 02:45:16.173"}
{"level":"info","message":"Registered API redirect from GET /calendar to GET /api/calendar","service":"research-mgmt-api","timestamp":"2025-04-12 02:45:16.173"}
{"level":"info","message":"Registered Team API redirect from GET /teams to GET /api/students/team/...","service":"research-mgmt-api","timestamp":"2025-04-12 02:45:16.174"}
{"level":"info","message":"Registered Team API redirect from GET /teams/my-team to GET /api/students/team/...","service":"research-mgmt-api","timestamp":"2025-04-12 02:45:16.174"}
{"level":"info","message":"Registered Team API redirect from GET /teams/:id to GET /api/students/team/...","service":"research-mgmt-api","timestamp":"2025-04-12 02:45:16.174"}
{"level":"info","message":"Registered Team API redirect from PUT /teams/:id to PUT /api/students/team/...","service":"research-mgmt-api","timestamp":"2025-04-12 02:45:16.174"}
{"level":"info","message":"Registered Team API redirect from DELETE /teams/:id to DELETE /api/students/team/...","service":"research-mgmt-api","timestamp":"2025-04-12 02:45:16.174"}
{"level":"info","message":"Registered Team API redirect from POST /teams/:id/invite to POST /api/students/team/...","service":"research-mgmt-api","timestamp":"2025-04-12 02:45:16.174"}
{"level":"info","message":"Registered Team API redirect from POST /teams/:id/leave to POST /api/students/team/...","service":"research-mgmt-api","timestamp":"2025-04-12 02:45:16.174"}
{"level":"info","message":"Registered Team API redirect from POST /teams/:id/remove-member to POST /api/students/team/...","service":"research-mgmt-api","timestamp":"2025-04-12 02:45:16.174"}
{"level":"info","message":"Registered Student Team API redirect from GET /api/student-teams to GET /api/students/team/...","service":"research-mgmt-api","timestamp":"2025-04-12 02:45:16.174"}
{"level":"info","message":"Registered Student Team API redirect from GET /api/student-teams/invitations to GET /api/students/team/...","service":"research-mgmt-api","timestamp":"2025-04-12 02:45:16.175"}
{"level":"info","message":"Registered Student Team API redirect from DELETE /api/student-teams/:id/leave to DELETE /api/students/team/...","service":"research-mgmt-api","timestamp":"2025-04-12 02:45:16.175"}
{"level":"info","message":"Registered API redirect from GET /projects to GET /api/projects","service":"research-mgmt-api","timestamp":"2025-04-12 02:45:16.175"}
{"level":"info","message":"Registered API redirect from POST /projects to POST /api/projects","service":"research-mgmt-api","timestamp":"2025-04-12 02:45:16.175"}
{"level":"info","message":"Registered API redirect from GET /sessions to GET /api/sessions","service":"research-mgmt-api","timestamp":"2025-04-12 02:45:16.175"}
{"level":"info","message":"Registered API redirect from POST /sessions to POST /api/sessions","service":"research-mgmt-api","timestamp":"2025-04-12 02:45:16.175"}
{"level":"info","message":"Registered API redirect from GET /messages to GET /api/messages","service":"research-mgmt-api","timestamp":"2025-04-12 02:45:16.175"}
{"level":"info","message":"Registered API redirect from POST /messages to POST /api/messages","service":"research-mgmt-api","timestamp":"2025-04-12 02:45:16.175"}
{"level":"info","message":"Registered API redirect from GET /projects/:id to GET /api/projects/:id","service":"research-mgmt-api","timestamp":"2025-04-12 02:45:16.175"}
{"level":"info","message":"Registered API redirect from PUT /projects/:id to PUT /api/projects/:id","service":"research-mgmt-api","timestamp":"2025-04-12 02:45:16.175"}
{"level":"info","message":"Registered API redirect from DELETE /projects/:id to DELETE /api/projects/:id","service":"research-mgmt-api","timestamp":"2025-04-12 02:45:16.175"}
{"level":"info","message":"Registered API redirect from GET /users/:id to GET /api/users/:id","service":"research-mgmt-api","timestamp":"2025-04-12 02:45:16.176"}
{"level":"info","message":"Registered API redirect from PUT /users/:id to PUT /api/users/:id","service":"research-mgmt-api","timestamp":"2025-04-12 02:45:16.176"}
{"level":"info","message":"Attempting to connect to MongoDB database","service":"research-mgmt-api","timestamp":"2025-04-12 02:45:16.176"}
{"level":"info","message":"Attempting to connect to MongoDB...","service":"research-mgmt-api","timestamp":"2025-04-12 02:45:16.176"}
{"level":"info","message":"MongoDB Connected: ac-xdpuchx-shard-00-02.tvoe17p.mongodb.net","service":"research-mgmt-api","timestamp":"2025-04-12 02:45:16.811"}
{"level":"info","message":"✅ MongoDB connection established successfully","service":"research-mgmt-api","timestamp":"2025-04-12 02:45:16.812"}
{"level":"info","message":"🚀 Server running on port 300000 and accessible from all network interfaces","service":"research-mgmt-api","timestamp":"2025-04-12 02:45:16.816"}
{"level":"info","message":"MongoDB connection state: 1","service":"research-mgmt-api","timestamp":"2025-04-12 02:45:20.398"}
{"level":"info","message":"Login attempt for user: teststudent1@gmail.com","service":"research-mgmt-api","timestamp":"2025-04-12 02:45:20.398"}
{"level":"info","message":"Verifying password for user: teststudent1@gmail.com","service":"research-mgmt-api","timestamp":"2025-04-12 02:45:20.455"}
{"level":"info","message":"Login successful for user: teststudent1@gmail.com","service":"research-mgmt-api","timestamp":"2025-04-12 02:45:20.475"}
{"level":"info","message":"HTTP POST /api/auth/login - 200 (78ms)","service":"research-mgmt-api","timestamp":"2025-04-12 02:45:20.476"}
{"level":"info","message":"HTTP GET /api/notifications - 200 (0ms)","service":"research-mgmt-api","timestamp":"2025-04-12 02:45:20.988"}
{"level":"info","message":"HTTP GET /api/notifications/unread/count - 200 (0ms)","service":"research-mgmt-api","timestamp":"2025-04-12 02:45:20.992"}
{"level":"info","message":"📊 Fetching student dashboard data","service":"research-mgmt-api","timestamp":"2025-04-12 02:45:21.451"}
{"level":"info","message":"HTTP GET /api/dashboard - 200 (213ms)","service":"research-mgmt-api","timestamp":"2025-04-12 02:45:21.663"}
{"code":"VALIDATION","level":"error","message":"Application error: {\n  \"type\": \"validation\",\n  \"on\": \"response\",\n  \"summary\": \"Expected object\",\n  \"property\": \"/data/team\",\n  \"message\": \"Expected object\",\n  \"expected\": {\n    \"success\": false,\n    \"data\": {\n      \"currentSession\": {\n        \"id\": \"\",\n        \"name\": \"\",\n        \"startDate\": \"\",\n        \"endDate\": \"\"\n      },\n      \"upcomingDeadlines\": [],\n      \"recentActivities\": [],\n      \"notifications\": []\n    }\n  },\n  \"found\": {\n    \"success\": true,\n    \"data\": {\n      \"currentSession\": {\n        \"id\": \"\",\n        \"name\": \"\",\n        \"startDate\": \"\",\n        \"endDate\": \"\"\n      },\n      \"team\": null,\n      \"upcomingDeadlines\": [],\n      \"recentActivities\": [],\n      \"notifications\": [],\n      \"projectStatus\": {\n        \"status\": \"not_started\",\n        \"progress\": 0,\n        \"lastUpdated\": \"2025-04-11T20:45:21.663Z\"\n      }\n    }\n  },\n  \"errors\": [\n    {\n      \"summary\": \"Expected object\",\n      \"type\": 46,\n      \"schema\": {\n        \"type\": \"object\",\n        \"properties\": {\n          \"id\": {\n            \"type\": \"string\"\n          },\n          \"name\": {\n            \"type\": \"string\"\n          },\n          \"members\": {\n            \"type\": \"array\",\n            \"items\": {\n              \"type\": \"object\",\n              \"properties\": {\n                \"id\": {\n                  \"type\": \"string\"\n                },\n                \"name\": {\n                  \"type\": \"string\"\n                },\n                \"role\": {\n                  \"type\": \"string\"\n                },\n                \"status\": {\n                  \"type\": \"string\"\n                },\n                \"lastActive\": {\n                  \"type\": \"string\"\n                }\n              },\n              \"required\": [\n                \"id\",\n                \"name\",\n                \"role\",\n                \"status\"\n              ]\n            }\n          },\n          \"projectId\": {\n            \"type\": \"string\"\n          }\n        },\n        \"required\": [\n          \"id\",\n          \"name\",\n          \"members\"\n        ]\n      },\n      \"path\": \"/data/team\",\n      \"value\": null,\n      \"message\": \"Expected object\",\n      \"errors\": []\n    },\n    {\n      \"type\": 54,\n      \"schema\": {\n        \"type\": \"string\"\n      },\n      \"path\": \"/data/projectStatus\",\n      \"value\": {\n        \"status\": \"not_started\",\n        \"progress\": 0,\n        \"lastUpdated\": \"2025-04-11T20:45:21.663Z\"\n      },\n      \"message\": \"Expected string\",\n      \"errors\": [],\n      \"summary\": \"Expected  property 'data.projectStatus' to be  string but found: [object Object]\"\n    }\n  ]\n}","service":"research-mgmt-api","stack":"Error: {\n  \"type\": \"validation\",\n  \"on\": \"response\",\n  \"summary\": \"Expected object\",\n  \"property\": \"/data/team\",\n  \"message\": \"Expected object\",\n  \"expected\": {\n    \"success\": false,\n    \"data\": {\n      \"currentSession\": {\n        \"id\": \"\",\n        \"name\": \"\",\n        \"startDate\": \"\",\n        \"endDate\": \"\"\n      },\n      \"upcomingDeadlines\": [],\n      \"recentActivities\": [],\n      \"notifications\": []\n    }\n  },\n  \"found\": {\n    \"success\": true,\n    \"data\": {\n      \"currentSession\": {\n        \"id\": \"\",\n        \"name\": \"\",\n        \"startDate\": \"\",\n        \"endDate\": \"\"\n      },\n      \"team\": null,\n      \"upcomingDeadlines\": [],\n      \"recentActivities\": [],\n      \"notifications\": [],\n      \"projectStatus\": {\n        \"status\": \"not_started\",\n        \"progress\": 0,\n        \"lastUpdated\": \"2025-04-11T20:45:21.663Z\"\n      }\n    }\n  },\n  \"errors\": [\n    {\n      \"summary\": \"Expected object\",\n      \"type\": 46,\n      \"schema\": {\n        \"type\": \"object\",\n        \"properties\": {\n          \"id\": {\n            \"type\": \"string\"\n          },\n          \"name\": {\n            \"type\": \"string\"\n          },\n          \"members\": {\n            \"type\": \"array\",\n            \"items\": {\n              \"type\": \"object\",\n              \"properties\": {\n                \"id\": {\n                  \"type\": \"string\"\n                },\n                \"name\": {\n                  \"type\": \"string\"\n                },\n                \"role\": {\n                  \"type\": \"string\"\n                },\n                \"status\": {\n                  \"type\": \"string\"\n                },\n                \"lastActive\": {\n                  \"type\": \"string\"\n                }\n              },\n              \"required\": [\n                \"id\",\n                \"name\",\n                \"role\",\n                \"status\"\n              ]\n            }\n          },\n          \"projectId\": {\n            \"type\": \"string\"\n          }\n        },\n        \"required\": [\n          \"id\",\n          \"name\",\n          \"members\"\n        ]\n      },\n      \"path\": \"/data/team\",\n      \"value\": null,\n      \"message\": \"Expected object\",\n      \"errors\": []\n    },\n    {\n      \"type\": 54,\n      \"schema\": {\n        \"type\": \"string\"\n      },\n      \"path\": \"/data/projectStatus\",\n      \"value\": {\n        \"status\": \"not_started\",\n        \"progress\": 0,\n        \"lastUpdated\": \"2025-04-11T20:45:21.663Z\"\n      },\n      \"message\": \"Expected string\",\n      \"errors\": [],\n      \"summary\": \"Expected  property 'data.projectStatus' to be  string but found: [object Object]\"\n    }\n  ]\n}\n    at new ValidationError (/home/swadhin/r/server/node_modules/elysia/src/error.ts:264:3)\n    at <anonymous> (file:///home/swadhin/r/server/node_modules/elysia/dist/bun/index.js:27:26)\n    at processTicksAndRejections (native:7:39)","status":422,"timestamp":"2025-04-12 02:45:21.666","type":"response","validator":{"code":"return function check(value) {\n  return (\n    (typeof value === 'object' && value !== null && !Array.isArray(value)) &&\n    (typeof value.success === 'boolean') &&\n    (typeof value.data === 'object' && value.data !== null && !Array.isArray(value.data)) &&\n    (typeof value.data.currentSession === 'object' && value.data.currentSession !== null && !Array.isArray(value.data.currentSession)) &&\n    (typeof value.data.currentSession.id === 'string') &&\n    (typeof value.data.currentSession.name === 'string') &&\n    (typeof value.data.currentSession.startDate === 'string') &&\n    (typeof value.data.currentSession.endDate === 'string') &&\n    (value.data.team !== undefined ? ((typeof value.data.team === 'object' && value.data.team !== null && !Array.isArray(value.data.team)) && (typeof value.data.team.id === 'string') && (typeof value.data.team.name === 'string') && Array.isArray(value.data.team.members) && value.data.team.members.every((value) => ((typeof value === 'object' && value !== null && !Array.isArray(value)) && (typeof value.id === 'string') && (typeof value.name === 'string') && (typeof value.role === 'string') && (typeof value.status === 'string') && (value.lastActive !== undefined ? ((typeof value.lastActive === 'string')) : true))) && (value.data.team.projectId !== undefined ? ((typeof value.data.team.projectId === 'string')) : true)) : true) &&\n    (value.data.projectStatus !== undefined ? ((typeof value.data.projectStatus === 'string')) : true) &&\n    Array.isArray(value.data.upcomingDeadlines) &&\n    value.data.upcomingDeadlines.every((value) => ((typeof value === 'object' && value !== null && !Array.isArray(value)) && (typeof value.id === 'string') && (typeof value.title === 'string') && (typeof value.dueDate === 'string') && (typeof value.type === 'string') && (typeof value.isOverdue === 'boolean') && Number.isFinite(value.daysRemaining))) &&\n    Array.isArray(value.data.recentActivities) &&\n    value.data.recentActivities.every((value) => ((typeof value === 'object' && value !== null && !Array.isArray(value)) && (typeof value.id === 'string') && (typeof value.type === 'string') && (typeof value.description === 'string') && (typeof value.timestamp === 'string'))) &&\n    Array.isArray(value.data.notifications) &&\n    value.data.notifications.every((value) => ((typeof value === 'object' && value !== null && !Array.isArray(value)) && (typeof value.id === 'string') && (typeof value.message === 'string') && (typeof value.type === 'string') && (typeof value.isRead === 'boolean') && (typeof value.createdAt === 'string'))) &&\n    Object.getOwnPropertyNames(value).length === 2\n  )\n}","hasTransform":false,"references":[],"schema":{"additionalProperties":false,"properties":{"data":{"properties":{"currentSession":{"properties":{"endDate":{"type":"string"},"id":{"type":"string"},"name":{"type":"string"},"startDate":{"type":"string"}},"required":["id","name","startDate","endDate"],"type":"object"},"notifications":{"items":{"properties":{"createdAt":{"type":"string"},"id":{"type":"string"},"isRead":{"type":"boolean"},"message":{"type":"string"},"type":{"type":"string"}},"required":["id","message","type","isRead","createdAt"],"type":"object"},"type":"array"},"projectStatus":{"type":"string"},"recentActivities":{"items":{"properties":{"description":{"type":"string"},"id":{"type":"string"},"timestamp":{"type":"string"},"type":{"type":"string"}},"required":["id","type","description","timestamp"],"type":"object"},"type":"array"},"team":{"properties":{"id":{"type":"string"},"members":{"items":{"properties":{"id":{"type":"string"},"lastActive":{"type":"string"},"name":{"type":"string"},"role":{"type":"string"},"status":{"type":"string"}},"required":["id","name","role","status"],"type":"object"},"type":"array"},"name":{"type":"string"},"projectId":{"type":"string"}},"required":["id","name","members"],"type":"object"},"upcomingDeadlines":{"items":{"properties":{"daysRemaining":{"type":"number"},"dueDate":{"type":"string"},"id":{"type":"string"},"isOverdue":{"type":"boolean"},"title":{"type":"string"},"type":{"type":"string"}},"required":["id","title","dueDate","type","isOverdue","daysRemaining"],"type":"object"},"type":"array"}},"required":["currentSession","upcomingDeadlines","recentActivities","notifications"],"type":"object"},"success":{"type":"boolean"}},"required":["success","data"],"type":"object"}},"value":{"data":{"currentSession":{"endDate":"","id":"","name":"","startDate":""},"notifications":[],"projectStatus":{"lastUpdated":"2025-04-11T20:45:21.663Z","progress":0,"status":"not_started"},"recentActivities":[],"team":null,"upcomingDeadlines":[]},"success":true}}
{"level":"info","message":"HTTP GET /api/notifications - 200 (0ms)","service":"research-mgmt-api","timestamp":"2025-04-12 02:45:22.326"}
{"level":"info","message":"HTTP GET /api/notifications/unread/count - 200 (0ms)","service":"research-mgmt-api","timestamp":"2025-04-12 02:45:22.332"}
{"level":"info","message":"HTTP GET /api/notifications/unread/count - 200 (0ms)","service":"research-mgmt-api","timestamp":"2025-04-12 02:46:21.322"}
{"level":"info","message":"HTTP GET /api/notifications/unread/count - 200 (0ms)","service":"research-mgmt-api","timestamp":"2025-04-12 02:46:21.323"}
{"level":"info","message":"HTTP GET /api/notifications/unread/count - 200 (0ms)","service":"research-mgmt-api","timestamp":"2025-04-12 02:47:21.323"}
{"level":"info","message":"HTTP GET /api/notifications/unread/count - 200 (0ms)","service":"research-mgmt-api","timestamp":"2025-04-12 02:47:21.324"}
{"level":"info","message":"HTTP GET /api/notifications/unread/count - 200 (0ms)","service":"research-mgmt-api","timestamp":"2025-04-12 02:48:21.322"}
{"level":"info","message":"HTTP GET /api/notifications/unread/count - 200 (0ms)","service":"research-mgmt-api","timestamp":"2025-04-12 02:48:21.323"}
{"level":"info","message":"HTTP GET /api/notifications/unread/count - 200 (0ms)","service":"research-mgmt-api","timestamp":"2025-04-12 02:49:21.335"}
{"level":"info","message":"HTTP GET /api/notifications/unread/count - 200 (0ms)","service":"research-mgmt-api","timestamp":"2025-04-12 02:50:01.323"}
{"external":"31 MB","heapTotal":"32 MB","heapUsed":"56 MB","level":"info","message":"Memory usage stats:","rss":"237 MB","service":"research-mgmt-api","timestamp":"2025-04-12 02:50:16.184"}
{"level":"info","message":"HTTP GET /api/notifications/unread/count - 200 (0ms)","service":"research-mgmt-api","timestamp":"2025-04-12 02:51:01.327"}
{"level":"info","message":"HTTP GET /api/notifications/unread/count - 200 (0ms)","service":"research-mgmt-api","timestamp":"2025-04-12 02:51:01.330"}
{"level":"info","message":"HTTP GET /api/notifications - 200 (0ms)","service":"research-mgmt-api","timestamp":"2025-04-12 02:51:01.333"}
{"level":"info","message":"HTTP GET /api/notifications - 200 (0ms)","service":"research-mgmt-api","timestamp":"2025-04-12 02:51:01.335"}
{"level":"info","message":"HTTP GET /api/notifications/unread/count - 200 (0ms)","service":"research-mgmt-api","timestamp":"2025-04-12 02:52:01.330"}
{"level":"info","message":"HTTP GET /api/notifications/unread/count - 200 (0ms)","service":"research-mgmt-api","timestamp":"2025-04-12 02:52:01.334"}
{"level":"info","message":"HTTP GET /api/notifications/unread/count - 200 (0ms)","service":"research-mgmt-api","timestamp":"2025-04-12 02:53:01.323"}
{"level":"info","message":"HTTP GET /api/notifications/unread/count - 200 (0ms)","service":"research-mgmt-api","timestamp":"2025-04-12 02:53:01.324"}
{"level":"info","message":"HTTP GET /api/notifications/unread/count - 200 (0ms)","service":"research-mgmt-api","timestamp":"2025-04-12 02:54:01.324"}
{"level":"info","message":"HTTP GET /api/notifications/unread/count - 200 (0ms)","service":"research-mgmt-api","timestamp":"2025-04-12 02:54:01.326"}
{"level":"info","message":"HTTP GET /api/notifications/unread/count - 200 (0ms)","service":"research-mgmt-api","timestamp":"2025-04-12 02:55:01.324"}
{"level":"info","message":"HTTP GET /api/notifications/unread/count - 200 (0ms)","service":"research-mgmt-api","timestamp":"2025-04-12 02:55:01.326"}
{"external":"22 MB","heapTotal":"31 MB","heapUsed":"41 MB","level":"info","message":"Memory usage stats:","rss":"232 MB","service":"research-mgmt-api","timestamp":"2025-04-12 02:55:16.185"}
{"level":"info","message":"HTTP GET /api/notifications/unread/count - 200 (0ms)","service":"research-mgmt-api","timestamp":"2025-04-12 02:56:01.325"}
{"level":"info","message":"HTTP GET /api/notifications/unread/count - 200 (0ms)","service":"research-mgmt-api","timestamp":"2025-04-12 02:56:01.326"}
{"level":"info","message":"HTTP GET /api/notifications - 200 (0ms)","service":"research-mgmt-api","timestamp":"2025-04-12 02:56:01.330"}
{"level":"info","message":"HTTP GET /api/notifications - 200 (0ms)","service":"research-mgmt-api","timestamp":"2025-04-12 02:56:01.332"}
{"level":"info","message":"HTTP GET /api/notifications/unread/count - 200 (0ms)","service":"research-mgmt-api","timestamp":"2025-04-12 02:57:01.330"}
{"level":"info","message":"HTTP GET /api/notifications/unread/count - 200 (0ms)","service":"research-mgmt-api","timestamp":"2025-04-12 02:57:01.336"}
{"level":"info","message":"HTTP GET /api/notifications/unread/count - 200 (0ms)","service":"research-mgmt-api","timestamp":"2025-04-12 02:58:01.324"}
{"level":"info","message":"HTTP GET /api/notifications/unread/count - 200 (0ms)","service":"research-mgmt-api","timestamp":"2025-04-12 02:58:01.325"}
{"level":"info","message":"HTTP GET /api/notifications/unread/count - 200 (0ms)","service":"research-mgmt-api","timestamp":"2025-04-12 02:59:01.323"}
{"level":"info","message":"HTTP GET /api/notifications/unread/count - 200 (0ms)","service":"research-mgmt-api","timestamp":"2025-04-12 02:59:01.324"}
{"level":"info","message":"HTTP GET /api/notifications/unread/count - 200 (0ms)","service":"research-mgmt-api","timestamp":"2025-04-12 03:00:01.324"}
{"level":"info","message":"HTTP GET /api/notifications/unread/count - 200 (0ms)","service":"research-mgmt-api","timestamp":"2025-04-12 03:00:01.326"}
{"external":"24 MB","heapTotal":"31 MB","heapUsed":"44 MB","level":"info","message":"Memory usage stats:","rss":"232 MB","service":"research-mgmt-api","timestamp":"2025-04-12 03:00:16.184"}
{"level":"info","message":"HTTP GET /api/notifications/unread/count - 200 (0ms)","service":"research-mgmt-api","timestamp":"2025-04-12 03:01:01.324"}
{"level":"info","message":"HTTP GET /api/notifications/unread/count - 200 (0ms)","service":"research-mgmt-api","timestamp":"2025-04-12 03:01:01.325"}
{"level":"info","message":"HTTP GET /api/notifications - 200 (0ms)","service":"research-mgmt-api","timestamp":"2025-04-12 03:01:01.328"}
{"level":"info","message":"HTTP GET /api/notifications - 200 (0ms)","service":"research-mgmt-api","timestamp":"2025-04-12 03:01:01.328"}
{"level":"info","message":"HTTP GET /api/notifications/unread/count - 200 (0ms)","service":"research-mgmt-api","timestamp":"2025-04-12 03:02:01.323"}
{"level":"info","message":"HTTP GET /api/notifications/unread/count - 200 (0ms)","service":"research-mgmt-api","timestamp":"2025-04-12 03:02:01.325"}
{"level":"info","message":"HTTP GET /api/notifications/unread/count - 200 (0ms)","service":"research-mgmt-api","timestamp":"2025-04-12 03:02:21.736"}
{"level":"info","message":"HTTP GET /api/notifications/unread/count - 200 (0ms)","service":"research-mgmt-api","timestamp":"2025-04-12 03:03:01.325"}
{"level":"info","message":"HTTP GET /api/notifications/unread/count - 200 (0ms)","service":"research-mgmt-api","timestamp":"2025-04-12 03:03:21.322"}
{"level":"info","message":"HTTP GET /api/notifications/unread/count - 200 (0ms)","service":"research-mgmt-api","timestamp":"2025-04-12 03:04:01.324"}
{"level":"info","message":"HTTP GET /api/notifications/unread/count - 200 (0ms)","service":"research-mgmt-api","timestamp":"2025-04-12 03:05:01.325"}
{"level":"info","message":"HTTP GET /api/notifications/unread/count - 200 (0ms)","service":"research-mgmt-api","timestamp":"2025-04-12 03:05:01.326"}
{"level":"info","message":"JWT helper initialized","service":"research-mgmt-api","timestamp":"2025-04-12 03:05:05.714"}
{"adminRoutes":true,"authRoutes":true,"level":"info","message":"Route modules loaded:","service":"research-mgmt-api","studentRoutes":true,"supervisorRoutes":true,"timestamp":"2025-04-12 03:05:05.749"}
{"level":"info","message":"Registered API redirect from GET /notifications to GET /api/notifications","service":"research-mgmt-api","timestamp":"2025-04-12 03:05:05.764"}
{"level":"info","message":"Registered API redirect from GET /notifications/unread/count to GET /api/notifications/unread/count","service":"research-mgmt-api","timestamp":"2025-04-12 03:05:05.764"}
{"level":"info","message":"Registered API redirect from GET /user/profile to GET /api/user/profile","service":"research-mgmt-api","timestamp":"2025-04-12 03:05:05.764"}
{"level":"info","message":"Registered API redirect from GET /dashboard to GET /api/dashboard","service":"research-mgmt-api","timestamp":"2025-04-12 03:05:05.764"}
{"level":"info","message":"Registered API redirect from GET /calendar to GET /api/calendar","service":"research-mgmt-api","timestamp":"2025-04-12 03:05:05.765"}
{"level":"info","message":"Registered Team API redirect from GET /teams to GET /api/students/team/...","service":"research-mgmt-api","timestamp":"2025-04-12 03:05:05.765"}
{"level":"info","message":"Registered Team API redirect from GET /teams/my-team to GET /api/students/team/...","service":"research-mgmt-api","timestamp":"2025-04-12 03:05:05.765"}
{"level":"info","message":"Registered Team API redirect from GET /teams/:id to GET /api/students/team/...","service":"research-mgmt-api","timestamp":"2025-04-12 03:05:05.765"}
{"level":"info","message":"Registered Team API redirect from PUT /teams/:id to PUT /api/students/team/...","service":"research-mgmt-api","timestamp":"2025-04-12 03:05:05.765"}
{"level":"info","message":"Registered Team API redirect from DELETE /teams/:id to DELETE /api/students/team/...","service":"research-mgmt-api","timestamp":"2025-04-12 03:05:05.765"}
{"level":"info","message":"Registered Team API redirect from POST /teams/:id/invite to POST /api/students/team/...","service":"research-mgmt-api","timestamp":"2025-04-12 03:05:05.765"}
{"level":"info","message":"Registered Team API redirect from POST /teams/:id/leave to POST /api/students/team/...","service":"research-mgmt-api","timestamp":"2025-04-12 03:05:05.765"}
{"level":"info","message":"Registered Team API redirect from POST /teams/:id/remove-member to POST /api/students/team/...","service":"research-mgmt-api","timestamp":"2025-04-12 03:05:05.766"}
{"level":"info","message":"Registered Student Team API redirect from GET /api/student-teams to GET /api/students/team/...","service":"research-mgmt-api","timestamp":"2025-04-12 03:05:05.766"}
{"level":"info","message":"Registered Student Team API redirect from GET /api/student-teams/invitations to GET /api/students/team/...","service":"research-mgmt-api","timestamp":"2025-04-12 03:05:05.766"}
{"level":"info","message":"Registered Student Team API redirect from DELETE /api/student-teams/:id/leave to DELETE /api/students/team/...","service":"research-mgmt-api","timestamp":"2025-04-12 03:05:05.766"}
{"level":"info","message":"Registered API redirect from GET /projects to GET /api/projects","service":"research-mgmt-api","timestamp":"2025-04-12 03:05:05.766"}
{"level":"info","message":"Registered API redirect from POST /projects to POST /api/projects","service":"research-mgmt-api","timestamp":"2025-04-12 03:05:05.766"}
{"level":"info","message":"Registered API redirect from GET /sessions to GET /api/sessions","service":"research-mgmt-api","timestamp":"2025-04-12 03:05:05.766"}
{"level":"info","message":"Registered API redirect from POST /sessions to POST /api/sessions","service":"research-mgmt-api","timestamp":"2025-04-12 03:05:05.766"}
{"level":"info","message":"Registered API redirect from GET /messages to GET /api/messages","service":"research-mgmt-api","timestamp":"2025-04-12 03:05:05.766"}
{"level":"info","message":"Registered API redirect from POST /messages to POST /api/messages","service":"research-mgmt-api","timestamp":"2025-04-12 03:05:05.766"}
{"level":"info","message":"Registered API redirect from GET /projects/:id to GET /api/projects/:id","service":"research-mgmt-api","timestamp":"2025-04-12 03:05:05.766"}
{"level":"info","message":"Registered API redirect from PUT /projects/:id to PUT /api/projects/:id","service":"research-mgmt-api","timestamp":"2025-04-12 03:05:05.766"}
{"level":"info","message":"Registered API redirect from DELETE /projects/:id to DELETE /api/projects/:id","service":"research-mgmt-api","timestamp":"2025-04-12 03:05:05.767"}
{"level":"info","message":"Registered API redirect from GET /users/:id to GET /api/users/:id","service":"research-mgmt-api","timestamp":"2025-04-12 03:05:05.767"}
{"level":"info","message":"Registered API redirect from PUT /users/:id to PUT /api/users/:id","service":"research-mgmt-api","timestamp":"2025-04-12 03:05:05.767"}
{"level":"info","message":"Attempting to connect to MongoDB database","service":"research-mgmt-api","timestamp":"2025-04-12 03:05:05.767"}
{"level":"info","message":"Attempting to connect to MongoDB...","service":"research-mgmt-api","timestamp":"2025-04-12 03:05:05.767"}
{"level":"info","message":"MongoDB Connected: ac-xdpuchx-shard-00-01.tvoe17p.mongodb.net","service":"research-mgmt-api","timestamp":"2025-04-12 03:05:06.525"}
{"level":"info","message":"✅ MongoDB connection established successfully","service":"research-mgmt-api","timestamp":"2025-04-12 03:05:06.525"}
{"level":"info","message":"🚀 Server running on port 300000 and accessible from all network interfaces","service":"research-mgmt-api","timestamp":"2025-04-12 03:05:06.532"}
{"level":"info","message":"HTTP GET /api/notifications - 200 (0ms)","service":"research-mgmt-api","timestamp":"2025-04-12 03:05:07.349"}
{"level":"info","message":"HTTP GET /api/notifications - 200 (0ms)","service":"research-mgmt-api","timestamp":"2025-04-12 03:05:07.351"}
{"level":"info","message":"HTTP GET /api/notifications/unread/count - 200 (0ms)","service":"research-mgmt-api","timestamp":"2025-04-12 03:05:07.356"}
{"level":"info","message":"HTTP GET /api/notifications/unread/count - 200 (0ms)","service":"research-mgmt-api","timestamp":"2025-04-12 03:05:07.357"}
{"level":"info","message":"HTTP GET /api/notifications/unread/count - 200 (0ms)","service":"research-mgmt-api","timestamp":"2025-04-12 03:06:07.323"}
{"level":"info","message":"HTTP GET /api/notifications/unread/count - 200 (0ms)","service":"research-mgmt-api","timestamp":"2025-04-12 03:06:07.324"}
{"level":"info","message":"JWT helper initialized","service":"research-mgmt-api","timestamp":"2025-04-12 03:06:47.170"}
{"adminRoutes":true,"authRoutes":true,"level":"info","message":"Route modules loaded:","service":"research-mgmt-api","studentRoutes":true,"supervisorRoutes":true,"timestamp":"2025-04-12 03:06:47.205"}
{"level":"info","message":"Registered API redirect from GET /notifications to GET /api/notifications","service":"research-mgmt-api","timestamp":"2025-04-12 03:06:47.220"}
{"level":"info","message":"Registered API redirect from GET /notifications/unread/count to GET /api/notifications/unread/count","service":"research-mgmt-api","timestamp":"2025-04-12 03:06:47.220"}
{"level":"info","message":"Registered API redirect from GET /user/profile to GET /api/user/profile","service":"research-mgmt-api","timestamp":"2025-04-12 03:06:47.221"}
{"level":"info","message":"Registered API redirect from GET /dashboard to GET /api/dashboard","service":"research-mgmt-api","timestamp":"2025-04-12 03:06:47.221"}
{"level":"info","message":"Registered API redirect from GET /calendar to GET /api/calendar","service":"research-mgmt-api","timestamp":"2025-04-12 03:06:47.221"}
{"level":"info","message":"Registered Team API redirect from GET /teams to GET /api/students/team/...","service":"research-mgmt-api","timestamp":"2025-04-12 03:06:47.221"}
{"level":"info","message":"Registered Team API redirect from GET /teams/my-team to GET /api/students/team/...","service":"research-mgmt-api","timestamp":"2025-04-12 03:06:47.221"}
{"level":"info","message":"Registered Team API redirect from GET /teams/:id to GET /api/students/team/...","service":"research-mgmt-api","timestamp":"2025-04-12 03:06:47.221"}
{"level":"info","message":"Registered Team API redirect from PUT /teams/:id to PUT /api/students/team/...","service":"research-mgmt-api","timestamp":"2025-04-12 03:06:47.221"}
{"level":"info","message":"Registered Team API redirect from DELETE /teams/:id to DELETE /api/students/team/...","service":"research-mgmt-api","timestamp":"2025-04-12 03:06:47.222"}
{"level":"info","message":"Registered Team API redirect from POST /teams/:id/invite to POST /api/students/team/...","service":"research-mgmt-api","timestamp":"2025-04-12 03:06:47.222"}
{"level":"info","message":"Registered Team API redirect from POST /teams/:id/leave to POST /api/students/team/...","service":"research-mgmt-api","timestamp":"2025-04-12 03:06:47.222"}
{"level":"info","message":"Registered Team API redirect from POST /teams/:id/remove-member to POST /api/students/team/...","service":"research-mgmt-api","timestamp":"2025-04-12 03:06:47.222"}
{"level":"info","message":"Registered Student Team API redirect from GET /api/student-teams to GET /api/students/team/...","service":"research-mgmt-api","timestamp":"2025-04-12 03:06:47.222"}
{"level":"info","message":"Registered Student Team API redirect from GET /api/student-teams/invitations to GET /api/students/team/...","service":"research-mgmt-api","timestamp":"2025-04-12 03:06:47.222"}
{"level":"info","message":"Registered Student Team API redirect from DELETE /api/student-teams/:id/leave to DELETE /api/students/team/...","service":"research-mgmt-api","timestamp":"2025-04-12 03:06:47.222"}
{"level":"info","message":"Registered API redirect from GET /projects to GET /api/projects","service":"research-mgmt-api","timestamp":"2025-04-12 03:06:47.222"}
{"level":"info","message":"Registered API redirect from POST /projects to POST /api/projects","service":"research-mgmt-api","timestamp":"2025-04-12 03:06:47.222"}
{"level":"info","message":"Registered API redirect from GET /sessions to GET /api/sessions","service":"research-mgmt-api","timestamp":"2025-04-12 03:06:47.222"}
{"level":"info","message":"Registered API redirect from POST /sessions to POST /api/sessions","service":"research-mgmt-api","timestamp":"2025-04-12 03:06:47.223"}
{"level":"info","message":"Registered API redirect from GET /messages to GET /api/messages","service":"research-mgmt-api","timestamp":"2025-04-12 03:06:47.223"}
{"level":"info","message":"Registered API redirect from POST /messages to POST /api/messages","service":"research-mgmt-api","timestamp":"2025-04-12 03:06:47.223"}
{"level":"info","message":"Registered API redirect from GET /projects/:id to GET /api/projects/:id","service":"research-mgmt-api","timestamp":"2025-04-12 03:06:47.223"}
{"level":"info","message":"Registered API redirect from PUT /projects/:id to PUT /api/projects/:id","service":"research-mgmt-api","timestamp":"2025-04-12 03:06:47.223"}
{"level":"info","message":"Registered API redirect from DELETE /projects/:id to DELETE /api/projects/:id","service":"research-mgmt-api","timestamp":"2025-04-12 03:06:47.223"}
{"level":"info","message":"Registered API redirect from GET /users/:id to GET /api/users/:id","service":"research-mgmt-api","timestamp":"2025-04-12 03:06:47.223"}
{"level":"info","message":"Registered API redirect from PUT /users/:id to PUT /api/users/:id","service":"research-mgmt-api","timestamp":"2025-04-12 03:06:47.223"}
{"level":"info","message":"Attempting to connect to MongoDB database","service":"research-mgmt-api","timestamp":"2025-04-12 03:06:47.223"}
{"level":"info","message":"Attempting to connect to MongoDB...","service":"research-mgmt-api","timestamp":"2025-04-12 03:06:47.224"}
{"level":"info","message":"MongoDB Connected: ac-xdpuchx-shard-00-02.tvoe17p.mongodb.net","service":"research-mgmt-api","timestamp":"2025-04-12 03:06:47.912"}
{"level":"info","message":"✅ MongoDB connection established successfully","service":"research-mgmt-api","timestamp":"2025-04-12 03:06:47.912"}
{"level":"info","message":"🚀 Server running on port 300000 and accessible from all network interfaces","service":"research-mgmt-api","timestamp":"2025-04-12 03:06:47.917"}
{"level":"info","message":"HTTP GET /api/notifications/unread/count - 200 (0ms)","service":"research-mgmt-api","timestamp":"2025-04-12 03:07:07.326"}
{"level":"info","message":"HTTP GET /api/notifications/unread/count - 200 (0ms)","service":"research-mgmt-api","timestamp":"2025-04-12 03:07:07.327"}
{"level":"info","message":"HTTP GET /api/notifications/unread/count - 200 (0ms)","service":"research-mgmt-api","timestamp":"2025-04-12 03:08:07.322"}
{"level":"info","message":"HTTP GET /api/notifications/unread/count - 200 (0ms)","service":"research-mgmt-api","timestamp":"2025-04-12 03:08:07.324"}
{"level":"info","message":"JWT helper initialized","service":"research-mgmt-api","timestamp":"2025-04-12 03:10:03.066"}
{"adminRoutes":true,"authRoutes":true,"level":"info","message":"Route modules loaded:","service":"research-mgmt-api","studentRoutes":true,"supervisorRoutes":true,"timestamp":"2025-04-12 03:10:03.101"}
{"level":"info","message":"Registered API redirect from GET /notifications to GET /api/notifications","service":"research-mgmt-api","timestamp":"2025-04-12 03:10:03.115"}
{"level":"info","message":"Registered API redirect from GET /notifications/unread/count to GET /api/notifications/unread/count","service":"research-mgmt-api","timestamp":"2025-04-12 03:10:03.115"}
{"level":"info","message":"Registered API redirect from GET /user/profile to GET /api/user/profile","service":"research-mgmt-api","timestamp":"2025-04-12 03:10:03.115"}
{"level":"info","message":"Registered API redirect from GET /dashboard to GET /api/dashboard","service":"research-mgmt-api","timestamp":"2025-04-12 03:10:03.116"}
{"level":"info","message":"Registered API redirect from GET /calendar to GET /api/calendar","service":"research-mgmt-api","timestamp":"2025-04-12 03:10:03.116"}
{"level":"info","message":"Registered Team API redirect from GET /teams to GET /api/students/team/...","service":"research-mgmt-api","timestamp":"2025-04-12 03:10:03.116"}
{"level":"info","message":"Registered Team API redirect from GET /teams/my-team to GET /api/students/team/...","service":"research-mgmt-api","timestamp":"2025-04-12 03:10:03.116"}
{"level":"info","message":"Registered Team API redirect from GET /teams/:id to GET /api/students/team/...","service":"research-mgmt-api","timestamp":"2025-04-12 03:10:03.116"}
{"level":"info","message":"Registered Team API redirect from PUT /teams/:id to PUT /api/students/team/...","service":"research-mgmt-api","timestamp":"2025-04-12 03:10:03.116"}
{"level":"info","message":"Registered Team API redirect from DELETE /teams/:id to DELETE /api/students/team/...","service":"research-mgmt-api","timestamp":"2025-04-12 03:10:03.116"}
{"level":"info","message":"Registered Team API redirect from POST /teams/:id/invite to POST /api/students/team/...","service":"research-mgmt-api","timestamp":"2025-04-12 03:10:03.117"}
{"level":"info","message":"Registered Team API redirect from POST /teams/:id/leave to POST /api/students/team/...","service":"research-mgmt-api","timestamp":"2025-04-12 03:10:03.117"}
{"level":"info","message":"Registered Team API redirect from POST /teams/:id/remove-member to POST /api/students/team/...","service":"research-mgmt-api","timestamp":"2025-04-12 03:10:03.117"}
{"level":"info","message":"Registered Student Team API redirect from GET /api/student-teams to GET /api/students/team/...","service":"research-mgmt-api","timestamp":"2025-04-12 03:10:03.117"}
{"level":"info","message":"Registered Student Team API redirect from GET /api/student-teams/invitations to GET /api/students/team/...","service":"research-mgmt-api","timestamp":"2025-04-12 03:10:03.117"}
{"level":"info","message":"Registered Student Team API redirect from DELETE /api/student-teams/:id/leave to DELETE /api/students/team/...","service":"research-mgmt-api","timestamp":"2025-04-12 03:10:03.117"}
{"level":"info","message":"Registered API redirect from GET /projects to GET /api/projects","service":"research-mgmt-api","timestamp":"2025-04-12 03:10:03.117"}
{"level":"info","message":"Registered API redirect from POST /projects to POST /api/projects","service":"research-mgmt-api","timestamp":"2025-04-12 03:10:03.117"}
{"level":"info","message":"Registered API redirect from GET /sessions to GET /api/sessions","service":"research-mgmt-api","timestamp":"2025-04-12 03:10:03.117"}
{"level":"info","message":"Registered API redirect from POST /sessions to POST /api/sessions","service":"research-mgmt-api","timestamp":"2025-04-12 03:10:03.117"}
{"level":"info","message":"Registered API redirect from GET /messages to GET /api/messages","service":"research-mgmt-api","timestamp":"2025-04-12 03:10:03.117"}
{"level":"info","message":"Registered API redirect from POST /messages to POST /api/messages","service":"research-mgmt-api","timestamp":"2025-04-12 03:10:03.118"}
{"level":"info","message":"Registered API redirect from GET /projects/:id to GET /api/projects/:id","service":"research-mgmt-api","timestamp":"2025-04-12 03:10:03.118"}
{"level":"info","message":"Registered API redirect from PUT /projects/:id to PUT /api/projects/:id","service":"research-mgmt-api","timestamp":"2025-04-12 03:10:03.118"}
{"level":"info","message":"Registered API redirect from DELETE /projects/:id to DELETE /api/projects/:id","service":"research-mgmt-api","timestamp":"2025-04-12 03:10:03.118"}
{"level":"info","message":"Registered API redirect from GET /users/:id to GET /api/users/:id","service":"research-mgmt-api","timestamp":"2025-04-12 03:10:03.118"}
{"level":"info","message":"Registered API redirect from PUT /users/:id to PUT /api/users/:id","service":"research-mgmt-api","timestamp":"2025-04-12 03:10:03.118"}
{"level":"info","message":"Attempting to connect to MongoDB database","service":"research-mgmt-api","timestamp":"2025-04-12 03:10:03.118"}
{"level":"info","message":"Attempting to connect to MongoDB...","service":"research-mgmt-api","timestamp":"2025-04-12 03:10:03.118"}
{"level":"info","message":"MongoDB Connected: ac-xdpuchx-shard-00-01.tvoe17p.mongodb.net","service":"research-mgmt-api","timestamp":"2025-04-12 03:10:03.804"}
{"level":"info","message":"✅ MongoDB connection established successfully","service":"research-mgmt-api","timestamp":"2025-04-12 03:10:03.804"}
{"level":"info","message":"🚀 Server running on port 300000 and accessible from all network interfaces","service":"research-mgmt-api","timestamp":"2025-04-12 03:10:03.809"}
{"level":"info","message":"JWT helper initialized","service":"research-mgmt-api","timestamp":"2025-04-12 14:16:47.287"}
{"adminRoutes":true,"authRoutes":true,"level":"info","message":"Route modules loaded:","service":"research-mgmt-api","studentRoutes":true,"supervisorRoutes":true,"timestamp":"2025-04-12 14:16:47.322"}
{"level":"info","message":"Registered API redirect from GET /notifications to GET /api/notifications","service":"research-mgmt-api","timestamp":"2025-04-12 14:16:47.336"}
{"level":"info","message":"Registered API redirect from GET /notifications/unread/count to GET /api/notifications/unread/count","service":"research-mgmt-api","timestamp":"2025-04-12 14:16:47.336"}
{"level":"info","message":"Registered API redirect from GET /user/profile to GET /api/user/profile","service":"research-mgmt-api","timestamp":"2025-04-12 14:16:47.336"}
{"level":"info","message":"Registered API redirect from GET /dashboard to GET /api/dashboard","service":"research-mgmt-api","timestamp":"2025-04-12 14:16:47.336"}
{"level":"info","message":"Registered API redirect from GET /calendar to GET /api/calendar","service":"research-mgmt-api","timestamp":"2025-04-12 14:16:47.336"}
{"level":"info","message":"Registered Team API redirect from GET /teams to GET /api/students/team/...","service":"research-mgmt-api","timestamp":"2025-04-12 14:16:47.336"}
{"level":"info","message":"Registered Team API redirect from GET /teams/my-team to GET /api/students/team/...","service":"research-mgmt-api","timestamp":"2025-04-12 14:16:47.337"}
{"level":"info","message":"Registered Team API redirect from GET /teams/:id to GET /api/students/team/...","service":"research-mgmt-api","timestamp":"2025-04-12 14:16:47.337"}
{"level":"info","message":"Registered Team API redirect from PUT /teams/:id to PUT /api/students/team/...","service":"research-mgmt-api","timestamp":"2025-04-12 14:16:47.337"}
{"level":"info","message":"Registered Team API redirect from DELETE /teams/:id to DELETE /api/students/team/...","service":"research-mgmt-api","timestamp":"2025-04-12 14:16:47.337"}
{"level":"info","message":"Registered Team API redirect from POST /teams/:id/invite to POST /api/students/team/...","service":"research-mgmt-api","timestamp":"2025-04-12 14:16:47.337"}
{"level":"info","message":"Registered Team API redirect from POST /teams/:id/leave to POST /api/students/team/...","service":"research-mgmt-api","timestamp":"2025-04-12 14:16:47.337"}
{"level":"info","message":"Registered Team API redirect from POST /teams/:id/remove-member to POST /api/students/team/...","service":"research-mgmt-api","timestamp":"2025-04-12 14:16:47.337"}
{"level":"info","message":"Registered Student Team API redirect from GET /api/student-teams to GET /api/students/team/...","service":"research-mgmt-api","timestamp":"2025-04-12 14:16:47.337"}
{"level":"info","message":"Registered Student Team API redirect from GET /api/student-teams/invitations to GET /api/students/team/...","service":"research-mgmt-api","timestamp":"2025-04-12 14:16:47.337"}
{"level":"info","message":"Registered Student Team API redirect from DELETE /api/student-teams/:id/leave to DELETE /api/students/team/...","service":"research-mgmt-api","timestamp":"2025-04-12 14:16:47.338"}
{"level":"info","message":"Registered API redirect from GET /projects to GET /api/projects","service":"research-mgmt-api","timestamp":"2025-04-12 14:16:47.338"}
{"level":"info","message":"Registered API redirect from POST /projects to POST /api/projects","service":"research-mgmt-api","timestamp":"2025-04-12 14:16:47.338"}
{"level":"info","message":"Registered API redirect from GET /sessions to GET /api/sessions","service":"research-mgmt-api","timestamp":"2025-04-12 14:16:47.338"}
{"level":"info","message":"Registered API redirect from POST /sessions to POST /api/sessions","service":"research-mgmt-api","timestamp":"2025-04-12 14:16:47.338"}
{"level":"info","message":"Registered API redirect from GET /messages to GET /api/messages","service":"research-mgmt-api","timestamp":"2025-04-12 14:16:47.338"}
{"level":"info","message":"Registered API redirect from POST /messages to POST /api/messages","service":"research-mgmt-api","timestamp":"2025-04-12 14:16:47.338"}
{"level":"info","message":"Registered API redirect from GET /projects/:id to GET /api/projects/:id","service":"research-mgmt-api","timestamp":"2025-04-12 14:16:47.338"}
{"level":"info","message":"Registered API redirect from PUT /projects/:id to PUT /api/projects/:id","service":"research-mgmt-api","timestamp":"2025-04-12 14:16:47.338"}
{"level":"info","message":"Registered API redirect from DELETE /projects/:id to DELETE /api/projects/:id","service":"research-mgmt-api","timestamp":"2025-04-12 14:16:47.338"}
{"level":"info","message":"Registered API redirect from GET /users/:id to GET /api/users/:id","service":"research-mgmt-api","timestamp":"2025-04-12 14:16:47.338"}
{"level":"info","message":"Registered API redirect from PUT /users/:id to PUT /api/users/:id","service":"research-mgmt-api","timestamp":"2025-04-12 14:16:47.338"}
{"level":"info","message":"Attempting to connect to MongoDB database","service":"research-mgmt-api","timestamp":"2025-04-12 14:16:47.339"}
{"level":"info","message":"Attempting to connect to MongoDB...","service":"research-mgmt-api","timestamp":"2025-04-12 14:16:47.339"}
{"__isStorageError":true,"level":"error","message":"Error checking storage bucket: Unable to connect. Is the computer able to access the url?","name":"StorageUnknownError","originalError":{"code":"ConnectionRefused","errno":0,"path":"https://xzlkieyjnyueayktyxud.supabase.co/storage/v1/bucket/team-chat-attachments"},"service":"research-mgmt-api","stack":"StorageUnknownError: Unable to connect. Is the computer able to access the url?\n    at new StorageError (/home/swadhin/r/server/node_modules/@supabase/storage-js/dist/main/lib/errors.js:6:9)\n    at new StorageUnknownError (/home/swadhin/r/server/node_modules/@supabase/storage-js/dist/main/lib/errors.js:33:9)\n    at <anonymous> (/home/swadhin/r/server/node_modules/@supabase/storage-js/dist/main/lib/fetch.js:29:29)\n    at fulfilled (/home/swadhin/r/server/node_modules/@supabase/storage-js/dist/main/lib/fetch.js:5:58)\n    at processTicksAndRejections (native:7:39)","timestamp":"2025-04-12 14:16:47.365"}
{"__isStorageError":true,"level":"error","message":"Failed to initialize storage bucket: Unable to connect. Is the computer able to access the url?","name":"StorageUnknownError","originalError":{"code":"ConnectionRefused","errno":0,"path":"https://xzlkieyjnyueayktyxud.supabase.co/storage/v1/bucket/team-chat-attachments"},"service":"research-mgmt-api","stack":"StorageUnknownError: Unable to connect. Is the computer able to access the url?\n    at new StorageError (/home/swadhin/r/server/node_modules/@supabase/storage-js/dist/main/lib/errors.js:6:9)\n    at new StorageUnknownError (/home/swadhin/r/server/node_modules/@supabase/storage-js/dist/main/lib/errors.js:33:9)\n    at <anonymous> (/home/swadhin/r/server/node_modules/@supabase/storage-js/dist/main/lib/fetch.js:29:29)\n    at fulfilled (/home/swadhin/r/server/node_modules/@supabase/storage-js/dist/main/lib/fetch.js:5:58)\n    at processTicksAndRejections (native:7:39)","timestamp":"2025-04-12 14:16:47.365"}
{"error":{"code":"ESERVFAIL","errno":3,"hostname":"_mongodb._tcp.testcx.tvoe17p.mongodb.net","name":"DNSException","syscall":"querySrv"},"level":"error","message":"Error connecting to MongoDB: querySrv ESERVFAIL _mongodb._tcp.testcx.tvoe17p.mongodb.net","mongoUriRedacted":"mongodb+srv://****:****@testcx.tvoe17p.mongodb.net/?retryWrites=true&w=majority&appName=testcx","service":"research-mgmt-api","timestamp":"2025-04-12 14:16:47.366"}
{"level":"info","message":"Retrying connection in 5000ms (Attempt 1 of 5)","service":"research-mgmt-api","timestamp":"2025-04-12 14:16:47.366"}
{"level":"info","message":"Attempting to connect to MongoDB...","service":"research-mgmt-api","timestamp":"2025-04-12 14:16:52.367"}
{"error":{"code":"ESERVFAIL","errno":3,"hostname":"_mongodb._tcp.testcx.tvoe17p.mongodb.net","name":"DNSException","syscall":"querySrv"},"level":"error","message":"Error connecting to MongoDB: querySrv ESERVFAIL _mongodb._tcp.testcx.tvoe17p.mongodb.net","mongoUriRedacted":"mongodb+srv://****:****@testcx.tvoe17p.mongodb.net/?retryWrites=true&w=majority&appName=testcx","service":"research-mgmt-api","timestamp":"2025-04-12 14:16:52.368"}
{"level":"info","message":"Retrying connection in 5000ms (Attempt 2 of 5)","service":"research-mgmt-api","timestamp":"2025-04-12 14:16:52.369"}
{"level":"info","message":"Attempting to connect to MongoDB...","service":"research-mgmt-api","timestamp":"2025-04-12 14:16:57.369"}
{"level":"info","message":"MongoDB Connected: ac-xdpuchx-shard-00-02.tvoe17p.mongodb.net","service":"research-mgmt-api","timestamp":"2025-04-12 14:16:58.392"}
{"level":"info","message":"✅ MongoDB connection established successfully","service":"research-mgmt-api","timestamp":"2025-04-12 14:16:58.393"}
{"level":"info","message":"🚀 Server running on port 300000 and accessible from all network interfaces","service":"research-mgmt-api","timestamp":"2025-04-12 14:16:58.398"}
{"level":"info","message":"📊 Fetching student dashboard data","service":"research-mgmt-api","timestamp":"2025-04-12 14:17:10.363"}
{"level":"info","message":"HTTP GET /api/notifications - 200 (0ms)","service":"research-mgmt-api","timestamp":"2025-04-12 14:17:10.569"}
{"level":"info","message":"HTTP GET /api/notifications/unread/count - 200 (0ms)","service":"research-mgmt-api","timestamp":"2025-04-12 14:17:10.574"}
{"level":"info","message":"HTTP GET /api/dashboard - 200 (488ms)","service":"research-mgmt-api","timestamp":"2025-04-12 14:17:10.851"}
{"level":"info","message":"📊 Fetching student dashboard data","service":"research-mgmt-api","timestamp":"2025-04-12 14:17:13.031"}
{"level":"info","message":"HTTP GET /api/dashboard - 200 (225ms)","service":"research-mgmt-api","timestamp":"2025-04-12 14:17:13.256"}
{"level":"info","message":"HTTP GET /api/notifications - 200 (0ms)","service":"research-mgmt-api","timestamp":"2025-04-12 14:17:13.385"}
{"level":"info","message":"HTTP GET /api/notifications/unread/count - 200 (0ms)","service":"research-mgmt-api","timestamp":"2025-04-12 14:17:13.389"}
{"level":"warn","message":"Unauthorized access attempt (no/invalid Authorization header): /api/dashboard","service":"research-mgmt-api","timestamp":"2025-04-12 14:17:13.777"}
{"level":"info","message":"📊 Fetching student dashboard data","service":"research-mgmt-api","timestamp":"2025-04-12 14:17:13.778"}
{"level":"error","message":"HTTP GET /api/dashboard - 404 (0ms) Error: Authentication required","service":"research-mgmt-api","timestamp":"2025-04-12 14:17:13.778"}
{"level":"warn","message":"Unauthorized access attempt (no/invalid Authorization header): /favicon.ico","service":"research-mgmt-api","timestamp":"2025-04-12 14:17:14.227"}
{"level":"error","message":"HTTP GET /favicon.ico - 404 (0ms) Error: Route not found","service":"research-mgmt-api","timestamp":"2025-04-12 14:17:14.227"}
{"level":"info","message":"📊 Fetching student dashboard data","service":"research-mgmt-api","timestamp":"2025-04-12 14:17:16.031"}
{"level":"info","message":"HTTP GET /api/dashboard - 200 (212ms)","service":"research-mgmt-api","timestamp":"2025-04-12 14:17:16.243"}
{"level":"info","message":"HTTP GET /api/notifications - 200 (0ms)","service":"research-mgmt-api","timestamp":"2025-04-12 14:17:16.384"}
{"level":"info","message":"HTTP GET /api/notifications/unread/count - 200 (0ms)","service":"research-mgmt-api","timestamp":"2025-04-12 14:17:16.390"}
{"level":"warn","message":"Unauthorized access attempt (no/invalid Authorization header): /api/dashboard","service":"research-mgmt-api","timestamp":"2025-04-12 14:17:16.881"}
{"level":"info","message":"📊 Fetching student dashboard data","service":"research-mgmt-api","timestamp":"2025-04-12 14:17:16.881"}
{"level":"error","message":"HTTP GET /api/dashboard - 404 (0ms) Error: Authentication required","service":"research-mgmt-api","timestamp":"2025-04-12 14:17:16.881"}
{"level":"warn","message":"Unauthorized access attempt (no/invalid Authorization header): /api/api/dashboard/student","service":"research-mgmt-api","timestamp":"2025-04-12 14:17:17.301"}
{"level":"error","message":"HTTP GET /api/api/dashboard/student - 404 (0ms) Error: Route not found","service":"research-mgmt-api","timestamp":"2025-04-12 14:17:17.301"}
{"level":"warn","message":"Unauthorized access attempt (no/invalid Authorization header): /api/dashboard/student","service":"research-mgmt-api","timestamp":"2025-04-12 14:17:18.310"}
{"level":"error","message":"HTTP GET /api/dashboard/student - 404 (0ms) Error: Route not found","service":"research-mgmt-api","timestamp":"2025-04-12 14:17:18.310"}
{"level":"info","message":"HTTP GET /swagger - 200 (0ms)","service":"research-mgmt-api","timestamp":"2025-04-12 14:17:19.964"}
{"level":"error","message":"HTTP GET /api/auth/login - 404 (0ms) Error: Route not found","service":"research-mgmt-api","timestamp":"2025-04-12 14:17:21.391"}
{"level":"error","message":"HTTP GET /api/auth/login - 404 (0ms) Error: Route not found","service":"research-mgmt-api","timestamp":"2025-04-12 14:17:21.397"}
{"level":"error","message":"HTTP GET /api/auth/login - 404 (0ms) Error: Route not found","service":"research-mgmt-api","timestamp":"2025-04-12 14:17:22.978"}
{"level":"info","message":"MongoDB connection state: 1","service":"research-mgmt-api","timestamp":"2025-04-12 14:17:35.097"}
{"level":"info","message":"Login attempt for user: teststudent1@gmail.com","service":"research-mgmt-api","timestamp":"2025-04-12 14:17:35.097"}
{"level":"info","message":"Verifying password for user: teststudent1@gmail.com","service":"research-mgmt-api","timestamp":"2025-04-12 14:17:35.171"}
{"level":"info","message":"Login successful for user: teststudent1@gmail.com","service":"research-mgmt-api","timestamp":"2025-04-12 14:17:35.189"}
{"level":"info","message":"HTTP POST /api/auth/login - 200 (92ms)","service":"research-mgmt-api","timestamp":"2025-04-12 14:17:35.189"}
{"level":"info","message":"HTTP GET /api/notifications - 200 (0ms)","service":"research-mgmt-api","timestamp":"2025-04-12 14:17:35.697"}
{"level":"info","message":"HTTP GET /api/notifications/unread/count - 200 (0ms)","service":"research-mgmt-api","timestamp":"2025-04-12 14:17:35.700"}
{"level":"info","message":"📊 Fetching student dashboard data","service":"research-mgmt-api","timestamp":"2025-04-12 14:17:35.873"}
{"level":"info","message":"HTTP GET /api/dashboard - 200 (223ms)","service":"research-mgmt-api","timestamp":"2025-04-12 14:17:36.096"}
{"level":"info","message":"📊 Fetching student dashboard data","service":"research-mgmt-api","timestamp":"2025-04-12 14:17:36.097"}
{"level":"info","message":"HTTP GET /api/dashboard - 200 (235ms)","service":"research-mgmt-api","timestamp":"2025-04-12 14:17:36.332"}
{"level":"info","message":"HTTP GET /api/notifications - 200 (0ms)","service":"research-mgmt-api","timestamp":"2025-04-12 14:17:36.388"}
{"level":"info","message":"HTTP GET /api/notifications - 200 (0ms)","service":"research-mgmt-api","timestamp":"2025-04-12 14:17:36.390"}
{"level":"info","message":"HTTP GET /api/notifications/unread/count - 200 (0ms)","service":"research-mgmt-api","timestamp":"2025-04-12 14:17:36.396"}
{"level":"info","message":"HTTP GET /api/notifications/unread/count - 200 (0ms)","service":"research-mgmt-api","timestamp":"2025-04-12 14:17:36.398"}
{"level":"info","message":"MongoDB connection state: 1","service":"research-mgmt-api","timestamp":"2025-04-12 14:18:10.543"}
{"level":"info","message":"Login attempt for user: teststudent1@gmail.com","service":"research-mgmt-api","timestamp":"2025-04-12 14:18:10.543"}
{"level":"info","message":"Verifying password for user: teststudent1@gmail.com","service":"research-mgmt-api","timestamp":"2025-04-12 14:18:10.617"}
{"level":"info","message":"Login successful for user: teststudent1@gmail.com","service":"research-mgmt-api","timestamp":"2025-04-12 14:18:10.630"}
{"level":"info","message":"HTTP POST /api/auth/login - 200 (87ms)","service":"research-mgmt-api","timestamp":"2025-04-12 14:18:10.630"}
{"level":"info","message":"HTTP GET /api/notifications - 200 (0ms)","service":"research-mgmt-api","timestamp":"2025-04-12 14:18:11.139"}
{"level":"info","message":"HTTP GET /api/notifications/unread/count - 200 (0ms)","service":"research-mgmt-api","timestamp":"2025-04-12 14:18:11.142"}
{"level":"info","message":"📊 Fetching student dashboard data","service":"research-mgmt-api","timestamp":"2025-04-12 14:18:11.386"}
{"level":"info","message":"HTTP GET /api/dashboard - 200 (241ms)","service":"research-mgmt-api","timestamp":"2025-04-12 14:18:11.628"}
{"level":"info","message":"📊 Fetching student dashboard data","service":"research-mgmt-api","timestamp":"2025-04-12 14:18:11.685"}
{"level":"info","message":"HTTP GET /api/dashboard - 200 (212ms)","service":"research-mgmt-api","timestamp":"2025-04-12 14:18:11.897"}
{"level":"info","message":"HTTP GET /api/notifications - 200 (0ms)","service":"research-mgmt-api","timestamp":"2025-04-12 14:18:12.385"}
{"level":"info","message":"HTTP GET /api/notifications - 200 (0ms)","service":"research-mgmt-api","timestamp":"2025-04-12 14:18:12.386"}
{"level":"info","message":"HTTP GET /api/notifications/unread/count - 200 (0ms)","service":"research-mgmt-api","timestamp":"2025-04-12 14:18:12.387"}
{"level":"info","message":"HTTP GET /api/notifications/unread/count - 200 (0ms)","service":"research-mgmt-api","timestamp":"2025-04-12 14:18:12.388"}
{"level":"warn","message":"Unauthorized access attempt (no/invalid Authorization header): /api/dashboard","service":"research-mgmt-api","timestamp":"2025-04-12 14:18:23.437"}
{"level":"info","message":"📊 Fetching student dashboard data","service":"research-mgmt-api","timestamp":"2025-04-12 14:18:23.437"}
{"level":"error","message":"HTTP GET /api/dashboard - 404 (0ms) Error: Authentication required","service":"research-mgmt-api","timestamp":"2025-04-12 14:18:23.437"}
{"level":"error","message":"HTTP GET /api/students/team - 404 (0ms) Error: Route not found","service":"research-mgmt-api","timestamp":"2025-04-12 14:18:39.825"}
{"level":"error","message":"HTTP GET /api/students/team/invitations - 404 (0ms) Error: Route not found","service":"research-mgmt-api","timestamp":"2025-04-12 14:18:39.826"}
{"level":"info","message":"📊 Fetching student dashboard data","service":"research-mgmt-api","timestamp":"2025-04-12 14:18:55.427"}
{"level":"info","message":"HTTP GET /api/notifications - 200 (0ms)","service":"research-mgmt-api","timestamp":"2025-04-12 14:18:55.618"}
{"level":"info","message":"HTTP GET /api/notifications/unread/count - 200 (0ms)","service":"research-mgmt-api","timestamp":"2025-04-12 14:18:55.621"}
{"level":"info","message":"HTTP GET /api/dashboard - 200 (206ms)","service":"research-mgmt-api","timestamp":"2025-04-12 14:18:55.633"}
{"level":"info","message":"📊 Fetching student dashboard data","service":"research-mgmt-api","timestamp":"2025-04-12 14:19:05.717"}
{"level":"info","message":"HTTP GET /api/notifications - 200 (0ms)","service":"research-mgmt-api","timestamp":"2025-04-12 14:19:05.911"}
{"level":"info","message":"HTTP GET /api/notifications/unread/count - 200 (0ms)","service":"research-mgmt-api","timestamp":"2025-04-12 14:19:05.914"}
{"level":"info","message":"HTTP GET /api/dashboard - 200 (212ms)","service":"research-mgmt-api","timestamp":"2025-04-12 14:19:05.929"}
{"level":"info","message":"HTTP GET /api/notifications/unread/count - 200 (0ms)","service":"research-mgmt-api","timestamp":"2025-04-12 14:19:11.384"}
{"level":"info","message":"HTTP GET /api/notifications/unread/count - 200 (0ms)","service":"research-mgmt-api","timestamp":"2025-04-12 14:19:11.384"}
{"level":"error","message":"HTTP GET /api/students/team - 404 (0ms) Error: Route not found","service":"research-mgmt-api","timestamp":"2025-04-12 14:19:16.982"}
{"level":"error","message":"HTTP GET /api/students/team/invitations - 404 (0ms) Error: Route not found","service":"research-mgmt-api","timestamp":"2025-04-12 14:19:16.982"}
{"level":"error","message":"HTTP POST /api/students/team/create - 404 (0ms) Error: Route not found","service":"research-mgmt-api","timestamp":"2025-04-12 14:19:21.244"}
{"level":"info","message":"HTTP GET /api/notifications/unread/count - 200 (0ms)","service":"research-mgmt-api","timestamp":"2025-04-12 14:20:05.411"}
{"level":"info","message":"HTTP GET /api/notifications/unread/count - 200 (0ms)","service":"research-mgmt-api","timestamp":"2025-04-12 14:20:11.384"}
{"level":"info","message":"HTTP GET /api/notifications/unread/count - 200 (0ms)","service":"research-mgmt-api","timestamp":"2025-04-12 14:20:11.384"}
{"level":"info","message":"HTTP GET /api/notifications/unread/count - 200 (0ms)","service":"research-mgmt-api","timestamp":"2025-04-12 14:21:05.412"}
{"level":"info","message":"HTTP GET /api/notifications/unread/count - 200 (0ms)","service":"research-mgmt-api","timestamp":"2025-04-12 14:21:11.384"}
{"level":"info","message":"HTTP GET /api/notifications/unread/count - 200 (0ms)","service":"research-mgmt-api","timestamp":"2025-04-12 14:21:11.385"}
{"external":"22 MB","heapTotal":"31 MB","heapUsed":"42 MB","level":"info","message":"Memory usage stats:","rss":"216 MB","service":"research-mgmt-api","timestamp":"2025-04-12 14:21:46.817"}
{"level":"info","message":"HTTP GET /api/notifications/unread/count - 200 (0ms)","service":"research-mgmt-api","timestamp":"2025-04-12 14:22:05.412"}
{"level":"info","message":"HTTP GET /api/notifications/unread/count - 200 (0ms)","service":"research-mgmt-api","timestamp":"2025-04-12 14:22:11.384"}
{"level":"error","message":"HTTP GET /api/student/team - 404 (0ms) Error: Route not found","service":"research-mgmt-api","timestamp":"2025-04-12 14:22:38.772"}
{"level":"error","message":"HTTP GET /api/student/team/invitations - 404 (0ms) Error: Route not found","service":"research-mgmt-api","timestamp":"2025-04-12 14:22:38.773"}
{"level":"info","message":"HTTP GET /api/notifications - 200 (0ms)","service":"research-mgmt-api","timestamp":"2025-04-12 14:22:38.959"}
{"level":"info","message":"HTTP GET /api/notifications/unread/count - 200 (0ms)","service":"research-mgmt-api","timestamp":"2025-04-12 14:22:38.962"}
{"level":"info","message":"HTTP GET /api/notifications/unread/count - 200 (0ms)","service":"research-mgmt-api","timestamp":"2025-04-12 14:22:50.385"}
{"level":"error","message":"HTTP GET /api/student/team - 404 (0ms) Error: Route not found","service":"research-mgmt-api","timestamp":"2025-04-12 14:22:54.961"}
{"level":"error","message":"HTTP GET /api/student/team/invitations - 404 (0ms) Error: Route not found","service":"research-mgmt-api","timestamp":"2025-04-12 14:22:54.962"}
{"level":"info","message":"HTTP GET /api/notifications - 200 (0ms)","service":"research-mgmt-api","timestamp":"2025-04-12 14:22:55.152"}
{"level":"info","message":"HTTP GET /api/notifications/unread/count - 200 (0ms)","service":"research-mgmt-api","timestamp":"2025-04-12 14:22:55.155"}
{"level":"error","message":"HTTP GET /api/student/team - 404 (0ms) Error: Route not found","service":"research-mgmt-api","timestamp":"2025-04-12 14:23:04.785"}
{"level":"error","message":"HTTP GET /api/student/team/invitations - 404 (0ms) Error: Route not found","service":"research-mgmt-api","timestamp":"2025-04-12 14:23:04.785"}
{"level":"info","message":"HTTP GET /api/notifications - 200 (0ms)","service":"research-mgmt-api","timestamp":"2025-04-12 14:23:04.974"}
{"level":"info","message":"HTTP GET /api/notifications/unread/count - 200 (0ms)","service":"research-mgmt-api","timestamp":"2025-04-12 14:23:04.980"}
{"level":"info","message":"📊 Fetching student dashboard data","service":"research-mgmt-api","timestamp":"2025-04-12 14:23:05.478"}
{"level":"info","message":"HTTP GET /api/dashboard - 200 (214ms)","service":"research-mgmt-api","timestamp":"2025-04-12 14:23:05.692"}
{"level":"info","message":"📊 Fetching student dashboard data","service":"research-mgmt-api","timestamp":"2025-04-12 14:23:05.693"}
{"level":"info","message":"HTTP GET /api/dashboard - 200 (212ms)","service":"research-mgmt-api","timestamp":"2025-04-12 14:23:05.905"}
{"level":"info","message":"HTTP GET /api/notifications - 200 (0ms)","service":"research-mgmt-api","timestamp":"2025-04-12 14:23:06.384"}
{"level":"info","message":"HTTP GET /api/notifications - 200 (0ms)","service":"research-mgmt-api","timestamp":"2025-04-12 14:23:06.385"}
{"level":"info","message":"HTTP GET /api/notifications/unread/count - 200 (0ms)","service":"research-mgmt-api","timestamp":"2025-04-12 14:23:06.387"}
{"level":"info","message":"HTTP GET /api/notifications/unread/count - 200 (0ms)","service":"research-mgmt-api","timestamp":"2025-04-12 14:23:06.389"}
{"level":"info","message":"HTTP GET /api/notifications/unread/count - 200 (0ms)","service":"research-mgmt-api","timestamp":"2025-04-12 14:24:05.385"}
{"level":"info","message":"HTTP GET /api/notifications/unread/count - 200 (0ms)","service":"research-mgmt-api","timestamp":"2025-04-12 14:24:05.386"}
{"level":"info","message":"HTTP GET /api/notifications/unread/count - 200 (0ms)","service":"research-mgmt-api","timestamp":"2025-04-12 14:24:05.386"}
{"level":"error","message":"HTTP GET /api/student/team - 404 (0ms) Error: Route not found","service":"research-mgmt-api","timestamp":"2025-04-12 14:24:13.351"}
{"level":"error","message":"HTTP GET /api/student/team/invitations - 404 (0ms) Error: Route not found","service":"research-mgmt-api","timestamp":"2025-04-12 14:24:13.351"}
{"level":"info","message":"📊 Fetching student dashboard data","service":"research-mgmt-api","timestamp":"2025-04-12 14:24:13.396"}
{"level":"info","message":"HTTP GET /api/dashboard - 200 (213ms)","service":"research-mgmt-api","timestamp":"2025-04-12 14:24:13.609"}
{"level":"info","message":"📊 Fetching student dashboard data","service":"research-mgmt-api","timestamp":"2025-04-12 14:24:13.610"}
{"level":"info","message":"HTTP GET /api/dashboard - 200 (209ms)","service":"research-mgmt-api","timestamp":"2025-04-12 14:24:13.819"}
{"level":"info","message":"HTTP GET /api/notifications - 200 (0ms)","service":"research-mgmt-api","timestamp":"2025-04-12 14:24:14.385"}
{"level":"info","message":"HTTP GET /api/notifications - 200 (0ms)","service":"research-mgmt-api","timestamp":"2025-04-12 14:24:14.386"}
{"level":"info","message":"HTTP GET /api/notifications - 200 (0ms)","service":"research-mgmt-api","timestamp":"2025-04-12 14:24:14.387"}
{"level":"info","message":"HTTP GET /api/notifications/unread/count - 200 (0ms)","service":"research-mgmt-api","timestamp":"2025-04-12 14:24:14.390"}
{"level":"info","message":"HTTP GET /api/notifications/unread/count - 200 (0ms)","service":"research-mgmt-api","timestamp":"2025-04-12 14:24:14.391"}
{"level":"info","message":"HTTP GET /api/notifications/unread/count - 200 (0ms)","service":"research-mgmt-api","timestamp":"2025-04-12 14:24:14.394"}
{"level":"error","message":"HTTP GET /api/student/team - 404 (0ms) Error: Route not found","service":"research-mgmt-api","timestamp":"2025-04-12 14:24:22.272"}
{"level":"error","message":"HTTP GET /api/student/team/invitations - 404 (0ms) Error: Route not found","service":"research-mgmt-api","timestamp":"2025-04-12 14:24:22.273"}
{"level":"info","message":"HTTP GET /api/notifications - 200 (0ms)","service":"research-mgmt-api","timestamp":"2025-04-12 14:24:22.390"}
{"level":"info","message":"📊 Fetching student dashboard data","service":"research-mgmt-api","timestamp":"2025-04-12 14:24:22.397"}
{"level":"info","message":"HTTP GET /api/notifications - 200 (0ms)","service":"research-mgmt-api","timestamp":"2025-04-12 14:24:22.398"}
{"level":"info","message":"HTTP GET /api/notifications/unread/count - 200 (0ms)","service":"research-mgmt-api","timestamp":"2025-04-12 14:24:22.399"}
{"level":"info","message":"HTTP GET /api/notifications - 200 (0ms)","service":"research-mgmt-api","timestamp":"2025-04-12 14:24:22.399"}
{"level":"info","message":"HTTP GET /api/notifications/unread/count - 200 (0ms)","service":"research-mgmt-api","timestamp":"2025-04-12 14:24:22.402"}
{"level":"info","message":"HTTP GET /api/notifications/unread/count - 200 (0ms)","service":"research-mgmt-api","timestamp":"2025-04-12 14:24:22.419"}
{"level":"info","message":"HTTP GET /api/dashboard - 200 (211ms)","service":"research-mgmt-api","timestamp":"2025-04-12 14:24:22.608"}
{"level":"info","message":"📊 Fetching student dashboard data","service":"research-mgmt-api","timestamp":"2025-04-12 14:24:22.609"}
{"level":"info","message":"HTTP GET /api/dashboard - 200 (211ms)","service":"research-mgmt-api","timestamp":"2025-04-12 14:24:22.820"}
{"level":"error","message":"HTTP GET /api/student/team - 404 (0ms) Error: Route not found","service":"research-mgmt-api","timestamp":"2025-04-12 14:24:24.344"}
{"level":"error","message":"HTTP GET /api/student/team/invitations - 404 (0ms) Error: Route not found","service":"research-mgmt-api","timestamp":"2025-04-12 14:24:24.344"}
{"level":"info","message":"📊 Fetching student dashboard data","service":"research-mgmt-api","timestamp":"2025-04-12 14:24:24.398"}
{"level":"info","message":"HTTP GET /api/notifications - 200 (0ms)","service":"research-mgmt-api","timestamp":"2025-04-12 14:24:24.399"}
{"level":"info","message":"HTTP GET /api/notifications - 200 (0ms)","service":"research-mgmt-api","timestamp":"2025-04-12 14:24:24.400"}
{"level":"info","message":"HTTP GET /api/notifications/unread/count - 200 (0ms)","service":"research-mgmt-api","timestamp":"2025-04-12 14:24:24.407"}
{"level":"info","message":"HTTP GET /api/notifications/unread/count - 200 (0ms)","service":"research-mgmt-api","timestamp":"2025-04-12 14:24:24.410"}
{"level":"info","message":"HTTP GET /api/dashboard - 200 (217ms)","service":"research-mgmt-api","timestamp":"2025-04-12 14:24:24.615"}
{"level":"info","message":"📊 Fetching student dashboard data","service":"research-mgmt-api","timestamp":"2025-04-12 14:24:24.617"}
{"level":"info","message":"HTTP GET /api/dashboard - 200 (211ms)","service":"research-mgmt-api","timestamp":"2025-04-12 14:24:24.828"}
{"level":"info","message":"HTTP GET /api/notifications - 200 (0ms)","service":"research-mgmt-api","timestamp":"2025-04-12 14:24:25.384"}
{"level":"info","message":"HTTP GET /api/notifications/unread/count - 200 (0ms)","service":"research-mgmt-api","timestamp":"2025-04-12 14:24:25.393"}
{"level":"info","message":"JWT helper initialized","service":"research-mgmt-api","timestamp":"2025-04-12 14:24:38.870"}
{"adminRoutes":true,"authRoutes":true,"level":"info","message":"Route modules loaded:","service":"research-mgmt-api","studentRoutes":true,"supervisorRoutes":true,"timestamp":"2025-04-12 14:24:38.904"}
{"level":"info","message":"Registered API redirect from GET /notifications to GET /api/notifications","service":"research-mgmt-api","timestamp":"2025-04-12 14:24:38.918"}
{"level":"info","message":"Registered API redirect from GET /notifications/unread/count to GET /api/notifications/unread/count","service":"research-mgmt-api","timestamp":"2025-04-12 14:24:38.918"}
{"level":"info","message":"Registered API redirect from GET /user/profile to GET /api/user/profile","service":"research-mgmt-api","timestamp":"2025-04-12 14:24:38.918"}
{"level":"info","message":"Registered API redirect from GET /dashboard to GET /api/dashboard","service":"research-mgmt-api","timestamp":"2025-04-12 14:24:38.918"}
{"level":"info","message":"Registered API redirect from GET /calendar to GET /api/calendar","service":"research-mgmt-api","timestamp":"2025-04-12 14:24:38.919"}
{"level":"info","message":"Registered Team API redirect from GET /teams to GET /api/students/team/...","service":"research-mgmt-api","timestamp":"2025-04-12 14:24:38.919"}
{"level":"info","message":"Registered Team API redirect from GET /teams/my-team to GET /api/students/team/...","service":"research-mgmt-api","timestamp":"2025-04-12 14:24:38.919"}
{"level":"info","message":"Registered Team API redirect from GET /teams/:id to GET /api/students/team/...","service":"research-mgmt-api","timestamp":"2025-04-12 14:24:38.919"}
{"level":"info","message":"Registered Team API redirect from PUT /teams/:id to PUT /api/students/team/...","service":"research-mgmt-api","timestamp":"2025-04-12 14:24:38.919"}
{"level":"info","message":"Registered Team API redirect from DELETE /teams/:id to DELETE /api/students/team/...","service":"research-mgmt-api","timestamp":"2025-04-12 14:24:38.919"}
{"level":"info","message":"Registered Team API redirect from POST /teams/:id/invite to POST /api/students/team/...","service":"research-mgmt-api","timestamp":"2025-04-12 14:24:38.919"}
{"level":"info","message":"Registered Team API redirect from POST /teams/:id/leave to POST /api/students/team/...","service":"research-mgmt-api","timestamp":"2025-04-12 14:24:38.919"}
{"level":"info","message":"Registered Team API redirect from POST /teams/:id/remove-member to POST /api/students/team/...","service":"research-mgmt-api","timestamp":"2025-04-12 14:24:38.920"}
{"level":"info","message":"Registered Student Team API redirect from GET /api/student-teams to GET /api/students/team/...","service":"research-mgmt-api","timestamp":"2025-04-12 14:24:38.920"}
{"level":"info","message":"Registered Student Team API redirect from GET /api/student-teams/invitations to GET /api/students/team/...","service":"research-mgmt-api","timestamp":"2025-04-12 14:24:38.920"}
{"level":"info","message":"Registered Student Team API redirect from DELETE /api/student-teams/:id/leave to DELETE /api/students/team/...","service":"research-mgmt-api","timestamp":"2025-04-12 14:24:38.920"}
{"level":"info","message":"Registered API redirect from GET /projects to GET /api/projects","service":"research-mgmt-api","timestamp":"2025-04-12 14:24:38.920"}
{"level":"info","message":"Registered API redirect from POST /projects to POST /api/projects","service":"research-mgmt-api","timestamp":"2025-04-12 14:24:38.920"}
{"level":"info","message":"Registered API redirect from GET /sessions to GET /api/sessions","service":"research-mgmt-api","timestamp":"2025-04-12 14:24:38.920"}
{"level":"info","message":"Registered API redirect from POST /sessions to POST /api/sessions","service":"research-mgmt-api","timestamp":"2025-04-12 14:24:38.920"}
{"level":"info","message":"Registered API redirect from GET /messages to GET /api/messages","service":"research-mgmt-api","timestamp":"2025-04-12 14:24:38.920"}
{"level":"info","message":"Registered API redirect from POST /messages to POST /api/messages","service":"research-mgmt-api","timestamp":"2025-04-12 14:24:38.920"}
{"level":"info","message":"Registered API redirect from GET /projects/:id to GET /api/projects/:id","service":"research-mgmt-api","timestamp":"2025-04-12 14:24:38.920"}
{"level":"info","message":"Registered API redirect from PUT /projects/:id to PUT /api/projects/:id","service":"research-mgmt-api","timestamp":"2025-04-12 14:24:38.920"}
{"level":"info","message":"Registered API redirect from DELETE /projects/:id to DELETE /api/projects/:id","service":"research-mgmt-api","timestamp":"2025-04-12 14:24:38.921"}
{"level":"info","message":"Registered API redirect from GET /users/:id to GET /api/users/:id","service":"research-mgmt-api","timestamp":"2025-04-12 14:24:38.921"}
{"level":"info","message":"Registered API redirect from PUT /users/:id to PUT /api/users/:id","service":"research-mgmt-api","timestamp":"2025-04-12 14:24:38.921"}
{"level":"info","message":"Attempting to connect to MongoDB database","service":"research-mgmt-api","timestamp":"2025-04-12 14:24:38.921"}
{"level":"info","message":"Attempting to connect to MongoDB...","service":"research-mgmt-api","timestamp":"2025-04-12 14:24:38.921"}
{"level":"info","message":"MongoDB Connected: ac-xdpuchx-shard-00-01.tvoe17p.mongodb.net","service":"research-mgmt-api","timestamp":"2025-04-12 14:24:39.751"}
{"level":"info","message":"✅ MongoDB connection established successfully","service":"research-mgmt-api","timestamp":"2025-04-12 14:24:39.751"}
{"level":"info","message":"🚀 Server running on port 300000 and accessible from all network interfaces","service":"research-mgmt-api","timestamp":"2025-04-12 14:24:39.756"}
{"level":"info","message":"JWT helper initialized","service":"research-mgmt-api","timestamp":"2025-04-12 14:24:45.342"}
{"adminRoutes":true,"authRoutes":true,"level":"info","message":"Route modules loaded:","service":"research-mgmt-api","studentRoutes":true,"supervisorRoutes":true,"timestamp":"2025-04-12 14:24:45.376"}
{"level":"info","message":"Registered API redirect from GET /notifications to GET /api/notifications","service":"research-mgmt-api","timestamp":"2025-04-12 14:24:45.390"}
{"level":"info","message":"Registered API redirect from GET /notifications/unread/count to GET /api/notifications/unread/count","service":"research-mgmt-api","timestamp":"2025-04-12 14:24:45.390"}
{"level":"info","message":"Registered API redirect from GET /user/profile to GET /api/user/profile","service":"research-mgmt-api","timestamp":"2025-04-12 14:24:45.390"}
{"level":"info","message":"Registered API redirect from GET /dashboard to GET /api/dashboard","service":"research-mgmt-api","timestamp":"2025-04-12 14:24:45.390"}
{"level":"info","message":"Registered API redirect from GET /calendar to GET /api/calendar","service":"research-mgmt-api","timestamp":"2025-04-12 14:24:45.390"}
{"level":"info","message":"Registered Team API redirect from GET /teams to GET /api/students/team/...","service":"research-mgmt-api","timestamp":"2025-04-12 14:24:45.390"}
{"level":"info","message":"Registered Team API redirect from GET /teams/my-team to GET /api/students/team/...","service":"research-mgmt-api","timestamp":"2025-04-12 14:24:45.391"}
{"level":"info","message":"Registered Team API redirect from GET /teams/:id to GET /api/students/team/...","service":"research-mgmt-api","timestamp":"2025-04-12 14:24:45.391"}
{"level":"info","message":"Registered Team API redirect from PUT /teams/:id to PUT /api/students/team/...","service":"research-mgmt-api","timestamp":"2025-04-12 14:24:45.391"}
{"level":"info","message":"Registered Team API redirect from DELETE /teams/:id to DELETE /api/students/team/...","service":"research-mgmt-api","timestamp":"2025-04-12 14:24:45.391"}
{"level":"info","message":"Registered Team API redirect from POST /teams/:id/invite to POST /api/students/team/...","service":"research-mgmt-api","timestamp":"2025-04-12 14:24:45.391"}
{"level":"info","message":"Registered Team API redirect from POST /teams/:id/leave to POST /api/students/team/...","service":"research-mgmt-api","timestamp":"2025-04-12 14:24:45.391"}
{"level":"info","message":"Registered Team API redirect from POST /teams/:id/remove-member to POST /api/students/team/...","service":"research-mgmt-api","timestamp":"2025-04-12 14:24:45.391"}
{"level":"info","message":"Registered Student Team API redirect from GET /api/student-teams to GET /api/students/team/...","service":"research-mgmt-api","timestamp":"2025-04-12 14:24:45.391"}
{"level":"info","message":"Registered Student Team API redirect from GET /api/student-teams/invitations to GET /api/students/team/...","service":"research-mgmt-api","timestamp":"2025-04-12 14:24:45.392"}
{"level":"info","message":"Registered Student Team API redirect from DELETE /api/student-teams/:id/leave to DELETE /api/students/team/...","service":"research-mgmt-api","timestamp":"2025-04-12 14:24:45.392"}
{"level":"info","message":"Registered API redirect from GET /projects to GET /api/projects","service":"research-mgmt-api","timestamp":"2025-04-12 14:24:45.392"}
{"level":"info","message":"Registered API redirect from POST /projects to POST /api/projects","service":"research-mgmt-api","timestamp":"2025-04-12 14:24:45.392"}
{"level":"info","message":"Registered API redirect from GET /sessions to GET /api/sessions","service":"research-mgmt-api","timestamp":"2025-04-12 14:24:45.392"}
{"level":"info","message":"Registered API redirect from POST /sessions to POST /api/sessions","service":"research-mgmt-api","timestamp":"2025-04-12 14:24:45.392"}
{"level":"info","message":"Registered API redirect from GET /messages to GET /api/messages","service":"research-mgmt-api","timestamp":"2025-04-12 14:24:45.392"}
{"level":"info","message":"Registered API redirect from POST /messages to POST /api/messages","service":"research-mgmt-api","timestamp":"2025-04-12 14:24:45.392"}
{"level":"info","message":"Registered API redirect from GET /projects/:id to GET /api/projects/:id","service":"research-mgmt-api","timestamp":"2025-04-12 14:24:45.392"}
{"level":"info","message":"Registered API redirect from PUT /projects/:id to PUT /api/projects/:id","service":"research-mgmt-api","timestamp":"2025-04-12 14:24:45.392"}
{"level":"info","message":"Registered API redirect from DELETE /projects/:id to DELETE /api/projects/:id","service":"research-mgmt-api","timestamp":"2025-04-12 14:24:45.392"}
{"level":"info","message":"Registered API redirect from GET /users/:id to GET /api/users/:id","service":"research-mgmt-api","timestamp":"2025-04-12 14:24:45.392"}
{"level":"info","message":"Registered API redirect from PUT /users/:id to PUT /api/users/:id","service":"research-mgmt-api","timestamp":"2025-04-12 14:24:45.392"}
{"level":"info","message":"Attempting to connect to MongoDB database","service":"research-mgmt-api","timestamp":"2025-04-12 14:24:45.393"}
{"level":"info","message":"Attempting to connect to MongoDB...","service":"research-mgmt-api","timestamp":"2025-04-12 14:24:45.393"}
{"level":"info","message":"MongoDB Connected: ac-xdpuchx-shard-00-02.tvoe17p.mongodb.net","service":"research-mgmt-api","timestamp":"2025-04-12 14:24:46.100"}
{"level":"info","message":"✅ MongoDB connection established successfully","service":"research-mgmt-api","timestamp":"2025-04-12 14:24:46.100"}
{"level":"info","message":"🚀 Server running on port 300010 and accessible from all network interfaces","service":"research-mgmt-api","timestamp":"2025-04-12 14:24:46.104"}
{"level":"info","message":"JWT helper initialized","service":"research-mgmt-api","timestamp":"2025-04-12 14:25:56.381"}
{"adminRoutes":true,"authRoutes":true,"level":"info","message":"Route modules loaded:","service":"research-mgmt-api","studentRoutes":true,"supervisorRoutes":true,"timestamp":"2025-04-12 14:25:56.417"}
{"level":"info","message":"Registered API redirect from GET /notifications to GET /api/notifications","service":"research-mgmt-api","timestamp":"2025-04-12 14:25:56.431"}
{"level":"info","message":"Registered API redirect from GET /notifications/unread/count to GET /api/notifications/unread/count","service":"research-mgmt-api","timestamp":"2025-04-12 14:25:56.431"}
{"level":"info","message":"Registered API redirect from GET /user/profile to GET /api/user/profile","service":"research-mgmt-api","timestamp":"2025-04-12 14:25:56.432"}
{"level":"info","message":"Registered API redirect from GET /dashboard to GET /api/dashboard","service":"research-mgmt-api","timestamp":"2025-04-12 14:25:56.432"}
{"level":"info","message":"Registered API redirect from GET /calendar to GET /api/calendar","service":"research-mgmt-api","timestamp":"2025-04-12 14:25:56.432"}
{"level":"info","message":"Registered Team API redirect from GET /teams to GET /api/students/team/...","service":"research-mgmt-api","timestamp":"2025-04-12 14:25:56.432"}
{"level":"info","message":"Registered Team API redirect from GET /teams/my-team to GET /api/students/team/...","service":"research-mgmt-api","timestamp":"2025-04-12 14:25:56.432"}
{"level":"info","message":"Registered Team API redirect from GET /teams/:id to GET /api/students/team/...","service":"research-mgmt-api","timestamp":"2025-04-12 14:25:56.433"}
{"level":"info","message":"Registered Team API redirect from PUT /teams/:id to PUT /api/students/team/...","service":"research-mgmt-api","timestamp":"2025-04-12 14:25:56.433"}
{"level":"info","message":"Registered Team API redirect from DELETE /teams/:id to DELETE /api/students/team/...","service":"research-mgmt-api","timestamp":"2025-04-12 14:25:56.433"}
{"level":"info","message":"Registered Team API redirect from POST /teams/:id/invite to POST /api/students/team/...","service":"research-mgmt-api","timestamp":"2025-04-12 14:25:56.433"}
{"level":"info","message":"Registered Team API redirect from POST /teams/:id/leave to POST /api/students/team/...","service":"research-mgmt-api","timestamp":"2025-04-12 14:25:56.433"}
{"level":"info","message":"Registered Team API redirect from POST /teams/:id/remove-member to POST /api/students/team/...","service":"research-mgmt-api","timestamp":"2025-04-12 14:25:56.433"}
{"level":"info","message":"Registered Student Team API redirect from GET /api/student-teams to GET /api/students/team/...","service":"research-mgmt-api","timestamp":"2025-04-12 14:25:56.433"}
{"level":"info","message":"Registered Student Team API redirect from GET /api/student-teams/invitations to GET /api/students/team/...","service":"research-mgmt-api","timestamp":"2025-04-12 14:25:56.433"}
{"level":"info","message":"Registered Student Team API redirect from DELETE /api/student-teams/:id/leave to DELETE /api/students/team/...","service":"research-mgmt-api","timestamp":"2025-04-12 14:25:56.433"}
{"level":"info","message":"Registered API redirect from GET /projects to GET /api/projects","service":"research-mgmt-api","timestamp":"2025-04-12 14:25:56.434"}
{"level":"info","message":"Registered API redirect from POST /projects to POST /api/projects","service":"research-mgmt-api","timestamp":"2025-04-12 14:25:56.434"}
{"level":"info","message":"Registered API redirect from GET /sessions to GET /api/sessions","service":"research-mgmt-api","timestamp":"2025-04-12 14:25:56.434"}
{"level":"info","message":"Registered API redirect from POST /sessions to POST /api/sessions","service":"research-mgmt-api","timestamp":"2025-04-12 14:25:56.434"}
{"level":"info","message":"Registered API redirect from GET /messages to GET /api/messages","service":"research-mgmt-api","timestamp":"2025-04-12 14:25:56.434"}
{"level":"info","message":"Registered API redirect from POST /messages to POST /api/messages","service":"research-mgmt-api","timestamp":"2025-04-12 14:25:56.434"}
{"level":"info","message":"Registered API redirect from GET /projects/:id to GET /api/projects/:id","service":"research-mgmt-api","timestamp":"2025-04-12 14:25:56.434"}
{"level":"info","message":"Registered API redirect from PUT /projects/:id to PUT /api/projects/:id","service":"research-mgmt-api","timestamp":"2025-04-12 14:25:56.434"}
{"level":"info","message":"Registered API redirect from DELETE /projects/:id to DELETE /api/projects/:id","service":"research-mgmt-api","timestamp":"2025-04-12 14:25:56.434"}
{"level":"info","message":"Registered API redirect from GET /users/:id to GET /api/users/:id","service":"research-mgmt-api","timestamp":"2025-04-12 14:25:56.434"}
{"level":"info","message":"Registered API redirect from PUT /users/:id to PUT /api/users/:id","service":"research-mgmt-api","timestamp":"2025-04-12 14:25:56.435"}
{"level":"info","message":"Attempting to connect to MongoDB database","service":"research-mgmt-api","timestamp":"2025-04-12 14:25:56.435"}
{"level":"info","message":"Attempting to connect to MongoDB...","service":"research-mgmt-api","timestamp":"2025-04-12 14:25:56.435"}
{"level":"info","message":"MongoDB Connected: ac-xdpuchx-shard-00-01.tvoe17p.mongodb.net","service":"research-mgmt-api","timestamp":"2025-04-12 14:25:57.245"}
{"level":"info","message":"✅ MongoDB connection established successfully","service":"research-mgmt-api","timestamp":"2025-04-12 14:25:57.245"}
{"level":"info","message":"🚀 Server running on port 300000 and accessible from all network interfaces","service":"research-mgmt-api","timestamp":"2025-04-12 14:25:57.251"}
{"level":"warn","message":"Unauthorized access attempt (no/invalid Authorization header): /api/student/team","service":"research-mgmt-api","timestamp":"2025-04-12 14:26:01.920"}
{"level":"error","message":"HTTP GET /api/student/team - 404 (0ms) Error: Route not found","service":"research-mgmt-api","timestamp":"2025-04-12 14:26:01.921"}
{"level":"info","message":"HTTP GET /api/notifications/unread/count - 200 (0ms)","service":"research-mgmt-api","timestamp":"2025-04-12 14:26:03.386"}
{"level":"info","message":"HTTP GET /api/notifications/unread/count - 200 (0ms)","service":"research-mgmt-api","timestamp":"2025-04-12 14:26:24.384"}
{"level":"info","message":"HTTP GET /api/notifications/unread/count - 200 (0ms)","service":"research-mgmt-api","timestamp":"2025-04-12 14:26:24.385"}
{"level":"info","message":"HTTP GET /api/notifications/unread/count - 200 (0ms)","service":"research-mgmt-api","timestamp":"2025-04-12 14:27:03.384"}
{"level":"info","message":"HTTP GET /api/notifications/unread/count - 200 (0ms)","service":"research-mgmt-api","timestamp":"2025-04-12 14:27:24.383"}
{"level":"info","message":"HTTP GET /api/notifications/unread/count - 200 (0ms)","service":"research-mgmt-api","timestamp":"2025-04-12 14:27:24.384"}
{"level":"info","message":"JWT helper initialized","service":"research-mgmt-api","timestamp":"2025-04-12 14:27:53.568"}
{"adminRoutes":true,"authRoutes":true,"level":"info","message":"Route modules loaded:","service":"research-mgmt-api","studentRoutes":true,"supervisorRoutes":true,"timestamp":"2025-04-12 14:27:53.601"}
{"level":"info","message":"Registered API redirect from GET /notifications to GET /api/notifications","service":"research-mgmt-api","timestamp":"2025-04-12 14:27:53.615"}
{"level":"info","message":"Registered API redirect from GET /notifications/unread/count to GET /api/notifications/unread/count","service":"research-mgmt-api","timestamp":"2025-04-12 14:27:53.615"}
{"level":"info","message":"Registered API redirect from GET /user/profile to GET /api/user/profile","service":"research-mgmt-api","timestamp":"2025-04-12 14:27:53.615"}
{"level":"info","message":"Registered API redirect from GET /dashboard to GET /api/dashboard","service":"research-mgmt-api","timestamp":"2025-04-12 14:27:53.616"}
{"level":"info","message":"Registered API redirect from GET /calendar to GET /api/calendar","service":"research-mgmt-api","timestamp":"2025-04-12 14:27:53.616"}
{"level":"info","message":"Registered Team API redirect from GET /teams to GET /api/students/team/...","service":"research-mgmt-api","timestamp":"2025-04-12 14:27:53.616"}
{"level":"info","message":"Registered Team API redirect from GET /teams/my-team to GET /api/students/team/...","service":"research-mgmt-api","timestamp":"2025-04-12 14:27:53.616"}
{"level":"info","message":"Registered Team API redirect from GET /teams/:id to GET /api/students/team/...","service":"research-mgmt-api","timestamp":"2025-04-12 14:27:53.616"}
{"level":"info","message":"Registered Team API redirect from PUT /teams/:id to PUT /api/students/team/...","service":"research-mgmt-api","timestamp":"2025-04-12 14:27:53.616"}
{"level":"info","message":"Registered Team API redirect from DELETE /teams/:id to DELETE /api/students/team/...","service":"research-mgmt-api","timestamp":"2025-04-12 14:27:53.617"}
{"level":"info","message":"Registered Team API redirect from POST /teams/:id/invite to POST /api/students/team/...","service":"research-mgmt-api","timestamp":"2025-04-12 14:27:53.617"}
{"level":"info","message":"Registered Team API redirect from POST /teams/:id/leave to POST /api/students/team/...","service":"research-mgmt-api","timestamp":"2025-04-12 14:27:53.617"}
{"level":"info","message":"Registered Team API redirect from POST /teams/:id/remove-member to POST /api/students/team/...","service":"research-mgmt-api","timestamp":"2025-04-12 14:27:53.617"}
{"level":"info","message":"Registered Student Team API redirect from GET /api/student-teams to GET /api/students/team/...","service":"research-mgmt-api","timestamp":"2025-04-12 14:27:53.617"}
{"level":"info","message":"Registered Student Team API redirect from GET /api/student-teams/invitations to GET /api/students/team/...","service":"research-mgmt-api","timestamp":"2025-04-12 14:27:53.617"}
{"level":"info","message":"Registered Student Team API redirect from DELETE /api/student-teams/:id/leave to DELETE /api/students/team/...","service":"research-mgmt-api","timestamp":"2025-04-12 14:27:53.617"}
{"level":"info","message":"Registered API redirect from GET /projects to GET /api/projects","service":"research-mgmt-api","timestamp":"2025-04-12 14:27:53.617"}
{"level":"info","message":"Registered API redirect from POST /projects to POST /api/projects","service":"research-mgmt-api","timestamp":"2025-04-12 14:27:53.617"}
{"level":"info","message":"Registered API redirect from GET /sessions to GET /api/sessions","service":"research-mgmt-api","timestamp":"2025-04-12 14:27:53.617"}
{"level":"info","message":"Registered API redirect from POST /sessions to POST /api/sessions","service":"research-mgmt-api","timestamp":"2025-04-12 14:27:53.618"}
{"level":"info","message":"Registered API redirect from GET /messages to GET /api/messages","service":"research-mgmt-api","timestamp":"2025-04-12 14:27:53.618"}
{"level":"info","message":"Registered API redirect from POST /messages to POST /api/messages","service":"research-mgmt-api","timestamp":"2025-04-12 14:27:53.618"}
{"level":"info","message":"Registered API redirect from GET /projects/:id to GET /api/projects/:id","service":"research-mgmt-api","timestamp":"2025-04-12 14:27:53.618"}
{"level":"info","message":"Registered API redirect from PUT /projects/:id to PUT /api/projects/:id","service":"research-mgmt-api","timestamp":"2025-04-12 14:27:53.618"}
{"level":"info","message":"Registered API redirect from DELETE /projects/:id to DELETE /api/projects/:id","service":"research-mgmt-api","timestamp":"2025-04-12 14:27:53.618"}
{"level":"info","message":"Registered API redirect from GET /users/:id to GET /api/users/:id","service":"research-mgmt-api","timestamp":"2025-04-12 14:27:53.618"}
{"level":"info","message":"Registered API redirect from PUT /users/:id to PUT /api/users/:id","service":"research-mgmt-api","timestamp":"2025-04-12 14:27:53.618"}
{"level":"info","message":"Attempting to connect to MongoDB database","service":"research-mgmt-api","timestamp":"2025-04-12 14:27:53.618"}
{"level":"info","message":"Attempting to connect to MongoDB...","service":"research-mgmt-api","timestamp":"2025-04-12 14:27:53.619"}
{"level":"info","message":"JWT helper initialized","service":"research-mgmt-api","timestamp":"2025-04-12 14:27:53.955"}
{"adminRoutes":true,"authRoutes":true,"level":"info","message":"Route modules loaded:","service":"research-mgmt-api","studentRoutes":true,"supervisorRoutes":true,"timestamp":"2025-04-12 14:27:53.989"}
{"level":"info","message":"Registered API redirect from GET /notifications to GET /api/notifications","service":"research-mgmt-api","timestamp":"2025-04-12 14:27:54.004"}
{"level":"info","message":"Registered API redirect from GET /notifications/unread/count to GET /api/notifications/unread/count","service":"research-mgmt-api","timestamp":"2025-04-12 14:27:54.004"}
{"level":"info","message":"Registered API redirect from GET /user/profile to GET /api/user/profile","service":"research-mgmt-api","timestamp":"2025-04-12 14:27:54.004"}
{"level":"info","message":"Registered API redirect from GET /dashboard to GET /api/dashboard","service":"research-mgmt-api","timestamp":"2025-04-12 14:27:54.004"}
{"level":"info","message":"Registered API redirect from GET /calendar to GET /api/calendar","service":"research-mgmt-api","timestamp":"2025-04-12 14:27:54.004"}
{"level":"info","message":"Registered Team API redirect from GET /teams to GET /api/students/team/...","service":"research-mgmt-api","timestamp":"2025-04-12 14:27:54.005"}
{"level":"info","message":"Registered Team API redirect from GET /teams/my-team to GET /api/students/team/...","service":"research-mgmt-api","timestamp":"2025-04-12 14:27:54.005"}
{"level":"info","message":"Registered Team API redirect from GET /teams/:id to GET /api/students/team/...","service":"research-mgmt-api","timestamp":"2025-04-12 14:27:54.005"}
{"level":"info","message":"Registered Team API redirect from PUT /teams/:id to PUT /api/students/team/...","service":"research-mgmt-api","timestamp":"2025-04-12 14:27:54.005"}
{"level":"info","message":"Registered Team API redirect from DELETE /teams/:id to DELETE /api/students/team/...","service":"research-mgmt-api","timestamp":"2025-04-12 14:27:54.005"}
{"level":"info","message":"Registered Team API redirect from POST /teams/:id/invite to POST /api/students/team/...","service":"research-mgmt-api","timestamp":"2025-04-12 14:27:54.005"}
{"level":"info","message":"Registered Team API redirect from POST /teams/:id/leave to POST /api/students/team/...","service":"research-mgmt-api","timestamp":"2025-04-12 14:27:54.005"}
{"level":"info","message":"Registered Team API redirect from POST /teams/:id/remove-member to POST /api/students/team/...","service":"research-mgmt-api","timestamp":"2025-04-12 14:27:54.005"}
{"level":"info","message":"Registered Student Team API redirect from GET /api/student-teams to GET /api/students/team/...","service":"research-mgmt-api","timestamp":"2025-04-12 14:27:54.006"}
{"level":"info","message":"Registered Student Team API redirect from GET /api/student-teams/invitations to GET /api/students/team/...","service":"research-mgmt-api","timestamp":"2025-04-12 14:27:54.006"}
{"level":"info","message":"Registered Student Team API redirect from DELETE /api/student-teams/:id/leave to DELETE /api/students/team/...","service":"research-mgmt-api","timestamp":"2025-04-12 14:27:54.006"}
{"level":"info","message":"Registered API redirect from GET /projects to GET /api/projects","service":"research-mgmt-api","timestamp":"2025-04-12 14:27:54.006"}
{"level":"info","message":"Registered API redirect from POST /projects to POST /api/projects","service":"research-mgmt-api","timestamp":"2025-04-12 14:27:54.006"}
{"level":"info","message":"Registered API redirect from GET /sessions to GET /api/sessions","service":"research-mgmt-api","timestamp":"2025-04-12 14:27:54.006"}
{"level":"info","message":"Registered API redirect from POST /sessions to POST /api/sessions","service":"research-mgmt-api","timestamp":"2025-04-12 14:27:54.006"}
{"level":"info","message":"Registered API redirect from GET /messages to GET /api/messages","service":"research-mgmt-api","timestamp":"2025-04-12 14:27:54.006"}
{"level":"info","message":"Registered API redirect from POST /messages to POST /api/messages","service":"research-mgmt-api","timestamp":"2025-04-12 14:27:54.006"}
{"level":"info","message":"Registered API redirect from GET /projects/:id to GET /api/projects/:id","service":"research-mgmt-api","timestamp":"2025-04-12 14:27:54.006"}
{"level":"info","message":"Registered API redirect from PUT /projects/:id to PUT /api/projects/:id","service":"research-mgmt-api","timestamp":"2025-04-12 14:27:54.006"}
{"level":"info","message":"Registered API redirect from DELETE /projects/:id to DELETE /api/projects/:id","service":"research-mgmt-api","timestamp":"2025-04-12 14:27:54.007"}
{"level":"info","message":"Registered API redirect from GET /users/:id to GET /api/users/:id","service":"research-mgmt-api","timestamp":"2025-04-12 14:27:54.007"}
{"level":"info","message":"Registered API redirect from PUT /users/:id to PUT /api/users/:id","service":"research-mgmt-api","timestamp":"2025-04-12 14:27:54.007"}
{"level":"info","message":"Attempting to connect to MongoDB database","service":"research-mgmt-api","timestamp":"2025-04-12 14:27:54.007"}
{"level":"info","message":"Attempting to connect to MongoDB...","service":"research-mgmt-api","timestamp":"2025-04-12 14:27:54.007"}
{"level":"info","message":"MongoDB Connected: ac-xdpuchx-shard-00-01.tvoe17p.mongodb.net","service":"research-mgmt-api","timestamp":"2025-04-12 14:27:54.766"}
{"level":"info","message":"✅ MongoDB connection established successfully","service":"research-mgmt-api","timestamp":"2025-04-12 14:27:54.766"}
{"level":"info","message":"🚀 Server running on port 300000 and accessible from all network interfaces","service":"research-mgmt-api","timestamp":"2025-04-12 14:27:54.770"}
{"level":"info","message":"HTTP GET /api/notifications/unread/count - 200 (0ms)","service":"research-mgmt-api","timestamp":"2025-04-12 14:28:03.388"}
{"level":"info","message":"JWT helper initialized","service":"research-mgmt-api","timestamp":"2025-04-12 14:28:18.354"}
{"adminRoutes":true,"authRoutes":true,"level":"info","message":"Route modules loaded:","service":"research-mgmt-api","studentRoutes":true,"supervisorRoutes":true,"timestamp":"2025-04-12 14:28:18.388"}
{"level":"info","message":"Registered API redirect from GET /notifications to GET /api/notifications","service":"research-mgmt-api","timestamp":"2025-04-12 14:28:18.402"}
{"level":"info","message":"Registered API redirect from GET /notifications/unread/count to GET /api/notifications/unread/count","service":"research-mgmt-api","timestamp":"2025-04-12 14:28:18.402"}
{"level":"info","message":"Registered API redirect from GET /user/profile to GET /api/user/profile","service":"research-mgmt-api","timestamp":"2025-04-12 14:28:18.402"}
{"level":"info","message":"Registered API redirect from GET /dashboard to GET /api/dashboard","service":"research-mgmt-api","timestamp":"2025-04-12 14:28:18.402"}
{"level":"info","message":"Registered API redirect from GET /calendar to GET /api/calendar","service":"research-mgmt-api","timestamp":"2025-04-12 14:28:18.403"}
{"level":"info","message":"Registered Team API redirect from GET /teams to GET /api/students/team/...","service":"research-mgmt-api","timestamp":"2025-04-12 14:28:18.403"}
{"level":"info","message":"Registered Team API redirect from GET /teams/my-team to GET /api/students/team/...","service":"research-mgmt-api","timestamp":"2025-04-12 14:28:18.403"}
{"level":"info","message":"Registered Team API redirect from GET /teams/:id to GET /api/students/team/...","service":"research-mgmt-api","timestamp":"2025-04-12 14:28:18.403"}
{"level":"info","message":"Registered Team API redirect from PUT /teams/:id to PUT /api/students/team/...","service":"research-mgmt-api","timestamp":"2025-04-12 14:28:18.403"}
{"level":"info","message":"Registered Team API redirect from DELETE /teams/:id to DELETE /api/students/team/...","service":"research-mgmt-api","timestamp":"2025-04-12 14:28:18.404"}
{"level":"info","message":"Registered Team API redirect from POST /teams/:id/invite to POST /api/students/team/...","service":"research-mgmt-api","timestamp":"2025-04-12 14:28:18.404"}
{"level":"info","message":"Registered Team API redirect from POST /teams/:id/leave to POST /api/students/team/...","service":"research-mgmt-api","timestamp":"2025-04-12 14:28:18.404"}
{"level":"info","message":"Registered Team API redirect from POST /teams/:id/remove-member to POST /api/students/team/...","service":"research-mgmt-api","timestamp":"2025-04-12 14:28:18.404"}
{"level":"info","message":"Registered Student Team API redirect from GET /api/student-teams to GET /api/students/team/...","service":"research-mgmt-api","timestamp":"2025-04-12 14:28:18.404"}
{"level":"info","message":"Registered Student Team API redirect from GET /api/student-teams/invitations to GET /api/students/team/...","service":"research-mgmt-api","timestamp":"2025-04-12 14:28:18.404"}
{"level":"info","message":"Registered Student Team API redirect from DELETE /api/student-teams/:id/leave to DELETE /api/students/team/...","service":"research-mgmt-api","timestamp":"2025-04-12 14:28:18.404"}
{"level":"info","message":"Registered API redirect from GET /projects to GET /api/projects","service":"research-mgmt-api","timestamp":"2025-04-12 14:28:18.404"}
{"level":"info","message":"Registered API redirect from POST /projects to POST /api/projects","service":"research-mgmt-api","timestamp":"2025-04-12 14:28:18.405"}
{"level":"info","message":"Registered API redirect from GET /sessions to GET /api/sessions","service":"research-mgmt-api","timestamp":"2025-04-12 14:28:18.405"}
{"level":"info","message":"Registered API redirect from POST /sessions to POST /api/sessions","service":"research-mgmt-api","timestamp":"2025-04-12 14:28:18.405"}
{"level":"info","message":"Registered API redirect from GET /messages to GET /api/messages","service":"research-mgmt-api","timestamp":"2025-04-12 14:28:18.405"}
{"level":"info","message":"Registered API redirect from POST /messages to POST /api/messages","service":"research-mgmt-api","timestamp":"2025-04-12 14:28:18.405"}
{"level":"info","message":"Registered API redirect from GET /projects/:id to GET /api/projects/:id","service":"research-mgmt-api","timestamp":"2025-04-12 14:28:18.405"}
{"level":"info","message":"Registered API redirect from PUT /projects/:id to PUT /api/projects/:id","service":"research-mgmt-api","timestamp":"2025-04-12 14:28:18.405"}
{"level":"info","message":"Registered API redirect from DELETE /projects/:id to DELETE /api/projects/:id","service":"research-mgmt-api","timestamp":"2025-04-12 14:28:18.405"}
{"level":"info","message":"Registered API redirect from GET /users/:id to GET /api/users/:id","service":"research-mgmt-api","timestamp":"2025-04-12 14:28:18.405"}
{"level":"info","message":"Registered API redirect from PUT /users/:id to PUT /api/users/:id","service":"research-mgmt-api","timestamp":"2025-04-12 14:28:18.405"}
{"level":"info","message":"Attempting to connect to MongoDB database","service":"research-mgmt-api","timestamp":"2025-04-12 14:28:18.406"}
{"level":"info","message":"Attempting to connect to MongoDB...","service":"research-mgmt-api","timestamp":"2025-04-12 14:28:18.406"}
{"level":"info","message":"MongoDB Connected: ac-xdpuchx-shard-00-01.tvoe17p.mongodb.net","service":"research-mgmt-api","timestamp":"2025-04-12 14:28:19.084"}
{"level":"info","message":"✅ MongoDB connection established successfully","service":"research-mgmt-api","timestamp":"2025-04-12 14:28:19.084"}
{"level":"info","message":"🚀 Server running on port 300000 and accessible from all network interfaces","service":"research-mgmt-api","timestamp":"2025-04-12 14:28:19.090"}
{"level":"info","message":"JWT helper initialized","service":"research-mgmt-api","timestamp":"2025-04-12 14:28:22.967"}
{"adminRoutes":true,"authRoutes":true,"level":"info","message":"Route modules loaded:","service":"research-mgmt-api","studentRoutes":true,"supervisorRoutes":true,"timestamp":"2025-04-12 14:28:23.000"}
{"level":"info","message":"Registered API redirect from GET /notifications to GET /api/notifications","service":"research-mgmt-api","timestamp":"2025-04-12 14:28:23.014"}
{"level":"info","message":"Registered API redirect from GET /notifications/unread/count to GET /api/notifications/unread/count","service":"research-mgmt-api","timestamp":"2025-04-12 14:28:23.014"}
{"level":"info","message":"Registered API redirect from GET /user/profile to GET /api/user/profile","service":"research-mgmt-api","timestamp":"2025-04-12 14:28:23.014"}
{"level":"info","message":"Registered API redirect from GET /dashboard to GET /api/dashboard","service":"research-mgmt-api","timestamp":"2025-04-12 14:28:23.015"}
{"level":"info","message":"Registered API redirect from GET /calendar to GET /api/calendar","service":"research-mgmt-api","timestamp":"2025-04-12 14:28:23.015"}
{"level":"info","message":"Registered Team API redirect from GET /teams to GET /api/students/team/...","service":"research-mgmt-api","timestamp":"2025-04-12 14:28:23.015"}
{"level":"info","message":"Registered Team API redirect from GET /teams/my-team to GET /api/students/team/...","service":"research-mgmt-api","timestamp":"2025-04-12 14:28:23.015"}
{"level":"info","message":"Registered Team API redirect from GET /teams/:id to GET /api/students/team/...","service":"research-mgmt-api","timestamp":"2025-04-12 14:28:23.015"}
{"level":"info","message":"Registered Team API redirect from PUT /teams/:id to PUT /api/students/team/...","service":"research-mgmt-api","timestamp":"2025-04-12 14:28:23.015"}
{"level":"info","message":"Registered Team API redirect from DELETE /teams/:id to DELETE /api/students/team/...","service":"research-mgmt-api","timestamp":"2025-04-12 14:28:23.015"}
{"level":"info","message":"Registered Team API redirect from POST /teams/:id/invite to POST /api/students/team/...","service":"research-mgmt-api","timestamp":"2025-04-12 14:28:23.016"}
{"level":"info","message":"Registered Team API redirect from POST /teams/:id/leave to POST /api/students/team/...","service":"research-mgmt-api","timestamp":"2025-04-12 14:28:23.016"}
{"level":"info","message":"Registered Team API redirect from POST /teams/:id/remove-member to POST /api/students/team/...","service":"research-mgmt-api","timestamp":"2025-04-12 14:28:23.016"}
{"level":"info","message":"Registered Student Team API redirect from GET /api/student-teams to GET /api/students/team/...","service":"research-mgmt-api","timestamp":"2025-04-12 14:28:23.016"}
{"level":"info","message":"Registered Student Team API redirect from GET /api/student-teams/invitations to GET /api/students/team/...","service":"research-mgmt-api","timestamp":"2025-04-12 14:28:23.016"}
{"level":"info","message":"Registered Student Team API redirect from DELETE /api/student-teams/:id/leave to DELETE /api/students/team/...","service":"research-mgmt-api","timestamp":"2025-04-12 14:28:23.016"}
{"level":"info","message":"Registered API redirect from GET /projects to GET /api/projects","service":"research-mgmt-api","timestamp":"2025-04-12 14:28:23.016"}
{"level":"info","message":"Registered API redirect from POST /projects to POST /api/projects","service":"research-mgmt-api","timestamp":"2025-04-12 14:28:23.016"}
{"level":"info","message":"Registered API redirect from GET /sessions to GET /api/sessions","service":"research-mgmt-api","timestamp":"2025-04-12 14:28:23.016"}
{"level":"info","message":"Registered API redirect from POST /sessions to POST /api/sessions","service":"research-mgmt-api","timestamp":"2025-04-12 14:28:23.016"}
{"level":"info","message":"Registered API redirect from GET /messages to GET /api/messages","service":"research-mgmt-api","timestamp":"2025-04-12 14:28:23.016"}
{"level":"info","message":"Registered API redirect from POST /messages to POST /api/messages","service":"research-mgmt-api","timestamp":"2025-04-12 14:28:23.017"}
{"level":"info","message":"Registered API redirect from GET /projects/:id to GET /api/projects/:id","service":"research-mgmt-api","timestamp":"2025-04-12 14:28:23.017"}
{"level":"info","message":"Registered API redirect from PUT /projects/:id to PUT /api/projects/:id","service":"research-mgmt-api","timestamp":"2025-04-12 14:28:23.017"}
{"level":"info","message":"Registered API redirect from DELETE /projects/:id to DELETE /api/projects/:id","service":"research-mgmt-api","timestamp":"2025-04-12 14:28:23.017"}
{"level":"info","message":"Registered API redirect from GET /users/:id to GET /api/users/:id","service":"research-mgmt-api","timestamp":"2025-04-12 14:28:23.017"}
{"level":"info","message":"Registered API redirect from PUT /users/:id to PUT /api/users/:id","service":"research-mgmt-api","timestamp":"2025-04-12 14:28:23.017"}
{"level":"info","message":"Attempting to connect to MongoDB database","service":"research-mgmt-api","timestamp":"2025-04-12 14:28:23.017"}
{"level":"info","message":"Attempting to connect to MongoDB...","service":"research-mgmt-api","timestamp":"2025-04-12 14:28:23.018"}
{"level":"info","message":"MongoDB Connected: ac-xdpuchx-shard-00-02.tvoe17p.mongodb.net","service":"research-mgmt-api","timestamp":"2025-04-12 14:28:23.688"}
{"level":"info","message":"✅ MongoDB connection established successfully","service":"research-mgmt-api","timestamp":"2025-04-12 14:28:23.689"}
{"level":"info","message":"🚀 Server running on port 300000 and accessible from all network interfaces","service":"research-mgmt-api","timestamp":"2025-04-12 14:28:23.693"}
{"level":"info","message":"HTTP GET /api/notifications/unread/count - 200 (0ms)","service":"research-mgmt-api","timestamp":"2025-04-12 14:28:24.388"}
{"level":"info","message":"HTTP GET /api/notifications/unread/count - 200 (0ms)","service":"research-mgmt-api","timestamp":"2025-04-12 14:28:24.390"}
{"level":"info","message":"JWT helper initialized","service":"research-mgmt-api","timestamp":"2025-04-12 14:28:39.039"}
{"adminRoutes":true,"authRoutes":true,"level":"info","message":"Route modules loaded:","service":"research-mgmt-api","studentRoutes":true,"supervisorRoutes":true,"timestamp":"2025-04-12 14:28:39.073"}
{"level":"info","message":"Registered API redirect from GET /notifications to GET /api/notifications","service":"research-mgmt-api","timestamp":"2025-04-12 14:28:39.086"}
{"level":"info","message":"Registered API redirect from GET /notifications/unread/count to GET /api/notifications/unread/count","service":"research-mgmt-api","timestamp":"2025-04-12 14:28:39.087"}
{"level":"info","message":"Registered API redirect from GET /user/profile to GET /api/user/profile","service":"research-mgmt-api","timestamp":"2025-04-12 14:28:39.087"}
{"level":"info","message":"Registered API redirect from GET /dashboard to GET /api/dashboard","service":"research-mgmt-api","timestamp":"2025-04-12 14:28:39.087"}
{"level":"info","message":"Registered API redirect from GET /calendar to GET /api/calendar","service":"research-mgmt-api","timestamp":"2025-04-12 14:28:39.087"}
{"level":"info","message":"Registered Team API redirect from GET /teams to GET /api/students/team/...","service":"research-mgmt-api","timestamp":"2025-04-12 14:28:39.087"}
{"level":"info","message":"Registered Team API redirect from GET /teams/my-team to GET /api/students/team/...","service":"research-mgmt-api","timestamp":"2025-04-12 14:28:39.087"}
{"level":"info","message":"Registered Team API redirect from GET /teams/:id to GET /api/students/team/...","service":"research-mgmt-api","timestamp":"2025-04-12 14:28:39.088"}
{"level":"info","message":"Registered Team API redirect from PUT /teams/:id to PUT /api/students/team/...","service":"research-mgmt-api","timestamp":"2025-04-12 14:28:39.088"}
{"level":"info","message":"Registered Team API redirect from DELETE /teams/:id to DELETE /api/students/team/...","service":"research-mgmt-api","timestamp":"2025-04-12 14:28:39.088"}
{"level":"info","message":"Registered Team API redirect from POST /teams/:id/invite to POST /api/students/team/...","service":"research-mgmt-api","timestamp":"2025-04-12 14:28:39.088"}
{"level":"info","message":"Registered Team API redirect from POST /teams/:id/leave to POST /api/students/team/...","service":"research-mgmt-api","timestamp":"2025-04-12 14:28:39.088"}
{"level":"info","message":"Registered Team API redirect from POST /teams/:id/remove-member to POST /api/students/team/...","service":"research-mgmt-api","timestamp":"2025-04-12 14:28:39.088"}
{"level":"info","message":"Registered Student Team API redirect from GET /api/student-teams to GET /api/students/team/...","service":"research-mgmt-api","timestamp":"2025-04-12 14:28:39.088"}
{"level":"info","message":"Registered Student Team API redirect from GET /api/student-teams/invitations to GET /api/students/team/...","service":"research-mgmt-api","timestamp":"2025-04-12 14:28:39.088"}
{"level":"info","message":"Registered Student Team API redirect from DELETE /api/student-teams/:id/leave to DELETE /api/students/team/...","service":"research-mgmt-api","timestamp":"2025-04-12 14:28:39.088"}
{"level":"info","message":"Registered API redirect from GET /projects to GET /api/projects","service":"research-mgmt-api","timestamp":"2025-04-12 14:28:39.088"}
{"level":"info","message":"Registered API redirect from POST /projects to POST /api/projects","service":"research-mgmt-api","timestamp":"2025-04-12 14:28:39.089"}
{"level":"info","message":"Registered API redirect from GET /sessions to GET /api/sessions","service":"research-mgmt-api","timestamp":"2025-04-12 14:28:39.089"}
{"level":"info","message":"Registered API redirect from POST /sessions to POST /api/sessions","service":"research-mgmt-api","timestamp":"2025-04-12 14:28:39.089"}
{"level":"info","message":"Registered API redirect from GET /messages to GET /api/messages","service":"research-mgmt-api","timestamp":"2025-04-12 14:28:39.089"}
{"level":"info","message":"Registered API redirect from POST /messages to POST /api/messages","service":"research-mgmt-api","timestamp":"2025-04-12 14:28:39.089"}
{"level":"info","message":"Registered API redirect from GET /projects/:id to GET /api/projects/:id","service":"research-mgmt-api","timestamp":"2025-04-12 14:28:39.089"}
{"level":"info","message":"Registered API redirect from PUT /projects/:id to PUT /api/projects/:id","service":"research-mgmt-api","timestamp":"2025-04-12 14:28:39.089"}
{"level":"info","message":"Registered API redirect from DELETE /projects/:id to DELETE /api/projects/:id","service":"research-mgmt-api","timestamp":"2025-04-12 14:28:39.089"}
{"level":"info","message":"Registered API redirect from GET /users/:id to GET /api/users/:id","service":"research-mgmt-api","timestamp":"2025-04-12 14:28:39.089"}
{"level":"info","message":"Registered API redirect from PUT /users/:id to PUT /api/users/:id","service":"research-mgmt-api","timestamp":"2025-04-12 14:28:39.089"}
{"level":"info","message":"Attempting to connect to MongoDB database","service":"research-mgmt-api","timestamp":"2025-04-12 14:28:39.089"}
{"level":"info","message":"Attempting to connect to MongoDB...","service":"research-mgmt-api","timestamp":"2025-04-12 14:28:39.090"}
{"level":"info","message":"MongoDB Connected: ac-xdpuchx-shard-00-00.tvoe17p.mongodb.net","service":"research-mgmt-api","timestamp":"2025-04-12 14:28:39.776"}
{"level":"info","message":"✅ MongoDB connection established successfully","service":"research-mgmt-api","timestamp":"2025-04-12 14:28:39.776"}
{"level":"info","message":"🚀 Server running on port 300000 and accessible from all network interfaces","service":"research-mgmt-api","timestamp":"2025-04-12 14:28:39.781"}
{"level":"info","message":"JWT helper initialized","service":"research-mgmt-api","timestamp":"2025-04-12 14:28:43.008"}
{"adminRoutes":true,"authRoutes":true,"level":"info","message":"Route modules loaded:","service":"research-mgmt-api","studentRoutes":true,"supervisorRoutes":true,"timestamp":"2025-04-12 14:28:43.042"}
{"level":"info","message":"Registered API redirect from GET /notifications to GET /api/notifications","service":"research-mgmt-api","timestamp":"2025-04-12 14:28:43.056"}
{"level":"info","message":"Registered API redirect from GET /notifications/unread/count to GET /api/notifications/unread/count","service":"research-mgmt-api","timestamp":"2025-04-12 14:28:43.056"}
{"level":"info","message":"Registered API redirect from GET /user/profile to GET /api/user/profile","service":"research-mgmt-api","timestamp":"2025-04-12 14:28:43.056"}
{"level":"info","message":"Registered API redirect from GET /dashboard to GET /api/dashboard","service":"research-mgmt-api","timestamp":"2025-04-12 14:28:43.056"}
{"level":"info","message":"Registered API redirect from GET /calendar to GET /api/calendar","service":"research-mgmt-api","timestamp":"2025-04-12 14:28:43.056"}
{"level":"info","message":"Registered Team API redirect from GET /teams to GET /api/student/team/... (or /api/students/team/...)","service":"research-mgmt-api","timestamp":"2025-04-12 14:28:43.056"}
{"level":"info","message":"Registered Team API redirect from GET /teams/my-team to GET /api/student/team/... (or /api/students/team/...)","service":"research-mgmt-api","timestamp":"2025-04-12 14:28:43.057"}
{"level":"info","message":"Registered Team API redirect from GET /teams/:id to GET /api/student/team/... (or /api/students/team/...)","service":"research-mgmt-api","timestamp":"2025-04-12 14:28:43.057"}
{"level":"info","message":"Registered Team API redirect from PUT /teams/:id to PUT /api/student/team/... (or /api/students/team/...)","service":"research-mgmt-api","timestamp":"2025-04-12 14:28:43.057"}
{"level":"info","message":"Registered Team API redirect from DELETE /teams/:id to DELETE /api/student/team/... (or /api/students/team/...)","service":"research-mgmt-api","timestamp":"2025-04-12 14:28:43.057"}
{"level":"info","message":"Registered Team API redirect from POST /teams/:id/invite to POST /api/student/team/... (or /api/students/team/...)","service":"research-mgmt-api","timestamp":"2025-04-12 14:28:43.057"}
{"level":"info","message":"Registered Team API redirect from POST /teams/:id/leave to POST /api/student/team/... (or /api/students/team/...)","service":"research-mgmt-api","timestamp":"2025-04-12 14:28:43.057"}
{"level":"info","message":"Registered Team API redirect from POST /teams/:id/remove-member to POST /api/student/team/... (or /api/students/team/...)","service":"research-mgmt-api","timestamp":"2025-04-12 14:28:43.057"}
{"level":"info","message":"Registered Student Team API redirect from GET /api/student-teams to GET /api/student/team/... (or /api/students/team/...)","service":"research-mgmt-api","timestamp":"2025-04-12 14:28:43.057"}
{"level":"info","message":"Registered Student Team API redirect from GET /api/student-teams/invitations to GET /api/student/team/... (or /api/students/team/...)","service":"research-mgmt-api","timestamp":"2025-04-12 14:28:43.057"}
{"level":"info","message":"Registered Student Team API redirect from DELETE /api/student-teams/:id/leave to DELETE /api/student/team/... (or /api/students/team/...)","service":"research-mgmt-api","timestamp":"2025-04-12 14:28:43.058"}
{"level":"info","message":"Registered API redirect from GET /projects to GET /api/projects","service":"research-mgmt-api","timestamp":"2025-04-12 14:28:43.058"}
{"level":"info","message":"Registered API redirect from POST /projects to POST /api/projects","service":"research-mgmt-api","timestamp":"2025-04-12 14:28:43.058"}
{"level":"info","message":"Registered API redirect from GET /sessions to GET /api/sessions","service":"research-mgmt-api","timestamp":"2025-04-12 14:28:43.058"}
{"level":"info","message":"Registered API redirect from POST /sessions to POST /api/sessions","service":"research-mgmt-api","timestamp":"2025-04-12 14:28:43.058"}
{"level":"info","message":"Registered API redirect from GET /messages to GET /api/messages","service":"research-mgmt-api","timestamp":"2025-04-12 14:28:43.058"}
{"level":"info","message":"Registered API redirect from POST /messages to POST /api/messages","service":"research-mgmt-api","timestamp":"2025-04-12 14:28:43.058"}
{"level":"info","message":"Registered API redirect from GET /projects/:id to GET /api/projects/:id","service":"research-mgmt-api","timestamp":"2025-04-12 14:28:43.058"}
{"level":"info","message":"Registered API redirect from PUT /projects/:id to PUT /api/projects/:id","service":"research-mgmt-api","timestamp":"2025-04-12 14:28:43.058"}
{"level":"info","message":"Registered API redirect from DELETE /projects/:id to DELETE /api/projects/:id","service":"research-mgmt-api","timestamp":"2025-04-12 14:28:43.058"}
{"level":"info","message":"Registered API redirect from GET /users/:id to GET /api/users/:id","service":"research-mgmt-api","timestamp":"2025-04-12 14:28:43.058"}
{"level":"info","message":"Registered API redirect from PUT /users/:id to PUT /api/users/:id","service":"research-mgmt-api","timestamp":"2025-04-12 14:28:43.058"}
{"level":"info","message":"Attempting to connect to MongoDB database","service":"research-mgmt-api","timestamp":"2025-04-12 14:28:43.059"}
{"level":"info","message":"Attempting to connect to MongoDB...","service":"research-mgmt-api","timestamp":"2025-04-12 14:28:43.059"}
{"level":"info","message":"MongoDB Connected: ac-xdpuchx-shard-00-02.tvoe17p.mongodb.net","service":"research-mgmt-api","timestamp":"2025-04-12 14:28:43.732"}
{"level":"info","message":"✅ MongoDB connection established successfully","service":"research-mgmt-api","timestamp":"2025-04-12 14:28:43.732"}
{"level":"info","message":"🚀 Server running on port 300000 and accessible from all network interfaces","service":"research-mgmt-api","timestamp":"2025-04-12 14:28:43.738"}
{"level":"info","message":"HTTP GET /api/notifications/unread/count - 200 (0ms)","service":"research-mgmt-api","timestamp":"2025-04-12 14:29:03.389"}
{"level":"info","message":"JWT helper initialized","service":"research-mgmt-api","timestamp":"2025-04-12 14:29:05.704"}
{"adminRoutes":true,"authRoutes":true,"level":"info","message":"Route modules loaded:","service":"research-mgmt-api","studentRoutes":true,"supervisorRoutes":true,"timestamp":"2025-04-12 14:29:05.738"}
{"level":"info","message":"Registered API redirect from GET /notifications to GET /api/notifications","service":"research-mgmt-api","timestamp":"2025-04-12 14:29:05.755"}
{"level":"info","message":"Registered API redirect from GET /notifications/unread/count to GET /api/notifications/unread/count","service":"research-mgmt-api","timestamp":"2025-04-12 14:29:05.755"}
{"level":"info","message":"Registered API redirect from GET /user/profile to GET /api/user/profile","service":"research-mgmt-api","timestamp":"2025-04-12 14:29:05.755"}
{"level":"info","message":"Registered API redirect from GET /dashboard to GET /api/dashboard","service":"research-mgmt-api","timestamp":"2025-04-12 14:29:05.755"}
{"level":"info","message":"Registered API redirect from GET /calendar to GET /api/calendar","service":"research-mgmt-api","timestamp":"2025-04-12 14:29:05.756"}
{"level":"info","message":"Registered Team API redirect from GET /teams to GET /api/student/team/... (or /api/students/team/...)","service":"research-mgmt-api","timestamp":"2025-04-12 14:29:05.756"}
{"level":"info","message":"Registered Team API redirect from GET /teams/my-team to GET /api/student/team/... (or /api/students/team/...)","service":"research-mgmt-api","timestamp":"2025-04-12 14:29:05.756"}
{"level":"info","message":"Registered Team API redirect from GET /teams/:id to GET /api/student/team/... (or /api/students/team/...)","service":"research-mgmt-api","timestamp":"2025-04-12 14:29:05.756"}
{"level":"info","message":"Registered Team API redirect from PUT /teams/:id to PUT /api/student/team/... (or /api/students/team/...)","service":"research-mgmt-api","timestamp":"2025-04-12 14:29:05.756"}
{"level":"info","message":"Registered Team API redirect from DELETE /teams/:id to DELETE /api/student/team/... (or /api/students/team/...)","service":"research-mgmt-api","timestamp":"2025-04-12 14:29:05.756"}
{"level":"info","message":"Registered Team API redirect from POST /teams/:id/invite to POST /api/student/team/... (or /api/students/team/...)","service":"research-mgmt-api","timestamp":"2025-04-12 14:29:05.756"}
{"level":"info","message":"Registered Team API redirect from POST /teams/:id/leave to POST /api/student/team/... (or /api/students/team/...)","service":"research-mgmt-api","timestamp":"2025-04-12 14:29:05.756"}
{"level":"info","message":"Registered Team API redirect from POST /teams/:id/remove-member to POST /api/student/team/... (or /api/students/team/...)","service":"research-mgmt-api","timestamp":"2025-04-12 14:29:05.757"}
{"level":"info","message":"Registered Student Team API redirect from GET /api/student-teams to GET /api/student/team/... (or /api/students/team/...)","service":"research-mgmt-api","timestamp":"2025-04-12 14:29:05.757"}
{"level":"info","message":"Registered Student Team API redirect from GET /api/student-teams/invitations to GET /api/student/team/... (or /api/students/team/...)","service":"research-mgmt-api","timestamp":"2025-04-12 14:29:05.757"}
{"level":"info","message":"Registered Student Team API redirect from DELETE /api/student-teams/:id/leave to DELETE /api/student/team/... (or /api/students/team/...)","service":"research-mgmt-api","timestamp":"2025-04-12 14:29:05.757"}
{"level":"info","message":"Registered API redirect from GET /projects to GET /api/projects","service":"research-mgmt-api","timestamp":"2025-04-12 14:29:05.757"}
{"level":"info","message":"Registered API redirect from POST /projects to POST /api/projects","service":"research-mgmt-api","timestamp":"2025-04-12 14:29:05.757"}
{"level":"info","message":"Registered API redirect from GET /sessions to GET /api/sessions","service":"research-mgmt-api","timestamp":"2025-04-12 14:29:05.757"}
{"level":"info","message":"Registered API redirect from POST /sessions to POST /api/sessions","service":"research-mgmt-api","timestamp":"2025-04-12 14:29:05.757"}
{"level":"info","message":"Registered API redirect from GET /messages to GET /api/messages","service":"research-mgmt-api","timestamp":"2025-04-12 14:29:05.757"}
{"level":"info","message":"Registered API redirect from POST /messages to POST /api/messages","service":"research-mgmt-api","timestamp":"2025-04-12 14:29:05.757"}
{"level":"info","message":"Registered API redirect from GET /projects/:id to GET /api/projects/:id","service":"research-mgmt-api","timestamp":"2025-04-12 14:29:05.757"}
{"level":"info","message":"Registered API redirect from PUT /projects/:id to PUT /api/projects/:id","service":"research-mgmt-api","timestamp":"2025-04-12 14:29:05.758"}
{"level":"info","message":"Registered API redirect from DELETE /projects/:id to DELETE /api/projects/:id","service":"research-mgmt-api","timestamp":"2025-04-12 14:29:05.758"}
{"level":"info","message":"Registered API redirect from GET /users/:id to GET /api/users/:id","service":"research-mgmt-api","timestamp":"2025-04-12 14:29:05.758"}
{"level":"info","message":"Registered API redirect from PUT /users/:id to PUT /api/users/:id","service":"research-mgmt-api","timestamp":"2025-04-12 14:29:05.758"}
{"level":"info","message":"Attempting to connect to MongoDB database","service":"research-mgmt-api","timestamp":"2025-04-12 14:29:05.758"}
{"level":"info","message":"Attempting to connect to MongoDB...","service":"research-mgmt-api","timestamp":"2025-04-12 14:29:05.758"}
{"level":"warn","message":"MongoDB disconnected","service":"research-mgmt-api","timestamp":"2025-04-12 14:29:11.052"}
{"level":"info","message":"MongoDB reconnected successfully","service":"research-mgmt-api","timestamp":"2025-04-12 14:29:11.054"}
{"level":"info","message":"MongoDB Connected: ac-xdpuchx-shard-00-02.tvoe17p.mongodb.net","service":"research-mgmt-api","timestamp":"2025-04-12 14:29:11.401"}
{"level":"info","message":"✅ MongoDB connection established successfully","service":"research-mgmt-api","timestamp":"2025-04-12 14:29:11.401"}
{"level":"info","message":"🚀 Server running on port 300000 and accessible from all network interfaces","service":"research-mgmt-api","timestamp":"2025-04-12 14:29:11.405"}
{"level":"info","message":"JWT helper initialized","service":"research-mgmt-api","timestamp":"2025-04-12 14:29:20.780"}
{"adminRoutes":true,"authRoutes":true,"level":"info","message":"Route modules loaded:","service":"research-mgmt-api","studentRoutes":true,"supervisorRoutes":true,"timestamp":"2025-04-12 14:29:20.816"}
{"level":"info","message":"Registered API redirect from GET /notifications to GET /api/notifications","service":"research-mgmt-api","timestamp":"2025-04-12 14:29:20.832"}
{"level":"info","message":"Registered API redirect from GET /notifications/unread/count to GET /api/notifications/unread/count","service":"research-mgmt-api","timestamp":"2025-04-12 14:29:20.832"}
{"level":"info","message":"Registered API redirect from GET /user/profile to GET /api/user/profile","service":"research-mgmt-api","timestamp":"2025-04-12 14:29:20.833"}
{"level":"info","message":"Registered API redirect from GET /dashboard to GET /api/dashboard","service":"research-mgmt-api","timestamp":"2025-04-12 14:29:20.833"}
{"level":"info","message":"Registered API redirect from GET /calendar to GET /api/calendar","service":"research-mgmt-api","timestamp":"2025-04-12 14:29:20.833"}
{"level":"info","message":"Registered Team API redirect from GET /teams to GET /api/student/team/... (or /api/students/team/...)","service":"research-mgmt-api","timestamp":"2025-04-12 14:29:20.833"}
{"level":"info","message":"Registered Team API redirect from GET /teams/my-team to GET /api/student/team/... (or /api/students/team/...)","service":"research-mgmt-api","timestamp":"2025-04-12 14:29:20.833"}
{"level":"info","message":"Registered Team API redirect from GET /teams/:id to GET /api/student/team/... (or /api/students/team/...)","service":"research-mgmt-api","timestamp":"2025-04-12 14:29:20.834"}
{"level":"info","message":"Registered Team API redirect from PUT /teams/:id to PUT /api/student/team/... (or /api/students/team/...)","service":"research-mgmt-api","timestamp":"2025-04-12 14:29:20.834"}
{"level":"info","message":"Registered Team API redirect from DELETE /teams/:id to DELETE /api/student/team/... (or /api/students/team/...)","service":"research-mgmt-api","timestamp":"2025-04-12 14:29:20.834"}
{"level":"info","message":"Registered Team API redirect from POST /teams/:id/invite to POST /api/student/team/... (or /api/students/team/...)","service":"research-mgmt-api","timestamp":"2025-04-12 14:29:20.834"}
{"level":"info","message":"Registered Team API redirect from POST /teams/:id/leave to POST /api/student/team/... (or /api/students/team/...)","service":"research-mgmt-api","timestamp":"2025-04-12 14:29:20.834"}
{"level":"info","message":"Registered Team API redirect from POST /teams/:id/remove-member to POST /api/student/team/... (or /api/students/team/...)","service":"research-mgmt-api","timestamp":"2025-04-12 14:29:20.834"}
{"level":"info","message":"Registered Student Team API redirect from GET /api/student-teams to GET /api/student/team/... (or /api/students/team/...)","service":"research-mgmt-api","timestamp":"2025-04-12 14:29:20.834"}
{"level":"info","message":"Registered Student Team API redirect from GET /api/student-teams/invitations to GET /api/student/team/... (or /api/students/team/...)","service":"research-mgmt-api","timestamp":"2025-04-12 14:29:20.834"}
{"level":"info","message":"Registered Student Team API redirect from DELETE /api/student-teams/:id/leave to DELETE /api/student/team/... (or /api/students/team/...)","service":"research-mgmt-api","timestamp":"2025-04-12 14:29:20.835"}
{"level":"info","message":"Registered API redirect from GET /projects to GET /api/projects","service":"research-mgmt-api","timestamp":"2025-04-12 14:29:20.835"}
{"level":"info","message":"Registered API redirect from POST /projects to POST /api/projects","service":"research-mgmt-api","timestamp":"2025-04-12 14:29:20.835"}
{"level":"info","message":"Registered API redirect from GET /sessions to GET /api/sessions","service":"research-mgmt-api","timestamp":"2025-04-12 14:29:20.835"}
{"level":"info","message":"Registered API redirect from POST /sessions to POST /api/sessions","service":"research-mgmt-api","timestamp":"2025-04-12 14:29:20.835"}
{"level":"info","message":"Registered API redirect from GET /messages to GET /api/messages","service":"research-mgmt-api","timestamp":"2025-04-12 14:29:20.835"}
{"level":"info","message":"Registered API redirect from POST /messages to POST /api/messages","service":"research-mgmt-api","timestamp":"2025-04-12 14:29:20.835"}
{"level":"info","message":"Registered API redirect from GET /projects/:id to GET /api/projects/:id","service":"research-mgmt-api","timestamp":"2025-04-12 14:29:20.835"}
{"level":"info","message":"Registered API redirect from PUT /projects/:id to PUT /api/projects/:id","service":"research-mgmt-api","timestamp":"2025-04-12 14:29:20.835"}
{"level":"info","message":"Registered API redirect from DELETE /projects/:id to DELETE /api/projects/:id","service":"research-mgmt-api","timestamp":"2025-04-12 14:29:20.835"}
{"level":"info","message":"Registered API redirect from GET /users/:id to GET /api/users/:id","service":"research-mgmt-api","timestamp":"2025-04-12 14:29:20.835"}
{"level":"info","message":"Registered API redirect from PUT /users/:id to PUT /api/users/:id","service":"research-mgmt-api","timestamp":"2025-04-12 14:29:20.835"}
{"level":"info","message":"Attempting to connect to MongoDB database","service":"research-mgmt-api","timestamp":"2025-04-12 14:29:20.836"}
{"level":"info","message":"Attempting to connect to MongoDB...","service":"research-mgmt-api","timestamp":"2025-04-12 14:29:20.836"}
{"level":"info","message":"MongoDB Connected: ac-xdpuchx-shard-00-01.tvoe17p.mongodb.net","service":"research-mgmt-api","timestamp":"2025-04-12 14:29:21.491"}
{"level":"info","message":"✅ MongoDB connection established successfully","service":"research-mgmt-api","timestamp":"2025-04-12 14:29:21.491"}
{"level":"info","message":"🚀 Server running on port 300000 and accessible from all network interfaces","service":"research-mgmt-api","timestamp":"2025-04-12 14:29:21.495"}
{"level":"info","message":"HTTP GET /api/notifications/unread/count - 200 (0ms)","service":"research-mgmt-api","timestamp":"2025-04-12 14:29:50.390"}
{"level":"info","message":"HTTP GET /api/notifications/unread/count - 200 (0ms)","service":"research-mgmt-api","timestamp":"2025-04-12 14:29:50.391"}
{"level":"info","message":"HTTP GET /api/notifications - 200 (0ms)","service":"research-mgmt-api","timestamp":"2025-04-12 14:29:50.395"}
{"level":"info","message":"HTTP GET /api/notifications - 200 (0ms)","service":"research-mgmt-api","timestamp":"2025-04-12 14:29:50.397"}
{"level":"info","message":"HTTP GET /api/notifications/unread/count - 200 (0ms)","service":"research-mgmt-api","timestamp":"2025-04-12 14:30:50.384"}
{"level":"info","message":"HTTP GET /api/notifications/unread/count - 200 (0ms)","service":"research-mgmt-api","timestamp":"2025-04-12 14:30:50.385"}
{"level":"info","message":"HTTP GET /api/notifications/unread/count - 200 (0ms)","service":"research-mgmt-api","timestamp":"2025-04-12 14:30:50.385"}
{"level":"info","message":"HTTP GET /api/notifications - 200 (0ms)","service":"research-mgmt-api","timestamp":"2025-04-12 14:30:50.391"}
{"level":"info","message":"HTTP GET /api/notifications/unread/count - 200 (0ms)","service":"research-mgmt-api","timestamp":"2025-04-12 14:31:50.384"}
{"level":"info","message":"HTTP GET /api/notifications/unread/count - 200 (0ms)","service":"research-mgmt-api","timestamp":"2025-04-12 14:31:50.385"}
{"level":"info","message":"HTTP GET /api/notifications/unread/count - 200 (0ms)","service":"research-mgmt-api","timestamp":"2025-04-12 14:31:50.385"}
{"level":"info","message":"HTTP GET /api/notifications/unread/count - 200 (0ms)","service":"research-mgmt-api","timestamp":"2025-04-12 14:32:50.384"}
{"level":"info","message":"HTTP GET /api/notifications/unread/count - 200 (0ms)","service":"research-mgmt-api","timestamp":"2025-04-12 14:32:50.391"}
{"level":"info","message":"HTTP GET /api/notifications/unread/count - 200 (0ms)","service":"research-mgmt-api","timestamp":"2025-04-12 14:32:50.392"}
{"level":"info","message":"HTTP GET /api/notifications/unread/count - 200 (0ms)","service":"research-mgmt-api","timestamp":"2025-04-12 14:33:50.384"}
{"level":"info","message":"HTTP GET /api/notifications/unread/count - 200 (0ms)","service":"research-mgmt-api","timestamp":"2025-04-12 14:33:50.385"}
{"level":"info","message":"HTTP GET /api/notifications/unread/count - 200 (0ms)","service":"research-mgmt-api","timestamp":"2025-04-12 14:33:50.385"}
{"external":"29 MB","heapTotal":"32 MB","heapUsed":"53 MB","level":"info","message":"Memory usage stats:","rss":"217 MB","service":"research-mgmt-api","timestamp":"2025-04-12 14:34:20.843"}
{"level":"info","message":"HTTP GET /api/notifications/unread/count - 200 (0ms)","service":"research-mgmt-api","timestamp":"2025-04-12 14:34:50.384"}
{"level":"info","message":"HTTP GET /api/notifications/unread/count - 200 (0ms)","service":"research-mgmt-api","timestamp":"2025-04-12 14:34:50.385"}
{"level":"info","message":"HTTP GET /api/notifications/unread/count - 200 (0ms)","service":"research-mgmt-api","timestamp":"2025-04-12 14:34:50.385"}
{"level":"info","message":"HTTP GET /api/notifications - 200 (0ms)","service":"research-mgmt-api","timestamp":"2025-04-12 14:34:50.389"}
{"level":"info","message":"HTTP GET /api/notifications - 200 (0ms)","service":"research-mgmt-api","timestamp":"2025-04-12 14:34:50.390"}
{"level":"info","message":"HTTP GET /api/notifications/unread/count - 200 (0ms)","service":"research-mgmt-api","timestamp":"2025-04-12 14:35:50.385"}
{"level":"info","message":"HTTP GET /api/notifications/unread/count - 200 (0ms)","service":"research-mgmt-api","timestamp":"2025-04-12 14:35:50.386"}
{"level":"info","message":"HTTP GET /api/notifications/unread/count - 200 (0ms)","service":"research-mgmt-api","timestamp":"2025-04-12 14:35:50.387"}
{"level":"info","message":"HTTP GET /api/notifications - 200 (0ms)","service":"research-mgmt-api","timestamp":"2025-04-12 14:35:50.391"}
{"level":"warn","message":"Unauthorized access attempt (no/invalid Authorization header): /api/student/team","service":"research-mgmt-api","timestamp":"2025-04-12 14:36:19.284"}
{"level":"error","message":"HTTP GET /api/student/team - 404 (0ms) Error: Route not found","service":"research-mgmt-api","timestamp":"2025-04-12 14:36:19.285"}
{"level":"info","message":"HTTP GET /api/notifications/unread/count - 200 (0ms)","service":"research-mgmt-api","timestamp":"2025-04-12 14:36:50.385"}
{"level":"info","message":"HTTP GET /api/notifications/unread/count - 200 (0ms)","service":"research-mgmt-api","timestamp":"2025-04-12 14:36:50.386"}
{"level":"info","message":"HTTP GET /api/notifications/unread/count - 200 (0ms)","service":"research-mgmt-api","timestamp":"2025-04-12 14:36:50.387"}
{"level":"info","message":"JWT helper initialized","service":"research-mgmt-api","timestamp":"2025-04-12 14:37:49.034"}
{"adminRoutes":true,"authRoutes":true,"level":"info","message":"Route modules loaded:","service":"research-mgmt-api","studentRoutes":true,"supervisorRoutes":true,"timestamp":"2025-04-12 14:37:49.068"}
{"level":"info","message":"Registered API redirect from GET /notifications to GET /api/notifications","service":"research-mgmt-api","timestamp":"2025-04-12 14:37:49.083"}
{"level":"info","message":"Registered API redirect from GET /notifications/unread/count to GET /api/notifications/unread/count","service":"research-mgmt-api","timestamp":"2025-04-12 14:37:49.083"}
{"level":"info","message":"Registered API redirect from GET /user/profile to GET /api/user/profile","service":"research-mgmt-api","timestamp":"2025-04-12 14:37:49.083"}
{"level":"info","message":"Registered API redirect from GET /dashboard to GET /api/dashboard","service":"research-mgmt-api","timestamp":"2025-04-12 14:37:49.084"}
{"level":"info","message":"Registered API redirect from GET /calendar to GET /api/calendar","service":"research-mgmt-api","timestamp":"2025-04-12 14:37:49.084"}
{"level":"info","message":"Registered Team API redirect from GET /teams to GET /api/student/team/... (or /api/students/team/...)","service":"research-mgmt-api","timestamp":"2025-04-12 14:37:49.084"}
{"level":"info","message":"Registered Team API redirect from GET /teams/my-team to GET /api/student/team/... (or /api/students/team/...)","service":"research-mgmt-api","timestamp":"2025-04-12 14:37:49.084"}
{"level":"info","message":"Registered Team API redirect from GET /teams/:id to GET /api/student/team/... (or /api/students/team/...)","service":"research-mgmt-api","timestamp":"2025-04-12 14:37:49.084"}
{"level":"info","message":"Registered Team API redirect from PUT /teams/:id to PUT /api/student/team/... (or /api/students/team/...)","service":"research-mgmt-api","timestamp":"2025-04-12 14:37:49.084"}
{"level":"info","message":"Registered Team API redirect from DELETE /teams/:id to DELETE /api/student/team/... (or /api/students/team/...)","service":"research-mgmt-api","timestamp":"2025-04-12 14:37:49.084"}
{"level":"info","message":"Registered Team API redirect from POST /teams/:id/invite to POST /api/student/team/... (or /api/students/team/...)","service":"research-mgmt-api","timestamp":"2025-04-12 14:37:49.085"}
{"level":"info","message":"Registered Team API redirect from POST /teams/:id/leave to POST /api/student/team/... (or /api/students/team/...)","service":"research-mgmt-api","timestamp":"2025-04-12 14:37:49.085"}
{"level":"info","message":"Registered Team API redirect from POST /teams/:id/remove-member to POST /api/student/team/... (or /api/students/team/...)","service":"research-mgmt-api","timestamp":"2025-04-12 14:37:49.085"}
{"level":"info","message":"Registered Student Team API redirect from GET /api/student-teams to GET /api/student/team/... (or /api/students/team/...)","service":"research-mgmt-api","timestamp":"2025-04-12 14:37:49.085"}
{"level":"info","message":"Registered Student Team API redirect from GET /api/student-teams/invitations to GET /api/student/team/... (or /api/students/team/...)","service":"research-mgmt-api","timestamp":"2025-04-12 14:37:49.085"}
{"level":"info","message":"Registered Student Team API redirect from DELETE /api/student-teams/:id/leave to DELETE /api/student/team/... (or /api/students/team/...)","service":"research-mgmt-api","timestamp":"2025-04-12 14:37:49.085"}
{"level":"info","message":"Registered API redirect from GET /projects to GET /api/projects","service":"research-mgmt-api","timestamp":"2025-04-12 14:37:49.085"}
{"level":"info","message":"Registered API redirect from POST /projects to POST /api/projects","service":"research-mgmt-api","timestamp":"2025-04-12 14:37:49.085"}
{"level":"info","message":"Registered API redirect from GET /sessions to GET /api/sessions","service":"research-mgmt-api","timestamp":"2025-04-12 14:37:49.085"}
{"level":"info","message":"Registered API redirect from POST /sessions to POST /api/sessions","service":"research-mgmt-api","timestamp":"2025-04-12 14:37:49.085"}
{"level":"info","message":"Registered API redirect from GET /messages to GET /api/messages","service":"research-mgmt-api","timestamp":"2025-04-12 14:37:49.085"}
{"level":"info","message":"Registered API redirect from POST /messages to POST /api/messages","service":"research-mgmt-api","timestamp":"2025-04-12 14:37:49.086"}
{"level":"info","message":"Registered API redirect from GET /projects/:id to GET /api/projects/:id","service":"research-mgmt-api","timestamp":"2025-04-12 14:37:49.086"}
{"level":"info","message":"Registered API redirect from PUT /projects/:id to PUT /api/projects/:id","service":"research-mgmt-api","timestamp":"2025-04-12 14:37:49.086"}
{"level":"info","message":"Registered API redirect from DELETE /projects/:id to DELETE /api/projects/:id","service":"research-mgmt-api","timestamp":"2025-04-12 14:37:49.086"}
{"level":"info","message":"Registered API redirect from GET /users/:id to GET /api/users/:id","service":"research-mgmt-api","timestamp":"2025-04-12 14:37:49.086"}
{"level":"info","message":"Registered API redirect from PUT /users/:id to PUT /api/users/:id","service":"research-mgmt-api","timestamp":"2025-04-12 14:37:49.086"}
{"level":"info","message":"Attempting to connect to MongoDB database","service":"research-mgmt-api","timestamp":"2025-04-12 14:37:49.086"}
{"level":"info","message":"Attempting to connect to MongoDB...","service":"research-mgmt-api","timestamp":"2025-04-12 14:37:49.086"}
{"level":"info","message":"MongoDB Connected: ac-xdpuchx-shard-00-01.tvoe17p.mongodb.net","service":"research-mgmt-api","timestamp":"2025-04-12 14:37:50.190"}
{"level":"info","message":"✅ MongoDB connection established successfully","service":"research-mgmt-api","timestamp":"2025-04-12 14:37:50.190"}
{"level":"info","message":"🚀 Server running on port 300000 and accessible from all network interfaces","service":"research-mgmt-api","timestamp":"2025-04-12 14:37:50.194"}
{"level":"info","message":"HTTP GET /api/notifications/unread/count - 200 (0ms)","service":"research-mgmt-api","timestamp":"2025-04-12 14:37:50.389"}
{"level":"info","message":"HTTP GET /api/notifications/unread/count - 200 (0ms)","service":"research-mgmt-api","timestamp":"2025-04-12 14:37:50.392"}
{"level":"info","message":"HTTP GET /api/notifications/unread/count - 200 (0ms)","service":"research-mgmt-api","timestamp":"2025-04-12 14:37:50.393"}
{"level":"info","message":"JWT helper initialized","service":"research-mgmt-api","timestamp":"2025-04-12 14:37:52.568"}
{"adminRoutes":true,"authRoutes":true,"level":"info","message":"Route modules loaded:","service":"research-mgmt-api","studentRoutes":true,"supervisorRoutes":true,"timestamp":"2025-04-12 14:37:52.601"}
{"level":"info","message":"Registered API redirect from GET /notifications to GET /api/notifications","service":"research-mgmt-api","timestamp":"2025-04-12 14:37:52.617"}
{"level":"info","message":"Registered API redirect from GET /notifications/unread/count to GET /api/notifications/unread/count","service":"research-mgmt-api","timestamp":"2025-04-12 14:37:52.617"}
{"level":"info","message":"Registered API redirect from GET /user/profile to GET /api/user/profile","service":"research-mgmt-api","timestamp":"2025-04-12 14:37:52.617"}
{"level":"info","message":"Registered API redirect from GET /dashboard to GET /api/dashboard","service":"research-mgmt-api","timestamp":"2025-04-12 14:37:52.617"}
{"level":"info","message":"Registered API redirect from GET /calendar to GET /api/calendar","service":"research-mgmt-api","timestamp":"2025-04-12 14:37:52.618"}
{"level":"info","message":"Registered Team API redirect from GET /teams to GET /api/student/team/... (or /api/students/team/...)","service":"research-mgmt-api","timestamp":"2025-04-12 14:37:52.618"}
{"level":"info","message":"Registered Team API redirect from GET /teams/my-team to GET /api/student/team/... (or /api/students/team/...)","service":"research-mgmt-api","timestamp":"2025-04-12 14:37:52.618"}
{"level":"info","message":"Registered Team API redirect from GET /teams/:id to GET /api/student/team/... (or /api/students/team/...)","service":"research-mgmt-api","timestamp":"2025-04-12 14:37:52.618"}
{"level":"info","message":"Registered Team API redirect from PUT /teams/:id to PUT /api/student/team/... (or /api/students/team/...)","service":"research-mgmt-api","timestamp":"2025-04-12 14:37:52.618"}
{"level":"info","message":"Registered Team API redirect from DELETE /teams/:id to DELETE /api/student/team/... (or /api/students/team/...)","service":"research-mgmt-api","timestamp":"2025-04-12 14:37:52.618"}
{"level":"info","message":"Registered Team API redirect from POST /teams/:id/invite to POST /api/student/team/... (or /api/students/team/...)","service":"research-mgmt-api","timestamp":"2025-04-12 14:37:52.618"}
{"level":"info","message":"Registered Team API redirect from POST /teams/:id/leave to POST /api/student/team/... (or /api/students/team/...)","service":"research-mgmt-api","timestamp":"2025-04-12 14:37:52.618"}
{"level":"info","message":"Registered Team API redirect from POST /teams/:id/remove-member to POST /api/student/team/... (or /api/students/team/...)","service":"research-mgmt-api","timestamp":"2025-04-12 14:37:52.619"}
{"level":"info","message":"Registered Student Team API redirect from GET /api/student-teams to GET /api/student/team/... (or /api/students/team/...)","service":"research-mgmt-api","timestamp":"2025-04-12 14:37:52.619"}
{"level":"info","message":"Registered Student Team API redirect from GET /api/student-teams/invitations to GET /api/student/team/... (or /api/students/team/...)","service":"research-mgmt-api","timestamp":"2025-04-12 14:37:52.619"}
{"level":"info","message":"Registered Student Team API redirect from DELETE /api/student-teams/:id/leave to DELETE /api/student/team/... (or /api/students/team/...)","service":"research-mgmt-api","timestamp":"2025-04-12 14:37:52.619"}
{"level":"info","message":"Registered API redirect from GET /projects to GET /api/projects","service":"research-mgmt-api","timestamp":"2025-04-12 14:37:52.619"}
{"level":"info","message":"Registered API redirect from POST /projects to POST /api/projects","service":"research-mgmt-api","timestamp":"2025-04-12 14:37:52.619"}
{"level":"info","message":"Registered API redirect from GET /sessions to GET /api/sessions","service":"research-mgmt-api","timestamp":"2025-04-12 14:37:52.619"}
{"level":"info","message":"Registered API redirect from POST /sessions to POST /api/sessions","service":"research-mgmt-api","timestamp":"2025-04-12 14:37:52.619"}
{"level":"info","message":"Registered API redirect from GET /messages to GET /api/messages","service":"research-mgmt-api","timestamp":"2025-04-12 14:37:52.619"}
{"level":"info","message":"Registered API redirect from POST /messages to POST /api/messages","service":"research-mgmt-api","timestamp":"2025-04-12 14:37:52.619"}
{"level":"info","message":"Registered API redirect from GET /projects/:id to GET /api/projects/:id","service":"research-mgmt-api","timestamp":"2025-04-12 14:37:52.619"}
{"level":"info","message":"Registered API redirect from PUT /projects/:id to PUT /api/projects/:id","service":"research-mgmt-api","timestamp":"2025-04-12 14:37:52.619"}
{"level":"info","message":"Registered API redirect from DELETE /projects/:id to DELETE /api/projects/:id","service":"research-mgmt-api","timestamp":"2025-04-12 14:37:52.620"}
{"level":"info","message":"Registered API redirect from GET /users/:id to GET /api/users/:id","service":"research-mgmt-api","timestamp":"2025-04-12 14:37:52.620"}
{"level":"info","message":"Registered API redirect from PUT /users/:id to PUT /api/users/:id","service":"research-mgmt-api","timestamp":"2025-04-12 14:37:52.620"}
{"level":"info","message":"Attempting to connect to MongoDB database","service":"research-mgmt-api","timestamp":"2025-04-12 14:37:52.620"}
{"level":"info","message":"Attempting to connect to MongoDB...","service":"research-mgmt-api","timestamp":"2025-04-12 14:37:52.620"}
{"level":"info","message":"MongoDB Connected: ac-xdpuchx-shard-00-01.tvoe17p.mongodb.net","service":"research-mgmt-api","timestamp":"2025-04-12 14:37:53.582"}
{"level":"info","message":"✅ MongoDB connection established successfully","service":"research-mgmt-api","timestamp":"2025-04-12 14:37:53.583"}
{"level":"info","message":"🚀 Server running on port 300000 and accessible from all network interfaces","service":"research-mgmt-api","timestamp":"2025-04-12 14:37:53.588"}
{"level":"info","message":"HTTP GET /api/notifications/unread/count - 200 (0ms)","service":"research-mgmt-api","timestamp":"2025-04-12 14:38:50.396"}
{"level":"info","message":"HTTP GET /api/notifications/unread/count - 200 (0ms)","service":"research-mgmt-api","timestamp":"2025-04-12 14:38:50.398"}
{"level":"info","message":"HTTP GET /api/notifications/unread/count - 200 (0ms)","service":"research-mgmt-api","timestamp":"2025-04-12 14:38:50.400"}
{"level":"info","message":"JWT helper initialized","service":"research-mgmt-api","timestamp":"2025-04-12 14:39:24.934"}
{"adminRoutes":true,"authRoutes":true,"level":"info","message":"Route modules loaded:","service":"research-mgmt-api","studentRoutes":true,"supervisorRoutes":true,"timestamp":"2025-04-12 14:39:24.969"}
{"level":"info","message":"Registered API redirect from GET /notifications to GET /api/notifications","service":"research-mgmt-api","timestamp":"2025-04-12 14:39:24.985"}
{"level":"info","message":"Registered API redirect from GET /notifications/unread/count to GET /api/notifications/unread/count","service":"research-mgmt-api","timestamp":"2025-04-12 14:39:24.986"}
{"level":"info","message":"Registered API redirect from GET /user/profile to GET /api/user/profile","service":"research-mgmt-api","timestamp":"2025-04-12 14:39:24.986"}
{"level":"info","message":"Registered API redirect from GET /dashboard to GET /api/dashboard","service":"research-mgmt-api","timestamp":"2025-04-12 14:39:24.986"}
{"level":"info","message":"Registered API redirect from GET /calendar to GET /api/calendar","service":"research-mgmt-api","timestamp":"2025-04-12 14:39:24.986"}
{"level":"info","message":"Registered Team API redirect from GET /teams to GET /api/student/team/... (or /api/students/team/...)","service":"research-mgmt-api","timestamp":"2025-04-12 14:39:24.986"}
{"level":"info","message":"Registered Team API redirect from GET /teams/my-team to GET /api/student/team/... (or /api/students/team/...)","service":"research-mgmt-api","timestamp":"2025-04-12 14:39:24.986"}
{"level":"info","message":"Registered Team API redirect from GET /teams/:id to GET /api/student/team/... (or /api/students/team/...)","service":"research-mgmt-api","timestamp":"2025-04-12 14:39:24.986"}
{"level":"info","message":"Registered Team API redirect from PUT /teams/:id to PUT /api/student/team/... (or /api/students/team/...)","service":"research-mgmt-api","timestamp":"2025-04-12 14:39:24.987"}
{"level":"info","message":"Registered Team API redirect from DELETE /teams/:id to DELETE /api/student/team/... (or /api/students/team/...)","service":"research-mgmt-api","timestamp":"2025-04-12 14:39:24.987"}
{"level":"info","message":"Registered Team API redirect from POST /teams/:id/invite to POST /api/student/team/... (or /api/students/team/...)","service":"research-mgmt-api","timestamp":"2025-04-12 14:39:24.987"}
{"level":"info","message":"Registered Team API redirect from POST /teams/:id/leave to POST /api/student/team/... (or /api/students/team/...)","service":"research-mgmt-api","timestamp":"2025-04-12 14:39:24.987"}
{"level":"info","message":"Registered Team API redirect from POST /teams/:id/remove-member to POST /api/student/team/... (or /api/students/team/...)","service":"research-mgmt-api","timestamp":"2025-04-12 14:39:24.987"}
{"level":"info","message":"Registered Student Team API redirect from GET /api/student-teams to GET /api/student/team/... (or /api/students/team/...)","service":"research-mgmt-api","timestamp":"2025-04-12 14:39:24.987"}
{"level":"info","message":"Registered Student Team API redirect from GET /api/student-teams/invitations to GET /api/student/team/... (or /api/students/team/...)","service":"research-mgmt-api","timestamp":"2025-04-12 14:39:24.987"}
{"level":"info","message":"Registered Student Team API redirect from DELETE /api/student-teams/:id/leave to DELETE /api/student/team/... (or /api/students/team/...)","service":"research-mgmt-api","timestamp":"2025-04-12 14:39:24.987"}
{"level":"info","message":"Registered API redirect from GET /projects to GET /api/projects","service":"research-mgmt-api","timestamp":"2025-04-12 14:39:24.987"}
{"level":"info","message":"Registered API redirect from POST /projects to POST /api/projects","service":"research-mgmt-api","timestamp":"2025-04-12 14:39:24.987"}
{"level":"info","message":"Registered API redirect from GET /sessions to GET /api/sessions","service":"research-mgmt-api","timestamp":"2025-04-12 14:39:24.988"}
{"level":"info","message":"Registered API redirect from POST /sessions to POST /api/sessions","service":"research-mgmt-api","timestamp":"2025-04-12 14:39:24.988"}
{"level":"info","message":"Registered API redirect from GET /messages to GET /api/messages","service":"research-mgmt-api","timestamp":"2025-04-12 14:39:24.988"}
{"level":"info","message":"Registered API redirect from POST /messages to POST /api/messages","service":"research-mgmt-api","timestamp":"2025-04-12 14:39:24.988"}
{"level":"info","message":"Registered API redirect from GET /projects/:id to GET /api/projects/:id","service":"research-mgmt-api","timestamp":"2025-04-12 14:39:24.988"}
{"level":"info","message":"Registered API redirect from PUT /projects/:id to PUT /api/projects/:id","service":"research-mgmt-api","timestamp":"2025-04-12 14:39:24.988"}
{"level":"info","message":"Registered API redirect from DELETE /projects/:id to DELETE /api/projects/:id","service":"research-mgmt-api","timestamp":"2025-04-12 14:39:24.988"}
{"level":"info","message":"Registered API redirect from GET /users/:id to GET /api/users/:id","service":"research-mgmt-api","timestamp":"2025-04-12 14:39:24.988"}
{"level":"info","message":"Registered API redirect from PUT /users/:id to PUT /api/users/:id","service":"research-mgmt-api","timestamp":"2025-04-12 14:39:24.988"}
{"level":"info","message":"Attempting to connect to MongoDB database","service":"research-mgmt-api","timestamp":"2025-04-12 14:39:24.988"}
{"level":"info","message":"Attempting to connect to MongoDB...","service":"research-mgmt-api","timestamp":"2025-04-12 14:39:24.989"}
{"level":"info","message":"MongoDB Connected: ac-xdpuchx-shard-00-02.tvoe17p.mongodb.net","service":"research-mgmt-api","timestamp":"2025-04-12 14:39:25.727"}
{"level":"info","message":"✅ MongoDB connection established successfully","service":"research-mgmt-api","timestamp":"2025-04-12 14:39:25.727"}
{"level":"info","message":"🚀 Server running on port 300000 and accessible from all network interfaces","service":"research-mgmt-api","timestamp":"2025-04-12 14:39:25.733"}
{"level":"info","message":"JWT helper initialized","service":"research-mgmt-api","timestamp":"2025-04-12 14:39:27.963"}
{"adminRoutes":true,"authRoutes":true,"level":"info","message":"Route modules loaded:","service":"research-mgmt-api","studentRoutes":true,"supervisorRoutes":true,"timestamp":"2025-04-12 14:39:27.998"}
{"level":"info","message":"Registered API redirect from GET /notifications to GET /api/notifications","service":"research-mgmt-api","timestamp":"2025-04-12 14:39:28.014"}
{"level":"info","message":"Registered API redirect from GET /notifications/unread/count to GET /api/notifications/unread/count","service":"research-mgmt-api","timestamp":"2025-04-12 14:39:28.014"}
{"level":"info","message":"Registered API redirect from GET /user/profile to GET /api/user/profile","service":"research-mgmt-api","timestamp":"2025-04-12 14:39:28.014"}
{"level":"info","message":"Registered API redirect from GET /dashboard to GET /api/dashboard","service":"research-mgmt-api","timestamp":"2025-04-12 14:39:28.014"}
{"level":"info","message":"Registered API redirect from GET /calendar to GET /api/calendar","service":"research-mgmt-api","timestamp":"2025-04-12 14:39:28.014"}
{"level":"info","message":"Registered Team API redirect from GET /teams to GET /api/student/team/... (or /api/students/team/...)","service":"research-mgmt-api","timestamp":"2025-04-12 14:39:28.014"}
{"level":"info","message":"Registered Team API redirect from GET /teams/my-team to GET /api/student/team/... (or /api/students/team/...)","service":"research-mgmt-api","timestamp":"2025-04-12 14:39:28.015"}
{"level":"info","message":"Registered Team API redirect from GET /teams/:id to GET /api/student/team/... (or /api/students/team/...)","service":"research-mgmt-api","timestamp":"2025-04-12 14:39:28.015"}
{"level":"info","message":"Registered Team API redirect from PUT /teams/:id to PUT /api/student/team/... (or /api/students/team/...)","service":"research-mgmt-api","timestamp":"2025-04-12 14:39:28.015"}
{"level":"info","message":"Registered Team API redirect from DELETE /teams/:id to DELETE /api/student/team/... (or /api/students/team/...)","service":"research-mgmt-api","timestamp":"2025-04-12 14:39:28.015"}
{"level":"info","message":"Registered Team API redirect from POST /teams/:id/invite to POST /api/student/team/... (or /api/students/team/...)","service":"research-mgmt-api","timestamp":"2025-04-12 14:39:28.015"}
{"level":"info","message":"Registered Team API redirect from POST /teams/:id/leave to POST /api/student/team/... (or /api/students/team/...)","service":"research-mgmt-api","timestamp":"2025-04-12 14:39:28.015"}
{"level":"info","message":"Registered Team API redirect from POST /teams/:id/remove-member to POST /api/student/team/... (or /api/students/team/...)","service":"research-mgmt-api","timestamp":"2025-04-12 14:39:28.015"}
{"level":"info","message":"Registered Student Team API redirect from GET /api/student-teams to GET /api/student/team/... (or /api/students/team/...)","service":"research-mgmt-api","timestamp":"2025-04-12 14:39:28.015"}
{"level":"info","message":"Registered Student Team API redirect from GET /api/student-teams/invitations to GET /api/student/team/... (or /api/students/team/...)","service":"research-mgmt-api","timestamp":"2025-04-12 14:39:28.016"}
{"level":"info","message":"Registered Student Team API redirect from DELETE /api/student-teams/:id/leave to DELETE /api/student/team/... (or /api/students/team/...)","service":"research-mgmt-api","timestamp":"2025-04-12 14:39:28.016"}
{"level":"info","message":"Registered API redirect from GET /projects to GET /api/projects","service":"research-mgmt-api","timestamp":"2025-04-12 14:39:28.016"}
{"level":"info","message":"Registered API redirect from POST /projects to POST /api/projects","service":"research-mgmt-api","timestamp":"2025-04-12 14:39:28.016"}
{"level":"info","message":"Registered API redirect from GET /sessions to GET /api/sessions","service":"research-mgmt-api","timestamp":"2025-04-12 14:39:28.016"}
{"level":"info","message":"Registered API redirect from POST /sessions to POST /api/sessions","service":"research-mgmt-api","timestamp":"2025-04-12 14:39:28.016"}
{"level":"info","message":"Registered API redirect from GET /messages to GET /api/messages","service":"research-mgmt-api","timestamp":"2025-04-12 14:39:28.016"}
{"level":"info","message":"Registered API redirect from POST /messages to POST /api/messages","service":"research-mgmt-api","timestamp":"2025-04-12 14:39:28.016"}
{"level":"info","message":"Registered API redirect from GET /projects/:id to GET /api/projects/:id","service":"research-mgmt-api","timestamp":"2025-04-12 14:39:28.016"}
{"level":"info","message":"Registered API redirect from PUT /projects/:id to PUT /api/projects/:id","service":"research-mgmt-api","timestamp":"2025-04-12 14:39:28.016"}
{"level":"info","message":"Registered API redirect from DELETE /projects/:id to DELETE /api/projects/:id","service":"research-mgmt-api","timestamp":"2025-04-12 14:39:28.016"}
{"level":"info","message":"Registered API redirect from GET /users/:id to GET /api/users/:id","service":"research-mgmt-api","timestamp":"2025-04-12 14:39:28.016"}
{"level":"info","message":"Registered API redirect from PUT /users/:id to PUT /api/users/:id","service":"research-mgmt-api","timestamp":"2025-04-12 14:39:28.016"}
{"level":"info","message":"Attempting to connect to MongoDB database","service":"research-mgmt-api","timestamp":"2025-04-12 14:39:28.017"}
{"level":"info","message":"Attempting to connect to MongoDB...","service":"research-mgmt-api","timestamp":"2025-04-12 14:39:28.017"}
{"level":"info","message":"MongoDB Connected: ac-xdpuchx-shard-00-02.tvoe17p.mongodb.net","service":"research-mgmt-api","timestamp":"2025-04-12 14:39:28.654"}
{"level":"info","message":"✅ MongoDB connection established successfully","service":"research-mgmt-api","timestamp":"2025-04-12 14:39:28.654"}
{"level":"info","message":"🚀 Server running on port 30001 and accessible from all network interfaces","service":"research-mgmt-api","timestamp":"2025-04-12 14:39:28.660"}
{"level":"info","message":"HTTP GET /api/notifications/unread/count - 200 (0ms)","service":"research-mgmt-api","timestamp":"2025-04-12 14:39:50.392"}
{"level":"info","message":"HTTP GET /api/notifications/unread/count - 200 (0ms)","service":"research-mgmt-api","timestamp":"2025-04-12 14:39:50.394"}
{"level":"info","message":"HTTP GET /api/notifications/unread/count - 200 (0ms)","service":"research-mgmt-api","timestamp":"2025-04-12 14:39:50.395"}
{"level":"info","message":"HTTP GET /api/notifications - 200 (0ms)","service":"research-mgmt-api","timestamp":"2025-04-12 14:39:50.396"}
{"level":"info","message":"HTTP GET /api/notifications - 200 (0ms)","service":"research-mgmt-api","timestamp":"2025-04-12 14:39:50.398"}
{"level":"info","message":"HTTP GET /api/notifications/unread/count - 200 (0ms)","service":"research-mgmt-api","timestamp":"2025-04-12 14:40:50.385"}
{"level":"info","message":"HTTP GET /api/notifications/unread/count - 200 (0ms)","service":"research-mgmt-api","timestamp":"2025-04-12 14:40:50.386"}
{"level":"info","message":"HTTP GET /api/notifications/unread/count - 200 (0ms)","service":"research-mgmt-api","timestamp":"2025-04-12 14:40:50.388"}
{"level":"info","message":"HTTP GET /api/notifications - 200 (0ms)","service":"research-mgmt-api","timestamp":"2025-04-12 14:40:50.391"}
{"level":"info","message":"HTTP GET /api/notifications/unread/count - 200 (0ms)","service":"research-mgmt-api","timestamp":"2025-04-12 14:41:50.385"}
{"level":"info","message":"HTTP GET /api/notifications/unread/count - 200 (0ms)","service":"research-mgmt-api","timestamp":"2025-04-12 14:41:50.386"}
{"level":"info","message":"HTTP GET /api/notifications/unread/count - 200 (0ms)","service":"research-mgmt-api","timestamp":"2025-04-12 14:41:50.386"}
{"level":"info","message":"HTTP GET /api/notifications/unread/count - 200 (0ms)","service":"research-mgmt-api","timestamp":"2025-04-12 14:42:50.385"}
{"level":"info","message":"HTTP GET /api/notifications/unread/count - 200 (0ms)","service":"research-mgmt-api","timestamp":"2025-04-12 14:42:50.386"}
{"level":"info","message":"HTTP GET /api/notifications/unread/count - 200 (0ms)","service":"research-mgmt-api","timestamp":"2025-04-12 14:42:50.387"}
{"level":"info","message":"HTTP GET /api/notifications/unread/count - 200 (0ms)","service":"research-mgmt-api","timestamp":"2025-04-12 14:43:50.386"}
{"level":"info","message":"HTTP GET /api/notifications/unread/count - 200 (0ms)","service":"research-mgmt-api","timestamp":"2025-04-12 14:43:50.387"}
{"level":"info","message":"HTTP GET /api/notifications/unread/count - 200 (0ms)","service":"research-mgmt-api","timestamp":"2025-04-12 14:43:50.388"}
{"external":"29 MB","heapTotal":"32 MB","heapUsed":"53 MB","level":"info","message":"Memory usage stats:","rss":"213 MB","service":"research-mgmt-api","timestamp":"2025-04-12 14:44:28.025"}
{"level":"info","message":"HTTP GET /api/notifications/unread/count - 200 (0ms)","service":"research-mgmt-api","timestamp":"2025-04-12 14:44:50.384"}
{"level":"info","message":"HTTP GET /api/notifications/unread/count - 200 (0ms)","service":"research-mgmt-api","timestamp":"2025-04-12 14:44:50.385"}
{"level":"info","message":"HTTP GET /api/notifications/unread/count - 200 (0ms)","service":"research-mgmt-api","timestamp":"2025-04-12 14:44:50.386"}
{"level":"info","message":"HTTP GET /api/notifications - 200 (0ms)","service":"research-mgmt-api","timestamp":"2025-04-12 14:44:50.388"}
{"level":"info","message":"HTTP GET /api/notifications - 200 (0ms)","service":"research-mgmt-api","timestamp":"2025-04-12 14:44:50.389"}
{"level":"info","message":"HTTP GET /api/notifications/unread/count - 200 (0ms)","service":"research-mgmt-api","timestamp":"2025-04-12 14:45:50.385"}
{"level":"info","message":"HTTP GET /api/notifications/unread/count - 200 (0ms)","service":"research-mgmt-api","timestamp":"2025-04-12 14:45:50.387"}
{"level":"info","message":"HTTP GET /api/notifications/unread/count - 200 (0ms)","service":"research-mgmt-api","timestamp":"2025-04-12 14:45:50.388"}
{"level":"info","message":"HTTP GET /api/notifications - 200 (0ms)","service":"research-mgmt-api","timestamp":"2025-04-12 14:45:50.391"}
{"level":"info","message":"HTTP GET /api/notifications/unread/count - 200 (0ms)","service":"research-mgmt-api","timestamp":"2025-04-12 14:46:50.384"}
{"level":"info","message":"HTTP GET /api/notifications/unread/count - 200 (0ms)","service":"research-mgmt-api","timestamp":"2025-04-12 14:46:50.386"}
{"level":"info","message":"HTTP GET /api/notifications/unread/count - 200 (0ms)","service":"research-mgmt-api","timestamp":"2025-04-12 14:46:50.386"}
{"level":"info","message":"HTTP GET /api/notifications/unread/count - 200 (0ms)","service":"research-mgmt-api","timestamp":"2025-04-12 14:47:50.386"}
{"level":"info","message":"HTTP GET /api/notifications/unread/count - 200 (0ms)","service":"research-mgmt-api","timestamp":"2025-04-12 14:47:50.387"}
{"level":"info","message":"HTTP GET /api/notifications/unread/count - 200 (0ms)","service":"research-mgmt-api","timestamp":"2025-04-12 14:47:50.388"}
{"level":"info","message":"HTTP GET /api/notifications/unread/count - 200 (0ms)","service":"research-mgmt-api","timestamp":"2025-04-12 14:48:50.388"}
{"level":"info","message":"HTTP GET /api/notifications/unread/count - 200 (0ms)","service":"research-mgmt-api","timestamp":"2025-04-12 14:48:50.389"}
{"level":"info","message":"HTTP GET /api/notifications/unread/count - 200 (0ms)","service":"research-mgmt-api","timestamp":"2025-04-12 14:48:50.390"}
{"external":"22 MB","heapTotal":"31 MB","heapUsed":"41 MB","level":"info","message":"Memory usage stats:","rss":"206 MB","service":"research-mgmt-api","timestamp":"2025-04-12 14:49:28.026"}
{"level":"info","message":"HTTP GET /api/notifications/unread/count - 200 (0ms)","service":"research-mgmt-api","timestamp":"2025-04-12 14:49:50.388"}
{"level":"info","message":"HTTP GET /api/notifications/unread/count - 200 (0ms)","service":"research-mgmt-api","timestamp":"2025-04-12 14:49:50.390"}
{"level":"info","message":"HTTP GET /api/notifications - 200 (0ms)","service":"research-mgmt-api","timestamp":"2025-04-12 14:49:50.391"}
{"level":"info","message":"HTTP GET /api/notifications/unread/count - 200 (0ms)","service":"research-mgmt-api","timestamp":"2025-04-12 14:49:50.392"}
{"level":"info","message":"HTTP GET /api/notifications - 200 (0ms)","service":"research-mgmt-api","timestamp":"2025-04-12 14:49:50.393"}
{"level":"info","message":"HTTP GET /api/notifications/unread/count - 200 (0ms)","service":"research-mgmt-api","timestamp":"2025-04-12 14:50:50.385"}
{"level":"info","message":"HTTP GET /api/notifications/unread/count - 200 (0ms)","service":"research-mgmt-api","timestamp":"2025-04-12 14:50:50.386"}
{"level":"info","message":"HTTP GET /api/notifications/unread/count - 200 (0ms)","service":"research-mgmt-api","timestamp":"2025-04-12 14:50:50.387"}
{"level":"info","message":"HTTP GET /api/notifications - 200 (0ms)","service":"research-mgmt-api","timestamp":"2025-04-12 14:50:50.390"}
{"level":"info","message":"HTTP GET /api/notifications/unread/count - 200 (0ms)","service":"research-mgmt-api","timestamp":"2025-04-12 14:51:50.385"}
{"level":"info","message":"HTTP GET /api/notifications/unread/count - 200 (0ms)","service":"research-mgmt-api","timestamp":"2025-04-12 14:51:50.386"}
{"level":"info","message":"HTTP GET /api/notifications/unread/count - 200 (0ms)","service":"research-mgmt-api","timestamp":"2025-04-12 14:51:50.387"}
{"level":"info","message":"HTTP GET /api/notifications/unread/count - 200 (0ms)","service":"research-mgmt-api","timestamp":"2025-04-12 14:52:50.388"}
{"level":"info","message":"HTTP GET /api/notifications/unread/count - 200 (0ms)","service":"research-mgmt-api","timestamp":"2025-04-12 14:52:50.389"}
{"level":"info","message":"HTTP GET /api/notifications/unread/count - 200 (0ms)","service":"research-mgmt-api","timestamp":"2025-04-12 14:52:50.390"}
{"level":"info","message":"HTTP GET /api/notifications/unread/count - 200 (0ms)","service":"research-mgmt-api","timestamp":"2025-04-12 14:53:50.386"}
{"level":"info","message":"HTTP GET /api/notifications/unread/count - 200 (0ms)","service":"research-mgmt-api","timestamp":"2025-04-12 14:53:50.387"}
{"level":"info","message":"HTTP GET /api/notifications/unread/count - 200 (0ms)","service":"research-mgmt-api","timestamp":"2025-04-12 14:53:50.388"}
{"external":"23 MB","heapTotal":"31 MB","heapUsed":"43 MB","level":"info","message":"Memory usage stats:","rss":"208 MB","service":"research-mgmt-api","timestamp":"2025-04-12 14:54:28.026"}
{"level":"info","message":"HTTP GET /api/notifications/unread/count - 200 (0ms)","service":"research-mgmt-api","timestamp":"2025-04-12 14:54:50.386"}
{"level":"info","message":"HTTP GET /api/notifications/unread/count - 200 (0ms)","service":"research-mgmt-api","timestamp":"2025-04-12 14:54:50.388"}
{"level":"info","message":"HTTP GET /api/notifications/unread/count - 200 (0ms)","service":"research-mgmt-api","timestamp":"2025-04-12 14:54:50.389"}
{"level":"info","message":"HTTP GET /api/notifications - 200 (0ms)","service":"research-mgmt-api","timestamp":"2025-04-12 14:54:50.390"}
{"level":"info","message":"HTTP GET /api/notifications - 200 (0ms)","service":"research-mgmt-api","timestamp":"2025-04-12 14:54:50.393"}
{"level":"info","message":"HTTP GET /api/notifications/unread/count - 200 (0ms)","service":"research-mgmt-api","timestamp":"2025-04-12 14:55:50.384"}
{"level":"info","message":"HTTP GET /api/notifications/unread/count - 200 (0ms)","service":"research-mgmt-api","timestamp":"2025-04-12 14:55:50.385"}
{"level":"info","message":"HTTP GET /api/notifications/unread/count - 200 (0ms)","service":"research-mgmt-api","timestamp":"2025-04-12 14:55:50.386"}
{"level":"info","message":"HTTP GET /api/notifications - 200 (0ms)","service":"research-mgmt-api","timestamp":"2025-04-12 14:55:50.388"}
{"level":"info","message":"HTTP GET /api/notifications/unread/count - 200 (0ms)","service":"research-mgmt-api","timestamp":"2025-04-12 14:56:50.386"}
{"level":"info","message":"HTTP GET /api/notifications/unread/count - 200 (0ms)","service":"research-mgmt-api","timestamp":"2025-04-12 14:56:50.387"}
{"level":"info","message":"HTTP GET /api/notifications/unread/count - 200 (0ms)","service":"research-mgmt-api","timestamp":"2025-04-12 14:56:50.388"}
{"level":"info","message":"HTTP GET /api/notifications/unread/count - 200 (0ms)","service":"research-mgmt-api","timestamp":"2025-04-12 14:57:50.384"}
{"level":"info","message":"HTTP GET /api/notifications/unread/count - 200 (0ms)","service":"research-mgmt-api","timestamp":"2025-04-12 14:57:50.385"}
{"level":"info","message":"HTTP GET /api/notifications/unread/count - 200 (0ms)","service":"research-mgmt-api","timestamp":"2025-04-12 14:57:50.386"}
{"level":"info","message":"HTTP GET /api/notifications/unread/count - 200 (0ms)","service":"research-mgmt-api","timestamp":"2025-04-12 14:58:50.385"}
{"level":"info","message":"HTTP GET /api/notifications/unread/count - 200 (0ms)","service":"research-mgmt-api","timestamp":"2025-04-12 14:58:50.386"}
{"level":"info","message":"HTTP GET /api/notifications/unread/count - 200 (0ms)","service":"research-mgmt-api","timestamp":"2025-04-12 14:58:50.387"}
{"external":"23 MB","heapTotal":"31 MB","heapUsed":"42 MB","level":"info","message":"Memory usage stats:","rss":"208 MB","service":"research-mgmt-api","timestamp":"2025-04-12 14:59:28.026"}
{"level":"info","message":"HTTP GET /api/notifications/unread/count - 200 (0ms)","service":"research-mgmt-api","timestamp":"2025-04-12 14:59:50.385"}
{"level":"info","message":"HTTP GET /api/notifications/unread/count - 200 (0ms)","service":"research-mgmt-api","timestamp":"2025-04-12 14:59:50.387"}
{"level":"info","message":"HTTP GET /api/notifications/unread/count - 200 (0ms)","service":"research-mgmt-api","timestamp":"2025-04-12 14:59:50.388"}
{"level":"info","message":"HTTP GET /api/notifications - 200 (0ms)","service":"research-mgmt-api","timestamp":"2025-04-12 14:59:50.388"}
{"level":"info","message":"HTTP GET /api/notifications - 200 (0ms)","service":"research-mgmt-api","timestamp":"2025-04-12 14:59:50.390"}
{"level":"info","message":"HTTP GET /api/notifications/unread/count - 200 (0ms)","service":"research-mgmt-api","timestamp":"2025-04-12 15:00:50.386"}
{"level":"info","message":"HTTP GET /api/notifications/unread/count - 200 (0ms)","service":"research-mgmt-api","timestamp":"2025-04-12 15:00:50.387"}
{"level":"info","message":"HTTP GET /api/notifications/unread/count - 200 (0ms)","service":"research-mgmt-api","timestamp":"2025-04-12 15:00:50.388"}
{"level":"info","message":"HTTP GET /api/notifications - 200 (0ms)","service":"research-mgmt-api","timestamp":"2025-04-12 15:00:50.391"}
{"level":"info","message":"HTTP GET /api/notifications/unread/count - 200 (0ms)","service":"research-mgmt-api","timestamp":"2025-04-12 15:01:50.387"}
{"level":"info","message":"HTTP GET /api/notifications/unread/count - 200 (0ms)","service":"research-mgmt-api","timestamp":"2025-04-12 15:01:50.388"}
{"level":"info","message":"HTTP GET /api/notifications/unread/count - 200 (0ms)","service":"research-mgmt-api","timestamp":"2025-04-12 15:01:50.389"}
{"level":"info","message":"HTTP GET /api/notifications/unread/count - 200 (0ms)","service":"research-mgmt-api","timestamp":"2025-04-12 15:02:50.385"}
{"level":"info","message":"HTTP GET /api/notifications/unread/count - 200 (0ms)","service":"research-mgmt-api","timestamp":"2025-04-12 15:02:50.386"}
{"level":"info","message":"HTTP GET /api/notifications/unread/count - 200 (0ms)","service":"research-mgmt-api","timestamp":"2025-04-12 15:02:50.387"}
{"level":"info","message":"HTTP GET /api/notifications/unread/count - 200 (0ms)","service":"research-mgmt-api","timestamp":"2025-04-12 15:03:50.386"}
{"level":"info","message":"HTTP GET /api/notifications/unread/count - 200 (0ms)","service":"research-mgmt-api","timestamp":"2025-04-12 15:03:50.387"}
{"level":"info","message":"HTTP GET /api/notifications/unread/count - 200 (0ms)","service":"research-mgmt-api","timestamp":"2025-04-12 15:03:50.388"}
{"external":"24 MB","heapTotal":"31 MB","heapUsed":"43 MB","level":"info","message":"Memory usage stats:","rss":"210 MB","service":"research-mgmt-api","timestamp":"2025-04-12 15:04:28.027"}
{"level":"info","message":"HTTP GET /api/notifications/unread/count - 200 (0ms)","service":"research-mgmt-api","timestamp":"2025-04-12 15:04:50.387"}
{"level":"info","message":"HTTP GET /api/notifications/unread/count - 200 (0ms)","service":"research-mgmt-api","timestamp":"2025-04-12 15:04:50.388"}
{"level":"info","message":"HTTP GET /api/notifications/unread/count - 200 (0ms)","service":"research-mgmt-api","timestamp":"2025-04-12 15:04:50.389"}
{"level":"info","message":"HTTP GET /api/notifications - 200 (0ms)","service":"research-mgmt-api","timestamp":"2025-04-12 15:04:50.391"}
{"level":"info","message":"HTTP GET /api/notifications - 200 (0ms)","service":"research-mgmt-api","timestamp":"2025-04-12 15:04:50.392"}
{"level":"info","message":"HTTP GET /api/notifications/unread/count - 200 (0ms)","service":"research-mgmt-api","timestamp":"2025-04-12 15:05:50.385"}
{"level":"info","message":"HTTP GET /api/notifications/unread/count - 200 (0ms)","service":"research-mgmt-api","timestamp":"2025-04-12 15:05:50.387"}
{"level":"info","message":"HTTP GET /api/notifications/unread/count - 200 (0ms)","service":"research-mgmt-api","timestamp":"2025-04-12 15:05:50.387"}
{"level":"info","message":"HTTP GET /api/notifications - 200 (0ms)","service":"research-mgmt-api","timestamp":"2025-04-12 15:05:50.389"}
{"level":"info","message":"HTTP GET /api/notifications/unread/count - 200 (0ms)","service":"research-mgmt-api","timestamp":"2025-04-12 15:06:50.386"}
{"level":"info","message":"HTTP GET /api/notifications/unread/count - 200 (0ms)","service":"research-mgmt-api","timestamp":"2025-04-12 15:06:50.387"}
{"level":"info","message":"HTTP GET /api/notifications/unread/count - 200 (0ms)","service":"research-mgmt-api","timestamp":"2025-04-12 15:06:50.388"}
{"level":"info","message":"HTTP GET /api/notifications/unread/count - 200 (0ms)","service":"research-mgmt-api","timestamp":"2025-04-12 15:07:50.385"}
{"level":"info","message":"HTTP GET /api/notifications/unread/count - 200 (0ms)","service":"research-mgmt-api","timestamp":"2025-04-12 15:07:50.386"}
{"level":"info","message":"HTTP GET /api/notifications/unread/count - 200 (0ms)","service":"research-mgmt-api","timestamp":"2025-04-12 15:07:50.388"}
{"level":"info","message":"HTTP GET /api/notifications/unread/count - 200 (0ms)","service":"research-mgmt-api","timestamp":"2025-04-12 15:08:50.386"}
{"level":"info","message":"HTTP GET /api/notifications/unread/count - 200 (0ms)","service":"research-mgmt-api","timestamp":"2025-04-12 15:08:50.387"}
{"level":"info","message":"HTTP GET /api/notifications/unread/count - 200 (0ms)","service":"research-mgmt-api","timestamp":"2025-04-12 15:08:50.388"}
{"external":"23 MB","heapTotal":"31 MB","heapUsed":"42 MB","level":"info","message":"Memory usage stats:","rss":"210 MB","service":"research-mgmt-api","timestamp":"2025-04-12 15:09:28.028"}
{"level":"info","message":"HTTP GET /api/notifications/unread/count - 200 (0ms)","service":"research-mgmt-api","timestamp":"2025-04-12 15:09:50.385"}
{"level":"info","message":"HTTP GET /api/notifications/unread/count - 200 (0ms)","service":"research-mgmt-api","timestamp":"2025-04-12 15:09:50.387"}
{"level":"info","message":"HTTP GET /api/notifications - 200 (0ms)","service":"research-mgmt-api","timestamp":"2025-04-12 15:09:50.390"}
{"level":"info","message":"HTTP GET /api/notifications/unread/count - 200 (0ms)","service":"research-mgmt-api","timestamp":"2025-04-12 15:09:50.391"}
{"level":"info","message":"HTTP GET /api/notifications - 200 (0ms)","service":"research-mgmt-api","timestamp":"2025-04-12 15:09:50.393"}
{"level":"info","message":"HTTP GET /api/notifications/unread/count - 200 (0ms)","service":"research-mgmt-api","timestamp":"2025-04-12 15:10:50.385"}
{"level":"info","message":"HTTP GET /api/notifications/unread/count - 200 (0ms)","service":"research-mgmt-api","timestamp":"2025-04-12 15:10:50.386"}
{"level":"info","message":"HTTP GET /api/notifications/unread/count - 200 (0ms)","service":"research-mgmt-api","timestamp":"2025-04-12 15:10:50.388"}
{"level":"info","message":"HTTP GET /api/notifications - 200 (0ms)","service":"research-mgmt-api","timestamp":"2025-04-12 15:10:50.390"}
{"level":"info","message":"HTTP GET /api/notifications/unread/count - 200 (0ms)","service":"research-mgmt-api","timestamp":"2025-04-12 15:11:50.385"}
{"level":"info","message":"HTTP GET /api/notifications/unread/count - 200 (0ms)","service":"research-mgmt-api","timestamp":"2025-04-12 15:11:50.387"}
{"level":"info","message":"HTTP GET /api/notifications/unread/count - 200 (0ms)","service":"research-mgmt-api","timestamp":"2025-04-12 15:11:50.388"}
{"level":"info","message":"HTTP GET /api/notifications/unread/count - 200 (0ms)","service":"research-mgmt-api","timestamp":"2025-04-12 15:12:50.386"}
{"level":"info","message":"HTTP GET /api/notifications/unread/count - 200 (0ms)","service":"research-mgmt-api","timestamp":"2025-04-12 15:12:50.387"}
{"level":"info","message":"HTTP GET /api/notifications/unread/count - 200 (0ms)","service":"research-mgmt-api","timestamp":"2025-04-12 15:12:50.389"}
{"level":"info","message":"HTTP GET /api/notifications/unread/count - 200 (0ms)","service":"research-mgmt-api","timestamp":"2025-04-12 15:13:50.385"}
{"level":"info","message":"HTTP GET /api/notifications/unread/count - 200 (0ms)","service":"research-mgmt-api","timestamp":"2025-04-12 15:13:50.386"}
{"level":"info","message":"HTTP GET /api/notifications/unread/count - 200 (0ms)","service":"research-mgmt-api","timestamp":"2025-04-12 15:13:50.389"}
{"external":"23 MB","heapTotal":"31 MB","heapUsed":"43 MB","level":"info","message":"Memory usage stats:","rss":"211 MB","service":"research-mgmt-api","timestamp":"2025-04-12 15:14:28.028"}
{"level":"info","message":"HTTP GET /api/notifications/unread/count - 200 (0ms)","service":"research-mgmt-api","timestamp":"2025-04-12 15:14:50.387"}
{"level":"info","message":"HTTP GET /api/notifications/unread/count - 200 (0ms)","service":"research-mgmt-api","timestamp":"2025-04-12 15:14:50.390"}
{"level":"info","message":"HTTP GET /api/notifications - 200 (0ms)","service":"research-mgmt-api","timestamp":"2025-04-12 15:14:50.391"}
{"level":"info","message":"HTTP GET /api/notifications/unread/count - 200 (0ms)","service":"research-mgmt-api","timestamp":"2025-04-12 15:14:50.392"}
{"level":"info","message":"HTTP GET /api/notifications - 200 (0ms)","service":"research-mgmt-api","timestamp":"2025-04-12 15:14:50.397"}
{"level":"info","message":"HTTP GET /api/notifications/unread/count - 200 (0ms)","service":"research-mgmt-api","timestamp":"2025-04-12 15:15:50.386"}
{"level":"info","message":"HTTP GET /api/notifications/unread/count - 200 (0ms)","service":"research-mgmt-api","timestamp":"2025-04-12 15:15:50.387"}
{"level":"info","message":"HTTP GET /api/notifications/unread/count - 200 (0ms)","service":"research-mgmt-api","timestamp":"2025-04-12 15:15:50.387"}
{"level":"info","message":"HTTP GET /api/notifications - 200 (0ms)","service":"research-mgmt-api","timestamp":"2025-04-12 15:15:50.391"}
{"level":"info","message":"HTTP GET /api/notifications/unread/count - 200 (0ms)","service":"research-mgmt-api","timestamp":"2025-04-12 15:16:50.385"}
{"level":"info","message":"HTTP GET /api/notifications/unread/count - 200 (0ms)","service":"research-mgmt-api","timestamp":"2025-04-12 15:16:50.387"}
{"level":"info","message":"HTTP GET /api/notifications/unread/count - 200 (0ms)","service":"research-mgmt-api","timestamp":"2025-04-12 15:16:50.387"}
{"level":"info","message":"HTTP GET /api/notifications/unread/count - 200 (0ms)","service":"research-mgmt-api","timestamp":"2025-04-12 15:17:50.389"}
{"level":"info","message":"HTTP GET /api/notifications/unread/count - 200 (0ms)","service":"research-mgmt-api","timestamp":"2025-04-12 15:17:50.390"}
{"level":"info","message":"HTTP GET /api/notifications/unread/count - 200 (0ms)","service":"research-mgmt-api","timestamp":"2025-04-12 15:17:50.392"}
{"level":"info","message":"HTTP GET /api/notifications/unread/count - 200 (0ms)","service":"research-mgmt-api","timestamp":"2025-04-12 15:18:50.386"}
{"level":"info","message":"HTTP GET /api/notifications/unread/count - 200 (0ms)","service":"research-mgmt-api","timestamp":"2025-04-12 15:18:50.388"}
{"level":"info","message":"HTTP GET /api/notifications/unread/count - 200 (0ms)","service":"research-mgmt-api","timestamp":"2025-04-12 15:18:50.390"}
{"external":"23 MB","heapTotal":"31 MB","heapUsed":"43 MB","level":"info","message":"Memory usage stats:","rss":"212 MB","service":"research-mgmt-api","timestamp":"2025-04-12 15:19:28.028"}
{"level":"info","message":"HTTP GET /api/notifications/unread/count - 200 (0ms)","service":"research-mgmt-api","timestamp":"2025-04-12 15:19:50.386"}
{"level":"info","message":"HTTP GET /api/notifications/unread/count - 200 (0ms)","service":"research-mgmt-api","timestamp":"2025-04-12 15:19:50.387"}
{"level":"info","message":"HTTP GET /api/notifications/unread/count - 200 (0ms)","service":"research-mgmt-api","timestamp":"2025-04-12 15:19:50.388"}
{"level":"info","message":"HTTP GET /api/notifications - 200 (0ms)","service":"research-mgmt-api","timestamp":"2025-04-12 15:19:50.391"}
{"level":"info","message":"HTTP GET /api/notifications - 200 (0ms)","service":"research-mgmt-api","timestamp":"2025-04-12 15:19:50.392"}
{"level":"info","message":"HTTP GET /api/notifications/unread/count - 200 (0ms)","service":"research-mgmt-api","timestamp":"2025-04-12 15:20:50.385"}
{"level":"info","message":"HTTP GET /api/notifications/unread/count - 200 (0ms)","service":"research-mgmt-api","timestamp":"2025-04-12 15:20:50.386"}
{"level":"info","message":"HTTP GET /api/notifications/unread/count - 200 (0ms)","service":"research-mgmt-api","timestamp":"2025-04-12 15:20:50.388"}
{"level":"info","message":"HTTP GET /api/notifications - 200 (0ms)","service":"research-mgmt-api","timestamp":"2025-04-12 15:20:50.390"}
{"level":"info","message":"HTTP GET /api/notifications/unread/count - 200 (0ms)","service":"research-mgmt-api","timestamp":"2025-04-12 15:21:50.384"}
{"level":"info","message":"HTTP GET /api/notifications/unread/count - 200 (0ms)","service":"research-mgmt-api","timestamp":"2025-04-12 15:21:50.386"}
{"level":"info","message":"HTTP GET /api/notifications/unread/count - 200 (0ms)","service":"research-mgmt-api","timestamp":"2025-04-12 15:21:50.387"}
{"level":"info","message":"HTTP GET /api/notifications/unread/count - 200 (0ms)","service":"research-mgmt-api","timestamp":"2025-04-12 15:22:50.386"}
{"level":"info","message":"HTTP GET /api/notifications/unread/count - 200 (0ms)","service":"research-mgmt-api","timestamp":"2025-04-12 15:22:50.387"}
{"level":"info","message":"HTTP GET /api/notifications/unread/count - 200 (0ms)","service":"research-mgmt-api","timestamp":"2025-04-12 15:22:50.388"}
{"level":"info","message":"HTTP GET /api/notifications/unread/count - 200 (0ms)","service":"research-mgmt-api","timestamp":"2025-04-12 15:23:50.385"}
{"level":"info","message":"HTTP GET /api/notifications/unread/count - 200 (0ms)","service":"research-mgmt-api","timestamp":"2025-04-12 15:23:50.387"}
{"level":"info","message":"HTTP GET /api/notifications/unread/count - 200 (0ms)","service":"research-mgmt-api","timestamp":"2025-04-12 15:23:50.389"}
{"external":"22 MB","heapTotal":"31 MB","heapUsed":"41 MB","level":"info","message":"Memory usage stats:","rss":"212 MB","service":"research-mgmt-api","timestamp":"2025-04-12 15:24:28.028"}
{"level":"info","message":"HTTP GET /api/notifications/unread/count - 200 (0ms)","service":"research-mgmt-api","timestamp":"2025-04-12 15:24:50.387"}
{"level":"info","message":"HTTP GET /api/notifications/unread/count - 200 (0ms)","service":"research-mgmt-api","timestamp":"2025-04-12 15:24:50.388"}
{"level":"info","message":"HTTP GET /api/notifications/unread/count - 200 (0ms)","service":"research-mgmt-api","timestamp":"2025-04-12 15:24:50.389"}
{"level":"info","message":"HTTP GET /api/notifications - 200 (0ms)","service":"research-mgmt-api","timestamp":"2025-04-12 15:24:50.391"}
{"level":"info","message":"HTTP GET /api/notifications - 200 (0ms)","service":"research-mgmt-api","timestamp":"2025-04-12 15:24:50.392"}
{"level":"info","message":"HTTP GET /api/notifications/unread/count - 200 (0ms)","service":"research-mgmt-api","timestamp":"2025-04-12 15:25:50.385"}
{"level":"info","message":"HTTP GET /api/notifications/unread/count - 200 (0ms)","service":"research-mgmt-api","timestamp":"2025-04-12 15:25:50.386"}
{"level":"info","message":"HTTP GET /api/notifications/unread/count - 200 (0ms)","service":"research-mgmt-api","timestamp":"2025-04-12 15:25:50.387"}
{"level":"info","message":"HTTP GET /api/notifications - 200 (0ms)","service":"research-mgmt-api","timestamp":"2025-04-12 15:25:50.390"}
{"level":"info","message":"HTTP GET /api/notifications/unread/count - 200 (0ms)","service":"research-mgmt-api","timestamp":"2025-04-12 15:26:50.386"}
{"level":"info","message":"HTTP GET /api/notifications/unread/count - 200 (0ms)","service":"research-mgmt-api","timestamp":"2025-04-12 15:26:50.388"}
{"level":"info","message":"HTTP GET /api/notifications/unread/count - 200 (0ms)","service":"research-mgmt-api","timestamp":"2025-04-12 15:26:50.389"}
{"level":"info","message":"HTTP GET /api/notifications/unread/count - 200 (0ms)","service":"research-mgmt-api","timestamp":"2025-04-12 15:27:50.384"}
{"level":"info","message":"HTTP GET /api/notifications/unread/count - 200 (0ms)","service":"research-mgmt-api","timestamp":"2025-04-12 15:27:50.385"}
{"level":"info","message":"HTTP GET /api/notifications/unread/count - 200 (0ms)","service":"research-mgmt-api","timestamp":"2025-04-12 15:27:50.386"}
{"level":"info","message":"HTTP GET /api/notifications/unread/count - 200 (0ms)","service":"research-mgmt-api","timestamp":"2025-04-12 15:28:50.387"}
{"level":"info","message":"HTTP GET /api/notifications/unread/count - 200 (0ms)","service":"research-mgmt-api","timestamp":"2025-04-12 15:28:50.388"}
{"level":"info","message":"HTTP GET /api/notifications/unread/count - 200 (0ms)","service":"research-mgmt-api","timestamp":"2025-04-12 15:28:50.389"}
{"external":"23 MB","heapTotal":"31 MB","heapUsed":"43 MB","level":"info","message":"Memory usage stats:","rss":"213 MB","service":"research-mgmt-api","timestamp":"2025-04-12 15:29:28.029"}
{"level":"info","message":"HTTP GET /api/notifications/unread/count - 200 (0ms)","service":"research-mgmt-api","timestamp":"2025-04-12 15:29:50.384"}
{"level":"info","message":"HTTP GET /api/notifications/unread/count - 200 (0ms)","service":"research-mgmt-api","timestamp":"2025-04-12 15:29:50.385"}
{"level":"info","message":"HTTP GET /api/notifications/unread/count - 200 (0ms)","service":"research-mgmt-api","timestamp":"2025-04-12 15:29:50.387"}
{"level":"info","message":"HTTP GET /api/notifications - 200 (0ms)","service":"research-mgmt-api","timestamp":"2025-04-12 15:29:50.388"}
{"level":"info","message":"HTTP GET /api/notifications - 200 (0ms)","service":"research-mgmt-api","timestamp":"2025-04-12 15:29:50.389"}
{"level":"info","message":"HTTP GET /api/notifications/unread/count - 200 (0ms)","service":"research-mgmt-api","timestamp":"2025-04-12 15:30:50.386"}
{"level":"info","message":"HTTP GET /api/notifications/unread/count - 200 (0ms)","service":"research-mgmt-api","timestamp":"2025-04-12 15:30:50.387"}
{"level":"info","message":"HTTP GET /api/notifications/unread/count - 200 (0ms)","service":"research-mgmt-api","timestamp":"2025-04-12 15:30:50.389"}
{"level":"info","message":"HTTP GET /api/notifications - 200 (0ms)","service":"research-mgmt-api","timestamp":"2025-04-12 15:30:50.391"}
{"level":"info","message":"HTTP GET /api/notifications/unread/count - 200 (0ms)","service":"research-mgmt-api","timestamp":"2025-04-12 15:31:50.385"}
{"level":"info","message":"HTTP GET /api/notifications/unread/count - 200 (0ms)","service":"research-mgmt-api","timestamp":"2025-04-12 15:31:50.386"}
{"level":"info","message":"HTTP GET /api/notifications/unread/count - 200 (0ms)","service":"research-mgmt-api","timestamp":"2025-04-12 15:31:50.387"}
{"level":"info","message":"HTTP GET /api/notifications/unread/count - 200 (0ms)","service":"research-mgmt-api","timestamp":"2025-04-12 15:32:50.387"}
{"level":"info","message":"HTTP GET /api/notifications/unread/count - 200 (0ms)","service":"research-mgmt-api","timestamp":"2025-04-12 15:32:50.388"}
{"level":"info","message":"HTTP GET /api/notifications/unread/count - 200 (0ms)","service":"research-mgmt-api","timestamp":"2025-04-12 15:32:50.389"}
{"level":"info","message":"HTTP GET /api/notifications/unread/count - 200 (0ms)","service":"research-mgmt-api","timestamp":"2025-04-12 15:33:50.384"}
{"level":"info","message":"HTTP GET /api/notifications/unread/count - 200 (0ms)","service":"research-mgmt-api","timestamp":"2025-04-12 15:33:50.385"}
{"level":"info","message":"HTTP GET /api/notifications/unread/count - 200 (0ms)","service":"research-mgmt-api","timestamp":"2025-04-12 15:33:50.387"}
{"external":"22 MB","heapTotal":"31 MB","heapUsed":"42 MB","level":"info","message":"Memory usage stats:","rss":"213 MB","service":"research-mgmt-api","timestamp":"2025-04-12 15:34:28.029"}
{"level":"info","message":"HTTP GET /api/notifications/unread/count - 200 (0ms)","service":"research-mgmt-api","timestamp":"2025-04-12 15:34:50.386"}
{"level":"info","message":"HTTP GET /api/notifications/unread/count - 200 (0ms)","service":"research-mgmt-api","timestamp":"2025-04-12 15:34:50.388"}
{"level":"info","message":"HTTP GET /api/notifications/unread/count - 200 (0ms)","service":"research-mgmt-api","timestamp":"2025-04-12 15:34:50.388"}
{"level":"info","message":"HTTP GET /api/notifications - 200 (0ms)","service":"research-mgmt-api","timestamp":"2025-04-12 15:34:50.390"}
{"level":"info","message":"HTTP GET /api/notifications - 200 (0ms)","service":"research-mgmt-api","timestamp":"2025-04-12 15:34:50.391"}
{"level":"info","message":"HTTP GET /api/notifications/unread/count - 200 (0ms)","service":"research-mgmt-api","timestamp":"2025-04-12 15:35:50.386"}
{"level":"info","message":"HTTP GET /api/notifications/unread/count - 200 (0ms)","service":"research-mgmt-api","timestamp":"2025-04-12 15:35:50.386"}
{"level":"info","message":"HTTP GET /api/notifications/unread/count - 200 (0ms)","service":"research-mgmt-api","timestamp":"2025-04-12 15:35:50.387"}
{"level":"info","message":"HTTP GET /api/notifications - 200 (0ms)","service":"research-mgmt-api","timestamp":"2025-04-12 15:35:50.389"}
{"level":"info","message":"HTTP GET /api/notifications/unread/count - 200 (0ms)","service":"research-mgmt-api","timestamp":"2025-04-12 15:36:50.385"}
{"level":"info","message":"HTTP GET /api/notifications/unread/count - 200 (0ms)","service":"research-mgmt-api","timestamp":"2025-04-12 15:36:50.387"}
{"level":"info","message":"HTTP GET /api/notifications/unread/count - 200 (0ms)","service":"research-mgmt-api","timestamp":"2025-04-12 15:36:50.387"}
{"level":"info","message":"HTTP GET /api/notifications/unread/count - 200 (0ms)","service":"research-mgmt-api","timestamp":"2025-04-12 15:37:50.384"}
{"level":"info","message":"HTTP GET /api/notifications/unread/count - 200 (0ms)","service":"research-mgmt-api","timestamp":"2025-04-12 15:37:50.385"}
{"level":"info","message":"HTTP GET /api/notifications/unread/count - 200 (0ms)","service":"research-mgmt-api","timestamp":"2025-04-12 15:37:50.386"}
{"level":"info","message":"HTTP GET /api/notifications/unread/count - 200 (0ms)","service":"research-mgmt-api","timestamp":"2025-04-12 15:38:50.387"}
{"level":"info","message":"HTTP GET /api/notifications/unread/count - 200 (0ms)","service":"research-mgmt-api","timestamp":"2025-04-12 15:38:50.388"}
{"level":"info","message":"HTTP GET /api/notifications/unread/count - 200 (0ms)","service":"research-mgmt-api","timestamp":"2025-04-12 15:38:50.389"}
{"external":"24 MB","heapTotal":"31 MB","heapUsed":"43 MB","level":"info","message":"Memory usage stats:","rss":"215 MB","service":"research-mgmt-api","timestamp":"2025-04-12 15:39:28.030"}
{"level":"info","message":"HTTP GET /api/notifications/unread/count - 200 (0ms)","service":"research-mgmt-api","timestamp":"2025-04-12 15:39:50.387"}
{"level":"info","message":"HTTP GET /api/notifications/unread/count - 200 (0ms)","service":"research-mgmt-api","timestamp":"2025-04-12 15:39:50.388"}
{"level":"info","message":"HTTP GET /api/notifications/unread/count - 200 (0ms)","service":"research-mgmt-api","timestamp":"2025-04-12 15:39:50.391"}
{"level":"info","message":"HTTP GET /api/notifications - 200 (0ms)","service":"research-mgmt-api","timestamp":"2025-04-12 15:39:50.391"}
{"level":"info","message":"HTTP GET /api/notifications - 200 (0ms)","service":"research-mgmt-api","timestamp":"2025-04-12 15:39:50.393"}
{"level":"info","message":"HTTP GET /api/notifications/unread/count - 200 (0ms)","service":"research-mgmt-api","timestamp":"2025-04-12 15:40:50.386"}
{"level":"info","message":"HTTP GET /api/notifications/unread/count - 200 (0ms)","service":"research-mgmt-api","timestamp":"2025-04-12 15:40:50.387"}
{"level":"info","message":"HTTP GET /api/notifications/unread/count - 200 (0ms)","service":"research-mgmt-api","timestamp":"2025-04-12 15:40:50.390"}
{"level":"info","message":"HTTP GET /api/notifications - 200 (0ms)","service":"research-mgmt-api","timestamp":"2025-04-12 15:40:50.393"}
{"level":"info","message":"HTTP GET /api/notifications/unread/count - 200 (0ms)","service":"research-mgmt-api","timestamp":"2025-04-12 15:41:50.385"}
{"level":"info","message":"HTTP GET /api/notifications/unread/count - 200 (0ms)","service":"research-mgmt-api","timestamp":"2025-04-12 15:41:50.386"}
{"level":"info","message":"HTTP GET /api/notifications/unread/count - 200 (0ms)","service":"research-mgmt-api","timestamp":"2025-04-12 15:41:50.386"}
{"level":"info","message":"HTTP GET /api/notifications/unread/count - 200 (0ms)","service":"research-mgmt-api","timestamp":"2025-04-12 15:42:50.386"}
{"level":"info","message":"HTTP GET /api/notifications/unread/count - 200 (0ms)","service":"research-mgmt-api","timestamp":"2025-04-12 15:42:50.388"}
{"level":"info","message":"HTTP GET /api/notifications/unread/count - 200 (0ms)","service":"research-mgmt-api","timestamp":"2025-04-12 15:42:50.389"}
{"level":"info","message":"HTTP GET /api/notifications/unread/count - 200 (0ms)","service":"research-mgmt-api","timestamp":"2025-04-12 15:43:50.385"}
{"level":"info","message":"HTTP GET /api/notifications/unread/count - 200 (0ms)","service":"research-mgmt-api","timestamp":"2025-04-12 15:43:50.387"}
{"level":"info","message":"HTTP GET /api/notifications/unread/count - 200 (0ms)","service":"research-mgmt-api","timestamp":"2025-04-12 15:43:50.388"}
{"external":"23 MB","heapTotal":"31 MB","heapUsed":"43 MB","level":"info","message":"Memory usage stats:","rss":"215 MB","service":"research-mgmt-api","timestamp":"2025-04-12 15:44:28.030"}
{"level":"info","message":"HTTP GET /api/notifications/unread/count - 200 (0ms)","service":"research-mgmt-api","timestamp":"2025-04-12 15:44:50.385"}
{"level":"info","message":"HTTP GET /api/notifications/unread/count - 200 (0ms)","service":"research-mgmt-api","timestamp":"2025-04-12 15:44:50.386"}
{"level":"info","message":"HTTP GET /api/notifications/unread/count - 200 (0ms)","service":"research-mgmt-api","timestamp":"2025-04-12 15:44:50.387"}
{"level":"info","message":"HTTP GET /api/notifications - 200 (0ms)","service":"research-mgmt-api","timestamp":"2025-04-12 15:44:50.390"}
{"level":"info","message":"HTTP GET /api/notifications - 200 (0ms)","service":"research-mgmt-api","timestamp":"2025-04-12 15:44:50.391"}
{"level":"info","message":"HTTP GET /api/notifications/unread/count - 200 (0ms)","service":"research-mgmt-api","timestamp":"2025-04-12 15:45:50.387"}
{"level":"info","message":"HTTP GET /api/notifications/unread/count - 200 (0ms)","service":"research-mgmt-api","timestamp":"2025-04-12 15:45:50.388"}
{"level":"info","message":"HTTP GET /api/notifications/unread/count - 200 (0ms)","service":"research-mgmt-api","timestamp":"2025-04-12 15:45:50.389"}
{"level":"info","message":"HTTP GET /api/notifications - 200 (0ms)","service":"research-mgmt-api","timestamp":"2025-04-12 15:45:50.391"}
{"level":"info","message":"HTTP GET /api/notifications/unread/count - 200 (0ms)","service":"research-mgmt-api","timestamp":"2025-04-12 15:46:50.384"}
{"level":"info","message":"HTTP GET /api/notifications/unread/count - 200 (0ms)","service":"research-mgmt-api","timestamp":"2025-04-12 15:46:50.386"}
{"level":"info","message":"HTTP GET /api/notifications/unread/count - 200 (0ms)","service":"research-mgmt-api","timestamp":"2025-04-12 15:46:50.387"}
{"level":"info","message":"HTTP GET /api/notifications/unread/count - 200 (0ms)","service":"research-mgmt-api","timestamp":"2025-04-12 15:47:50.386"}
{"level":"info","message":"HTTP GET /api/notifications/unread/count - 200 (0ms)","service":"research-mgmt-api","timestamp":"2025-04-12 15:47:50.387"}
{"level":"info","message":"HTTP GET /api/notifications/unread/count - 200 (0ms)","service":"research-mgmt-api","timestamp":"2025-04-12 15:47:50.388"}
{"level":"info","message":"HTTP GET /api/notifications/unread/count - 200 (0ms)","service":"research-mgmt-api","timestamp":"2025-04-12 15:48:50.386"}
{"level":"info","message":"HTTP GET /api/notifications/unread/count - 200 (0ms)","service":"research-mgmt-api","timestamp":"2025-04-12 15:48:50.386"}
{"level":"info","message":"HTTP GET /api/notifications/unread/count - 200 (0ms)","service":"research-mgmt-api","timestamp":"2025-04-12 15:48:50.388"}
{"external":"24 MB","heapTotal":"31 MB","heapUsed":"43 MB","level":"info","message":"Memory usage stats:","rss":"216 MB","service":"research-mgmt-api","timestamp":"2025-04-12 15:49:28.030"}
{"level":"info","message":"HTTP GET /api/notifications/unread/count - 200 (0ms)","service":"research-mgmt-api","timestamp":"2025-04-12 15:49:50.385"}
{"level":"info","message":"HTTP GET /api/notifications/unread/count - 200 (0ms)","service":"research-mgmt-api","timestamp":"2025-04-12 15:49:50.386"}
{"level":"info","message":"HTTP GET /api/notifications/unread/count - 200 (0ms)","service":"research-mgmt-api","timestamp":"2025-04-12 15:49:50.388"}
{"level":"info","message":"HTTP GET /api/notifications - 200 (0ms)","service":"research-mgmt-api","timestamp":"2025-04-12 15:49:50.389"}
{"level":"info","message":"HTTP GET /api/notifications - 200 (0ms)","service":"research-mgmt-api","timestamp":"2025-04-12 15:49:50.390"}
{"level":"info","message":"HTTP GET /api/notifications/unread/count - 200 (0ms)","service":"research-mgmt-api","timestamp":"2025-04-12 15:50:50.386"}
{"level":"info","message":"HTTP GET /api/notifications/unread/count - 200 (0ms)","service":"research-mgmt-api","timestamp":"2025-04-12 15:50:50.387"}
{"level":"info","message":"HTTP GET /api/notifications/unread/count - 200 (0ms)","service":"research-mgmt-api","timestamp":"2025-04-12 15:50:50.389"}
{"level":"info","message":"HTTP GET /api/notifications - 200 (0ms)","service":"research-mgmt-api","timestamp":"2025-04-12 15:50:50.392"}
{"level":"info","message":"HTTP GET /api/notifications/unread/count - 200 (0ms)","service":"research-mgmt-api","timestamp":"2025-04-12 15:51:50.385"}
{"level":"info","message":"HTTP GET /api/notifications/unread/count - 200 (0ms)","service":"research-mgmt-api","timestamp":"2025-04-12 15:51:50.386"}
{"level":"info","message":"HTTP GET /api/notifications/unread/count - 200 (0ms)","service":"research-mgmt-api","timestamp":"2025-04-12 15:51:50.386"}
{"level":"info","message":"HTTP GET /api/notifications/unread/count - 200 (0ms)","service":"research-mgmt-api","timestamp":"2025-04-12 15:52:50.387"}
{"level":"info","message":"HTTP GET /api/notifications/unread/count - 200 (0ms)","service":"research-mgmt-api","timestamp":"2025-04-12 15:52:50.389"}
{"level":"info","message":"HTTP GET /api/notifications/unread/count - 200 (0ms)","service":"research-mgmt-api","timestamp":"2025-04-12 15:52:50.390"}
{"level":"info","message":"HTTP GET /api/notifications/unread/count - 200 (0ms)","service":"research-mgmt-api","timestamp":"2025-04-12 15:53:50.385"}
{"level":"info","message":"HTTP GET /api/notifications/unread/count - 200 (0ms)","service":"research-mgmt-api","timestamp":"2025-04-12 15:53:50.386"}
{"level":"info","message":"HTTP GET /api/notifications/unread/count - 200 (0ms)","service":"research-mgmt-api","timestamp":"2025-04-12 15:53:50.388"}
{"external":"23 MB","heapTotal":"31 MB","heapUsed":"43 MB","level":"info","message":"Memory usage stats:","rss":"216 MB","service":"research-mgmt-api","timestamp":"2025-04-12 15:54:28.031"}
{"level":"info","message":"HTTP GET /api/notifications/unread/count - 200 (0ms)","service":"research-mgmt-api","timestamp":"2025-04-12 15:54:50.386"}
{"level":"info","message":"HTTP GET /api/notifications/unread/count - 200 (0ms)","service":"research-mgmt-api","timestamp":"2025-04-12 15:54:50.387"}
{"level":"info","message":"HTTP GET /api/notifications/unread/count - 200 (0ms)","service":"research-mgmt-api","timestamp":"2025-04-12 15:54:50.388"}
{"level":"info","message":"HTTP GET /api/notifications - 200 (0ms)","service":"research-mgmt-api","timestamp":"2025-04-12 15:54:50.391"}
{"level":"info","message":"HTTP GET /api/notifications - 200 (0ms)","service":"research-mgmt-api","timestamp":"2025-04-12 15:54:50.392"}
{"level":"info","message":"JWT helper initialized","service":"research-mgmt-api","timestamp":"2025-04-12 15:55:34.620"}
{"adminRoutes":true,"authRoutes":true,"level":"info","message":"Route modules loaded:","service":"research-mgmt-api","studentRoutes":true,"supervisorRoutes":true,"timestamp":"2025-04-12 15:55:34.663"}
{"level":"info","message":"Registered API redirect from GET /notifications to GET /api/notifications","service":"research-mgmt-api","timestamp":"2025-04-12 15:55:34.683"}
{"level":"info","message":"Registered API redirect from GET /notifications/unread/count to GET /api/notifications/unread/count","service":"research-mgmt-api","timestamp":"2025-04-12 15:55:34.683"}
{"level":"info","message":"Registered API redirect from GET /user/profile to GET /api/user/profile","service":"research-mgmt-api","timestamp":"2025-04-12 15:55:34.683"}
{"level":"info","message":"Registered API redirect from GET /dashboard to GET /api/dashboard","service":"research-mgmt-api","timestamp":"2025-04-12 15:55:34.684"}
{"level":"info","message":"Registered API redirect from GET /calendar to GET /api/calendar","service":"research-mgmt-api","timestamp":"2025-04-12 15:55:34.684"}
{"level":"info","message":"Registered Team API redirect from GET /teams to GET /api/students/team/...","service":"research-mgmt-api","timestamp":"2025-04-12 15:55:34.684"}
{"level":"info","message":"Registered Team API redirect from GET /teams/my-team to GET /api/students/team/...","service":"research-mgmt-api","timestamp":"2025-04-12 15:55:34.684"}
{"level":"info","message":"Registered Team API redirect from GET /teams/:id to GET /api/students/team/...","service":"research-mgmt-api","timestamp":"2025-04-12 15:55:34.684"}
{"level":"info","message":"Registered Team API redirect from PUT /teams/:id to PUT /api/students/team/...","service":"research-mgmt-api","timestamp":"2025-04-12 15:55:34.685"}
{"level":"info","message":"Registered Team API redirect from DELETE /teams/:id to DELETE /api/students/team/...","service":"research-mgmt-api","timestamp":"2025-04-12 15:55:34.685"}
{"level":"info","message":"Registered Team API redirect from POST /teams/:id/invite to POST /api/students/team/...","service":"research-mgmt-api","timestamp":"2025-04-12 15:55:34.685"}
{"level":"info","message":"Registered Team API redirect from POST /teams/:id/leave to POST /api/students/team/...","service":"research-mgmt-api","timestamp":"2025-04-12 15:55:34.685"}
{"level":"info","message":"Registered Team API redirect from POST /teams/:id/remove-member to POST /api/students/team/...","service":"research-mgmt-api","timestamp":"2025-04-12 15:55:34.685"}
{"level":"info","message":"Registered Student Team API redirect from GET /api/student-teams to GET /api/students/team/...","service":"research-mgmt-api","timestamp":"2025-04-12 15:55:34.685"}
{"level":"info","message":"Registered Student Team API redirect from GET /api/student-teams/invitations to GET /api/students/team/...","service":"research-mgmt-api","timestamp":"2025-04-12 15:55:34.685"}
{"level":"info","message":"Registered Student Team API redirect from DELETE /api/student-teams/:id/leave to DELETE /api/students/team/...","service":"research-mgmt-api","timestamp":"2025-04-12 15:55:34.685"}
{"level":"info","message":"Registered API redirect from GET /projects to GET /api/projects","service":"research-mgmt-api","timestamp":"2025-04-12 15:55:34.686"}
{"level":"info","message":"Registered API redirect from POST /projects to POST /api/projects","service":"research-mgmt-api","timestamp":"2025-04-12 15:55:34.686"}
{"level":"info","message":"Registered API redirect from GET /sessions to GET /api/sessions","service":"research-mgmt-api","timestamp":"2025-04-12 15:55:34.686"}
{"level":"info","message":"Registered API redirect from POST /sessions to POST /api/sessions","service":"research-mgmt-api","timestamp":"2025-04-12 15:55:34.686"}
{"level":"info","message":"Registered API redirect from GET /messages to GET /api/messages","service":"research-mgmt-api","timestamp":"2025-04-12 15:55:34.686"}
{"level":"info","message":"Registered API redirect from POST /messages to POST /api/messages","service":"research-mgmt-api","timestamp":"2025-04-12 15:55:34.686"}
{"level":"info","message":"Registered API redirect from GET /projects/:id to GET /api/projects/:id","service":"research-mgmt-api","timestamp":"2025-04-12 15:55:34.686"}
{"level":"info","message":"Registered API redirect from PUT /projects/:id to PUT /api/projects/:id","service":"research-mgmt-api","timestamp":"2025-04-12 15:55:34.686"}
{"level":"info","message":"Registered API redirect from DELETE /projects/:id to DELETE /api/projects/:id","service":"research-mgmt-api","timestamp":"2025-04-12 15:55:34.686"}
{"level":"info","message":"Registered API redirect from GET /users/:id to GET /api/users/:id","service":"research-mgmt-api","timestamp":"2025-04-12 15:55:34.686"}
{"level":"info","message":"Registered API redirect from PUT /users/:id to PUT /api/users/:id","service":"research-mgmt-api","timestamp":"2025-04-12 15:55:34.686"}
{"level":"info","message":"Attempting to connect to MongoDB database","service":"research-mgmt-api","timestamp":"2025-04-12 15:55:34.687"}
{"level":"info","message":"Attempting to connect to MongoDB...","service":"research-mgmt-api","timestamp":"2025-04-12 15:55:34.687"}
{"level":"info","message":"MongoDB Connected: ac-xdpuchx-shard-00-00.tvoe17p.mongodb.net","service":"research-mgmt-api","timestamp":"2025-04-12 15:55:35.443"}
{"level":"info","message":"✅ MongoDB connection established successfully","service":"research-mgmt-api","timestamp":"2025-04-12 15:55:35.443"}
{"level":"info","message":"🚀 Server running on port 300000 and accessible from all network interfaces","service":"research-mgmt-api","timestamp":"2025-04-12 15:55:35.450"}
{"level":"error","message":"HTTP GET /api/students/team - 404 (0ms) Error: Route not found","service":"research-mgmt-api","timestamp":"2025-04-12 15:55:35.629"}
{"level":"error","message":"HTTP GET /api/students/team/invitations - 404 (0ms) Error: Route not found","service":"research-mgmt-api","timestamp":"2025-04-12 15:55:35.629"}
{"level":"info","message":"📊 Fetching student dashboard data","service":"research-mgmt-api","timestamp":"2025-04-12 15:55:35.778"}
{"level":"info","message":"HTTP GET /api/dashboard - 200 (511ms)","service":"research-mgmt-api","timestamp":"2025-04-12 15:55:36.289"}
{"level":"info","message":"📊 Fetching student dashboard data","service":"research-mgmt-api","timestamp":"2025-04-12 15:55:36.291"}
{"level":"info","message":"HTTP GET /api/notifications - 200 (0ms)","service":"research-mgmt-api","timestamp":"2025-04-12 15:55:36.388"}
{"level":"info","message":"HTTP GET /api/notifications - 200 (0ms)","service":"research-mgmt-api","timestamp":"2025-04-12 15:55:36.389"}
{"level":"info","message":"HTTP GET /api/notifications - 200 (0ms)","service":"research-mgmt-api","timestamp":"2025-04-12 15:55:36.390"}
{"level":"info","message":"HTTP GET /api/notifications/unread/count - 200 (0ms)","service":"research-mgmt-api","timestamp":"2025-04-12 15:55:36.393"}
{"level":"info","message":"HTTP GET /api/notifications/unread/count - 200 (0ms)","service":"research-mgmt-api","timestamp":"2025-04-12 15:55:36.397"}
{"level":"info","message":"HTTP GET /api/notifications/unread/count - 200 (0ms)","service":"research-mgmt-api","timestamp":"2025-04-12 15:55:36.397"}
{"level":"info","message":"HTTP GET /api/dashboard - 200 (209ms)","service":"research-mgmt-api","timestamp":"2025-04-12 15:55:36.500"}
{"level":"info","message":"HTTP GET /api/notifications/unread/count - 200 (0ms)","service":"research-mgmt-api","timestamp":"2025-04-12 15:56:35.384"}
{"level":"info","message":"HTTP GET /api/notifications/unread/count - 200 (0ms)","service":"research-mgmt-api","timestamp":"2025-04-12 15:56:35.386"}
{"level":"info","message":"HTTP GET /api/notifications/unread/count - 200 (0ms)","service":"research-mgmt-api","timestamp":"2025-04-12 15:56:35.387"}
{"level":"info","message":"HTTP GET /api/notifications/unread/count - 200 (0ms)","service":"research-mgmt-api","timestamp":"2025-04-12 15:57:35.108"}
{"level":"info","message":"HTTP GET /api/notifications/unread/count - 200 (0ms)","service":"research-mgmt-api","timestamp":"2025-04-12 15:57:35.384"}
{"level":"info","message":"HTTP GET /api/notifications/unread/count - 200 (0ms)","service":"research-mgmt-api","timestamp":"2025-04-12 15:57:35.385"}
{"level":"warn","message":"Unauthorized access attempt (no/invalid Authorization header): /api/student/students/team","service":"research-mgmt-api","timestamp":"2025-04-12 15:58:32.060"}
{"level":"warn","message":"Unauthorized access attempt: /api/student/students/team","service":"research-mgmt-api","timestamp":"2025-04-12 15:58:32.060"}
{"level":"error","message":"Application error: undefined is not an object (evaluating 'context.set.status = 401')","service":"research-mgmt-api","stack":"TypeError: undefined is not an object (evaluating 'context.set.status = 401')\n    at requireAuth (/home/swadhin/r/server/src/utils/authUtils.js:18:13)\n    at <anonymous> (/home/swadhin/r/server/src/utils/authUtils.js:31:18)\n    at <anonymous> (file:///home/swadhin/r/server/node_modules/elysia/dist/bun/index.js:19:33)\n    at processTicksAndRejections (native:7:39)","timestamp":"2025-04-12 15:58:32.060"}
{"level":"info","message":"HTTP GET /api/notifications/unread/count - 200 (0ms)","service":"research-mgmt-api","timestamp":"2025-04-12 15:58:35.384"}
{"level":"info","message":"HTTP GET /api/notifications/unread/count - 200 (0ms)","service":"research-mgmt-api","timestamp":"2025-04-12 15:58:35.385"}
{"level":"info","message":"HTTP GET /api/notifications/unread/count - 200 (0ms)","service":"research-mgmt-api","timestamp":"2025-04-12 15:58:35.386"}
{"level":"info","message":"JWT helper initialized","service":"research-mgmt-api","timestamp":"2025-04-12 15:59:02.533"}
{"adminRoutes":true,"authRoutes":true,"level":"info","message":"Route modules loaded:","service":"research-mgmt-api","studentRoutes":true,"supervisorRoutes":true,"timestamp":"2025-04-12 15:59:02.568"}
{"level":"info","message":"Registered API redirect from GET /notifications to GET /api/notifications","service":"research-mgmt-api","timestamp":"2025-04-12 15:59:02.582"}
{"level":"info","message":"Registered API redirect from GET /notifications/unread/count to GET /api/notifications/unread/count","service":"research-mgmt-api","timestamp":"2025-04-12 15:59:02.583"}
{"level":"info","message":"Registered API redirect from GET /user/profile to GET /api/user/profile","service":"research-mgmt-api","timestamp":"2025-04-12 15:59:02.583"}
{"level":"info","message":"Registered API redirect from GET /dashboard to GET /api/dashboard","service":"research-mgmt-api","timestamp":"2025-04-12 15:59:02.583"}
{"level":"info","message":"Registered API redirect from GET /calendar to GET /api/calendar","service":"research-mgmt-api","timestamp":"2025-04-12 15:59:02.583"}
{"level":"info","message":"Registered Team API redirect from GET /teams to GET /api/students/team/...","service":"research-mgmt-api","timestamp":"2025-04-12 15:59:02.583"}
{"level":"info","message":"Registered Team API redirect from GET /teams/my-team to GET /api/students/team/...","service":"research-mgmt-api","timestamp":"2025-04-12 15:59:02.583"}
{"level":"info","message":"Registered Team API redirect from GET /teams/:id to GET /api/students/team/...","service":"research-mgmt-api","timestamp":"2025-04-12 15:59:02.584"}
{"level":"info","message":"Registered Team API redirect from PUT /teams/:id to PUT /api/students/team/...","service":"research-mgmt-api","timestamp":"2025-04-12 15:59:02.584"}
{"level":"info","message":"Registered Team API redirect from DELETE /teams/:id to DELETE /api/students/team/...","service":"research-mgmt-api","timestamp":"2025-04-12 15:59:02.584"}
{"level":"info","message":"Registered Team API redirect from POST /teams/:id/invite to POST /api/students/team/...","service":"research-mgmt-api","timestamp":"2025-04-12 15:59:02.584"}
{"level":"info","message":"Registered Team API redirect from POST /teams/:id/leave to POST /api/students/team/...","service":"research-mgmt-api","timestamp":"2025-04-12 15:59:02.584"}
{"level":"info","message":"Registered Team API redirect from POST /teams/:id/remove-member to POST /api/students/team/...","service":"research-mgmt-api","timestamp":"2025-04-12 15:59:02.584"}
{"level":"info","message":"Registered Student Team API redirect from GET /api/student-teams to GET /api/students/team/...","service":"research-mgmt-api","timestamp":"2025-04-12 15:59:02.584"}
{"level":"info","message":"Registered Student Team API redirect from GET /api/student-teams/invitations to GET /api/students/team/...","service":"research-mgmt-api","timestamp":"2025-04-12 15:59:02.584"}
{"level":"info","message":"Registered Student Team API redirect from DELETE /api/student-teams/:id/leave to DELETE /api/students/team/...","service":"research-mgmt-api","timestamp":"2025-04-12 15:59:02.584"}
{"level":"info","message":"Registered API redirect from GET /projects to GET /api/projects","service":"research-mgmt-api","timestamp":"2025-04-12 15:59:02.585"}
{"level":"info","message":"Registered API redirect from POST /projects to POST /api/projects","service":"research-mgmt-api","timestamp":"2025-04-12 15:59:02.585"}
{"level":"info","message":"Registered API redirect from GET /sessions to GET /api/sessions","service":"research-mgmt-api","timestamp":"2025-04-12 15:59:02.585"}
{"level":"info","message":"Registered API redirect from POST /sessions to POST /api/sessions","service":"research-mgmt-api","timestamp":"2025-04-12 15:59:02.585"}
{"level":"info","message":"Registered API redirect from GET /messages to GET /api/messages","service":"research-mgmt-api","timestamp":"2025-04-12 15:59:02.585"}
{"level":"info","message":"Registered API redirect from POST /messages to POST /api/messages","service":"research-mgmt-api","timestamp":"2025-04-12 15:59:02.585"}
{"level":"info","message":"Registered API redirect from GET /projects/:id to GET /api/projects/:id","service":"research-mgmt-api","timestamp":"2025-04-12 15:59:02.585"}
{"level":"info","message":"Registered API redirect from PUT /projects/:id to PUT /api/projects/:id","service":"research-mgmt-api","timestamp":"2025-04-12 15:59:02.585"}
{"level":"info","message":"Registered API redirect from DELETE /projects/:id to DELETE /api/projects/:id","service":"research-mgmt-api","timestamp":"2025-04-12 15:59:02.585"}
{"level":"info","message":"Registered API redirect from GET /users/:id to GET /api/users/:id","service":"research-mgmt-api","timestamp":"2025-04-12 15:59:02.585"}
{"level":"info","message":"Registered API redirect from PUT /users/:id to PUT /api/users/:id","service":"research-mgmt-api","timestamp":"2025-04-12 15:59:02.585"}
{"level":"info","message":"Attempting to connect to MongoDB database","service":"research-mgmt-api","timestamp":"2025-04-12 15:59:02.585"}
{"level":"info","message":"Attempting to connect to MongoDB...","service":"research-mgmt-api","timestamp":"2025-04-12 15:59:02.586"}
{"level":"info","message":"MongoDB Connected: ac-xdpuchx-shard-00-00.tvoe17p.mongodb.net","service":"research-mgmt-api","timestamp":"2025-04-12 15:59:03.270"}
{"level":"info","message":"✅ MongoDB connection established successfully","service":"research-mgmt-api","timestamp":"2025-04-12 15:59:03.270"}
{"level":"info","message":"🚀 Server running on port 300000 and accessible from all network interfaces","service":"research-mgmt-api","timestamp":"2025-04-12 15:59:03.275"}
{"level":"info","message":"JWT helper initialized","service":"research-mgmt-api","timestamp":"2025-04-12 15:59:05.020"}
{"adminRoutes":true,"authRoutes":true,"level":"info","message":"Route modules loaded:","service":"research-mgmt-api","studentRoutes":true,"supervisorRoutes":true,"timestamp":"2025-04-12 15:59:05.055"}
{"level":"info","message":"Registered API redirect from GET /notifications to GET /api/notifications","service":"research-mgmt-api","timestamp":"2025-04-12 15:59:05.069"}
{"level":"info","message":"Registered API redirect from GET /notifications/unread/count to GET /api/notifications/unread/count","service":"research-mgmt-api","timestamp":"2025-04-12 15:59:05.069"}
{"level":"info","message":"Registered API redirect from GET /user/profile to GET /api/user/profile","service":"research-mgmt-api","timestamp":"2025-04-12 15:59:05.069"}
{"level":"info","message":"Registered API redirect from GET /dashboard to GET /api/dashboard","service":"research-mgmt-api","timestamp":"2025-04-12 15:59:05.069"}
{"level":"info","message":"Registered API redirect from GET /calendar to GET /api/calendar","service":"research-mgmt-api","timestamp":"2025-04-12 15:59:05.069"}
{"level":"info","message":"Registered Team API redirect from GET /teams to GET /api/students/team/...","service":"research-mgmt-api","timestamp":"2025-04-12 15:59:05.070"}
{"level":"info","message":"Registered Team API redirect from GET /teams/my-team to GET /api/students/team/...","service":"research-mgmt-api","timestamp":"2025-04-12 15:59:05.070"}
{"level":"info","message":"Registered Team API redirect from GET /teams/:id to GET /api/students/team/...","service":"research-mgmt-api","timestamp":"2025-04-12 15:59:05.070"}
{"level":"info","message":"Registered Team API redirect from PUT /teams/:id to PUT /api/students/team/...","service":"research-mgmt-api","timestamp":"2025-04-12 15:59:05.070"}
{"level":"info","message":"Registered Team API redirect from DELETE /teams/:id to DELETE /api/students/team/...","service":"research-mgmt-api","timestamp":"2025-04-12 15:59:05.070"}
{"level":"info","message":"Registered Team API redirect from POST /teams/:id/invite to POST /api/students/team/...","service":"research-mgmt-api","timestamp":"2025-04-12 15:59:05.070"}
{"level":"info","message":"Registered Team API redirect from POST /teams/:id/leave to POST /api/students/team/...","service":"research-mgmt-api","timestamp":"2025-04-12 15:59:05.070"}
{"level":"info","message":"Registered Team API redirect from POST /teams/:id/remove-member to POST /api/students/team/...","service":"research-mgmt-api","timestamp":"2025-04-12 15:59:05.070"}
{"level":"info","message":"Registered Student Team API redirect from GET /api/student-teams to GET /api/students/team/...","service":"research-mgmt-api","timestamp":"2025-04-12 15:59:05.071"}
{"level":"info","message":"Registered Student Team API redirect from GET /api/student-teams/invitations to GET /api/students/team/...","service":"research-mgmt-api","timestamp":"2025-04-12 15:59:05.071"}
{"level":"info","message":"Registered Student Team API redirect from DELETE /api/student-teams/:id/leave to DELETE /api/students/team/...","service":"research-mgmt-api","timestamp":"2025-04-12 15:59:05.071"}
{"level":"info","message":"Registered API redirect from GET /projects to GET /api/projects","service":"research-mgmt-api","timestamp":"2025-04-12 15:59:05.071"}
{"level":"info","message":"Registered API redirect from POST /projects to POST /api/projects","service":"research-mgmt-api","timestamp":"2025-04-12 15:59:05.071"}
{"level":"info","message":"Registered API redirect from GET /sessions to GET /api/sessions","service":"research-mgmt-api","timestamp":"2025-04-12 15:59:05.071"}
{"level":"info","message":"Registered API redirect from POST /sessions to POST /api/sessions","service":"research-mgmt-api","timestamp":"2025-04-12 15:59:05.071"}
{"level":"info","message":"Registered API redirect from GET /messages to GET /api/messages","service":"research-mgmt-api","timestamp":"2025-04-12 15:59:05.071"}
{"level":"info","message":"Registered API redirect from POST /messages to POST /api/messages","service":"research-mgmt-api","timestamp":"2025-04-12 15:59:05.071"}
{"level":"info","message":"Registered API redirect from GET /projects/:id to GET /api/projects/:id","service":"research-mgmt-api","timestamp":"2025-04-12 15:59:05.071"}
{"level":"info","message":"Registered API redirect from PUT /projects/:id to PUT /api/projects/:id","service":"research-mgmt-api","timestamp":"2025-04-12 15:59:05.071"}
{"level":"info","message":"Registered API redirect from DELETE /projects/:id to DELETE /api/projects/:id","service":"research-mgmt-api","timestamp":"2025-04-12 15:59:05.072"}
{"level":"info","message":"Registered API redirect from GET /users/:id to GET /api/users/:id","service":"research-mgmt-api","timestamp":"2025-04-12 15:59:05.072"}
{"level":"info","message":"Registered API redirect from PUT /users/:id to PUT /api/users/:id","service":"research-mgmt-api","timestamp":"2025-04-12 15:59:05.072"}
{"level":"info","message":"Attempting to connect to MongoDB database","service":"research-mgmt-api","timestamp":"2025-04-12 15:59:05.072"}
{"level":"info","message":"Attempting to connect to MongoDB...","service":"research-mgmt-api","timestamp":"2025-04-12 15:59:05.072"}
{"level":"info","message":"MongoDB Connected: ac-xdpuchx-shard-00-01.tvoe17p.mongodb.net","service":"research-mgmt-api","timestamp":"2025-04-12 15:59:05.704"}
{"level":"info","message":"✅ MongoDB connection established successfully","service":"research-mgmt-api","timestamp":"2025-04-12 15:59:05.705"}
{"level":"info","message":"🚀 Server running on port 300000 and accessible from all network interfaces","service":"research-mgmt-api","timestamp":"2025-04-12 15:59:05.710"}
{"level":"info","message":"JWT helper initialized","service":"research-mgmt-api","timestamp":"2025-04-12 15:59:11.002"}
{"adminRoutes":true,"authRoutes":true,"level":"info","message":"Route modules loaded:","service":"research-mgmt-api","studentRoutes":true,"supervisorRoutes":true,"timestamp":"2025-04-12 15:59:11.037"}
{"level":"info","message":"Registered API redirect from GET /notifications to GET /api/notifications","service":"research-mgmt-api","timestamp":"2025-04-12 15:59:11.052"}
{"level":"info","message":"Registered API redirect from GET /notifications/unread/count to GET /api/notifications/unread/count","service":"research-mgmt-api","timestamp":"2025-04-12 15:59:11.052"}
{"level":"info","message":"Registered API redirect from GET /user/profile to GET /api/user/profile","service":"research-mgmt-api","timestamp":"2025-04-12 15:59:11.052"}
{"level":"info","message":"Registered API redirect from GET /dashboard to GET /api/dashboard","service":"research-mgmt-api","timestamp":"2025-04-12 15:59:11.052"}
{"level":"info","message":"Registered API redirect from GET /calendar to GET /api/calendar","service":"research-mgmt-api","timestamp":"2025-04-12 15:59:11.053"}
{"level":"info","message":"Registered Team API redirect from GET /teams to GET /api/students/team/...","service":"research-mgmt-api","timestamp":"2025-04-12 15:59:11.053"}
{"level":"info","message":"Registered Team API redirect from GET /teams/my-team to GET /api/students/team/...","service":"research-mgmt-api","timestamp":"2025-04-12 15:59:11.053"}
{"level":"info","message":"Registered Team API redirect from GET /teams/:id to GET /api/students/team/...","service":"research-mgmt-api","timestamp":"2025-04-12 15:59:11.053"}
{"level":"info","message":"Registered Team API redirect from PUT /teams/:id to PUT /api/students/team/...","service":"research-mgmt-api","timestamp":"2025-04-12 15:59:11.053"}
{"level":"info","message":"Registered Team API redirect from DELETE /teams/:id to DELETE /api/students/team/...","service":"research-mgmt-api","timestamp":"2025-04-12 15:59:11.053"}
{"level":"info","message":"Registered Team API redirect from POST /teams/:id/invite to POST /api/students/team/...","service":"research-mgmt-api","timestamp":"2025-04-12 15:59:11.053"}
{"level":"info","message":"Registered Team API redirect from POST /teams/:id/leave to POST /api/students/team/...","service":"research-mgmt-api","timestamp":"2025-04-12 15:59:11.054"}
{"level":"info","message":"Registered Team API redirect from POST /teams/:id/remove-member to POST /api/students/team/...","service":"research-mgmt-api","timestamp":"2025-04-12 15:59:11.054"}
{"level":"info","message":"Registered Student Team API redirect from GET /api/student-teams to GET /api/students/team/...","service":"research-mgmt-api","timestamp":"2025-04-12 15:59:11.054"}
{"level":"info","message":"Registered Student Team API redirect from GET /api/student-teams/invitations to GET /api/students/team/...","service":"research-mgmt-api","timestamp":"2025-04-12 15:59:11.054"}
{"level":"info","message":"Registered Student Team API redirect from DELETE /api/student-teams/:id/leave to DELETE /api/students/team/...","service":"research-mgmt-api","timestamp":"2025-04-12 15:59:11.054"}
{"level":"info","message":"Registered API redirect from GET /projects to GET /api/projects","service":"research-mgmt-api","timestamp":"2025-04-12 15:59:11.054"}
{"level":"info","message":"Registered API redirect from POST /projects to POST /api/projects","service":"research-mgmt-api","timestamp":"2025-04-12 15:59:11.054"}
{"level":"info","message":"Registered API redirect from GET /sessions to GET /api/sessions","service":"research-mgmt-api","timestamp":"2025-04-12 15:59:11.054"}
{"level":"info","message":"Registered API redirect from POST /sessions to POST /api/sessions","service":"research-mgmt-api","timestamp":"2025-04-12 15:59:11.054"}
{"level":"info","message":"Registered API redirect from GET /messages to GET /api/messages","service":"research-mgmt-api","timestamp":"2025-04-12 15:59:11.054"}
{"level":"info","message":"Registered API redirect from POST /messages to POST /api/messages","service":"research-mgmt-api","timestamp":"2025-04-12 15:59:11.054"}
{"level":"info","message":"Registered API redirect from GET /projects/:id to GET /api/projects/:id","service":"research-mgmt-api","timestamp":"2025-04-12 15:59:11.054"}
{"level":"info","message":"Registered API redirect from PUT /projects/:id to PUT /api/projects/:id","service":"research-mgmt-api","timestamp":"2025-04-12 15:59:11.055"}
{"level":"info","message":"Registered API redirect from DELETE /projects/:id to DELETE /api/projects/:id","service":"research-mgmt-api","timestamp":"2025-04-12 15:59:11.055"}
{"level":"info","message":"Registered API redirect from GET /users/:id to GET /api/users/:id","service":"research-mgmt-api","timestamp":"2025-04-12 15:59:11.055"}
{"level":"info","message":"Registered API redirect from PUT /users/:id to PUT /api/users/:id","service":"research-mgmt-api","timestamp":"2025-04-12 15:59:11.055"}
{"level":"info","message":"Attempting to connect to MongoDB database","service":"research-mgmt-api","timestamp":"2025-04-12 15:59:11.055"}
{"level":"info","message":"Attempting to connect to MongoDB...","service":"research-mgmt-api","timestamp":"2025-04-12 15:59:11.055"}
{"level":"info","message":"MongoDB Connected: ac-xdpuchx-shard-00-02.tvoe17p.mongodb.net","service":"research-mgmt-api","timestamp":"2025-04-12 15:59:11.704"}
{"level":"info","message":"✅ MongoDB connection established successfully","service":"research-mgmt-api","timestamp":"2025-04-12 15:59:11.704"}
{"level":"info","message":"🚀 Server running on port 300000 and accessible from all network interfaces","service":"research-mgmt-api","timestamp":"2025-04-12 15:59:11.709"}
{"level":"info","message":"HTTP GET /api/notifications/unread/count - 200 (0ms)","service":"research-mgmt-api","timestamp":"2025-04-12 15:59:35.388"}
{"level":"info","message":"HTTP GET /api/notifications/unread/count - 200 (0ms)","service":"research-mgmt-api","timestamp":"2025-04-12 15:59:35.389"}
{"level":"info","message":"HTTP GET /api/notifications/unread/count - 200 (0ms)","service":"research-mgmt-api","timestamp":"2025-04-12 15:59:35.390"}
{"level":"info","message":"HTTP GET /api/notifications/unread/count - 200 (0ms)","service":"research-mgmt-api","timestamp":"2025-04-12 16:00:50.385"}
{"level":"info","message":"HTTP GET /api/notifications/unread/count - 200 (0ms)","service":"research-mgmt-api","timestamp":"2025-04-12 16:00:50.386"}
{"level":"info","message":"HTTP GET /api/notifications/unread/count - 200 (0ms)","service":"research-mgmt-api","timestamp":"2025-04-12 16:00:50.387"}
{"level":"info","message":"HTTP GET /api/notifications - 200 (0ms)","service":"research-mgmt-api","timestamp":"2025-04-12 16:00:50.389"}
{"level":"info","message":"HTTP GET /api/notifications - 200 (0ms)","service":"research-mgmt-api","timestamp":"2025-04-12 16:00:50.390"}
{"level":"info","message":"HTTP GET /api/notifications - 200 (0ms)","service":"research-mgmt-api","timestamp":"2025-04-12 16:00:50.391"}
{"level":"info","message":"📊 Fetching student dashboard data","service":"research-mgmt-api","timestamp":"2025-04-12 16:00:59.606"}
{"level":"info","message":"HTTP GET /api/notifications - 200 (0ms)","service":"research-mgmt-api","timestamp":"2025-04-12 16:00:59.791"}
{"level":"info","message":"HTTP GET /api/notifications/unread/count - 200 (0ms)","service":"research-mgmt-api","timestamp":"2025-04-12 16:00:59.795"}
{"level":"info","message":"HTTP GET /api/dashboard - 200 (229ms)","service":"research-mgmt-api","timestamp":"2025-04-12 16:00:59.835"}
{"level":"error","message":"HTTP GET /api/students/team/invitations - 404 (0ms) Error: Route not found","service":"research-mgmt-api","timestamp":"2025-04-12 16:01:09.541"}
{"level":"warn","message":"Unauthorized access attempt: /api/student/students/team","service":"research-mgmt-api","timestamp":"2025-04-12 16:01:09.542"}
{"level":"error","message":"Application error: undefined is not an object (evaluating 'context.set.status = 401')","service":"research-mgmt-api","stack":"TypeError: undefined is not an object (evaluating 'context.set.status = 401')\n    at requireAuth (/home/swadhin/r/server/src/utils/authUtils.js:18:13)\n    at <anonymous> (/home/swadhin/r/server/src/utils/authUtils.js:31:18)\n    at <anonymous> (file:///home/swadhin/r/server/node_modules/elysia/dist/bun/index.js:19:33)\n    at processTicksAndRejections (native:7:39)","timestamp":"2025-04-12 16:01:09.542"}
{"level":"info","message":"HTTP GET /api/notifications/unread/count - 200 (0ms)","service":"research-mgmt-api","timestamp":"2025-04-12 16:01:50.385"}
{"level":"info","message":"HTTP GET /api/notifications/unread/count - 200 (0ms)","service":"research-mgmt-api","timestamp":"2025-04-12 16:01:50.386"}
{"level":"info","message":"HTTP GET /api/notifications/unread/count - 200 (0ms)","service":"research-mgmt-api","timestamp":"2025-04-12 16:01:59.291"}
{"level":"info","message":"HTTP GET /api/notifications/unread/count - 200 (0ms)","service":"research-mgmt-api","timestamp":"2025-04-12 16:02:50.386"}
{"level":"info","message":"HTTP GET /api/notifications/unread/count - 200 (0ms)","service":"research-mgmt-api","timestamp":"2025-04-12 16:02:50.388"}
{"level":"info","message":"HTTP GET /api/notifications/unread/count - 200 (0ms)","service":"research-mgmt-api","timestamp":"2025-04-12 16:02:59.291"}
{"level":"info","message":"JWT helper initialized","service":"research-mgmt-api","timestamp":"2025-04-12 16:03:13.075"}
{"adminRoutes":true,"authRoutes":true,"level":"info","message":"Route modules loaded:","service":"research-mgmt-api","studentRoutes":true,"supervisorRoutes":true,"timestamp":"2025-04-12 16:03:13.108"}
{"level":"info","message":"Registered API redirect from GET /notifications to GET /api/notifications","service":"research-mgmt-api","timestamp":"2025-04-12 16:03:13.122"}
{"level":"info","message":"Registered API redirect from GET /notifications/unread/count to GET /api/notifications/unread/count","service":"research-mgmt-api","timestamp":"2025-04-12 16:03:13.122"}
{"level":"info","message":"Registered API redirect from GET /user/profile to GET /api/user/profile","service":"research-mgmt-api","timestamp":"2025-04-12 16:03:13.122"}
{"level":"info","message":"Registered API redirect from GET /dashboard to GET /api/dashboard","service":"research-mgmt-api","timestamp":"2025-04-12 16:03:13.122"}
{"level":"info","message":"Registered API redirect from GET /calendar to GET /api/calendar","service":"research-mgmt-api","timestamp":"2025-04-12 16:03:13.123"}
{"level":"info","message":"Registered Team API redirect from GET /teams to GET /api/students/team/...","service":"research-mgmt-api","timestamp":"2025-04-12 16:03:13.123"}
{"level":"info","message":"Registered Team API redirect from GET /teams/my-team to GET /api/students/team/...","service":"research-mgmt-api","timestamp":"2025-04-12 16:03:13.123"}
{"level":"info","message":"Registered Team API redirect from GET /teams/:id to GET /api/students/team/...","service":"research-mgmt-api","timestamp":"2025-04-12 16:03:13.123"}
{"level":"info","message":"Registered Team API redirect from PUT /teams/:id to PUT /api/students/team/...","service":"research-mgmt-api","timestamp":"2025-04-12 16:03:13.123"}
{"level":"info","message":"Registered Team API redirect from DELETE /teams/:id to DELETE /api/students/team/...","service":"research-mgmt-api","timestamp":"2025-04-12 16:03:13.123"}
{"level":"info","message":"Registered Team API redirect from POST /teams/:id/invite to POST /api/students/team/...","service":"research-mgmt-api","timestamp":"2025-04-12 16:03:13.123"}
{"level":"info","message":"Registered Team API redirect from POST /teams/:id/leave to POST /api/students/team/...","service":"research-mgmt-api","timestamp":"2025-04-12 16:03:13.124"}
{"level":"info","message":"Registered Team API redirect from POST /teams/:id/remove-member to POST /api/students/team/...","service":"research-mgmt-api","timestamp":"2025-04-12 16:03:13.124"}
{"level":"info","message":"Registered Student Team API redirect from GET /api/student-teams to GET /api/students/team/...","service":"research-mgmt-api","timestamp":"2025-04-12 16:03:13.124"}
{"level":"info","message":"Registered Student Team API redirect from GET /api/student-teams/invitations to GET /api/students/team/...","service":"research-mgmt-api","timestamp":"2025-04-12 16:03:13.124"}
{"level":"info","message":"Registered Student Team API redirect from DELETE /api/student-teams/:id/leave to DELETE /api/students/team/...","service":"research-mgmt-api","timestamp":"2025-04-12 16:03:13.124"}
{"level":"info","message":"Registered API redirect from GET /projects to GET /api/projects","service":"research-mgmt-api","timestamp":"2025-04-12 16:03:13.124"}
{"level":"info","message":"Registered API redirect from POST /projects to POST /api/projects","service":"research-mgmt-api","timestamp":"2025-04-12 16:03:13.124"}
{"level":"info","message":"Registered API redirect from GET /sessions to GET /api/sessions","service":"research-mgmt-api","timestamp":"2025-04-12 16:03:13.124"}
{"level":"info","message":"Registered API redirect from POST /sessions to POST /api/sessions","service":"research-mgmt-api","timestamp":"2025-04-12 16:03:13.124"}
{"level":"info","message":"Registered API redirect from GET /messages to GET /api/messages","service":"research-mgmt-api","timestamp":"2025-04-12 16:03:13.124"}
{"level":"info","message":"Registered API redirect from POST /messages to POST /api/messages","service":"research-mgmt-api","timestamp":"2025-04-12 16:03:13.124"}
{"level":"info","message":"Registered API redirect from GET /projects/:id to GET /api/projects/:id","service":"research-mgmt-api","timestamp":"2025-04-12 16:03:13.125"}
{"level":"info","message":"Registered API redirect from PUT /projects/:id to PUT /api/projects/:id","service":"research-mgmt-api","timestamp":"2025-04-12 16:03:13.125"}
{"level":"info","message":"Registered API redirect from DELETE /projects/:id to DELETE /api/projects/:id","service":"research-mgmt-api","timestamp":"2025-04-12 16:03:13.125"}
{"level":"info","message":"Registered API redirect from GET /users/:id to GET /api/users/:id","service":"research-mgmt-api","timestamp":"2025-04-12 16:03:13.125"}
{"level":"info","message":"Registered API redirect from PUT /users/:id to PUT /api/users/:id","service":"research-mgmt-api","timestamp":"2025-04-12 16:03:13.125"}
{"level":"info","message":"Attempting to connect to MongoDB database","service":"research-mgmt-api","timestamp":"2025-04-12 16:03:13.125"}
{"level":"info","message":"Attempting to connect to MongoDB...","service":"research-mgmt-api","timestamp":"2025-04-12 16:03:13.125"}
{"level":"info","message":"MongoDB Connected: ac-xdpuchx-shard-00-00.tvoe17p.mongodb.net","service":"research-mgmt-api","timestamp":"2025-04-12 16:03:13.810"}
{"level":"info","message":"✅ MongoDB connection established successfully","service":"research-mgmt-api","timestamp":"2025-04-12 16:03:13.810"}
{"level":"info","message":"🚀 Server running on port 300000 and accessible from all network interfaces","service":"research-mgmt-api","timestamp":"2025-04-12 16:03:13.817"}
{"level":"error","message":"HTTP POST /api/students/team/create - 404 (0ms) Error: Route not found","service":"research-mgmt-api","timestamp":"2025-04-12 16:03:36.145"}
{"level":"info","message":"HTTP GET /api/notifications/unread/count - 200 (0ms)","service":"research-mgmt-api","timestamp":"2025-04-12 16:03:50.385"}
{"level":"info","message":"HTTP GET /api/notifications/unread/count - 200 (0ms)","service":"research-mgmt-api","timestamp":"2025-04-12 16:03:50.386"}
{"level":"info","message":"HTTP GET /api/notifications/unread/count - 200 (0ms)","service":"research-mgmt-api","timestamp":"2025-04-12 16:03:59.291"}
{"level":"warn","message":"Unauthorized access attempt: /api/student/students/team/create","service":"research-mgmt-api","timestamp":"2025-04-12 16:04:28.101"}
{"level":"error","message":"Application error: Authentication required. Please login.","service":"research-mgmt-api","stack":"Error: Authentication required. Please login.\n    at requireAuth (/home/swadhin/r/server/src/utils/authUtils.js:19:15)\n    at <anonymous> (/home/swadhin/r/server/src/utils/authUtils.js:31:18)\n    at <anonymous> (file:///home/swadhin/r/server/node_modules/elysia/dist/bun/index.js:19:33)\n    at processTicksAndRejections (native:7:39)","timestamp":"2025-04-12 16:04:28.101"}
{"level":"info","message":"HTTP GET /api/notifications/unread/count - 200 (0ms)","service":"research-mgmt-api","timestamp":"2025-04-12 16:04:50.385"}
{"level":"info","message":"HTTP GET /api/notifications/unread/count - 200 (0ms)","service":"research-mgmt-api","timestamp":"2025-04-12 16:04:50.387"}
{"level":"info","message":"HTTP GET /api/notifications/unread/count - 200 (0ms)","service":"research-mgmt-api","timestamp":"2025-04-12 16:04:59.291"}
{"level":"info","message":"MongoDB connection state: 1","service":"research-mgmt-api","timestamp":"2025-04-12 16:05:04.572"}
{"level":"info","message":"Login attempt for user: teststudent1@gmail.com","service":"research-mgmt-api","timestamp":"2025-04-12 16:05:04.572"}
{"level":"info","message":"Verifying password for user: teststudent1@gmail.com","service":"research-mgmt-api","timestamp":"2025-04-12 16:05:04.630"}
{"level":"info","message":"Login successful for user: teststudent1@gmail.com","service":"research-mgmt-api","timestamp":"2025-04-12 16:05:04.649"}
{"level":"info","message":"HTTP POST /api/auth/login - 200 (77ms)","service":"research-mgmt-api","timestamp":"2025-04-12 16:05:04.649"}
{"level":"info","message":"HTTP GET /api/notifications - 200 (0ms)","service":"research-mgmt-api","timestamp":"2025-04-12 16:05:05.157"}
{"level":"info","message":"HTTP GET /api/notifications/unread/count - 200 (0ms)","service":"research-mgmt-api","timestamp":"2025-04-12 16:05:05.160"}
{"level":"info","message":"📊 Fetching student dashboard data","service":"research-mgmt-api","timestamp":"2025-04-12 16:05:05.632"}
{"level":"info","message":"HTTP GET /api/dashboard - 200 (216ms)","service":"research-mgmt-api","timestamp":"2025-04-12 16:05:05.848"}
{"level":"info","message":"📊 Fetching student dashboard data","service":"research-mgmt-api","timestamp":"2025-04-12 16:05:05.850"}
{"level":"info","message":"HTTP GET /api/dashboard - 200 (213ms)","service":"research-mgmt-api","timestamp":"2025-04-12 16:05:06.063"}
{"level":"info","message":"HTTP GET /api/notifications - 200 (0ms)","service":"research-mgmt-api","timestamp":"2025-04-12 16:05:06.387"}
{"level":"info","message":"HTTP GET /api/notifications - 200 (0ms)","service":"research-mgmt-api","timestamp":"2025-04-12 16:05:06.388"}
{"level":"info","message":"HTTP GET /api/notifications/unread/count - 200 (0ms)","service":"research-mgmt-api","timestamp":"2025-04-12 16:05:06.391"}
{"level":"info","message":"HTTP GET /api/notifications/unread/count - 200 (0ms)","service":"research-mgmt-api","timestamp":"2025-04-12 16:05:06.394"}
{"level":"warn","message":"Unauthorized access attempt: /api/student/students/team/create","service":"research-mgmt-api","timestamp":"2025-04-12 16:05:10.165"}
{"level":"error","message":"Application error: Authentication required. Please login.","service":"research-mgmt-api","stack":"Error: Authentication required. Please login.\n    at requireAuth (/home/swadhin/r/server/src/utils/authUtils.js:19:15)\n    at <anonymous> (/home/swadhin/r/server/src/utils/authUtils.js:31:18)\n    at <anonymous> (file:///home/swadhin/r/server/node_modules/elysia/dist/bun/index.js:19:33)\n    at processTicksAndRejections (native:7:39)","timestamp":"2025-04-12 16:05:10.165"}
{"level":"info","message":"HTTP GET /api/notifications/unread/count - 200 (0ms)","service":"research-mgmt-api","timestamp":"2025-04-12 16:06:04.657"}
{"level":"info","message":"HTTP GET /api/notifications/unread/count - 200 (0ms)","service":"research-mgmt-api","timestamp":"2025-04-12 16:06:05.384"}
{"level":"info","message":"HTTP GET /api/notifications/unread/count - 200 (0ms)","service":"research-mgmt-api","timestamp":"2025-04-12 16:06:05.385"}
{"level":"info","message":"JWT helper initialized","service":"research-mgmt-api","timestamp":"2025-04-12 16:06:45.216"}
{"adminRoutes":true,"authRoutes":true,"level":"info","message":"Route modules loaded:","service":"research-mgmt-api","studentRoutes":true,"supervisorRoutes":true,"timestamp":"2025-04-12 16:06:45.251"}
{"level":"info","message":"Registered API redirect from GET /notifications to GET /api/notifications","service":"research-mgmt-api","timestamp":"2025-04-12 16:06:45.269"}
{"level":"info","message":"Registered API redirect from GET /notifications/unread/count to GET /api/notifications/unread/count","service":"research-mgmt-api","timestamp":"2025-04-12 16:06:45.269"}
{"level":"info","message":"Registered API redirect from GET /user/profile to GET /api/user/profile","service":"research-mgmt-api","timestamp":"2025-04-12 16:06:45.269"}
{"level":"info","message":"Registered API redirect from GET /dashboard to GET /api/dashboard","service":"research-mgmt-api","timestamp":"2025-04-12 16:06:45.270"}
{"level":"info","message":"Registered API redirect from GET /calendar to GET /api/calendar","service":"research-mgmt-api","timestamp":"2025-04-12 16:06:45.270"}
{"level":"info","message":"Registered Team API redirect from GET /teams to GET /api/students/team/...","service":"research-mgmt-api","timestamp":"2025-04-12 16:06:45.270"}
{"level":"info","message":"Registered Team API redirect from GET /teams/my-team to GET /api/students/team/...","service":"research-mgmt-api","timestamp":"2025-04-12 16:06:45.271"}
{"level":"info","message":"Registered Team API redirect from GET /teams/:id to GET /api/students/team/...","service":"research-mgmt-api","timestamp":"2025-04-12 16:06:45.271"}
{"level":"info","message":"Registered Team API redirect from PUT /teams/:id to PUT /api/students/team/...","service":"research-mgmt-api","timestamp":"2025-04-12 16:06:45.271"}
{"level":"info","message":"Registered Team API redirect from DELETE /teams/:id to DELETE /api/students/team/...","service":"research-mgmt-api","timestamp":"2025-04-12 16:06:45.271"}
{"level":"info","message":"Registered Team API redirect from POST /teams/:id/invite to POST /api/students/team/...","service":"research-mgmt-api","timestamp":"2025-04-12 16:06:45.271"}
{"level":"info","message":"Registered Team API redirect from POST /teams/:id/leave to POST /api/students/team/...","service":"research-mgmt-api","timestamp":"2025-04-12 16:06:45.271"}
{"level":"info","message":"Registered Team API redirect from POST /teams/:id/remove-member to POST /api/students/team/...","service":"research-mgmt-api","timestamp":"2025-04-12 16:06:45.271"}
{"level":"info","message":"Registered Student Team API redirect from GET /api/student-teams to GET /api/students/team/...","service":"research-mgmt-api","timestamp":"2025-04-12 16:06:45.271"}
{"level":"info","message":"Registered Student Team API redirect from GET /api/student-teams/invitations to GET /api/students/team/...","service":"research-mgmt-api","timestamp":"2025-04-12 16:06:45.272"}
{"level":"info","message":"Registered Student Team API redirect from DELETE /api/student-teams/:id/leave to DELETE /api/students/team/...","service":"research-mgmt-api","timestamp":"2025-04-12 16:06:45.272"}
{"level":"info","message":"Registered API redirect from GET /projects to GET /api/projects","service":"research-mgmt-api","timestamp":"2025-04-12 16:06:45.272"}
{"level":"info","message":"Registered API redirect from POST /projects to POST /api/projects","service":"research-mgmt-api","timestamp":"2025-04-12 16:06:45.272"}
{"level":"info","message":"Registered API redirect from GET /sessions to GET /api/sessions","service":"research-mgmt-api","timestamp":"2025-04-12 16:06:45.272"}
{"level":"info","message":"Registered API redirect from POST /sessions to POST /api/sessions","service":"research-mgmt-api","timestamp":"2025-04-12 16:06:45.272"}
{"level":"info","message":"Registered API redirect from GET /messages to GET /api/messages","service":"research-mgmt-api","timestamp":"2025-04-12 16:06:45.272"}
{"level":"info","message":"Registered API redirect from POST /messages to POST /api/messages","service":"research-mgmt-api","timestamp":"2025-04-12 16:06:45.272"}
{"level":"info","message":"Registered API redirect from GET /projects/:id to GET /api/projects/:id","service":"research-mgmt-api","timestamp":"2025-04-12 16:06:45.272"}
{"level":"info","message":"Registered API redirect from PUT /projects/:id to PUT /api/projects/:id","service":"research-mgmt-api","timestamp":"2025-04-12 16:06:45.272"}
{"level":"info","message":"Registered API redirect from DELETE /projects/:id to DELETE /api/projects/:id","service":"research-mgmt-api","timestamp":"2025-04-12 16:06:45.272"}
{"level":"info","message":"Registered API redirect from GET /users/:id to GET /api/users/:id","service":"research-mgmt-api","timestamp":"2025-04-12 16:06:45.272"}
{"level":"info","message":"Registered API redirect from PUT /users/:id to PUT /api/users/:id","service":"research-mgmt-api","timestamp":"2025-04-12 16:06:45.272"}
{"level":"info","message":"Attempting to connect to MongoDB database","service":"research-mgmt-api","timestamp":"2025-04-12 16:06:45.273"}
{"level":"info","message":"Attempting to connect to MongoDB...","service":"research-mgmt-api","timestamp":"2025-04-12 16:06:45.273"}
{"level":"info","message":"MongoDB Connected: ac-xdpuchx-shard-00-02.tvoe17p.mongodb.net","service":"research-mgmt-api","timestamp":"2025-04-12 16:06:45.966"}
{"level":"info","message":"✅ MongoDB connection established successfully","service":"research-mgmt-api","timestamp":"2025-04-12 16:06:45.966"}
{"level":"info","message":"🚀 Server running on port 300000 and accessible from all network interfaces","service":"research-mgmt-api","timestamp":"2025-04-12 16:06:45.972"}
{"level":"info","message":"HTTP GET /api/notifications/unread/count - 200 (0ms)","service":"research-mgmt-api","timestamp":"2025-04-12 16:07:05.392"}
{"level":"info","message":"HTTP GET /api/notifications/unread/count - 200 (0ms)","service":"research-mgmt-api","timestamp":"2025-04-12 16:07:05.394"}
{"level":"info","message":"HTTP GET /api/notifications/unread/count - 200 (0ms)","service":"research-mgmt-api","timestamp":"2025-04-12 16:07:05.396"}
{"level":"info","message":"HTTP GET /api/notifications/unread/count - 200 (0ms)","service":"research-mgmt-api","timestamp":"2025-04-12 16:08:05.384"}
{"level":"info","message":"HTTP GET /api/notifications/unread/count - 200 (0ms)","service":"research-mgmt-api","timestamp":"2025-04-12 16:08:05.385"}
{"level":"info","message":"HTTP GET /api/notifications/unread/count - 200 (0ms)","service":"research-mgmt-api","timestamp":"2025-04-12 16:08:05.386"}
{"level":"info","message":"HTTP GET /api/notifications/unread/count - 200 (0ms)","service":"research-mgmt-api","timestamp":"2025-04-12 16:09:05.384"}
{"level":"info","message":"HTTP GET /api/notifications/unread/count - 200 (0ms)","service":"research-mgmt-api","timestamp":"2025-04-12 16:09:05.385"}
{"level":"info","message":"HTTP GET /api/notifications/unread/count - 200 (0ms)","service":"research-mgmt-api","timestamp":"2025-04-12 16:09:50.386"}
{"level":"info","message":"HTTP GET /api/notifications/unread/count - 200 (0ms)","service":"research-mgmt-api","timestamp":"2025-04-12 16:10:50.385"}
{"level":"info","message":"HTTP GET /api/notifications/unread/count - 200 (0ms)","service":"research-mgmt-api","timestamp":"2025-04-12 16:10:50.386"}
{"level":"info","message":"HTTP GET /api/notifications/unread/count - 200 (0ms)","service":"research-mgmt-api","timestamp":"2025-04-12 16:10:50.388"}
{"level":"info","message":"HTTP GET /api/notifications - 200 (0ms)","service":"research-mgmt-api","timestamp":"2025-04-12 16:10:50.389"}
{"level":"info","message":"HTTP GET /api/notifications - 200 (0ms)","service":"research-mgmt-api","timestamp":"2025-04-12 16:10:50.390"}
{"level":"info","message":"HTTP GET /api/notifications - 200 (0ms)","service":"research-mgmt-api","timestamp":"2025-04-12 16:10:50.391"}
{"external":"29 MB","heapTotal":"32 MB","heapUsed":"53 MB","level":"info","message":"Memory usage stats:","rss":"213 MB","service":"research-mgmt-api","timestamp":"2025-04-12 16:11:45.280"}
{"level":"info","message":"HTTP GET /api/notifications/unread/count - 200 (0ms)","service":"research-mgmt-api","timestamp":"2025-04-12 16:11:50.386"}
{"level":"info","message":"HTTP GET /api/notifications/unread/count - 200 (0ms)","service":"research-mgmt-api","timestamp":"2025-04-12 16:11:50.387"}
{"level":"info","message":"HTTP GET /api/notifications/unread/count - 200 (0ms)","service":"research-mgmt-api","timestamp":"2025-04-12 16:11:50.388"}
{"level":"info","message":"HTTP GET /api/notifications/unread/count - 200 (0ms)","service":"research-mgmt-api","timestamp":"2025-04-12 16:12:50.386"}
{"level":"info","message":"HTTP GET /api/notifications/unread/count - 200 (0ms)","service":"research-mgmt-api","timestamp":"2025-04-12 16:12:50.387"}
{"level":"info","message":"HTTP GET /api/notifications/unread/count - 200 (0ms)","service":"research-mgmt-api","timestamp":"2025-04-12 16:12:50.389"}
{"level":"info","message":"HTTP GET /api/notifications/unread/count - 200 (0ms)","service":"research-mgmt-api","timestamp":"2025-04-12 16:13:50.386"}
{"level":"info","message":"HTTP GET /api/notifications/unread/count - 200 (0ms)","service":"research-mgmt-api","timestamp":"2025-04-12 16:13:50.387"}
{"level":"info","message":"HTTP GET /api/notifications/unread/count - 200 (0ms)","service":"research-mgmt-api","timestamp":"2025-04-12 16:13:50.388"}
{"level":"info","message":"HTTP GET /api/notifications/unread/count - 200 (0ms)","service":"research-mgmt-api","timestamp":"2025-04-12 16:14:50.386"}
{"level":"info","message":"HTTP GET /api/notifications/unread/count - 200 (0ms)","service":"research-mgmt-api","timestamp":"2025-04-12 16:14:50.387"}
{"level":"info","message":"HTTP GET /api/notifications/unread/count - 200 (0ms)","service":"research-mgmt-api","timestamp":"2025-04-12 16:14:50.388"}
{"level":"info","message":"HTTP GET /api/notifications/unread/count - 200 (0ms)","service":"research-mgmt-api","timestamp":"2025-04-12 16:15:50.386"}
{"level":"info","message":"HTTP GET /api/notifications/unread/count - 200 (0ms)","service":"research-mgmt-api","timestamp":"2025-04-12 16:15:50.387"}
{"level":"info","message":"HTTP GET /api/notifications/unread/count - 200 (0ms)","service":"research-mgmt-api","timestamp":"2025-04-12 16:15:50.388"}
{"level":"info","message":"HTTP GET /api/notifications - 200 (0ms)","service":"research-mgmt-api","timestamp":"2025-04-12 16:15:50.389"}
{"level":"info","message":"HTTP GET /api/notifications - 200 (0ms)","service":"research-mgmt-api","timestamp":"2025-04-12 16:15:50.391"}
{"level":"info","message":"HTTP GET /api/notifications - 200 (0ms)","service":"research-mgmt-api","timestamp":"2025-04-12 16:15:50.392"}
{"external":"22 MB","heapTotal":"31 MB","heapUsed":"41 MB","level":"info","message":"Memory usage stats:","rss":"208 MB","service":"research-mgmt-api","timestamp":"2025-04-12 16:16:45.282"}
{"level":"info","message":"HTTP GET /api/notifications/unread/count - 200 (0ms)","service":"research-mgmt-api","timestamp":"2025-04-12 16:16:50.388"}
{"level":"info","message":"HTTP GET /api/notifications/unread/count - 200 (0ms)","service":"research-mgmt-api","timestamp":"2025-04-12 16:16:50.389"}
{"level":"info","message":"HTTP GET /api/notifications/unread/count - 200 (0ms)","service":"research-mgmt-api","timestamp":"2025-04-12 16:16:50.390"}
{"level":"info","message":"HTTP GET /api/notifications/unread/count - 200 (0ms)","service":"research-mgmt-api","timestamp":"2025-04-12 16:17:50.387"}
{"level":"info","message":"HTTP GET /api/notifications/unread/count - 200 (0ms)","service":"research-mgmt-api","timestamp":"2025-04-12 16:17:50.389"}
{"level":"info","message":"HTTP GET /api/notifications/unread/count - 200 (0ms)","service":"research-mgmt-api","timestamp":"2025-04-12 16:17:50.390"}
{"level":"info","message":"HTTP GET /api/notifications/unread/count - 200 (0ms)","service":"research-mgmt-api","timestamp":"2025-04-12 16:18:50.389"}
{"level":"info","message":"HTTP GET /api/notifications/unread/count - 200 (0ms)","service":"research-mgmt-api","timestamp":"2025-04-12 16:18:50.391"}
{"level":"info","message":"HTTP GET /api/notifications/unread/count - 200 (0ms)","service":"research-mgmt-api","timestamp":"2025-04-12 16:18:50.392"}
{"level":"info","message":"HTTP GET /api/notifications/unread/count - 200 (0ms)","service":"research-mgmt-api","timestamp":"2025-04-12 16:19:50.386"}
{"level":"info","message":"HTTP GET /api/notifications/unread/count - 200 (0ms)","service":"research-mgmt-api","timestamp":"2025-04-12 16:19:50.388"}
{"level":"info","message":"HTTP GET /api/notifications/unread/count - 200 (0ms)","service":"research-mgmt-api","timestamp":"2025-04-12 16:19:50.389"}
{"level":"info","message":"HTTP GET /api/notifications/unread/count - 200 (0ms)","service":"research-mgmt-api","timestamp":"2025-04-12 16:20:42.874"}
{"level":"info","message":"HTTP GET /api/notifications - 200 (0ms)","service":"research-mgmt-api","timestamp":"2025-04-12 16:20:42.898"}
{"level":"info","message":"HTTP GET /api/notifications/unread/count - 200 (0ms)","service":"research-mgmt-api","timestamp":"2025-04-12 16:20:50.386"}
{"level":"info","message":"HTTP GET /api/notifications/unread/count - 200 (0ms)","service":"research-mgmt-api","timestamp":"2025-04-12 16:20:50.387"}
{"level":"info","message":"HTTP GET /api/notifications - 200 (0ms)","service":"research-mgmt-api","timestamp":"2025-04-12 16:20:50.388"}
{"level":"info","message":"HTTP GET /api/notifications - 200 (0ms)","service":"research-mgmt-api","timestamp":"2025-04-12 16:20:50.389"}
{"level":"error","message":"HTTP GET /student/students/team/invitations - 404 (0ms) Error: Route not found","service":"research-mgmt-api","timestamp":"2025-04-12 16:20:54.316"}
{"level":"error","message":"HTTP POST /student/students/team/create - 404 (0ms) Error: Route not found","service":"research-mgmt-api","timestamp":"2025-04-12 16:21:01.147"}
{"level":"info","message":"HTTP GET /api/notifications/unread/count - 200 (0ms)","service":"research-mgmt-api","timestamp":"2025-04-12 16:21:05.213"}
{"external":"24 MB","heapTotal":"31 MB","heapUsed":"43 MB","level":"info","message":"Memory usage stats:","rss":"209 MB","service":"research-mgmt-api","timestamp":"2025-04-12 16:21:45.281"}
{"level":"info","message":"HTTP GET /api/notifications/unread/count - 200 (0ms)","service":"research-mgmt-api","timestamp":"2025-04-12 16:21:50.387"}
{"level":"info","message":"HTTP GET /api/notifications/unread/count - 200 (0ms)","service":"research-mgmt-api","timestamp":"2025-04-12 16:21:50.389"}
{"level":"warn","message":"Unauthorized access attempt: /api/student/students/team/create","service":"research-mgmt-api","timestamp":"2025-04-12 16:21:54.890"}
{"level":"error","message":"Application error: undefined is not an object (evaluating 'context.set.status = 401')","service":"research-mgmt-api","stack":"TypeError: undefined is not an object (evaluating 'context.set.status = 401')\n    at requireAuth (/home/swadhin/r/server/src/utils/authUtils.js:18:13)\n    at <anonymous> (/home/swadhin/r/server/src/utils/authUtils.js:31:18)\n    at <anonymous> (file:///home/swadhin/r/server/node_modules/elysia/dist/bun/index.js:19:33)\n    at processTicksAndRejections (native:7:39)","timestamp":"2025-04-12 16:21:54.891"}
{"level":"info","message":"HTTP GET /api/notifications/unread/count - 200 (0ms)","service":"research-mgmt-api","timestamp":"2025-04-12 16:22:05.213"}
{"level":"info","message":"HTTP GET /api/notifications/unread/count - 200 (0ms)","service":"research-mgmt-api","timestamp":"2025-04-12 16:22:50.387"}
{"level":"info","message":"HTTP GET /api/notifications/unread/count - 200 (0ms)","service":"research-mgmt-api","timestamp":"2025-04-12 16:22:50.388"}
{"level":"info","message":"HTTP GET /api/notifications/unread/count - 200 (0ms)","service":"research-mgmt-api","timestamp":"2025-04-12 16:23:05.213"}
                                                                                                                                                                                                                                                                                                            {"level":"info","message":"JWT helper initialized","service":"research-mgmt-api","timestamp":"2025-04-12 20:21:36.533"}
{"adminRoutes":true,"authRoutes":true,"level":"info","message":"Route modules loaded:","service":"research-mgmt-api","studentRoutes":true,"supervisorRoutes":true,"timestamp":"2025-04-12 20:21:36.567"}
{"level":"info","message":"Registered API redirect from GET /notifications to GET /api/notifications","service":"research-mgmt-api","timestamp":"2025-04-12 20:21:36.581"}
{"level":"info","message":"Registered API redirect from GET /notifications/unread/count to GET /api/notifications/unread/count","service":"research-mgmt-api","timestamp":"2025-04-12 20:21:36.581"}
{"level":"info","message":"Registered API redirect from GET /user/profile to GET /api/user/profile","service":"research-mgmt-api","timestamp":"2025-04-12 20:21:36.581"}
{"level":"info","message":"Registered API redirect from GET /dashboard to GET /api/dashboard","service":"research-mgmt-api","timestamp":"2025-04-12 20:21:36.582"}
{"level":"info","message":"Registered API redirect from GET /calendar to GET /api/calendar","service":"research-mgmt-api","timestamp":"2025-04-12 20:21:36.582"}
{"level":"info","message":"Registered Team API redirect from GET /teams to GET /api/students/team/...","service":"research-mgmt-api","timestamp":"2025-04-12 20:21:36.582"}
{"level":"info","message":"Registered Team API redirect from GET /teams/my-team to GET /api/students/team/...","service":"research-mgmt-api","timestamp":"2025-04-12 20:21:36.582"}
{"level":"info","message":"Registered Team API redirect from GET /teams/:id to GET /api/students/team/...","service":"research-mgmt-api","timestamp":"2025-04-12 20:21:36.582"}
{"level":"info","message":"Registered Team API redirect from PUT /teams/:id to PUT /api/students/team/...","service":"research-mgmt-api","timestamp":"2025-04-12 20:21:36.582"}
{"level":"info","message":"Registered Team API redirect from DELETE /teams/:id to DELETE /api/students/team/...","service":"research-mgmt-api","timestamp":"2025-04-12 20:21:36.583"}
{"level":"info","message":"Registered Team API redirect from POST /teams/:id/invite to POST /api/students/team/...","service":"research-mgmt-api","timestamp":"2025-04-12 20:21:36.583"}
{"level":"info","message":"Registered Team API redirect from POST /teams/:id/leave to POST /api/students/team/...","service":"research-mgmt-api","timestamp":"2025-04-12 20:21:36.583"}
{"level":"info","message":"Registered Team API redirect from POST /teams/:id/remove-member to POST /api/students/team/...","service":"research-mgmt-api","timestamp":"2025-04-12 20:21:36.583"}
{"level":"info","message":"Registered Student Team API redirect from GET /api/student-teams to GET /api/students/team/...","service":"research-mgmt-api","timestamp":"2025-04-12 20:21:36.583"}
{"level":"info","message":"Registered Student Team API redirect from GET /api/student-teams/invitations to GET /api/students/team/...","service":"research-mgmt-api","timestamp":"2025-04-12 20:21:36.583"}
{"level":"info","message":"Registered Student Team API redirect from DELETE /api/student-teams/:id/leave to DELETE /api/students/team/...","service":"research-mgmt-api","timestamp":"2025-04-12 20:21:36.583"}
{"level":"info","message":"Registered API redirect from GET /projects to GET /api/projects","service":"research-mgmt-api","timestamp":"2025-04-12 20:21:36.583"}
{"level":"info","message":"Registered API redirect from POST /projects to POST /api/projects","service":"research-mgmt-api","timestamp":"2025-04-12 20:21:36.583"}
{"level":"info","message":"Registered API redirect from GET /sessions to GET /api/sessions","service":"research-mgmt-api","timestamp":"2025-04-12 20:21:36.583"}
{"level":"info","message":"Registered API redirect from POST /sessions to POST /api/sessions","service":"research-mgmt-api","timestamp":"2025-04-12 20:21:36.583"}
{"level":"info","message":"Registered API redirect from GET /messages to GET /api/messages","service":"research-mgmt-api","timestamp":"2025-04-12 20:21:36.583"}
{"level":"info","message":"Registered API redirect from POST /messages to POST /api/messages","service":"research-mgmt-api","timestamp":"2025-04-12 20:21:36.584"}
{"level":"info","message":"Registered API redirect from GET /projects/:id to GET /api/projects/:id","service":"research-mgmt-api","timestamp":"2025-04-12 20:21:36.584"}
{"level":"info","message":"Registered API redirect from PUT /projects/:id to PUT /api/projects/:id","service":"research-mgmt-api","timestamp":"2025-04-12 20:21:36.584"}
{"level":"info","message":"Registered API redirect from DELETE /projects/:id to DELETE /api/projects/:id","service":"research-mgmt-api","timestamp":"2025-04-12 20:21:36.584"}
{"level":"info","message":"Registered API redirect from GET /users/:id to GET /api/users/:id","service":"research-mgmt-api","timestamp":"2025-04-12 20:21:36.584"}
{"level":"info","message":"Registered API redirect from PUT /users/:id to PUT /api/users/:id","service":"research-mgmt-api","timestamp":"2025-04-12 20:21:36.584"}
{"level":"info","message":"Attempting to connect to MongoDB database","service":"research-mgmt-api","timestamp":"2025-04-12 20:21:36.584"}
{"level":"info","message":"Attempting to connect to MongoDB...","service":"research-mgmt-api","timestamp":"2025-04-12 20:21:36.584"}
{"level":"info","message":"MongoDB Connected: ac-xdpuchx-shard-00-01.tvoe17p.mongodb.net","service":"research-mgmt-api","timestamp":"2025-04-12 20:21:37.646"}
{"level":"info","message":"✅ MongoDB connection established successfully","service":"research-mgmt-api","timestamp":"2025-04-12 20:21:37.646"}
{"level":"info","message":"🚀 Server running on port 300000 and accessible from all network interfaces","service":"research-mgmt-api","timestamp":"2025-04-12 20:21:37.651"}
{"level":"info","message":"📊 Fetching student dashboard data","service":"research-mgmt-api","timestamp":"2025-04-12 20:21:45.794"}
{"level":"info","message":"HTTP GET /api/notifications - 200 (0ms)","service":"research-mgmt-api","timestamp":"2025-04-12 20:21:45.995"}
{"level":"info","message":"HTTP GET /api/notifications/unread/count - 200 (0ms)","service":"research-mgmt-api","timestamp":"2025-04-12 20:21:46.001"}
{"level":"info","message":"HTTP GET /api/dashboard - 200 (233ms)","service":"research-mgmt-api","timestamp":"2025-04-12 20:21:46.026"}
{"level":"info","message":"HTTP GET /api/notifications/unread/count - 200 (0ms)","service":"research-mgmt-api","timestamp":"2025-04-12 20:22:45.493"}
{"level":"info","message":"HTTP GET /api/notifications/unread/count - 200 (0ms)","service":"research-mgmt-api","timestamp":"2025-04-12 20:23:45.493"}
{"level":"info","message":"HTTP GET /api/notifications/unread/count - 200 (0ms)","service":"research-mgmt-api","timestamp":"2025-04-12 20:24:45.493"}
{"level":"warn","message":"Unauthorized access attempt: /api/student/students/team/invitations","service":"research-mgmt-api","timestamp":"2025-04-12 20:25:17.013"}
{"level":"error","message":"Application error: undefined is not an object (evaluating 'context.set.status = 401')","service":"research-mgmt-api","stack":"TypeError: undefined is not an object (evaluating 'context.set.status = 401')\n    at requireAuth (/home/swadhin/r/server/src/utils/authUtils.js:18:13)\n    at <anonymous> (/home/swadhin/r/server/src/utils/authUtils.js:31:18)\n    at <anonymous> (file:///home/swadhin/r/server/node_modules/elysia/dist/bun/index.js:19:33)\n    at processTicksAndRejections (native:7:39)","timestamp":"2025-04-12 20:25:17.013"}
{"level":"info","message":"HTTP GET /api/notifications/unread/count - 200 (0ms)","service":"research-mgmt-api","timestamp":"2025-04-12 20:25:45.493"}
{"external":"30 MB","heapTotal":"32 MB","heapUsed":"55 MB","level":"info","message":"Memory usage stats:","rss":"216 MB","service":"research-mgmt-api","timestamp":"2025-04-12 20:26:36.592"}
{"level":"info","message":"HTTP GET /api/notifications/unread/count - 200 (0ms)","service":"research-mgmt-api","timestamp":"2025-04-12 20:26:45.493"}
{"level":"info","message":"HTTP GET /api/notifications - 200 (0ms)","service":"research-mgmt-api","timestamp":"2025-04-12 20:26:45.497"}
{"level":"info","message":"HTTP GET /api/notifications/unread/count - 200 (0ms)","service":"research-mgmt-api","timestamp":"2025-04-12 20:27:45.493"}
{"level":"info","message":"JWT helper initialized","service":"research-mgmt-api","timestamp":"2025-04-12 20:28:02.458"}
{"adminRoutes":true,"authRoutes":true,"level":"info","message":"Route modules loaded:","service":"research-mgmt-api","studentRoutes":true,"supervisorRoutes":true,"timestamp":"2025-04-12 20:28:02.493"}
{"level":"info","message":"Registered API redirect from GET /notifications to GET /api/notifications","service":"research-mgmt-api","timestamp":"2025-04-12 20:28:02.508"}
{"level":"info","message":"Registered API redirect from GET /notifications/unread/count to GET /api/notifications/unread/count","service":"research-mgmt-api","timestamp":"2025-04-12 20:28:02.508"}
{"level":"info","message":"Registered API redirect from GET /user/profile to GET /api/user/profile","service":"research-mgmt-api","timestamp":"2025-04-12 20:28:02.508"}
{"level":"info","message":"Registered API redirect from GET /dashboard to GET /api/dashboard","service":"research-mgmt-api","timestamp":"2025-04-12 20:28:02.508"}
{"level":"info","message":"Registered API redirect from GET /calendar to GET /api/calendar","service":"research-mgmt-api","timestamp":"2025-04-12 20:28:02.508"}
{"level":"info","message":"Registered Team API redirect from GET /teams to GET /api/students/team/...","service":"research-mgmt-api","timestamp":"2025-04-12 20:28:02.508"}
{"level":"info","message":"Registered Team API redirect from GET /teams/my-team to GET /api/students/team/...","service":"research-mgmt-api","timestamp":"2025-04-12 20:28:02.509"}
{"level":"info","message":"Registered Team API redirect from GET /teams/:id to GET /api/students/team/...","service":"research-mgmt-api","timestamp":"2025-04-12 20:28:02.509"}
{"level":"info","message":"Registered Team API redirect from PUT /teams/:id to PUT /api/students/team/...","service":"research-mgmt-api","timestamp":"2025-04-12 20:28:02.509"}
{"level":"info","message":"Registered Team API redirect from DELETE /teams/:id to DELETE /api/students/team/...","service":"research-mgmt-api","timestamp":"2025-04-12 20:28:02.509"}
{"level":"info","message":"Registered Team API redirect from POST /teams/:id/invite to POST /api/students/team/...","service":"research-mgmt-api","timestamp":"2025-04-12 20:28:02.509"}
{"level":"info","message":"Registered Team API redirect from POST /teams/:id/leave to POST /api/students/team/...","service":"research-mgmt-api","timestamp":"2025-04-12 20:28:02.509"}
{"level":"info","message":"Registered Team API redirect from POST /teams/:id/remove-member to POST /api/students/team/...","service":"research-mgmt-api","timestamp":"2025-04-12 20:28:02.509"}
{"level":"info","message":"Registered Student Team API redirect from GET /api/student-teams to GET /api/students/team/...","service":"research-mgmt-api","timestamp":"2025-04-12 20:28:02.509"}
{"level":"info","message":"Registered Student Team API redirect from GET /api/student-teams/invitations to GET /api/students/team/...","service":"research-mgmt-api","timestamp":"2025-04-12 20:28:02.509"}
{"level":"info","message":"Registered Student Team API redirect from DELETE /api/student-teams/:id/leave to DELETE /api/students/team/...","service":"research-mgmt-api","timestamp":"2025-04-12 20:28:02.510"}
{"level":"info","message":"Registered API redirect from GET /projects to GET /api/projects","service":"research-mgmt-api","timestamp":"2025-04-12 20:28:02.510"}
{"level":"info","message":"Registered API redirect from POST /projects to POST /api/projects","service":"research-mgmt-api","timestamp":"2025-04-12 20:28:02.510"}
{"level":"info","message":"Registered API redirect from GET /sessions to GET /api/sessions","service":"research-mgmt-api","timestamp":"2025-04-12 20:28:02.510"}
{"level":"info","message":"Registered API redirect from POST /sessions to POST /api/sessions","service":"research-mgmt-api","timestamp":"2025-04-12 20:28:02.510"}
{"level":"info","message":"Registered API redirect from GET /messages to GET /api/messages","service":"research-mgmt-api","timestamp":"2025-04-12 20:28:02.510"}
{"level":"info","message":"Registered API redirect from POST /messages to POST /api/messages","service":"research-mgmt-api","timestamp":"2025-04-12 20:28:02.510"}
{"level":"info","message":"Registered API redirect from GET /projects/:id to GET /api/projects/:id","service":"research-mgmt-api","timestamp":"2025-04-12 20:28:02.510"}
{"level":"info","message":"Registered API redirect from PUT /projects/:id to PUT /api/projects/:id","service":"research-mgmt-api","timestamp":"2025-04-12 20:28:02.510"}
{"level":"info","message":"Registered API redirect from DELETE /projects/:id to DELETE /api/projects/:id","service":"research-mgmt-api","timestamp":"2025-04-12 20:28:02.510"}
{"level":"info","message":"Registered API redirect from GET /users/:id to GET /api/users/:id","service":"research-mgmt-api","timestamp":"2025-04-12 20:28:02.510"}
{"level":"info","message":"Registered API redirect from PUT /users/:id to PUT /api/users/:id","service":"research-mgmt-api","timestamp":"2025-04-12 20:28:02.510"}
{"level":"info","message":"Attempting to connect to MongoDB database","service":"research-mgmt-api","timestamp":"2025-04-12 20:28:02.511"}
{"level":"info","message":"Attempting to connect to MongoDB...","service":"research-mgmt-api","timestamp":"2025-04-12 20:28:02.511"}
{"level":"info","message":"MongoDB Connected: ac-xdpuchx-shard-00-00.tvoe17p.mongodb.net","service":"research-mgmt-api","timestamp":"2025-04-12 20:28:03.676"}
{"level":"info","message":"✅ MongoDB connection established successfully","service":"research-mgmt-api","timestamp":"2025-04-12 20:28:03.676"}
{"level":"info","message":"🚀 Server running on port 300000 and accessible from all network interfaces","service":"research-mgmt-api","timestamp":"2025-04-12 20:28:03.681"}
{"level":"info","message":"JWT helper initialized","service":"research-mgmt-api","timestamp":"2025-04-12 20:28:13.422"}
{"adminRoutes":true,"authRoutes":true,"level":"info","message":"Route modules loaded:","service":"research-mgmt-api","studentRoutes":true,"supervisorRoutes":true,"timestamp":"2025-04-12 20:28:13.455"}
{"level":"info","message":"Registered API redirect from GET /notifications to GET /api/notifications","service":"research-mgmt-api","timestamp":"2025-04-12 20:28:13.469"}
{"level":"info","message":"Registered API redirect from GET /notifications/unread/count to GET /api/notifications/unread/count","service":"research-mgmt-api","timestamp":"2025-04-12 20:28:13.469"}
{"level":"info","message":"Registered API redirect from GET /user/profile to GET /api/user/profile","service":"research-mgmt-api","timestamp":"2025-04-12 20:28:13.470"}
{"level":"info","message":"Registered API redirect from GET /dashboard to GET /api/dashboard","service":"research-mgmt-api","timestamp":"2025-04-12 20:28:13.470"}
{"level":"info","message":"Registered API redirect from GET /calendar to GET /api/calendar","service":"research-mgmt-api","timestamp":"2025-04-12 20:28:13.470"}
{"level":"info","message":"Registered Team API redirect from GET /teams to GET /api/students/team/...","service":"research-mgmt-api","timestamp":"2025-04-12 20:28:13.470"}
{"level":"info","message":"Registered Team API redirect from GET /teams/my-team to GET /api/students/team/...","service":"research-mgmt-api","timestamp":"2025-04-12 20:28:13.470"}
{"level":"info","message":"Registered Team API redirect from GET /teams/:id to GET /api/students/team/...","service":"research-mgmt-api","timestamp":"2025-04-12 20:28:13.470"}
{"level":"info","message":"Registered Team API redirect from PUT /teams/:id to PUT /api/students/team/...","service":"research-mgmt-api","timestamp":"2025-04-12 20:28:13.470"}
{"level":"info","message":"Registered Team API redirect from DELETE /teams/:id to DELETE /api/students/team/...","service":"research-mgmt-api","timestamp":"2025-04-12 20:28:13.471"}
{"level":"info","message":"Registered Team API redirect from POST /teams/:id/invite to POST /api/students/team/...","service":"research-mgmt-api","timestamp":"2025-04-12 20:28:13.471"}
{"level":"info","message":"Registered Team API redirect from POST /teams/:id/leave to POST /api/students/team/...","service":"research-mgmt-api","timestamp":"2025-04-12 20:28:13.471"}
{"level":"info","message":"Registered Team API redirect from POST /teams/:id/remove-member to POST /api/students/team/...","service":"research-mgmt-api","timestamp":"2025-04-12 20:28:13.471"}
{"level":"info","message":"Registered Student Team API redirect from GET /api/student-teams to GET /api/students/team/...","service":"research-mgmt-api","timestamp":"2025-04-12 20:28:13.471"}
{"level":"info","message":"Registered Student Team API redirect from GET /api/student-teams/invitations to GET /api/students/team/...","service":"research-mgmt-api","timestamp":"2025-04-12 20:28:13.471"}
{"level":"info","message":"Registered Student Team API redirect from DELETE /api/student-teams/:id/leave to DELETE /api/students/team/...","service":"research-mgmt-api","timestamp":"2025-04-12 20:28:13.471"}
{"level":"info","message":"Registered API redirect from GET /projects to GET /api/projects","service":"research-mgmt-api","timestamp":"2025-04-12 20:28:13.471"}
{"level":"info","message":"Registered API redirect from POST /projects to POST /api/projects","service":"research-mgmt-api","timestamp":"2025-04-12 20:28:13.472"}
{"level":"info","message":"Registered API redirect from GET /sessions to GET /api/sessions","service":"research-mgmt-api","timestamp":"2025-04-12 20:28:13.472"}
{"level":"info","message":"Registered API redirect from POST /sessions to POST /api/sessions","service":"research-mgmt-api","timestamp":"2025-04-12 20:28:13.472"}
{"level":"info","message":"Registered API redirect from GET /messages to GET /api/messages","service":"research-mgmt-api","timestamp":"2025-04-12 20:28:13.472"}
{"level":"info","message":"Registered API redirect from POST /messages to POST /api/messages","service":"research-mgmt-api","timestamp":"2025-04-12 20:28:13.472"}
{"level":"info","message":"Registered API redirect from GET /projects/:id to GET /api/projects/:id","service":"research-mgmt-api","timestamp":"2025-04-12 20:28:13.472"}
{"level":"info","message":"Registered API redirect from PUT /projects/:id to PUT /api/projects/:id","service":"research-mgmt-api","timestamp":"2025-04-12 20:28:13.472"}
{"level":"info","message":"Registered API redirect from DELETE /projects/:id to DELETE /api/projects/:id","service":"research-mgmt-api","timestamp":"2025-04-12 20:28:13.472"}
{"level":"info","message":"Registered API redirect from GET /users/:id to GET /api/users/:id","service":"research-mgmt-api","timestamp":"2025-04-12 20:28:13.472"}
{"level":"info","message":"Registered API redirect from PUT /users/:id to PUT /api/users/:id","service":"research-mgmt-api","timestamp":"2025-04-12 20:28:13.472"}
{"level":"info","message":"Attempting to connect to MongoDB database","service":"research-mgmt-api","timestamp":"2025-04-12 20:28:13.472"}
{"level":"info","message":"Attempting to connect to MongoDB...","service":"research-mgmt-api","timestamp":"2025-04-12 20:28:13.473"}
{"level":"info","message":"MongoDB Connected: ac-xdpuchx-shard-00-00.tvoe17p.mongodb.net","service":"research-mgmt-api","timestamp":"2025-04-12 20:28:14.172"}
{"level":"info","message":"✅ MongoDB connection established successfully","service":"research-mgmt-api","timestamp":"2025-04-12 20:28:14.172"}
{"level":"info","message":"🚀 Server running on port 300000 and accessible from all network interfaces","service":"research-mgmt-api","timestamp":"2025-04-12 20:28:14.178"}
{"level":"info","message":"JWT helper initialized","service":"research-mgmt-api","timestamp":"2025-04-12 20:28:15.770"}
{"adminRoutes":true,"authRoutes":true,"level":"info","message":"Route modules loaded:","service":"research-mgmt-api","studentRoutes":true,"supervisorRoutes":true,"timestamp":"2025-04-12 20:28:15.805"}
{"level":"info","message":"Registered API redirect from GET /notifications to GET /api/notifications","service":"research-mgmt-api","timestamp":"2025-04-12 20:28:15.820"}
{"level":"info","message":"Registered API redirect from GET /notifications/unread/count to GET /api/notifications/unread/count","service":"research-mgmt-api","timestamp":"2025-04-12 20:28:15.820"}
{"level":"info","message":"Registered API redirect from GET /user/profile to GET /api/user/profile","service":"research-mgmt-api","timestamp":"2025-04-12 20:28:15.820"}
{"level":"info","message":"Registered API redirect from GET /dashboard to GET /api/dashboard","service":"research-mgmt-api","timestamp":"2025-04-12 20:28:15.821"}
{"level":"info","message":"Registered API redirect from GET /calendar to GET /api/calendar","service":"research-mgmt-api","timestamp":"2025-04-12 20:28:15.821"}
{"level":"info","message":"Registered Team API redirect from GET /teams to GET /api/students/team/...","service":"research-mgmt-api","timestamp":"2025-04-12 20:28:15.821"}
{"level":"info","message":"Registered Team API redirect from GET /teams/my-team to GET /api/students/team/...","service":"research-mgmt-api","timestamp":"2025-04-12 20:28:15.821"}
{"level":"info","message":"Registered Team API redirect from GET /teams/:id to GET /api/students/team/...","service":"research-mgmt-api","timestamp":"2025-04-12 20:28:15.821"}
{"level":"info","message":"Registered Team API redirect from PUT /teams/:id to PUT /api/students/team/...","service":"research-mgmt-api","timestamp":"2025-04-12 20:28:15.821"}
{"level":"info","message":"Registered Team API redirect from DELETE /teams/:id to DELETE /api/students/team/...","service":"research-mgmt-api","timestamp":"2025-04-12 20:28:15.821"}
{"level":"info","message":"Registered Team API redirect from POST /teams/:id/invite to POST /api/students/team/...","service":"research-mgmt-api","timestamp":"2025-04-12 20:28:15.821"}
{"level":"info","message":"Registered Team API redirect from POST /teams/:id/leave to POST /api/students/team/...","service":"research-mgmt-api","timestamp":"2025-04-12 20:28:15.822"}
{"level":"info","message":"Registered Team API redirect from POST /teams/:id/remove-member to POST /api/students/team/...","service":"research-mgmt-api","timestamp":"2025-04-12 20:28:15.822"}
{"level":"info","message":"Registered Student Team API redirect from GET /api/student-teams to GET /api/students/team/...","service":"research-mgmt-api","timestamp":"2025-04-12 20:28:15.822"}
{"level":"info","message":"Registered Student Team API redirect from GET /api/student-teams/invitations to GET /api/students/team/...","service":"research-mgmt-api","timestamp":"2025-04-12 20:28:15.822"}
{"level":"info","message":"Registered Student Team API redirect from DELETE /api/student-teams/:id/leave to DELETE /api/students/team/...","service":"research-mgmt-api","timestamp":"2025-04-12 20:28:15.822"}
{"level":"info","message":"Registered API redirect from GET /projects to GET /api/projects","service":"research-mgmt-api","timestamp":"2025-04-12 20:28:15.822"}
{"level":"info","message":"Registered API redirect from POST /projects to POST /api/projects","service":"research-mgmt-api","timestamp":"2025-04-12 20:28:15.822"}
{"level":"info","message":"Registered API redirect from GET /sessions to GET /api/sessions","service":"research-mgmt-api","timestamp":"2025-04-12 20:28:15.822"}
{"level":"info","message":"Registered API redirect from POST /sessions to POST /api/sessions","service":"research-mgmt-api","timestamp":"2025-04-12 20:28:15.822"}
{"level":"info","message":"Registered API redirect from GET /messages to GET /api/messages","service":"research-mgmt-api","timestamp":"2025-04-12 20:28:15.822"}
{"level":"info","message":"Registered API redirect from POST /messages to POST /api/messages","service":"research-mgmt-api","timestamp":"2025-04-12 20:28:15.822"}
{"level":"info","message":"Registered API redirect from GET /projects/:id to GET /api/projects/:id","service":"research-mgmt-api","timestamp":"2025-04-12 20:28:15.823"}
{"level":"info","message":"Registered API redirect from PUT /projects/:id to PUT /api/projects/:id","service":"research-mgmt-api","timestamp":"2025-04-12 20:28:15.823"}
{"level":"info","message":"Registered API redirect from DELETE /projects/:id to DELETE /api/projects/:id","service":"research-mgmt-api","timestamp":"2025-04-12 20:28:15.823"}
{"level":"info","message":"Registered API redirect from GET /users/:id to GET /api/users/:id","service":"research-mgmt-api","timestamp":"2025-04-12 20:28:15.823"}
{"level":"info","message":"Registered API redirect from PUT /users/:id to PUT /api/users/:id","service":"research-mgmt-api","timestamp":"2025-04-12 20:28:15.823"}
{"level":"info","message":"Attempting to connect to MongoDB database","service":"research-mgmt-api","timestamp":"2025-04-12 20:28:15.823"}
{"level":"info","message":"Attempting to connect to MongoDB...","service":"research-mgmt-api","timestamp":"2025-04-12 20:28:15.823"}
{"level":"info","message":"MongoDB Connected: ac-xdpuchx-shard-00-01.tvoe17p.mongodb.net","service":"research-mgmt-api","timestamp":"2025-04-12 20:28:16.516"}
{"level":"info","message":"✅ MongoDB connection established successfully","service":"research-mgmt-api","timestamp":"2025-04-12 20:28:16.516"}
{"level":"info","message":"🚀 Server running on port 300000 and accessible from all network interfaces","service":"research-mgmt-api","timestamp":"2025-04-12 20:28:16.521"}
{"level":"info","message":"HTTP GET /api/notifications/unread/count - 200 (0ms)","service":"research-mgmt-api","timestamp":"2025-04-12 20:28:45.499"}
{"level":"info","message":"HTTP GET /api/notifications - 200 (0ms)","service":"research-mgmt-api","timestamp":"2025-04-12 20:29:02.403"}
{"level":"info","message":"HTTP GET /api/notifications/unread/count - 200 (0ms)","service":"research-mgmt-api","timestamp":"2025-04-12 20:29:02.407"}
{"level":"warn","message":"Unauthorized access attempt: /api/student/students/team/invitations","service":"research-mgmt-api","timestamp":"2025-04-12 20:29:16.613"}
{"level":"error","message":"Application error: Authentication required. Please login.","service":"research-mgmt-api","stack":"Error: Authentication required. Please login.\n    at requireAuth (/home/swadhin/r/server/src/utils/authUtils.js:24:15)\n    at <anonymous> (/home/swadhin/r/server/src/utils/authUtils.js:36:18)\n    at <anonymous> (file:///home/swadhin/r/server/node_modules/elysia/dist/bun/index.js:19:33)\n    at processTicksAndRejections (native:7:39)","timestamp":"2025-04-12 20:29:16.613"}
{"level":"info","message":"HTTP GET /api/notifications - 200 (0ms)","service":"research-mgmt-api","timestamp":"2025-04-12 20:29:16.805"}
{"level":"info","message":"HTTP GET /api/notifications/unread/count - 200 (0ms)","service":"research-mgmt-api","timestamp":"2025-04-12 20:29:16.808"}
{"level":"warn","message":"Unauthorized access attempt: /api/student/students/team/invitations","service":"research-mgmt-api","timestamp":"2025-04-12 20:29:44.741"}
{"level":"error","message":"Application error: Authentication required. Please login.","service":"research-mgmt-api","stack":"Error: Authentication required. Please login.\n    at requireAuth (/home/swadhin/r/server/src/utils/authUtils.js:24:15)\n    at <anonymous> (/home/swadhin/r/server/src/utils/authUtils.js:36:18)\n    at <anonymous> (file:///home/swadhin/r/server/node_modules/elysia/dist/bun/index.js:19:33)\n    at processTicksAndRejections (native:7:39)","timestamp":"2025-04-12 20:29:44.741"}
{"level":"info","message":"HTTP GET /api/notifications - 200 (0ms)","service":"research-mgmt-api","timestamp":"2025-04-12 20:29:44.930"}
{"level":"info","message":"HTTP GET /api/notifications/unread/count - 200 (0ms)","service":"research-mgmt-api","timestamp":"2025-04-12 20:29:44.934"}
{"level":"warn","message":"Unauthorized access attempt (no/invalid Authorization header): /api/student/students/team/invitations","service":"research-mgmt-api","timestamp":"2025-04-12 20:30:18.220"}
{"level":"warn","message":"Unauthorized access attempt: /api/student/students/team/invitations","service":"research-mgmt-api","timestamp":"2025-04-12 20:30:18.220"}
{"level":"error","message":"Application error: Authentication required. Please login.","service":"research-mgmt-api","stack":"Error: Authentication required. Please login.\n    at requireAuth (/home/swadhin/r/server/src/utils/authUtils.js:24:15)\n    at <anonymous> (/home/swadhin/r/server/src/utils/authUtils.js:36:18)\n    at <anonymous> (file:///home/swadhin/r/server/node_modules/elysia/dist/bun/index.js:19:33)\n    at processTicksAndRejections (native:7:39)","timestamp":"2025-04-12 20:30:18.220"}
{"level":"warn","message":"Unauthorized access attempt (no/invalid Authorization header): /favicon.ico","service":"research-mgmt-api","timestamp":"2025-04-12 20:30:18.546"}
{"level":"error","message":"HTTP GET /favicon.ico - 404 (0ms) Error: Route not found","service":"research-mgmt-api","timestamp":"2025-04-12 20:30:18.547"}
{"level":"warn","message":"Unauthorized access attempt (no/invalid Authorization header): /api/student/students/team/invitations","service":"research-mgmt-api","timestamp":"2025-04-12 20:30:30.359"}
{"level":"warn","message":"Unauthorized access attempt: /api/student/students/team/invitations","service":"research-mgmt-api","timestamp":"2025-04-12 20:30:30.360"}
{"level":"error","message":"Application error: Authentication required. Please login.","service":"research-mgmt-api","stack":"Error: Authentication required. Please login.\n    at requireAuth (/home/swadhin/r/server/src/utils/authUtils.js:24:15)\n    at <anonymous> (/home/swadhin/r/server/src/utils/authUtils.js:36:18)\n    at <anonymous> (file:///home/swadhin/r/server/node_modules/elysia/dist/bun/index.js:19:33)\n    at processTicksAndRejections (native:7:39)","timestamp":"2025-04-12 20:30:30.360"}
{"level":"info","message":"HTTP GET /api/notifications/unread/count - 200 (0ms)","service":"research-mgmt-api","timestamp":"2025-04-12 20:30:44.463"}
{"level":"info","message":"HTTP GET /api/notifications - 200 (0ms)","service":"research-mgmt-api","timestamp":"2025-04-12 20:31:06.478"}
{"level":"info","message":"HTTP GET /api/notifications/unread/count - 200 (0ms)","service":"research-mgmt-api","timestamp":"2025-04-12 20:31:06.484"}
{"level":"info","message":"HTTP GET /api/notifications - 200 (0ms)","service":"research-mgmt-api","timestamp":"2025-04-12 20:31:08.475"}
{"level":"info","message":"HTTP GET /api/notifications/unread/count - 200 (0ms)","service":"research-mgmt-api","timestamp":"2025-04-12 20:31:08.482"}
{"level":"error","message":"HTTP POST /student/students/team/create - 404 (0ms) Error: Route not found","service":"research-mgmt-api","timestamp":"2025-04-12 20:31:27.926"}
{"level":"info","message":"HTTP GET /api/notifications/unread/count - 200 (0ms)","service":"research-mgmt-api","timestamp":"2025-04-12 20:32:08.464"}
{"level":"warn","message":"Unauthorized access attempt (no/invalid Authorization header): /api/student/students/team/create","service":"research-mgmt-api","timestamp":"2025-04-12 20:32:10.640"}
{"level":"error","message":"HTTP GET /api/student/students/team/create - 404 (0ms) Error: Route not found","service":"research-mgmt-api","timestamp":"2025-04-12 20:32:10.641"}
{"level":"info","message":"JWT helper initialized","service":"research-mgmt-api","timestamp":"2025-04-12 20:32:24.790"}
{"adminRoutes":true,"authRoutes":true,"level":"info","message":"Route modules loaded:","service":"research-mgmt-api","studentRoutes":true,"supervisorRoutes":true,"timestamp":"2025-04-12 20:32:24.825"}
{"level":"info","message":"Registered API redirect from GET /notifications to GET /api/notifications","service":"research-mgmt-api","timestamp":"2025-04-12 20:32:24.839"}
{"level":"info","message":"Registered API redirect from GET /notifications/unread/count to GET /api/notifications/unread/count","service":"research-mgmt-api","timestamp":"2025-04-12 20:32:24.839"}
{"level":"info","message":"Registered API redirect from GET /user/profile to GET /api/user/profile","service":"research-mgmt-api","timestamp":"2025-04-12 20:32:24.839"}
{"level":"info","message":"Registered API redirect from GET /dashboard to GET /api/dashboard","service":"research-mgmt-api","timestamp":"2025-04-12 20:32:24.839"}
{"level":"info","message":"Registered API redirect from GET /calendar to GET /api/calendar","service":"research-mgmt-api","timestamp":"2025-04-12 20:32:24.839"}
{"level":"info","message":"Registered Team API redirect from GET /teams to GET /api/students/team/...","service":"research-mgmt-api","timestamp":"2025-04-12 20:32:24.840"}
{"level":"info","message":"Registered Team API redirect from GET /teams/my-team to GET /api/students/team/...","service":"research-mgmt-api","timestamp":"2025-04-12 20:32:24.840"}
{"level":"info","message":"Registered Team API redirect from GET /teams/:id to GET /api/students/team/...","service":"research-mgmt-api","timestamp":"2025-04-12 20:32:24.840"}
{"level":"info","message":"Registered Team API redirect from PUT /teams/:id to PUT /api/students/team/...","service":"research-mgmt-api","timestamp":"2025-04-12 20:32:24.840"}
{"level":"info","message":"Registered Team API redirect from DELETE /teams/:id to DELETE /api/students/team/...","service":"research-mgmt-api","timestamp":"2025-04-12 20:32:24.840"}
{"level":"info","message":"Registered Team API redirect from POST /teams/:id/invite to POST /api/students/team/...","service":"research-mgmt-api","timestamp":"2025-04-12 20:32:24.840"}
{"level":"info","message":"Registered Team API redirect from POST /teams/:id/leave to POST /api/students/team/...","service":"research-mgmt-api","timestamp":"2025-04-12 20:32:24.840"}
{"level":"info","message":"Registered Team API redirect from POST /teams/:id/remove-member to POST /api/students/team/...","service":"research-mgmt-api","timestamp":"2025-04-12 20:32:24.840"}
{"level":"info","message":"Registered Student Team API redirect from GET /api/student-teams to GET /api/students/team/...","service":"research-mgmt-api","timestamp":"2025-04-12 20:32:24.841"}
{"level":"info","message":"Registered Student Team API redirect from GET /api/student-teams/invitations to GET /api/students/team/...","service":"research-mgmt-api","timestamp":"2025-04-12 20:32:24.841"}
{"level":"info","message":"Registered Student Team API redirect from DELETE /api/student-teams/:id/leave to DELETE /api/students/team/...","service":"research-mgmt-api","timestamp":"2025-04-12 20:32:24.841"}
{"level":"info","message":"Registered API redirect from GET /projects to GET /api/projects","service":"research-mgmt-api","timestamp":"2025-04-12 20:32:24.841"}
{"level":"info","message":"Registered API redirect from POST /projects to POST /api/projects","service":"research-mgmt-api","timestamp":"2025-04-12 20:32:24.841"}
{"level":"info","message":"Registered API redirect from GET /sessions to GET /api/sessions","service":"research-mgmt-api","timestamp":"2025-04-12 20:32:24.841"}
{"level":"info","message":"Registered API redirect from POST /sessions to POST /api/sessions","service":"research-mgmt-api","timestamp":"2025-04-12 20:32:24.841"}
{"level":"info","message":"Registered API redirect from GET /messages to GET /api/messages","service":"research-mgmt-api","timestamp":"2025-04-12 20:32:24.841"}
{"level":"info","message":"Registered API redirect from POST /messages to POST /api/messages","service":"research-mgmt-api","timestamp":"2025-04-12 20:32:24.841"}
{"level":"info","message":"Registered API redirect from GET /projects/:id to GET /api/projects/:id","service":"research-mgmt-api","timestamp":"2025-04-12 20:32:24.841"}
{"level":"info","message":"Registered API redirect from PUT /projects/:id to PUT /api/projects/:id","service":"research-mgmt-api","timestamp":"2025-04-12 20:32:24.842"}
{"level":"info","message":"Registered API redirect from DELETE /projects/:id to DELETE /api/projects/:id","service":"research-mgmt-api","timestamp":"2025-04-12 20:32:24.842"}
{"level":"info","message":"Registered API redirect from GET /users/:id to GET /api/users/:id","service":"research-mgmt-api","timestamp":"2025-04-12 20:32:24.842"}
{"level":"info","message":"Registered API redirect from PUT /users/:id to PUT /api/users/:id","service":"research-mgmt-api","timestamp":"2025-04-12 20:32:24.842"}
{"level":"info","message":"Attempting to connect to MongoDB database","service":"research-mgmt-api","timestamp":"2025-04-12 20:32:24.842"}
{"level":"info","message":"Attempting to connect to MongoDB...","service":"research-mgmt-api","timestamp":"2025-04-12 20:32:24.842"}
{"level":"info","message":"MongoDB Connected: ac-xdpuchx-shard-00-01.tvoe17p.mongodb.net","service":"research-mgmt-api","timestamp":"2025-04-12 20:32:25.961"}
{"level":"info","message":"✅ MongoDB connection established successfully","service":"research-mgmt-api","timestamp":"2025-04-12 20:32:25.961"}
{"level":"info","message":"🚀 Server running on port 300000 and accessible from all network interfaces","service":"research-mgmt-api","timestamp":"2025-04-12 20:32:25.966"}
{"level":"info","message":"HTTP GET /api/notifications - 200 (0ms)","service":"research-mgmt-api","timestamp":"2025-04-12 20:32:26.478"}
{"level":"info","message":"HTTP GET /api/notifications/unread/count - 200 (0ms)","service":"research-mgmt-api","timestamp":"2025-04-12 20:32:26.482"}
{"level":"info","message":"HTTP GET /api/notifications/unread/count - 200 (0ms)","service":"research-mgmt-api","timestamp":"2025-04-12 20:33:26.463"}
{"level":"warn","message":"Unauthorized access attempt (no/invalid Authorization header): /api/student/students/team/create","service":"research-mgmt-api","timestamp":"2025-04-12 20:33:31.410"}
{"level":"error","message":"HTTP GET /api/student/students/team/create - 404 (0ms) Error: Route not found","service":"research-mgmt-api","timestamp":"2025-04-12 20:33:31.410"}
{"level":"warn","message":"Unauthorized access attempt (no/invalid Authorization header): /api/student/students/team/create","service":"research-mgmt-api","timestamp":"2025-04-12 20:33:35.468"}
{"level":"error","message":"HTTP GET /api/student/students/team/create - 404 (0ms) Error: Route not found","service":"research-mgmt-api","timestamp":"2025-04-12 20:33:35.468"}
{"level":"warn","message":"Unauthorized access attempt (no/invalid Authorization header): /api/student/students/team/create","service":"research-mgmt-api","timestamp":"2025-04-12 20:33:46.806"}
{"level":"warn","message":"Unauthorized access attempt: /api/student/students/team/create","service":"research-mgmt-api","timestamp":"2025-04-12 20:33:46.806"}
{"level":"error","message":"Application error: Authentication required. Please login.","service":"research-mgmt-api","stack":"Error: Authentication required. Please login.\n    at requireAuth (/home/swadhin/r/server/src/utils/authUtils.js:24:15)\n    at <anonymous> (/home/swadhin/r/server/src/utils/authUtils.js:36:18)\n    at <anonymous> (file:///home/swadhin/r/server/node_modules/elysia/dist/bun/index.js:19:33)\n    at processTicksAndRejections (native:7:39)","timestamp":"2025-04-12 20:33:46.807"}
{"level":"info","message":"HTTP GET /api/notifications/unread/count - 200 (0ms)","service":"research-mgmt-api","timestamp":"2025-04-12 20:34:25.520"}
{"level":"warn","message":"Unauthorized access attempt: /api/student/students/team/create","service":"research-mgmt-api","timestamp":"2025-04-12 20:34:30.188"}
{"level":"error","message":"Application error: Authentication required. Please login.","service":"research-mgmt-api","stack":"Error: Authentication required. Please login.\n    at requireAuth (/home/swadhin/r/server/src/utils/authUtils.js:24:15)\n    at <anonymous> (/home/swadhin/r/server/src/utils/authUtils.js:36:18)\n    at <anonymous> (file:///home/swadhin/r/server/node_modules/elysia/dist/bun/index.js:19:33)\n    at processTicksAndRejections (native:7:39)","timestamp":"2025-04-12 20:34:30.188"}
{"level":"warn","message":"Unauthorized access attempt: /api/student/students/team/create","service":"research-mgmt-api","timestamp":"2025-04-12 20:34:40.329"}
{"level":"error","message":"Application error: Authentication required. Please login.","service":"research-mgmt-api","stack":"Error: Authentication required. Please login.\n    at requireAuth (/home/swadhin/r/server/src/utils/authUtils.js:24:15)\n    at <anonymous> (/home/swadhin/r/server/src/utils/authUtils.js:36:18)\n    at <anonymous> (file:///home/swadhin/r/server/node_modules/elysia/dist/bun/index.js:19:33)\n    at processTicksAndRejections (native:7:39)","timestamp":"2025-04-12 20:34:40.330"}
{"level":"info","message":"HTTP GET /api/notifications/unread/count - 200 (0ms)","service":"research-mgmt-api","timestamp":"2025-04-12 20:35:25.520"}
{"level":"error","message":"HTTP POST /student/students/create - 404 (0ms) Error: Route not found","service":"research-mgmt-api","timestamp":"2025-04-12 20:36:18.220"}
{"level":"info","message":"JWT helper initialized","service":"research-mgmt-api","timestamp":"2025-04-12 20:38:34.808"}
{"adminRoutes":true,"authRoutes":true,"level":"info","message":"Route modules loaded:","service":"research-mgmt-api","studentRoutes":true,"supervisorRoutes":true,"timestamp":"2025-04-12 20:38:34.841"}
{"level":"info","message":"Registered API redirect from GET /notifications to GET /api/notifications","service":"research-mgmt-api","timestamp":"2025-04-12 20:38:34.855"}
{"level":"info","message":"Registered API redirect from GET /notifications/unread/count to GET /api/notifications/unread/count","service":"research-mgmt-api","timestamp":"2025-04-12 20:38:34.855"}
{"level":"info","message":"Registered API redirect from GET /user/profile to GET /api/user/profile","service":"research-mgmt-api","timestamp":"2025-04-12 20:38:34.855"}
{"level":"info","message":"Registered API redirect from GET /dashboard to GET /api/dashboard","service":"research-mgmt-api","timestamp":"2025-04-12 20:38:34.855"}
{"level":"info","message":"Registered API redirect from GET /calendar to GET /api/calendar","service":"research-mgmt-api","timestamp":"2025-04-12 20:38:34.855"}
{"level":"info","message":"Registered Team API redirect from GET /teams to GET /api/students/team/...","service":"research-mgmt-api","timestamp":"2025-04-12 20:38:34.856"}
{"level":"info","message":"Registered Team API redirect from GET /teams/my-team to GET /api/students/team/...","service":"research-mgmt-api","timestamp":"2025-04-12 20:38:34.856"}
{"level":"info","message":"Registered Team API redirect from GET /teams/:id to GET /api/students/team/...","service":"research-mgmt-api","timestamp":"2025-04-12 20:38:34.856"}
{"level":"info","message":"Registered Team API redirect from PUT /teams/:id to PUT /api/students/team/...","service":"research-mgmt-api","timestamp":"2025-04-12 20:38:34.856"}
{"level":"info","message":"Registered Team API redirect from DELETE /teams/:id to DELETE /api/students/team/...","service":"research-mgmt-api","timestamp":"2025-04-12 20:38:34.856"}
{"level":"info","message":"Registered Team API redirect from POST /teams/:id/invite to POST /api/students/team/...","service":"research-mgmt-api","timestamp":"2025-04-12 20:38:34.856"}
{"level":"info","message":"Registered Team API redirect from POST /teams/:id/leave to POST /api/students/team/...","service":"research-mgmt-api","timestamp":"2025-04-12 20:38:34.856"}
{"level":"info","message":"Registered Team API redirect from POST /teams/:id/remove-member to POST /api/students/team/...","service":"research-mgmt-api","timestamp":"2025-04-12 20:38:34.856"}
{"level":"info","message":"Registered Student Team API redirect from GET /api/student-teams to GET /api/students/team/...","service":"research-mgmt-api","timestamp":"2025-04-12 20:38:34.857"}
{"level":"info","message":"Registered Student Team API redirect from GET /api/student-teams/invitations to GET /api/students/team/...","service":"research-mgmt-api","timestamp":"2025-04-12 20:38:34.857"}
{"level":"info","message":"Registered Student Team API redirect from DELETE /api/student-teams/:id/leave to DELETE /api/students/team/...","service":"research-mgmt-api","timestamp":"2025-04-12 20:38:34.857"}
{"level":"info","message":"Registered API redirect from GET /projects to GET /api/projects","service":"research-mgmt-api","timestamp":"2025-04-12 20:38:34.857"}
{"level":"info","message":"Registered API redirect from POST /projects to POST /api/projects","service":"research-mgmt-api","timestamp":"2025-04-12 20:38:34.857"}
{"level":"info","message":"Registered API redirect from GET /sessions to GET /api/sessions","service":"research-mgmt-api","timestamp":"2025-04-12 20:38:34.857"}
{"level":"info","message":"Registered API redirect from POST /sessions to POST /api/sessions","service":"research-mgmt-api","timestamp":"2025-04-12 20:38:34.857"}
{"level":"info","message":"Registered API redirect from GET /messages to GET /api/messages","service":"research-mgmt-api","timestamp":"2025-04-12 20:38:34.857"}
{"level":"info","message":"Registered API redirect from POST /messages to POST /api/messages","service":"research-mgmt-api","timestamp":"2025-04-12 20:38:34.857"}
{"level":"info","message":"Registered API redirect from GET /projects/:id to GET /api/projects/:id","service":"research-mgmt-api","timestamp":"2025-04-12 20:38:34.857"}
{"level":"info","message":"Registered API redirect from PUT /projects/:id to PUT /api/projects/:id","service":"research-mgmt-api","timestamp":"2025-04-12 20:38:34.857"}
{"level":"info","message":"Registered API redirect from DELETE /projects/:id to DELETE /api/projects/:id","service":"research-mgmt-api","timestamp":"2025-04-12 20:38:34.857"}
{"level":"info","message":"Registered API redirect from GET /users/:id to GET /api/users/:id","service":"research-mgmt-api","timestamp":"2025-04-12 20:38:34.858"}
{"level":"info","message":"Registered API redirect from PUT /users/:id to PUT /api/users/:id","service":"research-mgmt-api","timestamp":"2025-04-12 20:38:34.858"}
{"level":"info","message":"Attempting to connect to MongoDB database","service":"research-mgmt-api","timestamp":"2025-04-12 20:38:34.858"}
{"level":"info","message":"Attempting to connect to MongoDB...","service":"research-mgmt-api","timestamp":"2025-04-12 20:38:34.858"}
{"level":"info","message":"MongoDB Connected: ac-xdpuchx-shard-00-01.tvoe17p.mongodb.net","service":"research-mgmt-api","timestamp":"2025-04-12 20:38:35.687"}
{"level":"info","message":"✅ MongoDB connection established successfully","service":"research-mgmt-api","timestamp":"2025-04-12 20:38:35.687"}
{"level":"info","message":"🚀 Server running on port 300000 and accessible from all network interfaces","service":"research-mgmt-api","timestamp":"2025-04-12 20:38:35.691"}
{"level":"warn","message":"Unauthorized access attempt (no/invalid Authorization header): /student/students/team/invitations","service":"research-mgmt-api","timestamp":"2025-04-12 20:38:37.212"}
{"level":"error","message":"HTTP GET /student/students/team/invitations - 404 (0ms) Error: Route not found","service":"research-mgmt-api","timestamp":"2025-04-12 20:38:37.213"}
{"level":"info","message":"HTTP GET /api/notifications/unread/count - 200 (0ms)","service":"research-mgmt-api","timestamp":"2025-04-12 20:39:16.465"}
{"level":"info","message":"HTTP GET /api/notifications/unread/count - 200 (0ms)","service":"research-mgmt-api","timestamp":"2025-04-12 20:40:16.463"}
{"level":"error","message":"HTTP GET /student/students/team/invitations - 404 (0ms) Error: Route not found","service":"research-mgmt-api","timestamp":"2025-04-12 20:40:39.421"}
{"level":"info","message":"HTTP GET /api/notifications - 200 (0ms)","service":"research-mgmt-api","timestamp":"2025-04-12 20:40:39.608"}
{"level":"info","message":"HTTP GET /api/notifications/unread/count - 200 (0ms)","service":"research-mgmt-api","timestamp":"2025-04-12 20:40:39.611"}
{"level":"warn","message":"Unauthorized access attempt (no/invalid Authorization header): /student/students/team/invitations","service":"research-mgmt-api","timestamp":"2025-04-12 20:40:53.357"}
{"level":"error","message":"HTTP GET /student/students/team/invitations - 404 (0ms) Error: Route not found","service":"research-mgmt-api","timestamp":"2025-04-12 20:40:53.357"}
{"level":"info","message":"JWT helper initialized","service":"research-mgmt-api","timestamp":"2025-04-12 20:41:02.490"}
{"adminRoutes":true,"authRoutes":true,"level":"info","message":"Route modules loaded:","service":"research-mgmt-api","studentRoutes":true,"supervisorRoutes":true,"timestamp":"2025-04-12 20:41:02.526"}
{"level":"info","message":"Registered API redirect from GET /notifications to GET /api/notifications","service":"research-mgmt-api","timestamp":"2025-04-12 20:41:02.540"}
{"level":"info","message":"Registered API redirect from GET /notifications/unread/count to GET /api/notifications/unread/count","service":"research-mgmt-api","timestamp":"2025-04-12 20:41:02.540"}
{"level":"info","message":"Registered API redirect from GET /user/profile to GET /api/user/profile","service":"research-mgmt-api","timestamp":"2025-04-12 20:41:02.540"}
{"level":"info","message":"Registered API redirect from GET /dashboard to GET /api/dashboard","service":"research-mgmt-api","timestamp":"2025-04-12 20:41:02.540"}
{"level":"info","message":"Registered API redirect from GET /calendar to GET /api/calendar","service":"research-mgmt-api","timestamp":"2025-04-12 20:41:02.541"}
{"level":"info","message":"Registered Team API redirect from GET /teams to GET /api/students/team/...","service":"research-mgmt-api","timestamp":"2025-04-12 20:41:02.541"}
{"level":"info","message":"Registered Team API redirect from GET /teams/my-team to GET /api/students/team/...","service":"research-mgmt-api","timestamp":"2025-04-12 20:41:02.541"}
{"level":"info","message":"Registered Team API redirect from GET /teams/:id to GET /api/students/team/...","service":"research-mgmt-api","timestamp":"2025-04-12 20:41:02.541"}
{"level":"info","message":"Registered Team API redirect from PUT /teams/:id to PUT /api/students/team/...","service":"research-mgmt-api","timestamp":"2025-04-12 20:41:02.541"}
{"level":"info","message":"Registered Team API redirect from DELETE /teams/:id to DELETE /api/students/team/...","service":"research-mgmt-api","timestamp":"2025-04-12 20:41:02.541"}
{"level":"info","message":"Registered Team API redirect from POST /teams/:id/invite to POST /api/students/team/...","service":"research-mgmt-api","timestamp":"2025-04-12 20:41:02.541"}
{"level":"info","message":"Registered Team API redirect from POST /teams/:id/leave to POST /api/students/team/...","service":"research-mgmt-api","timestamp":"2025-04-12 20:41:02.541"}
{"level":"info","message":"Registered Team API redirect from POST /teams/:id/remove-member to POST /api/students/team/...","service":"research-mgmt-api","timestamp":"2025-04-12 20:41:02.542"}
{"level":"info","message":"Registered Student Team API redirect from GET /api/student-teams to GET /api/students/team/...","service":"research-mgmt-api","timestamp":"2025-04-12 20:41:02.542"}
{"level":"info","message":"Registered Student Team API redirect from GET /api/student-teams/invitations to GET /api/students/team/...","service":"research-mgmt-api","timestamp":"2025-04-12 20:41:02.542"}
{"level":"info","message":"Registered Student Team API redirect from DELETE /api/student-teams/:id/leave to DELETE /api/students/team/...","service":"research-mgmt-api","timestamp":"2025-04-12 20:41:02.542"}
{"level":"info","message":"Registered API redirect from GET /projects to GET /api/projects","service":"research-mgmt-api","timestamp":"2025-04-12 20:41:02.542"}
{"level":"info","message":"Registered API redirect from POST /projects to POST /api/projects","service":"research-mgmt-api","timestamp":"2025-04-12 20:41:02.542"}
{"level":"info","message":"Registered API redirect from GET /sessions to GET /api/sessions","service":"research-mgmt-api","timestamp":"2025-04-12 20:41:02.542"}
{"level":"info","message":"Registered API redirect from POST /sessions to POST /api/sessions","service":"research-mgmt-api","timestamp":"2025-04-12 20:41:02.542"}
{"level":"info","message":"Registered API redirect from GET /messages to GET /api/messages","service":"research-mgmt-api","timestamp":"2025-04-12 20:41:02.542"}
{"level":"info","message":"Registered API redirect from POST /messages to POST /api/messages","service":"research-mgmt-api","timestamp":"2025-04-12 20:41:02.542"}
{"level":"info","message":"Registered API redirect from GET /projects/:id to GET /api/projects/:id","service":"research-mgmt-api","timestamp":"2025-04-12 20:41:02.542"}
{"level":"info","message":"Registered API redirect from PUT /projects/:id to PUT /api/projects/:id","service":"research-mgmt-api","timestamp":"2025-04-12 20:41:02.542"}
{"level":"info","message":"Registered API redirect from DELETE /projects/:id to DELETE /api/projects/:id","service":"research-mgmt-api","timestamp":"2025-04-12 20:41:02.543"}
{"level":"info","message":"Registered API redirect from GET /users/:id to GET /api/users/:id","service":"research-mgmt-api","timestamp":"2025-04-12 20:41:02.543"}
{"level":"info","message":"Registered API redirect from PUT /users/:id to PUT /api/users/:id","service":"research-mgmt-api","timestamp":"2025-04-12 20:41:02.543"}
{"level":"info","message":"Attempting to connect to MongoDB database","service":"research-mgmt-api","timestamp":"2025-04-12 20:41:02.543"}
{"level":"info","message":"Attempting to connect to MongoDB...","service":"research-mgmt-api","timestamp":"2025-04-12 20:41:02.543"}
{"level":"info","message":"MongoDB Connected: ac-xdpuchx-shard-00-01.tvoe17p.mongodb.net","service":"research-mgmt-api","timestamp":"2025-04-12 20:41:03.667"}
{"level":"info","message":"✅ MongoDB connection established successfully","service":"research-mgmt-api","timestamp":"2025-04-12 20:41:03.667"}
{"level":"info","message":"🚀 Server running on port 300000 and accessible from all network interfaces","service":"research-mgmt-api","timestamp":"2025-04-12 20:41:03.672"}
{"level":"error","message":"HTTP GET /student/students/team/invitations - 404 (0ms) Error: Route not found","service":"research-mgmt-api","timestamp":"2025-04-12 20:41:05.593"}
{"level":"info","message":"HTTP GET /api/notifications - 200 (0ms)","service":"research-mgmt-api","timestamp":"2025-04-12 20:41:05.781"}
{"level":"info","message":"HTTP GET /api/notifications/unread/count - 200 (0ms)","service":"research-mgmt-api","timestamp":"2025-04-12 20:41:05.785"}
{"level":"error","message":"HTTP GET /student/students/invitations - 404 (0ms) Error: Route not found","service":"research-mgmt-api","timestamp":"2025-04-12 20:41:49.837"}
{"level":"info","message":"HTTP GET /api/notifications - 200 (0ms)","service":"research-mgmt-api","timestamp":"2025-04-12 20:41:50.024"}
{"level":"info","message":"HTTP GET /api/notifications/unread/count - 200 (0ms)","service":"research-mgmt-api","timestamp":"2025-04-12 20:41:50.028"}
{"level":"warn","message":"Unauthorized access attempt (no/invalid Authorization header): /student/students/invitations","service":"research-mgmt-api","timestamp":"2025-04-12 20:41:58.466"}
{"level":"error","message":"HTTP GET /student/students/invitations - 404 (0ms) Error: Route not found","service":"research-mgmt-api","timestamp":"2025-04-12 20:41:58.467"}
{"level":"info","message":"JWT helper initialized","service":"research-mgmt-api","timestamp":"2025-04-12 20:42:10.788"}
{"adminRoutes":true,"authRoutes":true,"level":"info","message":"Route modules loaded:","service":"research-mgmt-api","studentRoutes":true,"supervisorRoutes":true,"timestamp":"2025-04-12 20:42:10.823"}
{"level":"info","message":"Registered API redirect from GET /notifications to GET /api/notifications","service":"research-mgmt-api","timestamp":"2025-04-12 20:42:10.837"}
{"level":"info","message":"Registered API redirect from GET /notifications/unread/count to GET /api/notifications/unread/count","service":"research-mgmt-api","timestamp":"2025-04-12 20:42:10.837"}
{"level":"info","message":"Registered API redirect from GET /user/profile to GET /api/user/profile","service":"research-mgmt-api","timestamp":"2025-04-12 20:42:10.837"}
{"level":"info","message":"Registered API redirect from GET /dashboard to GET /api/dashboard","service":"research-mgmt-api","timestamp":"2025-04-12 20:42:10.838"}
{"level":"info","message":"Registered API redirect from GET /calendar to GET /api/calendar","service":"research-mgmt-api","timestamp":"2025-04-12 20:42:10.838"}
{"level":"info","message":"Registered Team API redirect from GET /teams to GET /api/students/team/...","service":"research-mgmt-api","timestamp":"2025-04-12 20:42:10.838"}
{"level":"info","message":"Registered Team API redirect from GET /teams/my-team to GET /api/students/team/...","service":"research-mgmt-api","timestamp":"2025-04-12 20:42:10.838"}
{"level":"info","message":"Registered Team API redirect from GET /teams/:id to GET /api/students/team/...","service":"research-mgmt-api","timestamp":"2025-04-12 20:42:10.838"}
{"level":"info","message":"Registered Team API redirect from PUT /teams/:id to PUT /api/students/team/...","service":"research-mgmt-api","timestamp":"2025-04-12 20:42:10.839"}
{"level":"info","message":"Registered Team API redirect from DELETE /teams/:id to DELETE /api/students/team/...","service":"research-mgmt-api","timestamp":"2025-04-12 20:42:10.839"}
{"level":"info","message":"Registered Team API redirect from POST /teams/:id/invite to POST /api/students/team/...","service":"research-mgmt-api","timestamp":"2025-04-12 20:42:10.839"}
{"level":"info","message":"Registered Team API redirect from POST /teams/:id/leave to POST /api/students/team/...","service":"research-mgmt-api","timestamp":"2025-04-12 20:42:10.839"}
{"level":"info","message":"Registered Team API redirect from POST /teams/:id/remove-member to POST /api/students/team/...","service":"research-mgmt-api","timestamp":"2025-04-12 20:42:10.839"}
{"level":"info","message":"Registered Student Team API redirect from GET /api/student-teams to GET /api/students/team/...","service":"research-mgmt-api","timestamp":"2025-04-12 20:42:10.839"}
{"level":"info","message":"Registered Student Team API redirect from GET /api/student-teams/invitations to GET /api/students/team/...","service":"research-mgmt-api","timestamp":"2025-04-12 20:42:10.839"}
{"level":"info","message":"Registered Student Team API redirect from DELETE /api/student-teams/:id/leave to DELETE /api/students/team/...","service":"research-mgmt-api","timestamp":"2025-04-12 20:42:10.839"}
{"level":"info","message":"Registered API redirect from GET /projects to GET /api/projects","service":"research-mgmt-api","timestamp":"2025-04-12 20:42:10.840"}
{"level":"info","message":"Registered API redirect from POST /projects to POST /api/projects","service":"research-mgmt-api","timestamp":"2025-04-12 20:42:10.840"}
{"level":"info","message":"Registered API redirect from GET /sessions to GET /api/sessions","service":"research-mgmt-api","timestamp":"2025-04-12 20:42:10.840"}
{"level":"info","message":"Registered API redirect from POST /sessions to POST /api/sessions","service":"research-mgmt-api","timestamp":"2025-04-12 20:42:10.840"}
{"level":"info","message":"Registered API redirect from GET /messages to GET /api/messages","service":"research-mgmt-api","timestamp":"2025-04-12 20:42:10.840"}
{"level":"info","message":"Registered API redirect from POST /messages to POST /api/messages","service":"research-mgmt-api","timestamp":"2025-04-12 20:42:10.840"}
{"level":"info","message":"Registered API redirect from GET /projects/:id to GET /api/projects/:id","service":"research-mgmt-api","timestamp":"2025-04-12 20:42:10.840"}
{"level":"info","message":"Registered API redirect from PUT /projects/:id to PUT /api/projects/:id","service":"research-mgmt-api","timestamp":"2025-04-12 20:42:10.840"}
{"level":"info","message":"Registered API redirect from DELETE /projects/:id to DELETE /api/projects/:id","service":"research-mgmt-api","timestamp":"2025-04-12 20:42:10.840"}
{"level":"info","message":"Registered API redirect from GET /users/:id to GET /api/users/:id","service":"research-mgmt-api","timestamp":"2025-04-12 20:42:10.840"}
{"level":"info","message":"Registered API redirect from PUT /users/:id to PUT /api/users/:id","service":"research-mgmt-api","timestamp":"2025-04-12 20:42:10.840"}
{"level":"info","message":"Attempting to connect to MongoDB database","service":"research-mgmt-api","timestamp":"2025-04-12 20:42:10.840"}
{"level":"info","message":"Attempting to connect to MongoDB...","service":"research-mgmt-api","timestamp":"2025-04-12 20:42:10.841"}
{"level":"info","message":"MongoDB Connected: ac-xdpuchx-shard-00-01.tvoe17p.mongodb.net","service":"research-mgmt-api","timestamp":"2025-04-12 20:42:11.640"}
{"level":"info","message":"✅ MongoDB connection established successfully","service":"research-mgmt-api","timestamp":"2025-04-12 20:42:11.640"}
{"level":"info","message":"🚀 Server running on port 300000 and accessible from all network interfaces","service":"research-mgmt-api","timestamp":"2025-04-12 20:42:11.645"}
{"level":"warn","message":"Unauthorized access attempt (no/invalid Authorization header): /student/students/invitations","service":"research-mgmt-api","timestamp":"2025-04-12 20:42:12.930"}
{"level":"error","message":"HTTP GET /student/students/invitations - 404 (0ms) Error: Route not found","service":"research-mgmt-api","timestamp":"2025-04-12 20:42:12.931"}
{"level":"info","message":"HTTP GET /api/notifications/unread/count - 200 (0ms)","service":"research-mgmt-api","timestamp":"2025-04-12 20:42:50.464"}
{"level":"info","message":"HTTP GET /api/notifications/unread/count - 200 (0ms)","service":"research-mgmt-api","timestamp":"2025-04-12 20:43:50.463"}
{"level":"warn","message":"Unauthorized access attempt (no/invalid Authorization header): /student/students/invitations","service":"research-mgmt-api","timestamp":"2025-04-12 20:44:39.663"}
{"level":"error","message":"HTTP GET /student/students/invitations - 404 (0ms) Error: Route not found","service":"research-mgmt-api","timestamp":"2025-04-12 20:44:39.663"}
{"level":"info","message":"HTTP GET /api/notifications/unread/count - 200 (0ms)","service":"research-mgmt-api","timestamp":"2025-04-12 20:44:50.463"}
{"level":"warn","message":"Unauthorized access attempt (no/invalid Authorization header): /student/students/invitations","service":"research-mgmt-api","timestamp":"2025-04-12 20:44:57.477"}
{"level":"error","message":"HTTP GET /student/students/invitations - 404 (0ms) Error: Route not found","service":"research-mgmt-api","timestamp":"2025-04-12 20:44:57.477"}
{"level":"info","message":"JWT helper initialized","service":"research-mgmt-api","timestamp":"2025-04-12 20:45:09.585"}
{"adminRoutes":true,"authRoutes":true,"level":"info","message":"Route modules loaded:","service":"research-mgmt-api","studentRoutes":true,"supervisorRoutes":true,"timestamp":"2025-04-12 20:45:09.619"}
{"level":"info","message":"Registered API redirect from GET /notifications to GET /api/notifications","service":"research-mgmt-api","timestamp":"2025-04-12 20:45:09.634"}
{"level":"info","message":"Registered API redirect from GET /notifications/unread/count to GET /api/notifications/unread/count","service":"research-mgmt-api","timestamp":"2025-04-12 20:45:09.634"}
{"level":"info","message":"Registered API redirect from GET /user/profile to GET /api/user/profile","service":"research-mgmt-api","timestamp":"2025-04-12 20:45:09.634"}
{"level":"info","message":"Registered API redirect from GET /dashboard to GET /api/dashboard","service":"research-mgmt-api","timestamp":"2025-04-12 20:45:09.634"}
{"level":"info","message":"Registered API redirect from GET /calendar to GET /api/calendar","service":"research-mgmt-api","timestamp":"2025-04-12 20:45:09.634"}
{"level":"info","message":"Registered Team API redirect from GET /teams to GET /api/students/team/...","service":"research-mgmt-api","timestamp":"2025-04-12 20:45:09.634"}
{"level":"info","message":"Registered Team API redirect from GET /teams/my-team to GET /api/students/team/...","service":"research-mgmt-api","timestamp":"2025-04-12 20:45:09.634"}
{"level":"info","message":"Registered Team API redirect from GET /teams/:id to GET /api/students/team/...","service":"research-mgmt-api","timestamp":"2025-04-12 20:45:09.635"}
{"level":"info","message":"Registered Team API redirect from PUT /teams/:id to PUT /api/students/team/...","service":"research-mgmt-api","timestamp":"2025-04-12 20:45:09.635"}
{"level":"info","message":"Registered Team API redirect from DELETE /teams/:id to DELETE /api/students/team/...","service":"research-mgmt-api","timestamp":"2025-04-12 20:45:09.635"}
{"level":"info","message":"Registered Team API redirect from POST /teams/:id/invite to POST /api/students/team/...","service":"research-mgmt-api","timestamp":"2025-04-12 20:45:09.635"}
{"level":"info","message":"Registered Team API redirect from POST /teams/:id/leave to POST /api/students/team/...","service":"research-mgmt-api","timestamp":"2025-04-12 20:45:09.635"}
{"level":"info","message":"Registered Team API redirect from POST /teams/:id/remove-member to POST /api/students/team/...","service":"research-mgmt-api","timestamp":"2025-04-12 20:45:09.635"}
{"level":"info","message":"Registered Student Team API redirect from GET /api/student-teams to GET /api/students/team/...","service":"research-mgmt-api","timestamp":"2025-04-12 20:45:09.635"}
{"level":"info","message":"Registered Student Team API redirect from GET /api/student-teams/invitations to GET /api/students/team/...","service":"research-mgmt-api","timestamp":"2025-04-12 20:45:09.635"}
{"level":"info","message":"Registered Student Team API redirect from DELETE /api/student-teams/:id/leave to DELETE /api/students/team/...","service":"research-mgmt-api","timestamp":"2025-04-12 20:45:09.636"}
{"level":"info","message":"Registered API redirect from GET /projects to GET /api/projects","service":"research-mgmt-api","timestamp":"2025-04-12 20:45:09.636"}
{"level":"info","message":"Registered API redirect from POST /projects to POST /api/projects","service":"research-mgmt-api","timestamp":"2025-04-12 20:45:09.636"}
{"level":"info","message":"Registered API redirect from GET /sessions to GET /api/sessions","service":"research-mgmt-api","timestamp":"2025-04-12 20:45:09.636"}
{"level":"info","message":"Registered API redirect from POST /sessions to POST /api/sessions","service":"research-mgmt-api","timestamp":"2025-04-12 20:45:09.636"}
{"level":"info","message":"Registered API redirect from GET /messages to GET /api/messages","service":"research-mgmt-api","timestamp":"2025-04-12 20:45:09.636"}
{"level":"info","message":"Registered API redirect from POST /messages to POST /api/messages","service":"research-mgmt-api","timestamp":"2025-04-12 20:45:09.636"}
{"level":"info","message":"Registered API redirect from GET /projects/:id to GET /api/projects/:id","service":"research-mgmt-api","timestamp":"2025-04-12 20:45:09.636"}
{"level":"info","message":"Registered API redirect from PUT /projects/:id to PUT /api/projects/:id","service":"research-mgmt-api","timestamp":"2025-04-12 20:45:09.636"}
{"level":"info","message":"Registered API redirect from DELETE /projects/:id to DELETE /api/projects/:id","service":"research-mgmt-api","timestamp":"2025-04-12 20:45:09.636"}
{"level":"info","message":"Registered API redirect from GET /users/:id to GET /api/users/:id","service":"research-mgmt-api","timestamp":"2025-04-12 20:45:09.636"}
{"level":"info","message":"Registered API redirect from PUT /users/:id to PUT /api/users/:id","service":"research-mgmt-api","timestamp":"2025-04-12 20:45:09.636"}
{"level":"info","message":"Attempting to connect to MongoDB database","service":"research-mgmt-api","timestamp":"2025-04-12 20:45:09.637"}
{"level":"info","message":"Attempting to connect to MongoDB...","service":"research-mgmt-api","timestamp":"2025-04-12 20:45:09.637"}
{"level":"info","message":"MongoDB Connected: ac-xdpuchx-shard-00-02.tvoe17p.mongodb.net","service":"research-mgmt-api","timestamp":"2025-04-12 20:45:10.925"}
{"level":"info","message":"✅ MongoDB connection established successfully","service":"research-mgmt-api","timestamp":"2025-04-12 20:45:10.926"}
{"level":"info","message":"🚀 Server running on port 300000 and accessible from all network interfaces","service":"research-mgmt-api","timestamp":"2025-04-12 20:45:10.931"}
{"level":"error","message":"HTTP GET /api/api/student/students/invitations - 404 (0ms) Error: Route not found","service":"research-mgmt-api","timestamp":"2025-04-12 20:45:13.939"}
{"level":"info","message":"HTTP GET /api/notifications - 200 (0ms)","service":"research-mgmt-api","timestamp":"2025-04-12 20:45:14.122"}
{"level":"info","message":"HTTP GET /api/notifications/unread/count - 200 (0ms)","service":"research-mgmt-api","timestamp":"2025-04-12 20:45:14.126"}
{"level":"error","message":"HTTP GET /student/students/invitations - 404 (0ms) Error: Route not found","service":"research-mgmt-api","timestamp":"2025-04-12 20:45:29.640"}
{"level":"info","message":"HTTP GET /api/notifications - 200 (0ms)","service":"research-mgmt-api","timestamp":"2025-04-12 20:45:29.828"}
{"level":"info","message":"HTTP GET /api/notifications/unread/count - 200 (0ms)","service":"research-mgmt-api","timestamp":"2025-04-12 20:45:29.832"}
{"level":"error","message":"HTTP GET /api/student/students/invitations - 404 (0ms) Error: Route not found","service":"research-mgmt-api","timestamp":"2025-04-12 20:45:42.259"}
{"level":"info","message":"HTTP GET /api/notifications - 200 (0ms)","service":"research-mgmt-api","timestamp":"2025-04-12 20:45:42.447"}
{"level":"info","message":"HTTP GET /api/notifications/unread/count - 200 (0ms)","service":"research-mgmt-api","timestamp":"2025-04-12 20:45:42.450"}
{"level":"warn","message":"Unauthorized access attempt (no/invalid Authorization header): /api/student/students/invitations","service":"research-mgmt-api","timestamp":"2025-04-12 20:45:51.509"}
{"level":"error","message":"HTTP GET /api/student/students/invitations - 404 (0ms) Error: Route not found","service":"research-mgmt-api","timestamp":"2025-04-12 20:45:51.509"}
{"level":"info","message":"JWT helper initialized","service":"research-mgmt-api","timestamp":"2025-04-12 20:46:22.026"}
{"adminRoutes":true,"authRoutes":true,"level":"info","message":"Route modules loaded:","service":"research-mgmt-api","studentRoutes":true,"supervisorRoutes":true,"timestamp":"2025-04-12 20:46:22.060"}
{"level":"info","message":"Registered API redirect from GET /notifications to GET /api/notifications","service":"research-mgmt-api","timestamp":"2025-04-12 20:46:22.074"}
{"level":"info","message":"Registered API redirect from GET /notifications/unread/count to GET /api/notifications/unread/count","service":"research-mgmt-api","timestamp":"2025-04-12 20:46:22.075"}
{"level":"info","message":"Registered API redirect from GET /user/profile to GET /api/user/profile","service":"research-mgmt-api","timestamp":"2025-04-12 20:46:22.075"}
{"level":"info","message":"Registered API redirect from GET /dashboard to GET /api/dashboard","service":"research-mgmt-api","timestamp":"2025-04-12 20:46:22.075"}
{"level":"info","message":"Registered API redirect from GET /calendar to GET /api/calendar","service":"research-mgmt-api","timestamp":"2025-04-12 20:46:22.075"}
{"level":"info","message":"Registered Team API redirect from GET /teams to GET /api/students/team/...","service":"research-mgmt-api","timestamp":"2025-04-12 20:46:22.075"}
{"level":"info","message":"Registered Team API redirect from GET /teams/my-team to GET /api/students/team/...","service":"research-mgmt-api","timestamp":"2025-04-12 20:46:22.075"}
{"level":"info","message":"Registered Team API redirect from GET /teams/:id to GET /api/students/team/...","service":"research-mgmt-api","timestamp":"2025-04-12 20:46:22.076"}
{"level":"info","message":"Registered Team API redirect from PUT /teams/:id to PUT /api/students/team/...","service":"research-mgmt-api","timestamp":"2025-04-12 20:46:22.076"}
{"level":"info","message":"Registered Team API redirect from DELETE /teams/:id to DELETE /api/students/team/...","service":"research-mgmt-api","timestamp":"2025-04-12 20:46:22.076"}
{"level":"info","message":"Registered Team API redirect from POST /teams/:id/invite to POST /api/students/team/...","service":"research-mgmt-api","timestamp":"2025-04-12 20:46:22.076"}
{"level":"info","message":"Registered Team API redirect from POST /teams/:id/leave to POST /api/students/team/...","service":"research-mgmt-api","timestamp":"2025-04-12 20:46:22.076"}
{"level":"info","message":"Registered Team API redirect from POST /teams/:id/remove-member to POST /api/students/team/...","service":"research-mgmt-api","timestamp":"2025-04-12 20:46:22.076"}
{"level":"info","message":"Registered Student Team API redirect from GET /api/student-teams to GET /api/students/team/...","service":"research-mgmt-api","timestamp":"2025-04-12 20:46:22.076"}
{"level":"info","message":"Registered Student Team API redirect from GET /api/student-teams/invitations to GET /api/students/team/...","service":"research-mgmt-api","timestamp":"2025-04-12 20:46:22.076"}
{"level":"info","message":"Registered Student Team API redirect from DELETE /api/student-teams/:id/leave to DELETE /api/students/team/...","service":"research-mgmt-api","timestamp":"2025-04-12 20:46:22.076"}
{"level":"info","message":"Registered API redirect from GET /projects to GET /api/projects","service":"research-mgmt-api","timestamp":"2025-04-12 20:46:22.076"}
{"level":"info","message":"Registered API redirect from POST /projects to POST /api/projects","service":"research-mgmt-api","timestamp":"2025-04-12 20:46:22.077"}
{"level":"info","message":"Registered API redirect from GET /sessions to GET /api/sessions","service":"research-mgmt-api","timestamp":"2025-04-12 20:46:22.077"}
{"level":"info","message":"Registered API redirect from POST /sessions to POST /api/sessions","service":"research-mgmt-api","timestamp":"2025-04-12 20:46:22.077"}
{"level":"info","message":"Registered API redirect from GET /messages to GET /api/messages","service":"research-mgmt-api","timestamp":"2025-04-12 20:46:22.077"}
{"level":"info","message":"Registered API redirect from POST /messages to POST /api/messages","service":"research-mgmt-api","timestamp":"2025-04-12 20:46:22.077"}
{"level":"info","message":"Registered API redirect from GET /projects/:id to GET /api/projects/:id","service":"research-mgmt-api","timestamp":"2025-04-12 20:46:22.077"}
{"level":"info","message":"Registered API redirect from PUT /projects/:id to PUT /api/projects/:id","service":"research-mgmt-api","timestamp":"2025-04-12 20:46:22.077"}
{"level":"info","message":"Registered API redirect from DELETE /projects/:id to DELETE /api/projects/:id","service":"research-mgmt-api","timestamp":"2025-04-12 20:46:22.077"}
{"level":"info","message":"Registered API redirect from GET /users/:id to GET /api/users/:id","service":"research-mgmt-api","timestamp":"2025-04-12 20:46:22.077"}
{"level":"info","message":"Registered API redirect from PUT /users/:id to PUT /api/users/:id","service":"research-mgmt-api","timestamp":"2025-04-12 20:46:22.077"}
{"level":"info","message":"Attempting to connect to MongoDB database","service":"research-mgmt-api","timestamp":"2025-04-12 20:46:22.077"}
{"level":"info","message":"Attempting to connect to MongoDB...","service":"research-mgmt-api","timestamp":"2025-04-12 20:46:22.078"}
{"level":"info","message":"MongoDB Connected: ac-xdpuchx-shard-00-00.tvoe17p.mongodb.net","service":"research-mgmt-api","timestamp":"2025-04-12 20:46:22.973"}
{"level":"info","message":"✅ MongoDB connection established successfully","service":"research-mgmt-api","timestamp":"2025-04-12 20:46:22.973"}
{"level":"info","message":"🚀 Server running on port 300000 and accessible from all network interfaces","service":"research-mgmt-api","timestamp":"2025-04-12 20:46:22.979"}
{"level":"info","message":"JWT helper initialized","service":"research-mgmt-api","timestamp":"2025-04-12 20:46:24.242"}
{"adminRoutes":true,"authRoutes":true,"level":"info","message":"Route modules loaded:","service":"research-mgmt-api","studentRoutes":true,"supervisorRoutes":true,"timestamp":"2025-04-12 20:46:24.276"}
{"level":"info","message":"Registered API redirect from GET /notifications to GET /api/notifications","service":"research-mgmt-api","timestamp":"2025-04-12 20:46:24.292"}
{"level":"info","message":"Registered API redirect from GET /notifications/unread/count to GET /api/notifications/unread/count","service":"research-mgmt-api","timestamp":"2025-04-12 20:46:24.292"}
{"level":"info","message":"Registered API redirect from GET /user/profile to GET /api/user/profile","service":"research-mgmt-api","timestamp":"2025-04-12 20:46:24.292"}
{"level":"info","message":"Registered API redirect from GET /dashboard to GET /api/dashboard","service":"research-mgmt-api","timestamp":"2025-04-12 20:46:24.292"}
{"level":"info","message":"Registered API redirect from GET /calendar to GET /api/calendar","service":"research-mgmt-api","timestamp":"2025-04-12 20:46:24.292"}
{"level":"info","message":"Registered Team API redirect from GET /teams to GET /api/students/team/...","service":"research-mgmt-api","timestamp":"2025-04-12 20:46:24.293"}
{"level":"info","message":"Registered Team API redirect from GET /teams/my-team to GET /api/students/team/...","service":"research-mgmt-api","timestamp":"2025-04-12 20:46:24.293"}
{"level":"info","message":"Registered Team API redirect from GET /teams/:id to GET /api/students/team/...","service":"research-mgmt-api","timestamp":"2025-04-12 20:46:24.293"}
{"level":"info","message":"Registered Team API redirect from PUT /teams/:id to PUT /api/students/team/...","service":"research-mgmt-api","timestamp":"2025-04-12 20:46:24.293"}
{"level":"info","message":"Registered Team API redirect from DELETE /teams/:id to DELETE /api/students/team/...","service":"research-mgmt-api","timestamp":"2025-04-12 20:46:24.293"}
{"level":"info","message":"Registered Team API redirect from POST /teams/:id/invite to POST /api/students/team/...","service":"research-mgmt-api","timestamp":"2025-04-12 20:46:24.293"}
{"level":"info","message":"Registered Team API redirect from POST /teams/:id/leave to POST /api/students/team/...","service":"research-mgmt-api","timestamp":"2025-04-12 20:46:24.293"}
{"level":"info","message":"Registered Team API redirect from POST /teams/:id/remove-member to POST /api/students/team/...","service":"research-mgmt-api","timestamp":"2025-04-12 20:46:24.293"}
{"level":"info","message":"Registered Student Team API redirect from GET /api/student-teams to GET /api/students/team/...","service":"research-mgmt-api","timestamp":"2025-04-12 20:46:24.294"}
{"level":"info","message":"Registered Student Team API redirect from GET /api/student-teams/invitations to GET /api/students/team/...","service":"research-mgmt-api","timestamp":"2025-04-12 20:46:24.294"}
{"level":"info","message":"Registered Student Team API redirect from DELETE /api/student-teams/:id/leave to DELETE /api/students/team/...","service":"research-mgmt-api","timestamp":"2025-04-12 20:46:24.294"}
{"level":"info","message":"Registered API redirect from GET /projects to GET /api/projects","service":"research-mgmt-api","timestamp":"2025-04-12 20:46:24.294"}
{"level":"info","message":"Registered API redirect from POST /projects to POST /api/projects","service":"research-mgmt-api","timestamp":"2025-04-12 20:46:24.294"}
{"level":"info","message":"Registered API redirect from GET /sessions to GET /api/sessions","service":"research-mgmt-api","timestamp":"2025-04-12 20:46:24.294"}
{"level":"info","message":"Registered API redirect from POST /sessions to POST /api/sessions","service":"research-mgmt-api","timestamp":"2025-04-12 20:46:24.294"}
{"level":"info","message":"Registered API redirect from GET /messages to GET /api/messages","service":"research-mgmt-api","timestamp":"2025-04-12 20:46:24.294"}
{"level":"info","message":"Registered API redirect from POST /messages to POST /api/messages","service":"research-mgmt-api","timestamp":"2025-04-12 20:46:24.294"}
{"level":"info","message":"Registered API redirect from GET /projects/:id to GET /api/projects/:id","service":"research-mgmt-api","timestamp":"2025-04-12 20:46:24.294"}
{"level":"info","message":"Registered API redirect from PUT /projects/:id to PUT /api/projects/:id","service":"research-mgmt-api","timestamp":"2025-04-12 20:46:24.294"}
{"level":"info","message":"Registered API redirect from DELETE /projects/:id to DELETE /api/projects/:id","service":"research-mgmt-api","timestamp":"2025-04-12 20:46:24.295"}
{"level":"info","message":"Registered API redirect from GET /users/:id to GET /api/users/:id","service":"research-mgmt-api","timestamp":"2025-04-12 20:46:24.295"}
{"level":"info","message":"Registered API redirect from PUT /users/:id to PUT /api/users/:id","service":"research-mgmt-api","timestamp":"2025-04-12 20:46:24.295"}
{"level":"info","message":"Attempting to connect to MongoDB database","service":"research-mgmt-api","timestamp":"2025-04-12 20:46:24.295"}
{"level":"info","message":"Attempting to connect to MongoDB...","service":"research-mgmt-api","timestamp":"2025-04-12 20:46:24.295"}
{"level":"info","message":"MongoDB Connected: ac-xdpuchx-shard-00-02.tvoe17p.mongodb.net","service":"research-mgmt-api","timestamp":"2025-04-12 20:46:24.982"}
{"level":"info","message":"✅ MongoDB connection established successfully","service":"research-mgmt-api","timestamp":"2025-04-12 20:46:24.982"}
{"level":"info","message":"🚀 Server running on port 300000 and accessible from all network interfaces","service":"research-mgmt-api","timestamp":"2025-04-12 20:46:24.988"}
{"level":"info","message":"HTTP GET /api/notifications/unread/count - 200 (0ms)","service":"research-mgmt-api","timestamp":"2025-04-12 20:46:42.467"}
{"level":"warn","message":"Unauthorized access attempt (no/invalid Authorization header): /api/student/students/invitations","service":"research-mgmt-api","timestamp":"2025-04-12 20:46:46.388"}
{"level":"error","message":"HTTP GET /api/student/students/invitations - 404 (0ms) Error: Route not found","service":"research-mgmt-api","timestamp":"2025-04-12 20:46:46.388"}
{"level":"error","message":"HTTP GET /api/student/students/invitations - 404 (0ms) Error: Route not found","service":"research-mgmt-api","timestamp":"2025-04-12 20:46:50.152"}
{"level":"info","message":"HTTP GET /api/notifications - 200 (0ms)","service":"research-mgmt-api","timestamp":"2025-04-12 20:46:50.342"}
{"level":"info","message":"HTTP GET /api/notifications/unread/count - 200 (0ms)","service":"research-mgmt-api","timestamp":"2025-04-12 20:46:50.346"}
{"level":"info","message":"MongoDB connection state: 1","service":"research-mgmt-api","timestamp":"2025-04-12 20:46:59.541"}
{"level":"info","message":"Login attempt for user: teststudent1@gmail.com","service":"research-mgmt-api","timestamp":"2025-04-12 20:46:59.541"}
{"level":"info","message":"Verifying password for user: teststudent1@gmail.com","service":"research-mgmt-api","timestamp":"2025-04-12 20:46:59.617"}
{"level":"info","message":"Login successful for user: teststudent1@gmail.com","service":"research-mgmt-api","timestamp":"2025-04-12 20:46:59.638"}
{"level":"info","message":"HTTP POST /api/auth/login - 200 (98ms)","service":"research-mgmt-api","timestamp":"2025-04-12 20:46:59.638"}
{"level":"info","message":"📊 Fetching student dashboard data","service":"research-mgmt-api","timestamp":"2025-04-12 20:46:59.726"}
{"level":"info","message":"HTTP GET /api/dashboard - 200 (290ms)","service":"research-mgmt-api","timestamp":"2025-04-12 20:47:00.017"}
{"level":"info","message":"HTTP GET /api/notifications - 200 (0ms)","service":"research-mgmt-api","timestamp":"2025-04-12 20:47:00.147"}
{"level":"info","message":"HTTP GET /api/notifications/unread/count - 200 (0ms)","service":"research-mgmt-api","timestamp":"2025-04-12 20:47:00.150"}
{"level":"error","message":"HTTP POST /student/students/create - 404 (0ms) Error: Route not found","service":"research-mgmt-api","timestamp":"2025-04-12 20:47:11.591"}
{"level":"warn","message":"Unauthorized access attempt (no/invalid Authorization header): /student/students/create","service":"research-mgmt-api","timestamp":"2025-04-12 20:47:18.882"}
{"level":"error","message":"HTTP GET /student/students/create - 404 (0ms) Error: Route not found","service":"research-mgmt-api","timestamp":"2025-04-12 20:47:18.883"}
{"level":"warn","message":"Unauthorized access attempt (no/invalid Authorization header): /student/students/create","service":"research-mgmt-api","timestamp":"2025-04-12 20:47:37.292"}
{"level":"error","message":"HTTP GET /student/students/create - 404 (0ms) Error: Route not found","service":"research-mgmt-api","timestamp":"2025-04-12 20:47:37.293"}
{"level":"info","message":"HTTP GET /api/notifications/unread/count - 200 (0ms)","service":"research-mgmt-api","timestamp":"2025-04-12 20:48:00.463"}
{"level":"info","message":"HTTP GET /api/notifications/unread/count - 200 (0ms)","service":"research-mgmt-api","timestamp":"2025-04-12 20:49:00.470"}
{"level":"info","message":"HTTP GET /api/notifications/unread/count - 200 (0ms)","service":"research-mgmt-api","timestamp":"2025-04-12 20:50:00.463"}
{"external":"31 MB","heapTotal":"32 MB","heapUsed":"56 MB","level":"info","message":"Memory usage stats:","rss":"235 MB","service":"research-mgmt-api","timestamp":"2025-04-12 20:51:24.302"}
{"level":"info","message":"HTTP GET /api/notifications/unread/count - 200 (0ms)","service":"research-mgmt-api","timestamp":"2025-04-12 20:51:26.464"}
{"level":"info","message":"HTTP GET /api/notifications/unread/count - 200 (0ms)","service":"research-mgmt-api","timestamp":"2025-04-12 20:52:26.466"}
{"level":"info","message":"HTTP GET /api/notifications - 200 (0ms)","service":"research-mgmt-api","timestamp":"2025-04-12 20:52:26.471"}
{"level":"info","message":"HTTP GET /api/notifications/unread/count - 200 (0ms)","service":"research-mgmt-api","timestamp":"2025-04-12 20:53:26.464"}
{"level":"info","message":"HTTP GET /api/notifications/unread/count - 200 (0ms)","service":"research-mgmt-api","timestamp":"2025-04-12 20:54:26.464"}
{"level":"info","message":"HTTP GET /api/notifications/unread/count - 200 (0ms)","service":"research-mgmt-api","timestamp":"2025-04-12 20:55:26.464"}
{"external":"23 MB","heapTotal":"31 MB","heapUsed":"43 MB","level":"info","message":"Memory usage stats:","rss":"229 MB","service":"research-mgmt-api","timestamp":"2025-04-12 20:56:24.302"}
{"level":"info","message":"HTTP GET /api/notifications/unread/count - 200 (0ms)","service":"research-mgmt-api","timestamp":"2025-04-12 20:56:26.463"}
{"level":"info","message":"HTTP GET /api/notifications/unread/count - 200 (0ms)","service":"research-mgmt-api","timestamp":"2025-04-12 20:57:26.464"}
{"level":"info","message":"HTTP GET /api/notifications - 200 (0ms)","service":"research-mgmt-api","timestamp":"2025-04-12 20:57:26.470"}
{"level":"info","message":"HTTP GET /api/notifications/unread/count - 200 (0ms)","service":"research-mgmt-api","timestamp":"2025-04-12 20:58:26.466"}
{"level":"info","message":"HTTP GET /api/notifications/unread/count - 200 (0ms)","service":"research-mgmt-api","timestamp":"2025-04-12 20:59:26.464"}
{"level":"info","message":"HTTP GET /api/notifications/unread/count - 200 (0ms)","service":"research-mgmt-api","timestamp":"2025-04-12 21:00:26.464"}
{"external":"22 MB","heapTotal":"31 MB","heapUsed":"41 MB","level":"info","message":"Memory usage stats:","rss":"229 MB","service":"research-mgmt-api","timestamp":"2025-04-12 21:01:24.303"}
{"level":"info","message":"HTTP GET /api/notifications/unread/count - 200 (0ms)","service":"research-mgmt-api","timestamp":"2025-04-12 21:01:26.464"}
{"level":"info","message":"HTTP GET /api/notifications/unread/count - 200 (0ms)","service":"research-mgmt-api","timestamp":"2025-04-12 21:02:26.464"}
{"level":"info","message":"HTTP GET /api/notifications - 200 (0ms)","service":"research-mgmt-api","timestamp":"2025-04-12 21:02:26.469"}
{"level":"info","message":"HTTP GET /api/notifications/unread/count - 200 (0ms)","service":"research-mgmt-api","timestamp":"2025-04-12 21:03:26.464"}
{"level":"info","message":"HTTP GET /api/notifications/unread/count - 200 (0ms)","service":"research-mgmt-api","timestamp":"2025-04-12 21:04:26.464"}
{"level":"info","message":"HTTP GET /api/notifications/unread/count - 200 (0ms)","service":"research-mgmt-api","timestamp":"2025-04-12 21:05:26.466"}
{"external":"24 MB","heapTotal":"31 MB","heapUsed":"43 MB","level":"info","message":"Memory usage stats:","rss":"231 MB","service":"research-mgmt-api","timestamp":"2025-04-12 21:06:24.303"}
{"level":"info","message":"HTTP GET /api/notifications/unread/count - 200 (0ms)","service":"research-mgmt-api","timestamp":"2025-04-12 21:06:26.464"}
{"level":"info","message":"HTTP GET /api/notifications/unread/count - 200 (0ms)","service":"research-mgmt-api","timestamp":"2025-04-12 21:07:26.466"}
{"level":"info","message":"HTTP GET /api/notifications - 200 (0ms)","service":"research-mgmt-api","timestamp":"2025-04-12 21:07:26.471"}
{"level":"info","message":"HTTP GET /api/notifications/unread/count - 200 (0ms)","service":"research-mgmt-api","timestamp":"2025-04-12 21:08:26.465"}
{"level":"info","message":"HTTP GET /api/notifications/unread/count - 200 (0ms)","service":"research-mgmt-api","timestamp":"2025-04-12 21:09:26.465"}
{"level":"info","message":"HTTP GET /api/notifications/unread/count - 200 (0ms)","service":"research-mgmt-api","timestamp":"2025-04-12 21:10:26.464"}
{"external":"24 MB","heapTotal":"31 MB","heapUsed":"43 MB","level":"info","message":"Memory usage stats:","rss":"231 MB","service":"research-mgmt-api","timestamp":"2025-04-12 21:11:24.303"}
{"level":"info","message":"HTTP GET /api/notifications/unread/count - 200 (0ms)","service":"research-mgmt-api","timestamp":"2025-04-12 21:11:26.464"}
{"level":"info","message":"HTTP GET /api/notifications/unread/count - 200 (0ms)","service":"research-mgmt-api","timestamp":"2025-04-12 21:12:26.464"}
{"level":"info","message":"HTTP GET /api/notifications - 200 (0ms)","service":"research-mgmt-api","timestamp":"2025-04-12 21:12:26.469"}
{"level":"info","message":"HTTP GET /api/notifications/unread/count - 200 (0ms)","service":"research-mgmt-api","timestamp":"2025-04-12 21:13:26.464"}
{"level":"info","message":"HTTP GET /api/notifications/unread/count - 200 (0ms)","service":"research-mgmt-api","timestamp":"2025-04-12 21:14:26.464"}
{"level":"info","message":"HTTP GET /api/notifications/unread/count - 200 (0ms)","service":"research-mgmt-api","timestamp":"2025-04-12 21:15:26.465"}
{"external":"24 MB","heapTotal":"31 MB","heapUsed":"43 MB","level":"info","message":"Memory usage stats:","rss":"232 MB","service":"research-mgmt-api","timestamp":"2025-04-12 21:16:24.304"}
{"level":"info","message":"HTTP GET /api/notifications/unread/count - 200 (0ms)","service":"research-mgmt-api","timestamp":"2025-04-12 21:16:26.465"}
{"level":"info","message":"HTTP GET /api/notifications/unread/count - 200 (0ms)","service":"research-mgmt-api","timestamp":"2025-04-12 21:17:26.465"}
{"level":"info","message":"HTTP GET /api/notifications - 200 (0ms)","service":"research-mgmt-api","timestamp":"2025-04-12 21:17:26.473"}
{"level":"info","message":"HTTP GET /api/notifications/unread/count - 200 (0ms)","service":"research-mgmt-api","timestamp":"2025-04-12 21:18:26.464"}
{"level":"info","message":"HTTP GET /api/notifications/unread/count - 200 (0ms)","service":"research-mgmt-api","timestamp":"2025-04-12 21:19:26.464"}
{"level":"info","message":"HTTP GET /api/notifications/unread/count - 200 (0ms)","service":"research-mgmt-api","timestamp":"2025-04-12 21:20:26.463"}
{"external":"22 MB","heapTotal":"31 MB","heapUsed":"41 MB","level":"info","message":"Memory usage stats:","rss":"233 MB","service":"research-mgmt-api","timestamp":"2025-04-12 21:21:24.305"}
{"level":"info","message":"HTTP GET /api/notifications/unread/count - 200 (0ms)","service":"research-mgmt-api","timestamp":"2025-04-12 21:21:26.465"}
{"level":"info","message":"HTTP GET /api/notifications/unread/count - 200 (0ms)","service":"research-mgmt-api","timestamp":"2025-04-12 21:22:26.468"}
{"level":"info","message":"HTTP GET /api/notifications - 200 (0ms)","service":"research-mgmt-api","timestamp":"2025-04-12 21:22:26.473"}
{"level":"info","message":"HTTP GET /api/notifications/unread/count - 200 (0ms)","service":"research-mgmt-api","timestamp":"2025-04-12 21:23:26.465"}
{"level":"info","message":"HTTP GET /api/notifications/unread/count - 200 (0ms)","service":"research-mgmt-api","timestamp":"2025-04-12 21:24:26.464"}
{"level":"info","message":"HTTP GET /api/notifications/unread/count - 200 (0ms)","service":"research-mgmt-api","timestamp":"2025-04-12 21:25:26.464"}
{"external":"23 MB","heapTotal":"31 MB","heapUsed":"42 MB","level":"info","message":"Memory usage stats:","rss":"233 MB","service":"research-mgmt-api","timestamp":"2025-04-12 21:26:24.306"}
{"level":"info","message":"HTTP GET /api/notifications/unread/count - 200 (0ms)","service":"research-mgmt-api","timestamp":"2025-04-12 21:26:26.465"}
{"level":"info","message":"HTTP GET /api/notifications/unread/count - 200 (0ms)","service":"research-mgmt-api","timestamp":"2025-04-12 21:27:26.463"}
{"level":"info","message":"HTTP GET /api/notifications - 200 (0ms)","service":"research-mgmt-api","timestamp":"2025-04-12 21:27:26.468"}
{"level":"info","message":"HTTP GET /api/notifications/unread/count - 200 (0ms)","service":"research-mgmt-api","timestamp":"2025-04-12 21:28:26.464"}
{"level":"info","message":"HTTP GET /api/notifications/unread/count - 200 (0ms)","service":"research-mgmt-api","timestamp":"2025-04-12 21:29:26.464"}
{"level":"info","message":"HTTP GET /api/notifications/unread/count - 200 (0ms)","service":"research-mgmt-api","timestamp":"2025-04-12 21:30:26.466"}
{"external":"24 MB","heapTotal":"31 MB","heapUsed":"43 MB","level":"info","message":"Memory usage stats:","rss":"234 MB","service":"research-mgmt-api","timestamp":"2025-04-12 21:31:24.306"}
{"level":"info","message":"HTTP GET /api/notifications/unread/count - 200 (0ms)","service":"research-mgmt-api","timestamp":"2025-04-12 21:31:26.464"}
{"level":"info","message":"HTTP GET /api/notifications/unread/count - 200 (0ms)","service":"research-mgmt-api","timestamp":"2025-04-12 21:32:26.465"}
{"level":"info","message":"HTTP GET /api/notifications - 200 (0ms)","service":"research-mgmt-api","timestamp":"2025-04-12 21:32:26.470"}
{"level":"info","message":"HTTP GET /api/notifications/unread/count - 200 (0ms)","service":"research-mgmt-api","timestamp":"2025-04-12 21:33:26.466"}
{"level":"info","message":"HTTP GET /api/notifications/unread/count - 200 (0ms)","service":"research-mgmt-api","timestamp":"2025-04-12 21:34:26.464"}
{"level":"info","message":"HTTP GET /api/notifications/unread/count - 200 (0ms)","service":"research-mgmt-api","timestamp":"2025-04-12 21:35:26.464"}
{"external":"23 MB","heapTotal":"31 MB","heapUsed":"42 MB","level":"info","message":"Memory usage stats:","rss":"234 MB","service":"research-mgmt-api","timestamp":"2025-04-12 21:36:24.307"}
{"level":"info","message":"HTTP GET /api/notifications/unread/count - 200 (0ms)","service":"research-mgmt-api","timestamp":"2025-04-12 21:36:26.465"}
{"level":"info","message":"HTTP GET /api/notifications/unread/count - 200 (0ms)","service":"research-mgmt-api","timestamp":"2025-04-12 21:37:26.464"}
{"level":"info","message":"HTTP GET /api/notifications - 200 (0ms)","service":"research-mgmt-api","timestamp":"2025-04-12 21:37:26.475"}
{"level":"info","message":"HTTP GET /api/notifications/unread/count - 200 (0ms)","service":"research-mgmt-api","timestamp":"2025-04-12 21:38:26.464"}
{"level":"info","message":"HTTP GET /api/notifications/unread/count - 200 (0ms)","service":"research-mgmt-api","timestamp":"2025-04-12 21:39:26.465"}
{"level":"info","message":"HTTP GET /api/notifications/unread/count - 200 (0ms)","service":"research-mgmt-api","timestamp":"2025-04-12 21:40:26.464"}
{"external":"23 MB","heapTotal":"31 MB","heapUsed":"42 MB","level":"info","message":"Memory usage stats:","rss":"235 MB","service":"research-mgmt-api","timestamp":"2025-04-12 21:41:24.307"}
{"level":"info","message":"HTTP GET /api/notifications/unread/count - 200 (0ms)","service":"research-mgmt-api","timestamp":"2025-04-12 21:41:26.465"}
{"level":"info","message":"HTTP GET /api/notifications/unread/count - 200 (0ms)","service":"research-mgmt-api","timestamp":"2025-04-12 21:42:26.465"}
{"level":"info","message":"HTTP GET /api/notifications - 200 (0ms)","service":"research-mgmt-api","timestamp":"2025-04-12 21:42:26.470"}
{"level":"info","message":"HTTP GET /api/notifications/unread/count - 200 (0ms)","service":"research-mgmt-api","timestamp":"2025-04-12 21:43:26.464"}
{"level":"info","message":"HTTP GET /api/notifications/unread/count - 200 (0ms)","service":"research-mgmt-api","timestamp":"2025-04-12 21:44:26.463"}
{"level":"info","message":"HTTP GET /api/notifications/unread/count - 200 (0ms)","service":"research-mgmt-api","timestamp":"2025-04-12 21:45:26.465"}
{"external":"24 MB","heapTotal":"31 MB","heapUsed":"43 MB","level":"info","message":"Memory usage stats:","rss":"236 MB","service":"research-mgmt-api","timestamp":"2025-04-12 21:46:24.308"}
{"level":"info","message":"HTTP GET /api/notifications/unread/count - 200 (0ms)","service":"research-mgmt-api","timestamp":"2025-04-12 21:46:26.464"}
{"level":"info","message":"HTTP GET /api/notifications/unread/count - 200 (0ms)","service":"research-mgmt-api","timestamp":"2025-04-12 21:47:26.464"}
{"level":"info","message":"HTTP GET /api/notifications - 200 (0ms)","service":"research-mgmt-api","timestamp":"2025-04-12 21:47:26.472"}
{"level":"info","message":"HTTP GET /api/notifications/unread/count - 200 (0ms)","service":"research-mgmt-api","timestamp":"2025-04-12 21:48:26.464"}
{"level":"info","message":"HTTP GET /api/notifications/unread/count - 200 (0ms)","service":"research-mgmt-api","timestamp":"2025-04-12 21:49:26.463"}
{"level":"info","message":"HTTP GET /api/notifications/unread/count - 200 (0ms)","service":"research-mgmt-api","timestamp":"2025-04-12 21:50:26.464"}
{"external":"23 MB","heapTotal":"31 MB","heapUsed":"42 MB","level":"info","message":"Memory usage stats:","rss":"237 MB","service":"research-mgmt-api","timestamp":"2025-04-12 21:51:24.308"}
{"level":"info","message":"HTTP GET /api/notifications/unread/count - 200 (0ms)","service":"research-mgmt-api","timestamp":"2025-04-12 21:51:26.464"}
{"level":"info","message":"HTTP GET /api/notifications/unread/count - 200 (0ms)","service":"research-mgmt-api","timestamp":"2025-04-12 21:52:26.463"}
{"level":"info","message":"HTTP GET /api/notifications - 200 (0ms)","service":"research-mgmt-api","timestamp":"2025-04-12 21:52:26.469"}
{"level":"info","message":"HTTP GET /api/notifications/unread/count - 200 (0ms)","service":"research-mgmt-api","timestamp":"2025-04-12 21:53:26.464"}
{"level":"info","message":"HTTP GET /api/notifications/unread/count - 200 (0ms)","service":"research-mgmt-api","timestamp":"2025-04-12 21:54:26.466"}
{"level":"info","message":"HTTP GET /api/notifications/unread/count - 200 (0ms)","service":"research-mgmt-api","timestamp":"2025-04-12 21:55:26.464"}
{"external":"23 MB","heapTotal":"31 MB","heapUsed":"42 MB","level":"info","message":"Memory usage stats:","rss":"237 MB","service":"research-mgmt-api","timestamp":"2025-04-12 21:56:24.309"}
{"level":"info","message":"HTTP GET /api/notifications/unread/count - 200 (0ms)","service":"research-mgmt-api","timestamp":"2025-04-12 21:56:26.464"}
{"level":"info","message":"HTTP GET /api/notifications/unread/count - 200 (0ms)","service":"research-mgmt-api","timestamp":"2025-04-12 21:57:26.465"}
{"level":"info","message":"HTTP GET /api/notifications - 200 (0ms)","service":"research-mgmt-api","timestamp":"2025-04-12 21:57:26.472"}
{"level":"info","message":"HTTP GET /api/notifications/unread/count - 200 (0ms)","service":"research-mgmt-api","timestamp":"2025-04-12 21:58:26.471"}
{"level":"info","message":"HTTP GET /api/notifications/unread/count - 200 (0ms)","service":"research-mgmt-api","timestamp":"2025-04-12 21:59:26.464"}
{"level":"info","message":"HTTP GET /api/notifications/unread/count - 200 (0ms)","service":"research-mgmt-api","timestamp":"2025-04-12 22:00:26.465"}
{"external":"24 MB","heapTotal":"31 MB","heapUsed":"43 MB","level":"info","message":"Memory usage stats:","rss":"239 MB","service":"research-mgmt-api","timestamp":"2025-04-12 22:01:24.308"}
{"level":"info","message":"HTTP GET /api/notifications/unread/count - 200 (0ms)","service":"research-mgmt-api","timestamp":"2025-04-12 22:01:26.464"}
{"level":"info","message":"HTTP GET /api/notifications/unread/count - 200 (0ms)","service":"research-mgmt-api","timestamp":"2025-04-12 22:02:26.464"}
{"level":"info","message":"HTTP GET /api/notifications - 200 (0ms)","service":"research-mgmt-api","timestamp":"2025-04-12 22:02:26.469"}
{"level":"info","message":"HTTP GET /api/notifications/unread/count - 200 (0ms)","service":"research-mgmt-api","timestamp":"2025-04-12 22:03:26.463"}
{"level":"info","message":"HTTP GET /api/notifications/unread/count - 200 (0ms)","service":"research-mgmt-api","timestamp":"2025-04-12 22:04:26.465"}
{"level":"info","message":"HTTP GET /api/notifications/unread/count - 200 (0ms)","service":"research-mgmt-api","timestamp":"2025-04-12 22:05:26.465"}
{"external":"24 MB","heapTotal":"31 MB","heapUsed":"43 MB","level":"info","message":"Memory usage stats:","rss":"240 MB","service":"research-mgmt-api","timestamp":"2025-04-12 22:06:24.308"}
{"level":"info","message":"HTTP GET /api/notifications/unread/count - 200 (0ms)","service":"research-mgmt-api","timestamp":"2025-04-12 22:06:26.464"}
{"level":"info","message":"HTTP GET /api/notifications/unread/count - 200 (0ms)","service":"research-mgmt-api","timestamp":"2025-04-12 22:07:26.464"}
{"level":"info","message":"HTTP GET /api/notifications - 200 (0ms)","service":"research-mgmt-api","timestamp":"2025-04-12 22:07:26.469"}
{"level":"info","message":"HTTP GET /api/notifications/unread/count - 200 (0ms)","service":"research-mgmt-api","timestamp":"2025-04-12 22:08:26.466"}
{"level":"info","message":"HTTP GET /api/notifications/unread/count - 200 (0ms)","service":"research-mgmt-api","timestamp":"2025-04-12 22:09:26.463"}
{"level":"info","message":"HTTP GET /api/notifications/unread/count - 200 (0ms)","service":"research-mgmt-api","timestamp":"2025-04-12 22:10:26.464"}
{"external":"24 MB","heapTotal":"31 MB","heapUsed":"43 MB","level":"info","message":"Memory usage stats:","rss":"241 MB","service":"research-mgmt-api","timestamp":"2025-04-12 22:11:24.310"}
{"level":"info","message":"HTTP GET /api/notifications/unread/count - 200 (0ms)","service":"research-mgmt-api","timestamp":"2025-04-12 22:11:26.471"}
{"level":"info","message":"HTTP GET /api/notifications/unread/count - 200 (0ms)","service":"research-mgmt-api","timestamp":"2025-04-12 22:12:26.464"}
{"level":"info","message":"HTTP GET /api/notifications - 200 (0ms)","service":"research-mgmt-api","timestamp":"2025-04-12 22:12:26.470"}
{"level":"info","message":"HTTP GET /api/notifications/unread/count - 200 (0ms)","service":"research-mgmt-api","timestamp":"2025-04-12 22:13:26.464"}
{"level":"info","message":"HTTP GET /api/notifications/unread/count - 200 (0ms)","service":"research-mgmt-api","timestamp":"2025-04-12 22:14:26.471"}
{"level":"info","message":"HTTP GET /api/notifications/unread/count - 200 (0ms)","service":"research-mgmt-api","timestamp":"2025-04-12 22:15:26.465"}
{"external":"24 MB","heapTotal":"31 MB","heapUsed":"43 MB","level":"info","message":"Memory usage stats:","rss":"241 MB","service":"research-mgmt-api","timestamp":"2025-04-12 22:16:24.310"}
{"level":"info","message":"HTTP GET /api/notifications/unread/count - 200 (0ms)","service":"research-mgmt-api","timestamp":"2025-04-12 22:16:26.464"}
{"level":"info","message":"HTTP GET /api/notifications/unread/count - 200 (0ms)","service":"research-mgmt-api","timestamp":"2025-04-12 22:17:26.465"}
{"level":"info","message":"HTTP GET /api/notifications - 200 (0ms)","service":"research-mgmt-api","timestamp":"2025-04-12 22:17:26.472"}
{"level":"info","message":"HTTP GET /api/notifications/unread/count - 200 (0ms)","service":"research-mgmt-api","timestamp":"2025-04-12 22:18:26.464"}
{"level":"info","message":"HTTP GET /api/notifications/unread/count - 200 (0ms)","service":"research-mgmt-api","timestamp":"2025-04-12 22:19:26.464"}
{"level":"info","message":"HTTP GET /api/notifications/unread/count - 200 (0ms)","service":"research-mgmt-api","timestamp":"2025-04-12 22:20:26.464"}
{"external":"23 MB","heapTotal":"31 MB","heapUsed":"42 MB","level":"info","message":"Memory usage stats:","rss":"241 MB","service":"research-mgmt-api","timestamp":"2025-04-12 22:21:24.312"}
{"level":"info","message":"HTTP GET /api/notifications/unread/count - 200 (0ms)","service":"research-mgmt-api","timestamp":"2025-04-12 22:21:26.464"}
{"level":"info","message":"HTTP GET /api/notifications/unread/count - 200 (0ms)","service":"research-mgmt-api","timestamp":"2025-04-12 22:22:26.465"}
{"level":"info","message":"HTTP GET /api/notifications - 200 (0ms)","service":"research-mgmt-api","timestamp":"2025-04-12 22:22:26.470"}
{"level":"info","message":"HTTP GET /api/notifications/unread/count - 200 (0ms)","service":"research-mgmt-api","timestamp":"2025-04-12 22:23:26.466"}
{"level":"info","message":"HTTP GET /api/notifications/unread/count - 200 (0ms)","service":"research-mgmt-api","timestamp":"2025-04-12 22:24:26.464"}
{"level":"info","message":"HTTP GET /api/notifications/unread/count - 200 (0ms)","service":"research-mgmt-api","timestamp":"2025-04-12 22:25:26.465"}
{"external":"23 MB","heapTotal":"31 MB","heapUsed":"42 MB","level":"info","message":"Memory usage stats:","rss":"242 MB","service":"research-mgmt-api","timestamp":"2025-04-12 22:26:24.313"}
{"level":"info","message":"HTTP GET /api/notifications/unread/count - 200 (0ms)","service":"research-mgmt-api","timestamp":"2025-04-12 22:26:26.464"}
{"level":"info","message":"HTTP GET /api/notifications/unread/count - 200 (0ms)","service":"research-mgmt-api","timestamp":"2025-04-12 22:27:26.465"}
{"level":"info","message":"HTTP GET /api/notifications - 200 (0ms)","service":"research-mgmt-api","timestamp":"2025-04-12 22:27:26.471"}
{"level":"info","message":"HTTP GET /api/notifications/unread/count - 200 (0ms)","service":"research-mgmt-api","timestamp":"2025-04-12 22:28:26.465"}
{"level":"info","message":"HTTP GET /api/notifications/unread/count - 200 (0ms)","service":"research-mgmt-api","timestamp":"2025-04-12 22:29:26.465"}
{"level":"info","message":"HTTP GET /api/notifications/unread/count - 200 (0ms)","service":"research-mgmt-api","timestamp":"2025-04-12 22:30:26.466"}
{"external":"24 MB","heapTotal":"31 MB","heapUsed":"43 MB","level":"info","message":"Memory usage stats:","rss":"244 MB","service":"research-mgmt-api","timestamp":"2025-04-12 22:31:24.313"}
{"level":"info","message":"HTTP GET /api/notifications/unread/count - 200 (0ms)","service":"research-mgmt-api","timestamp":"2025-04-12 22:31:26.465"}
{"level":"info","message":"HTTP GET /api/notifications/unread/count - 200 (0ms)","service":"research-mgmt-api","timestamp":"2025-04-12 22:32:26.465"}
{"level":"info","message":"HTTP GET /api/notifications - 200 (0ms)","service":"research-mgmt-api","timestamp":"2025-04-12 22:32:26.469"}
{"level":"info","message":"HTTP GET /api/notifications/unread/count - 200 (0ms)","service":"research-mgmt-api","timestamp":"2025-04-12 22:33:26.464"}
{"level":"info","message":"HTTP GET /api/notifications/unread/count - 200 (0ms)","service":"research-mgmt-api","timestamp":"2025-04-12 22:34:26.466"}
{"level":"info","message":"HTTP GET /api/notifications/unread/count - 200 (0ms)","service":"research-mgmt-api","timestamp":"2025-04-12 22:35:26.466"}
{"external":"24 MB","heapTotal":"31 MB","heapUsed":"43 MB","level":"info","message":"Memory usage stats:","rss":"244 MB","service":"research-mgmt-api","timestamp":"2025-04-12 22:36:24.313"}
{"level":"info","message":"HTTP GET /api/notifications/unread/count - 200 (0ms)","service":"research-mgmt-api","timestamp":"2025-04-12 22:36:26.464"}
{"level":"info","message":"HTTP GET /api/notifications/unread/count - 200 (0ms)","service":"research-mgmt-api","timestamp":"2025-04-12 22:37:26.466"}
{"level":"info","message":"HTTP GET /api/notifications - 200 (0ms)","service":"research-mgmt-api","timestamp":"2025-04-12 22:37:26.469"}
{"level":"info","message":"HTTP GET /api/notifications/unread/count - 200 (0ms)","service":"research-mgmt-api","timestamp":"2025-04-12 22:38:26.465"}
{"level":"info","message":"HTTP GET /api/notifications/unread/count - 200 (0ms)","service":"research-mgmt-api","timestamp":"2025-04-12 22:39:26.465"}
{"level":"info","message":"HTTP GET /api/notifications/unread/count - 200 (0ms)","service":"research-mgmt-api","timestamp":"2025-04-12 22:40:26.464"}
{"external":"23 MB","heapTotal":"31 MB","heapUsed":"42 MB","level":"info","message":"Memory usage stats:","rss":"245 MB","service":"research-mgmt-api","timestamp":"2025-04-12 22:41:24.314"}
{"level":"info","message":"HTTP GET /api/notifications/unread/count - 200 (0ms)","service":"research-mgmt-api","timestamp":"2025-04-12 22:41:26.466"}
{"level":"info","message":"HTTP GET /api/notifications/unread/count - 200 (0ms)","service":"research-mgmt-api","timestamp":"2025-04-12 22:42:26.464"}
{"level":"info","message":"HTTP GET /api/notifications - 200 (0ms)","service":"research-mgmt-api","timestamp":"2025-04-12 22:42:26.468"}
{"level":"info","message":"HTTP GET /api/notifications/unread/count - 200 (0ms)","service":"research-mgmt-api","timestamp":"2025-04-12 22:43:26.464"}
{"level":"info","message":"HTTP GET /api/notifications/unread/count - 200 (0ms)","service":"research-mgmt-api","timestamp":"2025-04-12 22:44:26.467"}
{"level":"info","message":"HTTP GET /api/notifications/unread/count - 200 (0ms)","service":"research-mgmt-api","timestamp":"2025-04-12 22:45:26.464"}
{"external":"23 MB","heapTotal":"31 MB","heapUsed":"42 MB","level":"info","message":"Memory usage stats:","rss":"245 MB","service":"research-mgmt-api","timestamp":"2025-04-12 22:46:24.315"}
{"level":"info","message":"HTTP GET /api/notifications/unread/count - 200 (0ms)","service":"research-mgmt-api","timestamp":"2025-04-12 22:46:26.465"}
{"level":"info","message":"HTTP GET /api/notifications/unread/count - 200 (0ms)","service":"research-mgmt-api","timestamp":"2025-04-12 22:47:26.465"}
{"level":"info","message":"HTTP GET /api/notifications - 200 (0ms)","service":"research-mgmt-api","timestamp":"2025-04-12 22:47:26.468"}
{"level":"info","message":"HTTP GET /api/notifications/unread/count - 200 (0ms)","service":"research-mgmt-api","timestamp":"2025-04-12 22:48:26.465"}
{"level":"info","message":"HTTP GET /api/notifications/unread/count - 200 (0ms)","service":"research-mgmt-api","timestamp":"2025-04-12 22:49:26.465"}
{"level":"info","message":"HTTP GET /api/notifications/unread/count - 200 (0ms)","service":"research-mgmt-api","timestamp":"2025-04-12 22:50:26.464"}
{"external":"23 MB","heapTotal":"31 MB","heapUsed":"42 MB","level":"info","message":"Memory usage stats:","rss":"246 MB","service":"research-mgmt-api","timestamp":"2025-04-12 22:51:24.315"}
{"level":"info","message":"HTTP GET /api/notifications/unread/count - 200 (0ms)","service":"research-mgmt-api","timestamp":"2025-04-12 22:51:26.464"}
{"level":"info","message":"HTTP GET /api/notifications/unread/count - 200 (0ms)","service":"research-mgmt-api","timestamp":"2025-04-12 22:52:26.464"}
{"level":"info","message":"HTTP GET /api/notifications - 200 (0ms)","service":"research-mgmt-api","timestamp":"2025-04-12 22:52:26.467"}
{"level":"info","message":"HTTP GET /api/notifications/unread/count - 200 (0ms)","service":"research-mgmt-api","timestamp":"2025-04-12 22:53:26.466"}
{"level":"info","message":"HTTP GET /api/notifications/unread/count - 200 (0ms)","service":"research-mgmt-api","timestamp":"2025-04-12 22:54:26.465"}
{"level":"info","message":"HTTP GET /api/notifications/unread/count - 200 (0ms)","service":"research-mgmt-api","timestamp":"2025-04-12 22:55:26.466"}
{"external":"24 MB","heapTotal":"31 MB","heapUsed":"44 MB","level":"info","message":"Memory usage stats:","rss":"248 MB","service":"research-mgmt-api","timestamp":"2025-04-12 22:56:24.315"}
{"level":"info","message":"HTTP GET /api/notifications/unread/count - 200 (0ms)","service":"research-mgmt-api","timestamp":"2025-04-12 22:56:26.465"}
{"level":"info","message":"HTTP GET /api/notifications/unread/count - 200 (0ms)","service":"research-mgmt-api","timestamp":"2025-04-12 22:57:26.466"}
{"level":"info","message":"HTTP GET /api/notifications - 200 (0ms)","service":"research-mgmt-api","timestamp":"2025-04-12 22:57:26.469"}
{"level":"info","message":"HTTP GET /api/notifications/unread/count - 200 (0ms)","service":"research-mgmt-api","timestamp":"2025-04-12 22:58:26.465"}
{"level":"info","message":"HTTP GET /api/notifications/unread/count - 200 (0ms)","service":"research-mgmt-api","timestamp":"2025-04-12 22:59:26.464"}
{"level":"info","message":"HTTP GET /api/notifications/unread/count - 200 (0ms)","service":"research-mgmt-api","timestamp":"2025-04-12 23:00:26.464"}
{"external":"24 MB","heapTotal":"31 MB","heapUsed":"44 MB","level":"info","message":"Memory usage stats:","rss":"248 MB","service":"research-mgmt-api","timestamp":"2025-04-12 23:01:24.315"}
{"level":"info","message":"HTTP GET /api/notifications/unread/count - 200 (0ms)","service":"research-mgmt-api","timestamp":"2025-04-12 23:01:26.464"}
{"level":"info","message":"HTTP GET /api/notifications/unread/count - 200 (0ms)","service":"research-mgmt-api","timestamp":"2025-04-12 23:02:26.466"}
{"level":"info","message":"HTTP GET /api/notifications - 200 (0ms)","service":"research-mgmt-api","timestamp":"2025-04-12 23:02:26.470"}
{"level":"info","message":"HTTP GET /api/notifications/unread/count - 200 (0ms)","service":"research-mgmt-api","timestamp":"2025-04-12 23:03:26.465"}
{"level":"info","message":"HTTP GET /api/notifications/unread/count - 200 (0ms)","service":"research-mgmt-api","timestamp":"2025-04-12 23:04:26.465"}
{"level":"info","message":"HTTP GET /api/notifications/unread/count - 200 (0ms)","service":"research-mgmt-api","timestamp":"2025-04-12 23:05:26.465"}
{"external":"24 MB","heapTotal":"31 MB","heapUsed":"43 MB","level":"info","message":"Memory usage stats:","rss":"249 MB","service":"research-mgmt-api","timestamp":"2025-04-12 23:06:24.317"}
{"level":"info","message":"HTTP GET /api/notifications/unread/count - 200 (0ms)","service":"research-mgmt-api","timestamp":"2025-04-12 23:06:26.465"}
{"level":"info","message":"HTTP GET /api/notifications/unread/count - 200 (0ms)","service":"research-mgmt-api","timestamp":"2025-04-12 23:07:26.465"}
{"level":"info","message":"HTTP GET /api/notifications - 200 (0ms)","service":"research-mgmt-api","timestamp":"2025-04-12 23:07:26.467"}
{"level":"info","message":"HTTP GET /api/notifications/unread/count - 200 (0ms)","service":"research-mgmt-api","timestamp":"2025-04-12 23:08:26.464"}
{"level":"info","message":"HTTP GET /api/notifications/unread/count - 200 (0ms)","service":"research-mgmt-api","timestamp":"2025-04-12 23:09:26.466"}
{"level":"info","message":"HTTP GET /api/notifications/unread/count - 200 (0ms)","service":"research-mgmt-api","timestamp":"2025-04-12 23:10:26.465"}
{"external":"23 MB","heapTotal":"31 MB","heapUsed":"42 MB","level":"info","message":"Memory usage stats:","rss":"249 MB","service":"research-mgmt-api","timestamp":"2025-04-12 23:11:24.316"}
{"level":"info","message":"HTTP GET /api/notifications/unread/count - 200 (0ms)","service":"research-mgmt-api","timestamp":"2025-04-12 23:11:26.465"}
{"level":"info","message":"HTTP GET /api/notifications/unread/count - 200 (0ms)","service":"research-mgmt-api","timestamp":"2025-04-12 23:12:26.466"}
{"level":"info","message":"HTTP GET /api/notifications - 200 (0ms)","service":"research-mgmt-api","timestamp":"2025-04-12 23:12:26.469"}
{"level":"info","message":"HTTP GET /api/notifications/unread/count - 200 (0ms)","service":"research-mgmt-api","timestamp":"2025-04-12 23:13:26.465"}
{"level":"info","message":"HTTP GET /api/notifications/unread/count - 200 (0ms)","service":"research-mgmt-api","timestamp":"2025-04-12 23:14:26.464"}
{"level":"info","message":"HTTP GET /api/notifications/unread/count - 200 (0ms)","service":"research-mgmt-api","timestamp":"2025-04-12 23:15:26.465"}
{"external":"22 MB","heapTotal":"31 MB","heapUsed":"41 MB","level":"info","message":"Memory usage stats:","rss":"249 MB","service":"research-mgmt-api","timestamp":"2025-04-12 23:16:24.318"}
{"level":"info","message":"HTTP GET /api/notifications/unread/count - 200 (0ms)","service":"research-mgmt-api","timestamp":"2025-04-12 23:16:26.465"}
{"level":"info","message":"HTTP GET /api/notifications/unread/count - 200 (0ms)","service":"research-mgmt-api","timestamp":"2025-04-12 23:17:26.465"}
{"level":"info","message":"HTTP GET /api/notifications - 200 (0ms)","service":"research-mgmt-api","timestamp":"2025-04-12 23:17:26.469"}
{"level":"info","message":"HTTP GET /api/notifications/unread/count - 200 (0ms)","service":"research-mgmt-api","timestamp":"2025-04-12 23:18:26.465"}
{"level":"info","message":"HTTP GET /api/notifications/unread/count - 200 (0ms)","service":"research-mgmt-api","timestamp":"2025-04-12 23:19:26.464"}
{"level":"info","message":"HTTP GET /api/notifications/unread/count - 200 (0ms)","service":"research-mgmt-api","timestamp":"2025-04-12 23:20:26.468"}
{"external":"24 MB","heapTotal":"31 MB","heapUsed":"43 MB","level":"info","message":"Memory usage stats:","rss":"251 MB","service":"research-mgmt-api","timestamp":"2025-04-12 23:21:24.317"}
{"level":"info","message":"HTTP GET /api/notifications/unread/count - 200 (0ms)","service":"research-mgmt-api","timestamp":"2025-04-12 23:21:26.464"}
{"level":"info","message":"HTTP GET /api/notifications/unread/count - 200 (0ms)","service":"research-mgmt-api","timestamp":"2025-04-12 23:22:26.465"}
{"level":"info","message":"HTTP GET /api/notifications - 200 (0ms)","service":"research-mgmt-api","timestamp":"2025-04-12 23:22:26.469"}
{"level":"info","message":"HTTP GET /api/notifications/unread/count - 200 (0ms)","service":"research-mgmt-api","timestamp":"2025-04-12 23:23:26.464"}
{"level":"info","message":"HTTP GET /api/notifications/unread/count - 200 (0ms)","service":"research-mgmt-api","timestamp":"2025-04-12 23:24:26.465"}
{"level":"info","message":"HTTP GET /api/notifications/unread/count - 200 (0ms)","service":"research-mgmt-api","timestamp":"2025-04-12 23:25:26.463"}
{"external":"23 MB","heapTotal":"31 MB","heapUsed":"42 MB","level":"info","message":"Memory usage stats:","rss":"251 MB","service":"research-mgmt-api","timestamp":"2025-04-12 23:26:24.318"}
{"level":"info","message":"HTTP GET /api/notifications/unread/count - 200 (0ms)","service":"research-mgmt-api","timestamp":"2025-04-12 23:26:26.466"}
{"level":"info","message":"HTTP GET /api/notifications/unread/count - 200 (0ms)","service":"research-mgmt-api","timestamp":"2025-04-12 23:27:26.464"}
{"level":"info","message":"HTTP GET /api/notifications - 200 (0ms)","service":"research-mgmt-api","timestamp":"2025-04-12 23:27:26.469"}
{"level":"info","message":"HTTP GET /api/notifications/unread/count - 200 (0ms)","service":"research-mgmt-api","timestamp":"2025-04-12 23:28:26.466"}
{"level":"info","message":"HTTP GET /api/notifications/unread/count - 200 (0ms)","service":"research-mgmt-api","timestamp":"2025-04-12 23:29:26.464"}
{"level":"info","message":"HTTP GET /api/notifications/unread/count - 200 (0ms)","service":"research-mgmt-api","timestamp":"2025-04-12 23:30:26.465"}
{"external":"23 MB","heapTotal":"31 MB","heapUsed":"42 MB","level":"info","message":"Memory usage stats:","rss":"251 MB","service":"research-mgmt-api","timestamp":"2025-04-12 23:31:24.317"}
{"level":"info","message":"HTTP GET /api/notifications/unread/count - 200 (0ms)","service":"research-mgmt-api","timestamp":"2025-04-12 23:31:26.465"}
{"level":"info","message":"HTTP GET /api/notifications/unread/count - 200 (0ms)","service":"research-mgmt-api","timestamp":"2025-04-12 23:32:26.464"}
{"level":"info","message":"HTTP GET /api/notifications - 200 (0ms)","service":"research-mgmt-api","timestamp":"2025-04-12 23:32:26.470"}
{"level":"info","message":"HTTP GET /api/notifications/unread/count - 200 (0ms)","service":"research-mgmt-api","timestamp":"2025-04-12 23:33:26.466"}
{"level":"info","message":"HTTP GET /api/notifications/unread/count - 200 (0ms)","service":"research-mgmt-api","timestamp":"2025-04-12 23:34:26.465"}
{"level":"info","message":"HTTP GET /api/notifications/unread/count - 200 (0ms)","service":"research-mgmt-api","timestamp":"2025-04-12 23:35:26.464"}
{"external":"24 MB","heapTotal":"31 MB","heapUsed":"44 MB","level":"info","message":"Memory usage stats:","rss":"253 MB","service":"research-mgmt-api","timestamp":"2025-04-12 23:36:24.318"}
{"level":"info","message":"HTTP GET /api/notifications/unread/count - 200 (0ms)","service":"research-mgmt-api","timestamp":"2025-04-12 23:36:26.464"}
{"level":"info","message":"HTTP GET /api/notifications/unread/count - 200 (0ms)","service":"research-mgmt-api","timestamp":"2025-04-12 23:37:26.464"}
{"level":"info","message":"HTTP GET /api/notifications - 200 (0ms)","service":"research-mgmt-api","timestamp":"2025-04-12 23:37:26.470"}
{"level":"info","message":"HTTP GET /api/notifications/unread/count - 200 (0ms)","service":"research-mgmt-api","timestamp":"2025-04-12 23:38:26.465"}
{"level":"info","message":"HTTP GET /api/notifications/unread/count - 200 (0ms)","service":"research-mgmt-api","timestamp":"2025-04-12 23:39:26.464"}
{"level":"info","message":"HTTP GET /api/notifications/unread/count - 200 (0ms)","service":"research-mgmt-api","timestamp":"2025-04-12 23:40:26.465"}
{"external":"24 MB","heapTotal":"31 MB","heapUsed":"44 MB","level":"info","message":"Memory usage stats:","rss":"253 MB","service":"research-mgmt-api","timestamp":"2025-04-12 23:41:24.319"}
{"level":"info","message":"HTTP GET /api/notifications/unread/count - 200 (0ms)","service":"research-mgmt-api","timestamp":"2025-04-12 23:41:26.463"}
{"level":"info","message":"HTTP GET /api/notifications/unread/count - 200 (0ms)","service":"research-mgmt-api","timestamp":"2025-04-12 23:42:26.466"}
{"level":"info","message":"HTTP GET /api/notifications - 200 (0ms)","service":"research-mgmt-api","timestamp":"2025-04-12 23:42:26.473"}
{"level":"info","message":"HTTP GET /api/notifications/unread/count - 200 (0ms)","service":"research-mgmt-api","timestamp":"2025-04-12 23:43:26.464"}
{"level":"info","message":"HTTP GET /api/notifications/unread/count - 200 (0ms)","service":"research-mgmt-api","timestamp":"2025-04-12 23:44:26.463"}
{"level":"info","message":"HTTP GET /api/notifications/unread/count - 200 (0ms)","service":"research-mgmt-api","timestamp":"2025-04-12 23:45:26.464"}
{"external":"23 MB","heapTotal":"31 MB","heapUsed":"42 MB","level":"info","message":"Memory usage stats:","rss":"253 MB","service":"research-mgmt-api","timestamp":"2025-04-12 23:46:24.319"}
{"level":"info","message":"HTTP GET /api/notifications/unread/count - 200 (0ms)","service":"research-mgmt-api","timestamp":"2025-04-12 23:46:26.464"}
{"level":"info","message":"HTTP GET /api/notifications/unread/count - 200 (0ms)","service":"research-mgmt-api","timestamp":"2025-04-12 23:47:26.463"}
{"level":"info","message":"HTTP GET /api/notifications - 200 (0ms)","service":"research-mgmt-api","timestamp":"2025-04-12 23:47:26.469"}
{"level":"info","message":"HTTP GET /api/notifications/unread/count - 200 (0ms)","service":"research-mgmt-api","timestamp":"2025-04-12 23:48:26.464"}
{"level":"info","message":"HTTP GET /api/notifications/unread/count - 200 (0ms)","service":"research-mgmt-api","timestamp":"2025-04-12 23:49:26.468"}
{"level":"info","message":"HTTP GET /api/notifications/unread/count - 200 (0ms)","service":"research-mgmt-api","timestamp":"2025-04-12 23:50:26.466"}
{"external":"24 MB","heapTotal":"31 MB","heapUsed":"43 MB","level":"info","message":"Memory usage stats:","rss":"254 MB","service":"research-mgmt-api","timestamp":"2025-04-12 23:51:24.319"}
{"level":"info","message":"HTTP GET /api/notifications/unread/count - 200 (0ms)","service":"research-mgmt-api","timestamp":"2025-04-12 23:51:26.464"}
{"level":"info","message":"HTTP GET /api/notifications/unread/count - 200 (0ms)","service":"research-mgmt-api","timestamp":"2025-04-12 23:52:26.466"}
{"level":"info","message":"HTTP GET /api/notifications - 200 (0ms)","service":"research-mgmt-api","timestamp":"2025-04-12 23:52:26.473"}
{"level":"info","message":"HTTP GET /api/notifications/unread/count - 200 (0ms)","service":"research-mgmt-api","timestamp":"2025-04-12 23:53:26.464"}
{"level":"info","message":"HTTP GET /api/notifications/unread/count - 200 (0ms)","service":"research-mgmt-api","timestamp":"2025-04-12 23:54:26.463"}
{"level":"info","message":"HTTP GET /api/notifications/unread/count - 200 (0ms)","service":"research-mgmt-api","timestamp":"2025-04-12 23:55:26.464"}
{"external":"24 MB","heapTotal":"31 MB","heapUsed":"43 MB","level":"info","message":"Memory usage stats:","rss":"255 MB","service":"research-mgmt-api","timestamp":"2025-04-12 23:56:24.320"}
{"level":"info","message":"HTTP GET /api/notifications/unread/count - 200 (0ms)","service":"research-mgmt-api","timestamp":"2025-04-12 23:56:26.464"}
{"level":"info","message":"HTTP GET /api/notifications/unread/count - 200 (0ms)","service":"research-mgmt-api","timestamp":"2025-04-12 23:57:26.465"}
{"level":"info","message":"HTTP GET /api/notifications - 200 (0ms)","service":"research-mgmt-api","timestamp":"2025-04-12 23:57:26.471"}
{"level":"info","message":"HTTP GET /api/notifications/unread/count - 200 (0ms)","service":"research-mgmt-api","timestamp":"2025-04-12 23:58:26.466"}
{"level":"info","message":"HTTP GET /api/notifications/unread/count - 200 (0ms)","service":"research-mgmt-api","timestamp":"2025-04-12 23:59:26.465"}
