{"level":"info","message":"HTTP GET /api/notifications/unread/count - 200 (0ms)","service":"research-mgmt-api","timestamp":"2025-04-20 00:00:35.982"}
{"level":"info","message":"HTTP GET /api/notifications/unread/count - 200 (0ms)","service":"research-mgmt-api","timestamp":"2025-04-20 00:00:35.984"}
{"level":"info","message":"HTTP GET /api/notifications/unread/count - 200 (0ms)","service":"research-mgmt-api","timestamp":"2025-04-20 00:01:35.980"}
{"level":"info","message":"HTTP GET /api/notifications/unread/count - 200 (0ms)","service":"research-mgmt-api","timestamp":"2025-04-20 00:01:35.981"}
{"level":"info","message":"HTTP GET /api/notifications/unread/count - 200 (0ms)","service":"research-mgmt-api","timestamp":"2025-04-20 00:02:35.983"}
{"level":"info","message":"HTTP GET /api/notifications/unread/count - 200 (0ms)","service":"research-mgmt-api","timestamp":"2025-04-20 00:02:35.985"}
{"level":"info","message":"HTTP GET /api/notifications/unread/count - 200 (0ms)","service":"research-mgmt-api","timestamp":"2025-04-20 00:03:35.981"}
{"level":"info","message":"HTTP GET /api/notifications/unread/count - 200 (0ms)","service":"research-mgmt-api","timestamp":"2025-04-20 00:03:35.982"}
{"level":"info","message":"HTTP GET /api/notifications - 200 (0ms)","service":"research-mgmt-api","timestamp":"2025-04-20 00:03:35.984"}
{"level":"info","message":"HTTP GET /api/notifications - 200 (0ms)","service":"research-mgmt-api","timestamp":"2025-04-20 00:03:35.985"}
{"external":"24 MB","heapTotal":"31 MB","heapUsed":"44 MB","level":"info","message":"Memory usage stats:","rss":"235 MB","service":"research-mgmt-api","timestamp":"2025-04-20 00:03:37.643"}
{"level":"info","message":"HTTP GET /api/notifications/unread/count - 200 (0ms)","service":"research-mgmt-api","timestamp":"2025-04-20 00:04:35.981"}
{"level":"info","message":"HTTP GET /api/notifications/unread/count - 200 (0ms)","service":"research-mgmt-api","timestamp":"2025-04-20 00:04:35.982"}
{"level":"info","message":"HTTP GET /api/notifications/unread/count - 200 (0ms)","service":"research-mgmt-api","timestamp":"2025-04-20 00:05:35.981"}
{"level":"info","message":"HTTP GET /api/notifications/unread/count - 200 (0ms)","service":"research-mgmt-api","timestamp":"2025-04-20 00:05:35.982"}
{"level":"info","message":"HTTP GET /api/notifications/unread/count - 200 (0ms)","service":"research-mgmt-api","timestamp":"2025-04-20 00:06:35.980"}
{"level":"info","message":"HTTP GET /api/notifications/unread/count - 200 (0ms)","service":"research-mgmt-api","timestamp":"2025-04-20 00:06:35.981"}
{"level":"info","message":"HTTP GET /api/notifications/unread/count - 200 (0ms)","service":"research-mgmt-api","timestamp":"2025-04-20 00:07:35.981"}
{"level":"info","message":"HTTP GET /api/notifications/unread/count - 200 (0ms)","service":"research-mgmt-api","timestamp":"2025-04-20 00:07:35.982"}
{"level":"info","message":"HTTP GET /api/notifications/unread/count - 200 (0ms)","service":"research-mgmt-api","timestamp":"2025-04-20 00:08:35.981"}
{"level":"info","message":"HTTP GET /api/notifications/unread/count - 200 (0ms)","service":"research-mgmt-api","timestamp":"2025-04-20 00:08:35.983"}
{"level":"info","message":"HTTP GET /api/notifications - 200 (0ms)","service":"research-mgmt-api","timestamp":"2025-04-20 00:08:35.984"}
{"level":"info","message":"HTTP GET /api/notifications - 200 (0ms)","service":"research-mgmt-api","timestamp":"2025-04-20 00:08:35.986"}
{"external":"24 MB","heapTotal":"31 MB","heapUsed":"43 MB","level":"info","message":"Memory usage stats:","rss":"235 MB","service":"research-mgmt-api","timestamp":"2025-04-20 00:08:37.643"}
{"level":"info","message":"HTTP GET /api/notifications/unread/count - 200 (0ms)","service":"research-mgmt-api","timestamp":"2025-04-20 00:09:35.980"}
{"level":"info","message":"HTTP GET /api/notifications/unread/count - 200 (0ms)","service":"research-mgmt-api","timestamp":"2025-04-20 00:09:35.981"}
{"level":"info","message":"HTTP GET /api/notifications/unread/count - 200 (0ms)","service":"research-mgmt-api","timestamp":"2025-04-20 00:10:35.980"}
{"level":"info","message":"HTTP GET /api/notifications/unread/count - 200 (0ms)","service":"research-mgmt-api","timestamp":"2025-04-20 00:10:35.982"}
{"level":"info","message":"HTTP GET /api/notifications/unread/count - 200 (0ms)","service":"research-mgmt-api","timestamp":"2025-04-20 00:11:35.980"}
{"level":"info","message":"HTTP GET /api/notifications/unread/count - 200 (0ms)","service":"research-mgmt-api","timestamp":"2025-04-20 00:11:35.981"}
{"level":"info","message":"HTTP GET /api/notifications/unread/count - 200 (0ms)","service":"research-mgmt-api","timestamp":"2025-04-20 00:12:35.982"}
{"level":"info","message":"HTTP GET /api/notifications/unread/count - 200 (0ms)","service":"research-mgmt-api","timestamp":"2025-04-20 00:12:35.983"}
{"level":"info","message":"HTTP GET /api/notifications/unread/count - 200 (0ms)","service":"research-mgmt-api","timestamp":"2025-04-20 00:13:35.980"}
{"level":"info","message":"HTTP GET /api/notifications/unread/count - 200 (0ms)","service":"research-mgmt-api","timestamp":"2025-04-20 00:13:35.981"}
{"level":"info","message":"HTTP GET /api/notifications - 200 (0ms)","service":"research-mgmt-api","timestamp":"2025-04-20 00:13:35.984"}
{"level":"info","message":"HTTP GET /api/notifications - 200 (0ms)","service":"research-mgmt-api","timestamp":"2025-04-20 00:13:35.985"}
{"external":"24 MB","heapTotal":"31 MB","heapUsed":"43 MB","level":"info","message":"Memory usage stats:","rss":"236 MB","service":"research-mgmt-api","timestamp":"2025-04-20 00:13:37.643"}
{"level":"info","message":"HTTP GET /api/notifications/unread/count - 200 (0ms)","service":"research-mgmt-api","timestamp":"2025-04-20 00:14:35.980"}
{"level":"info","message":"HTTP GET /api/notifications/unread/count - 200 (0ms)","service":"research-mgmt-api","timestamp":"2025-04-20 00:14:35.988"}
{"level":"info","message":"HTTP GET /api/notifications/unread/count - 200 (0ms)","service":"research-mgmt-api","timestamp":"2025-04-20 00:15:35.981"}
{"level":"info","message":"HTTP GET /api/notifications/unread/count - 200 (0ms)","service":"research-mgmt-api","timestamp":"2025-04-20 00:15:35.982"}
{"level":"info","message":"HTTP GET /api/notifications/unread/count - 200 (0ms)","service":"research-mgmt-api","timestamp":"2025-04-20 00:16:35.981"}
{"level":"info","message":"HTTP GET /api/notifications/unread/count - 200 (0ms)","service":"research-mgmt-api","timestamp":"2025-04-20 00:16:35.983"}
{"level":"info","message":"HTTP GET /api/notifications/unread/count - 200 (0ms)","service":"research-mgmt-api","timestamp":"2025-04-20 00:17:35.980"}
{"level":"info","message":"HTTP GET /api/notifications/unread/count - 200 (0ms)","service":"research-mgmt-api","timestamp":"2025-04-20 00:17:35.981"}
{"level":"info","message":"HTTP GET /api/notifications/unread/count - 200 (0ms)","service":"research-mgmt-api","timestamp":"2025-04-20 00:18:35.981"}
{"level":"info","message":"HTTP GET /api/notifications/unread/count - 200 (0ms)","service":"research-mgmt-api","timestamp":"2025-04-20 00:18:35.988"}
{"level":"info","message":"HTTP GET /api/notifications - 200 (0ms)","service":"research-mgmt-api","timestamp":"2025-04-20 00:18:35.990"}
{"level":"info","message":"HTTP GET /api/notifications - 200 (0ms)","service":"research-mgmt-api","timestamp":"2025-04-20 00:18:35.990"}
{"external":"24 MB","heapTotal":"31 MB","heapUsed":"43 MB","level":"info","message":"Memory usage stats:","rss":"236 MB","service":"research-mgmt-api","timestamp":"2025-04-20 00:18:37.644"}
{"level":"info","message":"JWT helper initialized","service":"research-mgmt-api","timestamp":"2025-04-20 00:20:03.322"}
{"adminRoutes":true,"authRoutes":true,"level":"info","message":"Route modules loaded:","service":"research-mgmt-api","studentRoutes":true,"supervisorRoutes":true,"timestamp":"2025-04-20 00:20:03.357"}
{"level":"info","message":"Registered API redirect from GET /notifications to GET /api/notifications","service":"research-mgmt-api","timestamp":"2025-04-20 00:20:03.372"}
{"level":"info","message":"Registered API redirect from GET /notifications/unread/count to GET /api/notifications/unread/count","service":"research-mgmt-api","timestamp":"2025-04-20 00:20:03.372"}
{"level":"info","message":"Registered API redirect from GET /user/profile to GET /api/user/profile","service":"research-mgmt-api","timestamp":"2025-04-20 00:20:03.372"}
{"level":"info","message":"Registered API redirect from GET /dashboard to GET /api/dashboard","service":"research-mgmt-api","timestamp":"2025-04-20 00:20:03.373"}
{"level":"info","message":"Registered API redirect from GET /calendar to GET /api/calendar","service":"research-mgmt-api","timestamp":"2025-04-20 00:20:03.373"}
{"level":"info","message":"Registered Team API redirect from GET /teams to GET /api/students/team/...","service":"research-mgmt-api","timestamp":"2025-04-20 00:20:03.373"}
{"level":"info","message":"Registered Team API redirect from GET /teams/my-team to GET /api/students/team/...","service":"research-mgmt-api","timestamp":"2025-04-20 00:20:03.373"}
{"level":"info","message":"Registered Team API redirect from GET /teams/:id to GET /api/students/team/...","service":"research-mgmt-api","timestamp":"2025-04-20 00:20:03.373"}
{"level":"info","message":"Registered Team API redirect from PUT /teams/:id to PUT /api/students/team/...","service":"research-mgmt-api","timestamp":"2025-04-20 00:20:03.373"}
{"level":"info","message":"Registered Team API redirect from DELETE /teams/:id to DELETE /api/students/team/...","service":"research-mgmt-api","timestamp":"2025-04-20 00:20:03.374"}
{"level":"info","message":"Registered Team API redirect from POST /teams/:id/invite to POST /api/students/team/...","service":"research-mgmt-api","timestamp":"2025-04-20 00:20:03.374"}
{"level":"info","message":"Registered Team API redirect from POST /teams/:id/leave to POST /api/students/team/...","service":"research-mgmt-api","timestamp":"2025-04-20 00:20:03.374"}
{"level":"info","message":"Registered Team API redirect from POST /teams/:id/remove-member to POST /api/students/team/...","service":"research-mgmt-api","timestamp":"2025-04-20 00:20:03.374"}
{"level":"info","message":"Registered Student Team API redirect from GET /api/student-teams to GET /api/students/team/...","service":"research-mgmt-api","timestamp":"2025-04-20 00:20:03.374"}
{"level":"info","message":"Registered Student Team API redirect from GET /api/student-teams/invitations to GET /api/students/team/...","service":"research-mgmt-api","timestamp":"2025-04-20 00:20:03.374"}
{"level":"info","message":"Registered Student Team API redirect from DELETE /api/student-teams/:id/leave to DELETE /api/students/team/...","service":"research-mgmt-api","timestamp":"2025-04-20 00:20:03.374"}
{"level":"info","message":"Registered API redirect from GET /projects to GET /api/projects","service":"research-mgmt-api","timestamp":"2025-04-20 00:20:03.375"}
{"level":"info","message":"Registered API redirect from POST /projects to POST /api/projects","service":"research-mgmt-api","timestamp":"2025-04-20 00:20:03.375"}
{"level":"info","message":"Registered API redirect from GET /sessions to GET /api/sessions","service":"research-mgmt-api","timestamp":"2025-04-20 00:20:03.375"}
{"level":"info","message":"Registered API redirect from POST /sessions to POST /api/sessions","service":"research-mgmt-api","timestamp":"2025-04-20 00:20:03.375"}
{"level":"info","message":"Registered API redirect from GET /messages to GET /api/messages","service":"research-mgmt-api","timestamp":"2025-04-20 00:20:03.375"}
{"level":"info","message":"Registered API redirect from POST /messages to POST /api/messages","service":"research-mgmt-api","timestamp":"2025-04-20 00:20:03.375"}
{"level":"info","message":"Registered API redirect from GET /projects/:id to GET /api/projects/:id","service":"research-mgmt-api","timestamp":"2025-04-20 00:20:03.375"}
{"level":"info","message":"Registered API redirect from PUT /projects/:id to PUT /api/projects/:id","service":"research-mgmt-api","timestamp":"2025-04-20 00:20:03.375"}
{"level":"info","message":"Registered API redirect from DELETE /projects/:id to DELETE /api/projects/:id","service":"research-mgmt-api","timestamp":"2025-04-20 00:20:03.375"}
{"level":"info","message":"Registered API redirect from GET /users/:id to GET /api/users/:id","service":"research-mgmt-api","timestamp":"2025-04-20 00:20:03.375"}
{"level":"info","message":"Registered API redirect from PUT /users/:id to PUT /api/users/:id","service":"research-mgmt-api","timestamp":"2025-04-20 00:20:03.375"}
{"level":"info","message":"Attempting to connect to MongoDB database","service":"research-mgmt-api","timestamp":"2025-04-20 00:20:03.376"}
{"level":"info","message":"Attempting to connect to MongoDB...","service":"research-mgmt-api","timestamp":"2025-04-20 00:20:03.376"}
{"level":"info","message":"MongoDB Connected: ac-xdpuchx-shard-00-02.tvoe17p.mongodb.net","service":"research-mgmt-api","timestamp":"2025-04-20 00:20:04.107"}
{"level":"info","message":"✅ MongoDB connection established successfully","service":"research-mgmt-api","timestamp":"2025-04-20 00:20:04.107"}
{"level":"info","message":"🚀 Server running on port 300000 and accessible from all network interfaces","service":"research-mgmt-api","timestamp":"2025-04-20 00:20:04.113"}
{"level":"info","message":"JWT helper initialized","service":"research-mgmt-api","timestamp":"2025-04-20 00:20:07.039"}
{"adminRoutes":true,"authRoutes":true,"level":"info","message":"Route modules loaded:","service":"research-mgmt-api","studentRoutes":true,"supervisorRoutes":true,"timestamp":"2025-04-20 00:20:07.073"}
{"level":"info","message":"Registered API redirect from GET /notifications to GET /api/notifications","service":"research-mgmt-api","timestamp":"2025-04-20 00:20:07.088"}
{"level":"info","message":"Registered API redirect from GET /notifications/unread/count to GET /api/notifications/unread/count","service":"research-mgmt-api","timestamp":"2025-04-20 00:20:07.088"}
{"level":"info","message":"Registered API redirect from GET /user/profile to GET /api/user/profile","service":"research-mgmt-api","timestamp":"2025-04-20 00:20:07.088"}
{"level":"info","message":"Registered API redirect from GET /dashboard to GET /api/dashboard","service":"research-mgmt-api","timestamp":"2025-04-20 00:20:07.088"}
{"level":"info","message":"Registered API redirect from GET /calendar to GET /api/calendar","service":"research-mgmt-api","timestamp":"2025-04-20 00:20:07.088"}
{"level":"info","message":"Registered Team API redirect from GET /teams to GET /api/students/team/...","service":"research-mgmt-api","timestamp":"2025-04-20 00:20:07.089"}
{"level":"info","message":"Registered Team API redirect from GET /teams/my-team to GET /api/students/team/...","service":"research-mgmt-api","timestamp":"2025-04-20 00:20:07.089"}
{"level":"info","message":"Registered Team API redirect from GET /teams/:id to GET /api/students/team/...","service":"research-mgmt-api","timestamp":"2025-04-20 00:20:07.089"}
{"level":"info","message":"Registered Team API redirect from PUT /teams/:id to PUT /api/students/team/...","service":"research-mgmt-api","timestamp":"2025-04-20 00:20:07.089"}
{"level":"info","message":"Registered Team API redirect from DELETE /teams/:id to DELETE /api/students/team/...","service":"research-mgmt-api","timestamp":"2025-04-20 00:20:07.089"}
{"level":"info","message":"Registered Team API redirect from POST /teams/:id/invite to POST /api/students/team/...","service":"research-mgmt-api","timestamp":"2025-04-20 00:20:07.089"}
{"level":"info","message":"Registered Team API redirect from POST /teams/:id/leave to POST /api/students/team/...","service":"research-mgmt-api","timestamp":"2025-04-20 00:20:07.089"}
{"level":"info","message":"Registered Team API redirect from POST /teams/:id/remove-member to POST /api/students/team/...","service":"research-mgmt-api","timestamp":"2025-04-20 00:20:07.089"}
{"level":"info","message":"Registered Student Team API redirect from GET /api/student-teams to GET /api/students/team/...","service":"research-mgmt-api","timestamp":"2025-04-20 00:20:07.089"}
{"level":"info","message":"Registered Student Team API redirect from GET /api/student-teams/invitations to GET /api/students/team/...","service":"research-mgmt-api","timestamp":"2025-04-20 00:20:07.090"}
{"level":"info","message":"Registered Student Team API redirect from DELETE /api/student-teams/:id/leave to DELETE /api/students/team/...","service":"research-mgmt-api","timestamp":"2025-04-20 00:20:07.090"}
{"level":"info","message":"Registered API redirect from GET /projects to GET /api/projects","service":"research-mgmt-api","timestamp":"2025-04-20 00:20:07.090"}
{"level":"info","message":"Registered API redirect from POST /projects to POST /api/projects","service":"research-mgmt-api","timestamp":"2025-04-20 00:20:07.090"}
{"level":"info","message":"Registered API redirect from GET /sessions to GET /api/sessions","service":"research-mgmt-api","timestamp":"2025-04-20 00:20:07.090"}
{"level":"info","message":"Registered API redirect from POST /sessions to POST /api/sessions","service":"research-mgmt-api","timestamp":"2025-04-20 00:20:07.090"}
{"level":"info","message":"Registered API redirect from GET /messages to GET /api/messages","service":"research-mgmt-api","timestamp":"2025-04-20 00:20:07.090"}
{"level":"info","message":"Registered API redirect from POST /messages to POST /api/messages","service":"research-mgmt-api","timestamp":"2025-04-20 00:20:07.090"}
{"level":"info","message":"Registered API redirect from GET /projects/:id to GET /api/projects/:id","service":"research-mgmt-api","timestamp":"2025-04-20 00:20:07.090"}
{"level":"info","message":"Registered API redirect from PUT /projects/:id to PUT /api/projects/:id","service":"research-mgmt-api","timestamp":"2025-04-20 00:20:07.090"}
{"level":"info","message":"Registered API redirect from DELETE /projects/:id to DELETE /api/projects/:id","service":"research-mgmt-api","timestamp":"2025-04-20 00:20:07.090"}
{"level":"info","message":"Registered API redirect from GET /users/:id to GET /api/users/:id","service":"research-mgmt-api","timestamp":"2025-04-20 00:20:07.090"}
{"level":"info","message":"Registered API redirect from PUT /users/:id to PUT /api/users/:id","service":"research-mgmt-api","timestamp":"2025-04-20 00:20:07.090"}
{"level":"info","message":"Attempting to connect to MongoDB database","service":"research-mgmt-api","timestamp":"2025-04-20 00:20:07.091"}
{"level":"info","message":"Attempting to connect to MongoDB...","service":"research-mgmt-api","timestamp":"2025-04-20 00:20:07.091"}
{"level":"info","message":"MongoDB Connected: ac-xdpuchx-shard-00-01.tvoe17p.mongodb.net","service":"research-mgmt-api","timestamp":"2025-04-20 00:20:07.696"}
{"level":"info","message":"✅ MongoDB connection established successfully","service":"research-mgmt-api","timestamp":"2025-04-20 00:20:07.696"}
{"level":"info","message":"🚀 Server running on port 300000 and accessible from all network interfaces","service":"research-mgmt-api","timestamp":"2025-04-20 00:20:07.700"}
{"level":"info","message":"JWT helper initialized","service":"research-mgmt-api","timestamp":"2025-04-20 00:20:08.903"}
{"adminRoutes":true,"authRoutes":true,"level":"info","message":"Route modules loaded:","service":"research-mgmt-api","studentRoutes":true,"supervisorRoutes":true,"timestamp":"2025-04-20 00:20:08.937"}
{"level":"info","message":"Registered API redirect from GET /notifications to GET /api/notifications","service":"research-mgmt-api","timestamp":"2025-04-20 00:20:08.951"}
{"level":"info","message":"Registered API redirect from GET /notifications/unread/count to GET /api/notifications/unread/count","service":"research-mgmt-api","timestamp":"2025-04-20 00:20:08.952"}
{"level":"info","message":"Registered API redirect from GET /user/profile to GET /api/user/profile","service":"research-mgmt-api","timestamp":"2025-04-20 00:20:08.952"}
{"level":"info","message":"Registered API redirect from GET /dashboard to GET /api/dashboard","service":"research-mgmt-api","timestamp":"2025-04-20 00:20:08.952"}
{"level":"info","message":"Registered API redirect from GET /calendar to GET /api/calendar","service":"research-mgmt-api","timestamp":"2025-04-20 00:20:08.952"}
{"level":"info","message":"Registered Team API redirect from GET /teams to GET /api/students/team/...","service":"research-mgmt-api","timestamp":"2025-04-20 00:20:08.952"}
{"level":"info","message":"Registered Team API redirect from GET /teams/my-team to GET /api/students/team/...","service":"research-mgmt-api","timestamp":"2025-04-20 00:20:08.952"}
{"level":"info","message":"Registered Team API redirect from GET /teams/:id to GET /api/students/team/...","service":"research-mgmt-api","timestamp":"2025-04-20 00:20:08.953"}
{"level":"info","message":"Registered Team API redirect from PUT /teams/:id to PUT /api/students/team/...","service":"research-mgmt-api","timestamp":"2025-04-20 00:20:08.953"}
{"level":"info","message":"Registered Team API redirect from DELETE /teams/:id to DELETE /api/students/team/...","service":"research-mgmt-api","timestamp":"2025-04-20 00:20:08.953"}
{"level":"info","message":"Registered Team API redirect from POST /teams/:id/invite to POST /api/students/team/...","service":"research-mgmt-api","timestamp":"2025-04-20 00:20:08.953"}
{"level":"info","message":"Registered Team API redirect from POST /teams/:id/leave to POST /api/students/team/...","service":"research-mgmt-api","timestamp":"2025-04-20 00:20:08.953"}
{"level":"info","message":"Registered Team API redirect from POST /teams/:id/remove-member to POST /api/students/team/...","service":"research-mgmt-api","timestamp":"2025-04-20 00:20:08.953"}
{"level":"info","message":"Registered Student Team API redirect from GET /api/student-teams to GET /api/students/team/...","service":"research-mgmt-api","timestamp":"2025-04-20 00:20:08.953"}
{"level":"info","message":"Registered Student Team API redirect from GET /api/student-teams/invitations to GET /api/students/team/...","service":"research-mgmt-api","timestamp":"2025-04-20 00:20:08.953"}
{"level":"info","message":"Registered Student Team API redirect from DELETE /api/student-teams/:id/leave to DELETE /api/students/team/...","service":"research-mgmt-api","timestamp":"2025-04-20 00:20:08.953"}
{"level":"info","message":"Registered API redirect from GET /projects to GET /api/projects","service":"research-mgmt-api","timestamp":"2025-04-20 00:20:08.954"}
{"level":"info","message":"Registered API redirect from POST /projects to POST /api/projects","service":"research-mgmt-api","timestamp":"2025-04-20 00:20:08.954"}
{"level":"info","message":"Registered API redirect from GET /sessions to GET /api/sessions","service":"research-mgmt-api","timestamp":"2025-04-20 00:20:08.954"}
{"level":"info","message":"Registered API redirect from POST /sessions to POST /api/sessions","service":"research-mgmt-api","timestamp":"2025-04-20 00:20:08.954"}
{"level":"info","message":"Registered API redirect from GET /messages to GET /api/messages","service":"research-mgmt-api","timestamp":"2025-04-20 00:20:08.954"}
{"level":"info","message":"Registered API redirect from POST /messages to POST /api/messages","service":"research-mgmt-api","timestamp":"2025-04-20 00:20:08.954"}
{"level":"info","message":"Registered API redirect from GET /projects/:id to GET /api/projects/:id","service":"research-mgmt-api","timestamp":"2025-04-20 00:20:08.954"}
{"level":"info","message":"Registered API redirect from PUT /projects/:id to PUT /api/projects/:id","service":"research-mgmt-api","timestamp":"2025-04-20 00:20:08.954"}
{"level":"info","message":"Registered API redirect from DELETE /projects/:id to DELETE /api/projects/:id","service":"research-mgmt-api","timestamp":"2025-04-20 00:20:08.954"}
{"level":"info","message":"Registered API redirect from GET /users/:id to GET /api/users/:id","service":"research-mgmt-api","timestamp":"2025-04-20 00:20:08.954"}
{"level":"info","message":"Registered API redirect from PUT /users/:id to PUT /api/users/:id","service":"research-mgmt-api","timestamp":"2025-04-20 00:20:08.954"}
{"level":"info","message":"Attempting to connect to MongoDB database","service":"research-mgmt-api","timestamp":"2025-04-20 00:20:08.954"}
{"level":"info","message":"Attempting to connect to MongoDB...","service":"research-mgmt-api","timestamp":"2025-04-20 00:20:08.955"}
{"level":"info","message":"MongoDB Connected: ac-xdpuchx-shard-00-00.tvoe17p.mongodb.net","service":"research-mgmt-api","timestamp":"2025-04-20 00:20:09.575"}
{"level":"info","message":"✅ MongoDB connection established successfully","service":"research-mgmt-api","timestamp":"2025-04-20 00:20:09.575"}
{"level":"info","message":"🚀 Server running on port 300000 and accessible from all network interfaces","service":"research-mgmt-api","timestamp":"2025-04-20 00:20:09.580"}
{"level":"info","message":"JWT helper initialized","service":"research-mgmt-api","timestamp":"2025-04-20 00:20:10.972"}
{"adminRoutes":true,"authRoutes":true,"level":"info","message":"Route modules loaded:","service":"research-mgmt-api","studentRoutes":true,"supervisorRoutes":true,"timestamp":"2025-04-20 00:20:11.009"}
{"level":"info","message":"Registered API redirect from GET /notifications to GET /api/notifications","service":"research-mgmt-api","timestamp":"2025-04-20 00:20:11.024"}
{"level":"info","message":"Registered API redirect from GET /notifications/unread/count to GET /api/notifications/unread/count","service":"research-mgmt-api","timestamp":"2025-04-20 00:20:11.024"}
{"level":"info","message":"Registered API redirect from GET /user/profile to GET /api/user/profile","service":"research-mgmt-api","timestamp":"2025-04-20 00:20:11.024"}
{"level":"info","message":"Registered API redirect from GET /dashboard to GET /api/dashboard","service":"research-mgmt-api","timestamp":"2025-04-20 00:20:11.024"}
{"level":"info","message":"Registered API redirect from GET /calendar to GET /api/calendar","service":"research-mgmt-api","timestamp":"2025-04-20 00:20:11.024"}
{"level":"info","message":"Registered Team API redirect from GET /teams to GET /api/students/team/...","service":"research-mgmt-api","timestamp":"2025-04-20 00:20:11.024"}
{"level":"info","message":"Registered Team API redirect from GET /teams/my-team to GET /api/students/team/...","service":"research-mgmt-api","timestamp":"2025-04-20 00:20:11.025"}
{"level":"info","message":"Registered Team API redirect from GET /teams/:id to GET /api/students/team/...","service":"research-mgmt-api","timestamp":"2025-04-20 00:20:11.025"}
{"level":"info","message":"Registered Team API redirect from PUT /teams/:id to PUT /api/students/team/...","service":"research-mgmt-api","timestamp":"2025-04-20 00:20:11.025"}
{"level":"info","message":"Registered Team API redirect from DELETE /teams/:id to DELETE /api/students/team/...","service":"research-mgmt-api","timestamp":"2025-04-20 00:20:11.025"}
{"level":"info","message":"Registered Team API redirect from POST /teams/:id/invite to POST /api/students/team/...","service":"research-mgmt-api","timestamp":"2025-04-20 00:20:11.025"}
{"level":"info","message":"Registered Team API redirect from POST /teams/:id/leave to POST /api/students/team/...","service":"research-mgmt-api","timestamp":"2025-04-20 00:20:11.025"}
{"level":"info","message":"Registered Team API redirect from POST /teams/:id/remove-member to POST /api/students/team/...","service":"research-mgmt-api","timestamp":"2025-04-20 00:20:11.025"}
{"level":"info","message":"Registered Student Team API redirect from GET /api/student-teams to GET /api/students/team/...","service":"research-mgmt-api","timestamp":"2025-04-20 00:20:11.025"}
{"level":"info","message":"Registered Student Team API redirect from GET /api/student-teams/invitations to GET /api/students/team/...","service":"research-mgmt-api","timestamp":"2025-04-20 00:20:11.026"}
{"level":"info","message":"Registered Student Team API redirect from DELETE /api/student-teams/:id/leave to DELETE /api/students/team/...","service":"research-mgmt-api","timestamp":"2025-04-20 00:20:11.026"}
{"level":"info","message":"Registered API redirect from GET /projects to GET /api/projects","service":"research-mgmt-api","timestamp":"2025-04-20 00:20:11.026"}
{"level":"info","message":"Registered API redirect from POST /projects to POST /api/projects","service":"research-mgmt-api","timestamp":"2025-04-20 00:20:11.026"}
{"level":"info","message":"Registered API redirect from GET /sessions to GET /api/sessions","service":"research-mgmt-api","timestamp":"2025-04-20 00:20:11.026"}
{"level":"info","message":"Registered API redirect from POST /sessions to POST /api/sessions","service":"research-mgmt-api","timestamp":"2025-04-20 00:20:11.026"}
{"level":"info","message":"Registered API redirect from GET /messages to GET /api/messages","service":"research-mgmt-api","timestamp":"2025-04-20 00:20:11.026"}
{"level":"info","message":"Registered API redirect from POST /messages to POST /api/messages","service":"research-mgmt-api","timestamp":"2025-04-20 00:20:11.026"}
{"level":"info","message":"Registered API redirect from GET /projects/:id to GET /api/projects/:id","service":"research-mgmt-api","timestamp":"2025-04-20 00:20:11.026"}
{"level":"info","message":"Registered API redirect from PUT /projects/:id to PUT /api/projects/:id","service":"research-mgmt-api","timestamp":"2025-04-20 00:20:11.026"}
{"level":"info","message":"Registered API redirect from DELETE /projects/:id to DELETE /api/projects/:id","service":"research-mgmt-api","timestamp":"2025-04-20 00:20:11.026"}
{"level":"info","message":"Registered API redirect from GET /users/:id to GET /api/users/:id","service":"research-mgmt-api","timestamp":"2025-04-20 00:20:11.026"}
{"level":"info","message":"Registered API redirect from PUT /users/:id to PUT /api/users/:id","service":"research-mgmt-api","timestamp":"2025-04-20 00:20:11.026"}
{"level":"info","message":"Attempting to connect to MongoDB database","service":"research-mgmt-api","timestamp":"2025-04-20 00:20:11.027"}
{"level":"info","message":"Attempting to connect to MongoDB...","service":"research-mgmt-api","timestamp":"2025-04-20 00:20:11.027"}
{"level":"info","message":"MongoDB Connected: ac-xdpuchx-shard-00-00.tvoe17p.mongodb.net","service":"research-mgmt-api","timestamp":"2025-04-20 00:20:11.643"}
{"level":"info","message":"✅ MongoDB connection established successfully","service":"research-mgmt-api","timestamp":"2025-04-20 00:20:11.643"}
{"level":"info","message":"🚀 Server running on port 300000 and accessible from all network interfaces","service":"research-mgmt-api","timestamp":"2025-04-20 00:20:11.648"}
{"level":"info","message":"HTTP GET /api/notifications/unread/count - 200 (0ms)","service":"research-mgmt-api","timestamp":"2025-04-20 00:20:23.141"}
{"level":"info","message":"HTTP GET /api/notifications - 200 (0ms)","service":"research-mgmt-api","timestamp":"2025-04-20 00:20:26.190"}
{"level":"info","message":"HTTP GET /api/notifications/unread/count - 200 (0ms)","service":"research-mgmt-api","timestamp":"2025-04-20 00:20:26.201"}
{"level":"info","message":"📊 Fetching student dashboard data","service":"research-mgmt-api","timestamp":"2025-04-20 00:20:26.264"}
{"level":"info","message":"HTTP GET /api/dashboard - 200 (220ms)","service":"research-mgmt-api","timestamp":"2025-04-20 00:20:26.485"}
{"level":"info","message":"HTTP GET /api/student/team/invitations - 200 (51ms)","service":"research-mgmt-api","timestamp":"2025-04-20 00:20:28.485"}
{"level":"info","message":"HTTP GET /api/notifications/unread/count - 200 (0ms)","service":"research-mgmt-api","timestamp":"2025-04-20 00:20:35.980"}
{"level":"error","message":"No active session found when creating team","service":"research-mgmt-api","timestamp":"2025-04-20 00:20:38.166","userId":"6802130f993431145445c8b9"}
{"error":{"field":null,"name":"ValidationError","status":400},"level":"error","message":"Failed to create team","service":"research-mgmt-api","timestamp":"2025-04-20 00:20:38.166","userId":"6802130f993431145445c8b9"}
{"field":null,"level":"error","message":"Application error: No active session is currently available for team creation. Please contact an administrator.","name":"ValidationError","service":"research-mgmt-api","stack":"ValidationError: No active session is currently available for team creation. Please contact an administrator.\n    at <anonymous> (/home/swadhin/projects/Projectmanagement/server/src/controllers/teamController.js:83:17)\n    at processTicksAndRejections (native:7:39)","status":400,"timestamp":"2025-04-20 00:20:38.167"}
{"level":"info","message":"HTTP GET /api/notifications/unread/count - 200 (0ms)","service":"research-mgmt-api","timestamp":"2025-04-20 00:21:25.980"}
{"level":"info","message":"HTTP GET /api/notifications/unread/count - 200 (0ms)","service":"research-mgmt-api","timestamp":"2025-04-20 00:21:35.981"}
{"level":"info","message":"HTTP GET /api/notifications/unread/count - 200 (0ms)","service":"research-mgmt-api","timestamp":"2025-04-20 00:22:25.980"}
{"level":"info","message":"HTTP GET /api/notifications/unread/count - 200 (0ms)","service":"research-mgmt-api","timestamp":"2025-04-20 00:22:35.980"}
{"level":"error","message":"HTTP GET /student/team-chat - 404 (0ms) Error: Route not found","service":"research-mgmt-api","timestamp":"2025-04-20 00:22:57.798"}
{"external":"31 MB","heapTotal":"32 MB","heapUsed":"55 MB","level":"info","message":"Memory usage stats:","rss":"219 MB","service":"research-mgmt-api","timestamp":"2025-04-20 00:25:11.034"}
{"level":"info","message":"MongoDB connection state: 1","service":"research-mgmt-api","timestamp":"2025-04-20 00:25:30.860"}
{"level":"info","message":"Login attempt for user: testuserjhon@gmail.com","service":"research-mgmt-api","timestamp":"2025-04-20 00:25:30.861"}
{"level":"info","message":"Verifying password for user: testuserjhon@gmail.com","service":"research-mgmt-api","timestamp":"2025-04-20 00:25:30.913"}
{"level":"info","message":"Login successful for user: testuserjhon@gmail.com","service":"research-mgmt-api","timestamp":"2025-04-20 00:25:30.934"}
{"level":"info","message":"HTTP POST /api/auth/login - 200 (74ms)","service":"research-mgmt-api","timestamp":"2025-04-20 00:25:30.934"}
{"level":"info","message":"HTTP GET /api/notifications - 200 (0ms)","service":"research-mgmt-api","timestamp":"2025-04-20 00:25:31.447"}
{"level":"info","message":"HTTP GET /api/notifications/unread/count - 200 (0ms)","service":"research-mgmt-api","timestamp":"2025-04-20 00:25:31.453"}
{"level":"info","message":"HTTP GET /api/notifications - 200 (0ms)","service":"research-mgmt-api","timestamp":"2025-04-20 00:25:31.985"}
{"level":"info","message":"HTTP GET /api/notifications/unread/count - 200 (0ms)","service":"research-mgmt-api","timestamp":"2025-04-20 00:25:31.992"}
{"level":"info","message":"📊 Fetching student dashboard data","service":"research-mgmt-api","timestamp":"2025-04-20 00:25:32.059"}
{"level":"info","message":"HTTP GET /api/dashboard - 200 (222ms)","service":"research-mgmt-api","timestamp":"2025-04-20 00:25:32.282"}
{"level":"info","message":"📊 Fetching student dashboard data","service":"research-mgmt-api","timestamp":"2025-04-20 00:25:41.272"}
{"level":"info","message":"HTTP GET /api/notifications - 200 (0ms)","service":"research-mgmt-api","timestamp":"2025-04-20 00:25:41.345"}
{"level":"info","message":"HTTP GET /api/notifications/unread/count - 200 (0ms)","service":"research-mgmt-api","timestamp":"2025-04-20 00:25:41.349"}
{"level":"info","message":"HTTP GET /api/dashboard - 200 (223ms)","service":"research-mgmt-api","timestamp":"2025-04-20 00:25:41.495"}
{"level":"info","message":"HTTP GET /api/student/messages - 200 (0ms)","service":"research-mgmt-api","timestamp":"2025-04-20 00:25:43.038"}
{"level":"info","message":"HTTP GET /api/student/messages - 200 (0ms)","service":"research-mgmt-api","timestamp":"2025-04-20 00:25:43.039"}
{"level":"info","message":"📊 Fetching student dashboard data","service":"research-mgmt-api","timestamp":"2025-04-20 00:25:49.046"}
{"level":"info","message":"HTTP GET /api/dashboard - 200 (204ms)","service":"research-mgmt-api","timestamp":"2025-04-20 00:25:49.250"}
{"level":"info","message":"HTTP GET /api/notifications - 200 (0ms)","service":"research-mgmt-api","timestamp":"2025-04-20 00:25:49.542"}
{"level":"info","message":"HTTP GET /api/notifications/unread/count - 200 (0ms)","service":"research-mgmt-api","timestamp":"2025-04-20 00:25:49.544"}
{"external":"22 MB","heapTotal":"31 MB","heapUsed":"41 MB","level":"info","message":"Memory usage stats:","rss":"234 MB","service":"research-mgmt-api","timestamp":"2025-04-20 00:30:11.035"}
{"level":"info","message":"HTTP GET / - 200 (0ms)","service":"research-mgmt-api","timestamp":"2025-04-20 00:34:33.687"}
{"external":"24 MB","heapTotal":"31 MB","heapUsed":"43 MB","level":"info","message":"Memory usage stats:","rss":"236 MB","service":"research-mgmt-api","timestamp":"2025-04-20 00:35:11.035"}
{"level":"info","message":"MongoDB connection state: 1","service":"research-mgmt-api","timestamp":"2025-04-20 00:37:01.380"}
{"level":"info","message":"Login attempt for user: swadhinbiswas.cse@gmail.com","service":"research-mgmt-api","timestamp":"2025-04-20 00:37:01.380"}
{"level":"info","message":"Verifying password for user: swadhinbiswas.cse@gmail.com","service":"research-mgmt-api","timestamp":"2025-04-20 00:37:01.433"}
{"level":"warn","message":"Login failed: Invalid password for user swadhinbiswas.cse@gmail.com","service":"research-mgmt-api","timestamp":"2025-04-20 00:37:01.447"}
{"level":"error","message":"Login error: Invalid email or password","name":"UnauthorizedError","service":"research-mgmt-api","stack":"UnauthorizedError: Invalid email or password\n    at <anonymous> (/home/swadhin/projects/Projectmanagement/server/src/controllers/authController.js:292:17)\n    at processTicksAndRejections (native:7:39)","status":401,"timestamp":"2025-04-20 00:37:01.448"}
{"level":"error","message":"HTTP POST /api/auth/login - 401 (68ms) Error: Invalid email or password","service":"research-mgmt-api","timestamp":"2025-04-20 00:37:01.448"}
{"level":"info","message":"MongoDB connection state: 1","service":"research-mgmt-api","timestamp":"2025-04-20 00:37:37.324"}
{"level":"info","message":"Login attempt for user: swadhinbiswas.cse@gmail.com","service":"research-mgmt-api","timestamp":"2025-04-20 00:37:37.324"}
{"level":"info","message":"Verifying password for user: swadhinbiswas.cse@gmail.com","service":"research-mgmt-api","timestamp":"2025-04-20 00:37:37.376"}
{"level":"warn","message":"Login failed: Invalid password for user swadhinbiswas.cse@gmail.com","service":"research-mgmt-api","timestamp":"2025-04-20 00:37:37.392"}
{"level":"error","message":"Login error: Invalid email or password","name":"UnauthorizedError","service":"research-mgmt-api","stack":"UnauthorizedError: Invalid email or password\n    at <anonymous> (/home/swadhin/projects/Projectmanagement/server/src/controllers/authController.js:292:17)\n    at processTicksAndRejections (native:7:39)","status":401,"timestamp":"2025-04-20 00:37:37.392"}
{"level":"error","message":"HTTP POST /api/auth/login - 401 (69ms) Error: Invalid email or password","service":"research-mgmt-api","timestamp":"2025-04-20 00:37:37.392"}
{"level":"info","message":"MongoDB connection state: 1","service":"research-mgmt-api","timestamp":"2025-04-20 00:39:40.401"}
{"level":"info","message":"Login attempt for user: swadhinbiswas.cse@gmail.com","service":"research-mgmt-api","timestamp":"2025-04-20 00:39:40.401"}
{"level":"info","message":"Verifying password for user: swadhinbiswas.cse@gmail.com","service":"research-mgmt-api","timestamp":"2025-04-20 00:39:40.453"}
{"level":"warn","message":"Login failed: Invalid password for user swadhinbiswas.cse@gmail.com","service":"research-mgmt-api","timestamp":"2025-04-20 00:39:40.466"}
{"level":"error","message":"Login error: Invalid email or password","name":"UnauthorizedError","service":"research-mgmt-api","stack":"UnauthorizedError: Invalid email or password\n    at <anonymous> (/home/swadhin/projects/Projectmanagement/server/src/controllers/authController.js:292:17)\n    at processTicksAndRejections (native:7:39)","status":401,"timestamp":"2025-04-20 00:39:40.467"}
{"level":"error","message":"HTTP POST /api/auth/login - 401 (66ms) Error: Invalid email or password","service":"research-mgmt-api","timestamp":"2025-04-20 00:39:40.467"}
{"level":"info","message":"MongoDB connection state: 1","service":"research-mgmt-api","timestamp":"2025-04-20 00:39:55.353"}
{"level":"info","message":"Login attempt for user: swadhinbiswas.cse@gmail.com","service":"research-mgmt-api","timestamp":"2025-04-20 00:39:55.353"}
{"level":"info","message":"Verifying password for user: swadhinbiswas.cse@gmail.com","service":"research-mgmt-api","timestamp":"2025-04-20 00:39:55.404"}
{"level":"warn","message":"Login failed: Invalid password for user swadhinbiswas.cse@gmail.com","service":"research-mgmt-api","timestamp":"2025-04-20 00:39:55.420"}
{"level":"error","message":"Login error: Invalid email or password","name":"UnauthorizedError","service":"research-mgmt-api","stack":"UnauthorizedError: Invalid email or password\n    at <anonymous> (/home/swadhin/projects/Projectmanagement/server/src/controllers/authController.js:292:17)\n    at processTicksAndRejections (native:7:39)","status":401,"timestamp":"2025-04-20 00:39:55.420"}
{"level":"error","message":"HTTP POST /api/auth/login - 401 (68ms) Error: Invalid email or password","service":"research-mgmt-api","timestamp":"2025-04-20 00:39:55.421"}
{"external":"25 MB","heapTotal":"31 MB","heapUsed":"45 MB","level":"info","message":"Memory usage stats:","rss":"237 MB","service":"research-mgmt-api","timestamp":"2025-04-20 00:40:11.036"}
{"external":"23 MB","heapTotal":"31 MB","heapUsed":"42 MB","level":"info","message":"Memory usage stats:","rss":"236 MB","service":"research-mgmt-api","timestamp":"2025-04-20 00:45:11.037"}
{"external":"23 MB","heapTotal":"31 MB","heapUsed":"42 MB","level":"info","message":"Memory usage stats:","rss":"236 MB","service":"research-mgmt-api","timestamp":"2025-04-20 00:50:11.038"}
{"external":"23 MB","heapTotal":"31 MB","heapUsed":"43 MB","level":"info","message":"Memory usage stats:","rss":"237 MB","service":"research-mgmt-api","timestamp":"2025-04-20 00:55:11.038"}
{"external":"23 MB","heapTotal":"31 MB","heapUsed":"43 MB","level":"info","message":"Memory usage stats:","rss":"238 MB","service":"research-mgmt-api","timestamp":"2025-04-20 01:00:11.039"}
{"external":"23 MB","heapTotal":"31 MB","heapUsed":"43 MB","level":"info","message":"Memory usage stats:","rss":"239 MB","service":"research-mgmt-api","timestamp":"2025-04-20 01:05:11.040"}
{"external":"23 MB","heapTotal":"31 MB","heapUsed":"43 MB","level":"info","message":"Memory usage stats:","rss":"239 MB","service":"research-mgmt-api","timestamp":"2025-04-20 01:10:11.039"}
{"external":"23 MB","heapTotal":"31 MB","heapUsed":"43 MB","level":"info","message":"Memory usage stats:","rss":"242 MB","service":"research-mgmt-api","timestamp":"2025-04-20 01:15:11.041"}
{"external":"23 MB","heapTotal":"31 MB","heapUsed":"42 MB","level":"info","message":"Memory usage stats:","rss":"242 MB","service":"research-mgmt-api","timestamp":"2025-04-20 01:20:11.041"}
{"external":"23 MB","heapTotal":"31 MB","heapUsed":"42 MB","level":"info","message":"Memory usage stats:","rss":"242 MB","service":"research-mgmt-api","timestamp":"2025-04-20 01:25:11.041"}
{"external":"23 MB","heapTotal":"31 MB","heapUsed":"43 MB","level":"info","message":"Memory usage stats:","rss":"243 MB","service":"research-mgmt-api","timestamp":"2025-04-20 01:30:11.042"}
{"external":"23 MB","heapTotal":"31 MB","heapUsed":"43 MB","level":"info","message":"Memory usage stats:","rss":"243 MB","service":"research-mgmt-api","timestamp":"2025-04-20 01:35:11.043"}
{"external":"23 MB","heapTotal":"31 MB","heapUsed":"43 MB","level":"info","message":"Memory usage stats:","rss":"245 MB","service":"research-mgmt-api","timestamp":"2025-04-20 01:40:11.043"}
{"level":"info","message":"MongoDB connection state: 1","service":"research-mgmt-api","timestamp":"2025-04-20 01:41:42.423"}
{"level":"info","message":"Login attempt for user: swadhinbiswas.cse@gmail.com","service":"research-mgmt-api","timestamp":"2025-04-20 01:41:42.423"}
{"level":"info","message":"Verifying password for user: swadhinbiswas.cse@gmail.com","service":"research-mgmt-api","timestamp":"2025-04-20 01:41:42.476"}
{"level":"info","message":"Login successful for user: swadhinbiswas.cse@gmail.com","service":"research-mgmt-api","timestamp":"2025-04-20 01:41:42.490"}
{"level":"info","message":"HTTP POST /api/auth/login - 200 (68ms)","service":"research-mgmt-api","timestamp":"2025-04-20 01:41:42.490"}
{"level":"error","message":"HTTP GET /api/supervisors - 404 (0ms) Error: Route not found","service":"research-mgmt-api","timestamp":"2025-04-20 01:41:42.703"}
{"level":"error","message":"HTTP GET /api/teams - 404 (0ms) Error: Route not found","service":"research-mgmt-api","timestamp":"2025-04-20 01:41:42.703"}
{"level":"error","message":"HTTP GET /api/supervisors - 404 (0ms) Error: Route not found","service":"research-mgmt-api","timestamp":"2025-04-20 01:41:42.707"}
{"level":"error","message":"HTTP GET /api/admin/pending-supervisors - 404 (0ms) Error: Route not found","service":"research-mgmt-api","timestamp":"2025-04-20 01:41:42.707"}
{"level":"error","message":"HTTP GET /api/admin/sessions - 404 (0ms) Error: Route not found","service":"research-mgmt-api","timestamp":"2025-04-20 01:41:42.707"}
{"level":"info","message":"📊 Fetching admin dashboard data","service":"research-mgmt-api","timestamp":"2025-04-20 01:41:42.708"}
{"level":"error","message":"HTTP GET /api/teams - 404 (0ms) Error: Route not found","service":"research-mgmt-api","timestamp":"2025-04-20 01:41:42.710"}
{"level":"info","message":"HTTP GET /api/notifications - 200 (0ms)","service":"research-mgmt-api","timestamp":"2025-04-20 01:41:43.006"}
{"level":"info","message":"HTTP GET /api/notifications/unread/count - 200 (0ms)","service":"research-mgmt-api","timestamp":"2025-04-20 01:41:43.010"}
{"level":"info","message":"HTTP GET /api/dashboard/admin - 200 (420ms)","service":"research-mgmt-api","timestamp":"2025-04-20 01:41:43.127"}
{"code":"VALIDATION","level":"error","message":"Application error: {\n  \"type\": \"validation\",\n  \"on\": \"response\",\n  \"summary\": \"Property 'data.stats' is missing\",\n  \"property\": \"/data/stats\",\n  \"message\": \"Expected required property\",\n  \"expected\": {\n    \"success\": false,\n    \"data\": {\n      \"stats\": {\n        \"users\": {\n          \"total\": 0,\n          \"students\": 0,\n          \"supervisors\": 0,\n          \"pendingApprovals\": 0\n        },\n        \"teams\": {\n          \"total\": 0,\n          \"active\": 0,\n          \"pending\": 0,\n          \"withoutSupervisor\": 0\n        },\n        \"projects\": {\n          \"total\": 0,\n          \"active\": 0,\n          \"completed\": 0,\n          \"overdue\": 0\n        },\n        \"submissions\": {\n          \"today\": 0,\n          \"thisWeek\": 0,\n          \"pending\": 0\n        }\n      },\n      \"recentActivities\": [],\n      \"alerts\": []\n    }\n  },\n  \"found\": {\n    \"success\": true,\n    \"data\": {\n      \"recentActivities\": []\n    }\n  },\n  \"errors\": [\n    {\n      \"type\": 45,\n      \"schema\": {\n        \"type\": \"object\",\n        \"properties\": {\n          \"users\": {\n            \"type\": \"object\",\n            \"properties\": {\n              \"total\": {\n                \"type\": \"number\"\n              },\n              \"students\": {\n                \"type\": \"number\"\n              },\n              \"supervisors\": {\n                \"type\": \"number\"\n              },\n              \"pendingApprovals\": {\n                \"type\": \"number\"\n              }\n            },\n            \"required\": [\n              \"total\",\n              \"students\",\n              \"supervisors\",\n              \"pendingApprovals\"\n            ]\n          },\n          \"teams\": {\n            \"type\": \"object\",\n            \"properties\": {\n              \"total\": {\n                \"type\": \"number\"\n              },\n              \"active\": {\n                \"type\": \"number\"\n              },\n              \"pending\": {\n                \"type\": \"number\"\n              },\n              \"withoutSupervisor\": {\n                \"type\": \"number\"\n              }\n            },\n            \"required\": [\n              \"total\",\n              \"active\",\n              \"pending\",\n              \"withoutSupervisor\"\n            ]\n          },\n          \"projects\": {\n            \"type\": \"object\",\n            \"properties\": {\n              \"total\": {\n                \"type\": \"number\"\n              },\n              \"active\": {\n                \"type\": \"number\"\n              },\n              \"completed\": {\n                \"type\": \"number\"\n              },\n              \"overdue\": {\n                \"type\": \"number\"\n              }\n            },\n            \"required\": [\n              \"total\",\n              \"active\",\n              \"completed\",\n              \"overdue\"\n            ]\n          },\n          \"submissions\": {\n            \"type\": \"object\",\n            \"properties\": {\n              \"today\": {\n                \"type\": \"number\"\n              },\n              \"thisWeek\": {\n                \"type\": \"number\"\n              },\n              \"pending\": {\n                \"type\": \"number\"\n              }\n            },\n            \"required\": [\n              \"today\",\n              \"thisWeek\",\n              \"pending\"\n            ]\n          }\n        },\n        \"required\": [\n          \"users\",\n          \"teams\",\n          \"projects\",\n          \"submissions\"\n        ]\n      },\n      \"path\": \"/data/stats\",\n      \"message\": \"Expected required property\",\n      \"errors\": [],\n      \"summary\": \"Property 'data.stats' is missing\"\n    },\n    {\n      \"type\": 45,\n      \"schema\": {\n        \"type\": \"array\",\n        \"items\": {\n          \"type\": \"object\",\n          \"properties\": {\n            \"id\": {\n              \"type\": \"string\"\n            },\n            \"type\": {\n              \"type\": \"string\"\n            },\n            \"message\": {\n              \"type\": \"string\"\n            },\n            \"severity\": {\n              \"type\": \"string\"\n            },\n            \"createdAt\": {\n              \"type\": \"string\"\n            }\n          },\n          \"required\": [\n            \"id\",\n            \"type\",\n            \"message\",\n            \"severity\",\n            \"createdAt\"\n          ]\n        }\n      },\n      \"path\": \"/data/alerts\",\n      \"message\": \"Expected required property\",\n      \"errors\": [],\n      \"summary\": \"Property 'data.alerts' is missing\"\n    },\n    {\n      \"summary\": \"Expected object\",\n      \"type\": 46,\n      \"schema\": {\n        \"type\": \"object\",\n        \"properties\": {\n          \"users\": {\n            \"type\": \"object\",\n            \"properties\": {\n              \"total\": {\n                \"type\": \"number\"\n              },\n              \"students\": {\n                \"type\": \"number\"\n              },\n              \"supervisors\": {\n                \"type\": \"number\"\n              },\n              \"pendingApprovals\": {\n                \"type\": \"number\"\n              }\n            },\n            \"required\": [\n              \"total\",\n              \"students\",\n              \"supervisors\",\n              \"pendingApprovals\"\n            ]\n          },\n          \"teams\": {\n            \"type\": \"object\",\n            \"properties\": {\n              \"total\": {\n                \"type\": \"number\"\n              },\n              \"active\": {\n                \"type\": \"number\"\n              },\n              \"pending\": {\n                \"type\": \"number\"\n              },\n              \"withoutSupervisor\": {\n                \"type\": \"number\"\n              }\n            },\n            \"required\": [\n              \"total\",\n              \"active\",\n              \"pending\",\n              \"withoutSupervisor\"\n            ]\n          },\n          \"projects\": {\n            \"type\": \"object\",\n            \"properties\": {\n              \"total\": {\n                \"type\": \"number\"\n              },\n              \"active\": {\n                \"type\": \"number\"\n              },\n              \"completed\": {\n                \"type\": \"number\"\n              },\n              \"overdue\": {\n                \"type\": \"number\"\n              }\n            },\n            \"required\": [\n              \"total\",\n              \"active\",\n              \"completed\",\n              \"overdue\"\n            ]\n          },\n          \"submissions\": {\n            \"type\": \"object\",\n            \"properties\": {\n              \"today\": {\n                \"type\": \"number\"\n              },\n              \"thisWeek\": {\n                \"type\": \"number\"\n              },\n              \"pending\": {\n                \"type\": \"number\"\n              }\n            },\n            \"required\": [\n              \"today\",\n              \"thisWeek\",\n              \"pending\"\n            ]\n          }\n        },\n        \"required\": [\n          \"users\",\n          \"teams\",\n          \"projects\",\n          \"submissions\"\n        ]\n      },\n      \"path\": \"/data/stats\",\n      \"message\": \"Expected object\",\n      \"errors\": []\n    },\n    {\n      \"summary\": \"Expected array\",\n      \"type\": 6,\n      \"schema\": {\n        \"type\": \"array\",\n        \"items\": {\n          \"type\": \"object\",\n          \"properties\": {\n            \"id\": {\n              \"type\": \"string\"\n            },\n            \"type\": {\n              \"type\": \"string\"\n            },\n            \"message\": {\n              \"type\": \"string\"\n            },\n            \"severity\": {\n              \"type\": \"string\"\n            },\n            \"createdAt\": {\n              \"type\": \"string\"\n            }\n          },\n          \"required\": [\n            \"id\",\n            \"type\",\n            \"message\",\n            \"severity\",\n            \"createdAt\"\n          ]\n        }\n      },\n      \"path\": \"/data/alerts\",\n      \"message\": \"Expected array\",\n      \"errors\": []\n    }\n  ]\n}","service":"research-mgmt-api","stack":"Error: {\n  \"type\": \"validation\",\n  \"on\": \"response\",\n  \"summary\": \"Property 'data.stats' is missing\",\n  \"property\": \"/data/stats\",\n  \"message\": \"Expected required property\",\n  \"expected\": {\n    \"success\": false,\n    \"data\": {\n      \"stats\": {\n        \"users\": {\n          \"total\": 0,\n          \"students\": 0,\n          \"supervisors\": 0,\n          \"pendingApprovals\": 0\n        },\n        \"teams\": {\n          \"total\": 0,\n          \"active\": 0,\n          \"pending\": 0,\n          \"withoutSupervisor\": 0\n        },\n        \"projects\": {\n          \"total\": 0,\n          \"active\": 0,\n          \"completed\": 0,\n          \"overdue\": 0\n        },\n        \"submissions\": {\n          \"today\": 0,\n          \"thisWeek\": 0,\n          \"pending\": 0\n        }\n      },\n      \"recentActivities\": [],\n      \"alerts\": []\n    }\n  },\n  \"found\": {\n    \"success\": true,\n    \"data\": {\n      \"recentActivities\": []\n    }\n  },\n  \"errors\": [\n    {\n      \"type\": 45,\n      \"schema\": {\n        \"type\": \"object\",\n        \"properties\": {\n          \"users\": {\n            \"type\": \"object\",\n            \"properties\": {\n              \"total\": {\n                \"type\": \"number\"\n              },\n              \"students\": {\n                \"type\": \"number\"\n              },\n              \"supervisors\": {\n                \"type\": \"number\"\n              },\n              \"pendingApprovals\": {\n                \"type\": \"number\"\n              }\n            },\n            \"required\": [\n              \"total\",\n              \"students\",\n              \"supervisors\",\n              \"pendingApprovals\"\n            ]\n          },\n          \"teams\": {\n            \"type\": \"object\",\n            \"properties\": {\n              \"total\": {\n                \"type\": \"number\"\n              },\n              \"active\": {\n                \"type\": \"number\"\n              },\n              \"pending\": {\n                \"type\": \"number\"\n              },\n              \"withoutSupervisor\": {\n                \"type\": \"number\"\n              }\n            },\n            \"required\": [\n              \"total\",\n              \"active\",\n              \"pending\",\n              \"withoutSupervisor\"\n            ]\n          },\n          \"projects\": {\n            \"type\": \"object\",\n            \"properties\": {\n              \"total\": {\n                \"type\": \"number\"\n              },\n              \"active\": {\n                \"type\": \"number\"\n              },\n              \"completed\": {\n                \"type\": \"number\"\n              },\n              \"overdue\": {\n                \"type\": \"number\"\n              }\n            },\n            \"required\": [\n              \"total\",\n              \"active\",\n              \"completed\",\n              \"overdue\"\n            ]\n          },\n          \"submissions\": {\n            \"type\": \"object\",\n            \"properties\": {\n              \"today\": {\n                \"type\": \"number\"\n              },\n              \"thisWeek\": {\n                \"type\": \"number\"\n              },\n              \"pending\": {\n                \"type\": \"number\"\n              }\n            },\n            \"required\": [\n              \"today\",\n              \"thisWeek\",\n              \"pending\"\n            ]\n          }\n        },\n        \"required\": [\n          \"users\",\n          \"teams\",\n          \"projects\",\n          \"submissions\"\n        ]\n      },\n      \"path\": \"/data/stats\",\n      \"message\": \"Expected required property\",\n      \"errors\": [],\n      \"summary\": \"Property 'data.stats' is missing\"\n    },\n    {\n      \"type\": 45,\n      \"schema\": {\n        \"type\": \"array\",\n        \"items\": {\n          \"type\": \"object\",\n          \"properties\": {\n            \"id\": {\n              \"type\": \"string\"\n            },\n            \"type\": {\n              \"type\": \"string\"\n            },\n            \"message\": {\n              \"type\": \"string\"\n            },\n            \"severity\": {\n              \"type\": \"string\"\n            },\n            \"createdAt\": {\n              \"type\": \"string\"\n            }\n          },\n          \"required\": [\n            \"id\",\n            \"type\",\n            \"message\",\n            \"severity\",\n            \"createdAt\"\n          ]\n        }\n      },\n      \"path\": \"/data/alerts\",\n      \"message\": \"Expected required property\",\n      \"errors\": [],\n      \"summary\": \"Property 'data.alerts' is missing\"\n    },\n    {\n      \"summary\": \"Expected object\",\n      \"type\": 46,\n      \"schema\": {\n        \"type\": \"object\",\n        \"properties\": {\n          \"users\": {\n            \"type\": \"object\",\n            \"properties\": {\n              \"total\": {\n                \"type\": \"number\"\n              },\n              \"students\": {\n                \"type\": \"number\"\n              },\n              \"supervisors\": {\n                \"type\": \"number\"\n              },\n              \"pendingApprovals\": {\n                \"type\": \"number\"\n              }\n            },\n            \"required\": [\n              \"total\",\n              \"students\",\n              \"supervisors\",\n              \"pendingApprovals\"\n            ]\n          },\n          \"teams\": {\n            \"type\": \"object\",\n            \"properties\": {\n              \"total\": {\n                \"type\": \"number\"\n              },\n              \"active\": {\n                \"type\": \"number\"\n              },\n              \"pending\": {\n                \"type\": \"number\"\n              },\n              \"withoutSupervisor\": {\n                \"type\": \"number\"\n              }\n            },\n            \"required\": [\n              \"total\",\n              \"active\",\n              \"pending\",\n              \"withoutSupervisor\"\n            ]\n          },\n          \"projects\": {\n            \"type\": \"object\",\n            \"properties\": {\n              \"total\": {\n                \"type\": \"number\"\n              },\n              \"active\": {\n                \"type\": \"number\"\n              },\n              \"completed\": {\n                \"type\": \"number\"\n              },\n              \"overdue\": {\n                \"type\": \"number\"\n              }\n            },\n            \"required\": [\n              \"total\",\n              \"active\",\n              \"completed\",\n              \"overdue\"\n            ]\n          },\n          \"submissions\": {\n            \"type\": \"object\",\n            \"properties\": {\n              \"today\": {\n                \"type\": \"number\"\n              },\n              \"thisWeek\": {\n                \"type\": \"number\"\n              },\n              \"pending\": {\n                \"type\": \"number\"\n              }\n            },\n            \"required\": [\n              \"today\",\n              \"thisWeek\",\n              \"pending\"\n            ]\n          }\n        },\n        \"required\": [\n          \"users\",\n          \"teams\",\n          \"projects\",\n          \"submissions\"\n        ]\n      },\n      \"path\": \"/data/stats\",\n      \"message\": \"Expected object\",\n      \"errors\": []\n    },\n    {\n      \"summary\": \"Expected array\",\n      \"type\": 6,\n      \"schema\": {\n        \"type\": \"array\",\n        \"items\": {\n          \"type\": \"object\",\n          \"properties\": {\n            \"id\": {\n              \"type\": \"string\"\n            },\n            \"type\": {\n              \"type\": \"string\"\n            },\n            \"message\": {\n              \"type\": \"string\"\n            },\n            \"severity\": {\n              \"type\": \"string\"\n            },\n            \"createdAt\": {\n              \"type\": \"string\"\n            }\n          },\n          \"required\": [\n            \"id\",\n            \"type\",\n            \"message\",\n            \"severity\",\n            \"createdAt\"\n          ]\n        }\n      },\n      \"path\": \"/data/alerts\",\n      \"message\": \"Expected array\",\n      \"errors\": []\n    }\n  ]\n}\n    at new ValidationError (/home/swadhin/projects/Projectmanagement/server/node_modules/elysia/src/error.ts:264:3)\n    at <anonymous> (file:///home/swadhin/projects/Projectmanagement/server/node_modules/elysia/dist/bun/index.js:32:26)\n    at processTicksAndRejections (native:7:39)","status":422,"timestamp":"2025-04-20 01:41:43.130","type":"response","validator":{"code":"return function check(value) {\n  return (\n    (typeof value === 'object' && value !== null && !Array.isArray(value)) &&\n    (typeof value.success === 'boolean') &&\n    (typeof value.data === 'object' && value.data !== null && !Array.isArray(value.data)) &&\n    (typeof value.data.stats === 'object' && value.data.stats !== null && !Array.isArray(value.data.stats)) &&\n    (typeof value.data.stats.users === 'object' && value.data.stats.users !== null && !Array.isArray(value.data.stats.users)) &&\n    Number.isFinite(value.data.stats.users.total) &&\n    Number.isFinite(value.data.stats.users.students) &&\n    Number.isFinite(value.data.stats.users.supervisors) &&\n    Number.isFinite(value.data.stats.users.pendingApprovals) &&\n    (typeof value.data.stats.teams === 'object' && value.data.stats.teams !== null && !Array.isArray(value.data.stats.teams)) &&\n    Number.isFinite(value.data.stats.teams.total) &&\n    Number.isFinite(value.data.stats.teams.active) &&\n    Number.isFinite(value.data.stats.teams.pending) &&\n    Number.isFinite(value.data.stats.teams.withoutSupervisor) &&\n    (typeof value.data.stats.projects === 'object' && value.data.stats.projects !== null && !Array.isArray(value.data.stats.projects)) &&\n    Number.isFinite(value.data.stats.projects.total) &&\n    Number.isFinite(value.data.stats.projects.active) &&\n    Number.isFinite(value.data.stats.projects.completed) &&\n    Number.isFinite(value.data.stats.projects.overdue) &&\n    (typeof value.data.stats.submissions === 'object' && value.data.stats.submissions !== null && !Array.isArray(value.data.stats.submissions)) &&\n    Number.isFinite(value.data.stats.submissions.today) &&\n    Number.isFinite(value.data.stats.submissions.thisWeek) &&\n    Number.isFinite(value.data.stats.submissions.pending) &&\n    Array.isArray(value.data.recentActivities) &&\n    value.data.recentActivities.every((value) => ((typeof value === 'object' && value !== null && !Array.isArray(value)) && (typeof value.id === 'string') && (typeof value.type === 'string') && (typeof value.description === 'string') && (typeof value.user === 'object' && value.user !== null && !Array.isArray(value.user)) && (typeof value.user.id === 'string') && (typeof value.user.name === 'string') && (typeof value.user.role === 'string') && (typeof value.timestamp === 'string'))) &&\n    Array.isArray(value.data.alerts) &&\n    value.data.alerts.every((value) => ((typeof value === 'object' && value !== null && !Array.isArray(value)) && (typeof value.id === 'string') && (typeof value.type === 'string') && (typeof value.message === 'string') && (typeof value.severity === 'string') && (typeof value.createdAt === 'string'))) &&\n    Object.getOwnPropertyNames(value).length === 2\n  )\n}","hasTransform":false,"references":[],"schema":{"additionalProperties":false,"properties":{"data":{"properties":{"alerts":{"items":{"properties":{"createdAt":{"type":"string"},"id":{"type":"string"},"message":{"type":"string"},"severity":{"type":"string"},"type":{"type":"string"}},"required":["id","type","message","severity","createdAt"],"type":"object"},"type":"array"},"recentActivities":{"items":{"properties":{"description":{"type":"string"},"id":{"type":"string"},"timestamp":{"type":"string"},"type":{"type":"string"},"user":{"properties":{"id":{"type":"string"},"name":{"type":"string"},"role":{"type":"string"}},"required":["id","name","role"],"type":"object"}},"required":["id","type","description","user","timestamp"],"type":"object"},"type":"array"},"stats":{"properties":{"projects":{"properties":{"active":{"type":"number"},"completed":{"type":"number"},"overdue":{"type":"number"},"total":{"type":"number"}},"required":["total","active","completed","overdue"],"type":"object"},"submissions":{"properties":{"pending":{"type":"number"},"thisWeek":{"type":"number"},"today":{"type":"number"}},"required":["today","thisWeek","pending"],"type":"object"},"teams":{"properties":{"active":{"type":"number"},"pending":{"type":"number"},"total":{"type":"number"},"withoutSupervisor":{"type":"number"}},"required":["total","active","pending","withoutSupervisor"],"type":"object"},"users":{"properties":{"pendingApprovals":{"type":"number"},"students":{"type":"number"},"supervisors":{"type":"number"},"total":{"type":"number"}},"required":["total","students","supervisors","pendingApprovals"],"type":"object"}},"required":["users","teams","projects","submissions"],"type":"object"}},"required":["stats","recentActivities","alerts"],"type":"object"},"success":{"type":"boolean"}},"required":["success","data"],"type":"object"}},"value":{"data":{"recentActivities":[]},"success":true}}
{"level":"error","message":"HTTP GET /api/admin/sessions - 404 (0ms) Error: Route not found","service":"research-mgmt-api","timestamp":"2025-04-20 01:41:43.725"}
{"level":"error","message":"HTTP GET /api/teams - 404 (0ms) Error: Route not found","service":"research-mgmt-api","timestamp":"2025-04-20 01:41:43.773"}
{"level":"error","message":"HTTP GET /api/supervisors - 404 (0ms) Error: Route not found","service":"research-mgmt-api","timestamp":"2025-04-20 01:41:43.773"}
{"level":"info","message":"📊 Fetching admin dashboard data","service":"research-mgmt-api","timestamp":"2025-04-20 01:41:43.773"}
{"level":"error","message":"HTTP GET /api/admin/sessions - 404 (0ms) Error: Route not found","service":"research-mgmt-api","timestamp":"2025-04-20 01:41:43.777"}
{"level":"error","message":"HTTP GET /api/admin/pending-supervisors - 404 (0ms) Error: Route not found","service":"research-mgmt-api","timestamp":"2025-04-20 01:41:43.777"}
{"level":"error","message":"HTTP GET /api/teams - 404 (0ms) Error: Route not found","service":"research-mgmt-api","timestamp":"2025-04-20 01:41:43.777"}
{"level":"error","message":"HTTP GET /api/supervisors - 404 (0ms) Error: Route not found","service":"research-mgmt-api","timestamp":"2025-04-20 01:41:43.777"}
{"level":"info","message":"HTTP GET /api/notifications - 200 (0ms)","service":"research-mgmt-api","timestamp":"2025-04-20 01:41:43.983"}
{"level":"info","message":"HTTP GET /api/notifications/unread/count - 200 (0ms)","service":"research-mgmt-api","timestamp":"2025-04-20 01:41:43.992"}
{"level":"info","message":"HTTP GET /api/dashboard/admin - 200 (375ms)","service":"research-mgmt-api","timestamp":"2025-04-20 01:41:44.148"}
{"code":"VALIDATION","level":"error","message":"Application error: {\n  \"type\": \"validation\",\n  \"on\": \"response\",\n  \"summary\": \"Property 'data.stats' is missing\",\n  \"property\": \"/data/stats\",\n  \"message\": \"Expected required property\",\n  \"expected\": {\n    \"success\": false,\n    \"data\": {\n      \"stats\": {\n        \"users\": {\n          \"total\": 0,\n          \"students\": 0,\n          \"supervisors\": 0,\n          \"pendingApprovals\": 0\n        },\n        \"teams\": {\n          \"total\": 0,\n          \"active\": 0,\n          \"pending\": 0,\n          \"withoutSupervisor\": 0\n        },\n        \"projects\": {\n          \"total\": 0,\n          \"active\": 0,\n          \"completed\": 0,\n          \"overdue\": 0\n        },\n        \"submissions\": {\n          \"today\": 0,\n          \"thisWeek\": 0,\n          \"pending\": 0\n        }\n      },\n      \"recentActivities\": [],\n      \"alerts\": []\n    }\n  },\n  \"found\": {\n    \"success\": true,\n    \"data\": {\n      \"recentActivities\": []\n    }\n  },\n  \"errors\": [\n    {\n      \"type\": 45,\n      \"schema\": {\n        \"type\": \"object\",\n        \"properties\": {\n          \"users\": {\n            \"type\": \"object\",\n            \"properties\": {\n              \"total\": {\n                \"type\": \"number\"\n              },\n              \"students\": {\n                \"type\": \"number\"\n              },\n              \"supervisors\": {\n                \"type\": \"number\"\n              },\n              \"pendingApprovals\": {\n                \"type\": \"number\"\n              }\n            },\n            \"required\": [\n              \"total\",\n              \"students\",\n              \"supervisors\",\n              \"pendingApprovals\"\n            ]\n          },\n          \"teams\": {\n            \"type\": \"object\",\n            \"properties\": {\n              \"total\": {\n                \"type\": \"number\"\n              },\n              \"active\": {\n                \"type\": \"number\"\n              },\n              \"pending\": {\n                \"type\": \"number\"\n              },\n              \"withoutSupervisor\": {\n                \"type\": \"number\"\n              }\n            },\n            \"required\": [\n              \"total\",\n              \"active\",\n              \"pending\",\n              \"withoutSupervisor\"\n            ]\n          },\n          \"projects\": {\n            \"type\": \"object\",\n            \"properties\": {\n              \"total\": {\n                \"type\": \"number\"\n              },\n              \"active\": {\n                \"type\": \"number\"\n              },\n              \"completed\": {\n                \"type\": \"number\"\n              },\n              \"overdue\": {\n                \"type\": \"number\"\n              }\n            },\n            \"required\": [\n              \"total\",\n              \"active\",\n              \"completed\",\n              \"overdue\"\n            ]\n          },\n          \"submissions\": {\n            \"type\": \"object\",\n            \"properties\": {\n              \"today\": {\n                \"type\": \"number\"\n              },\n              \"thisWeek\": {\n                \"type\": \"number\"\n              },\n              \"pending\": {\n                \"type\": \"number\"\n              }\n            },\n            \"required\": [\n              \"today\",\n              \"thisWeek\",\n              \"pending\"\n            ]\n          }\n        },\n        \"required\": [\n          \"users\",\n          \"teams\",\n          \"projects\",\n          \"submissions\"\n        ]\n      },\n      \"path\": \"/data/stats\",\n      \"message\": \"Expected required property\",\n      \"errors\": [],\n      \"summary\": \"Property 'data.stats' is missing\"\n    },\n    {\n      \"type\": 45,\n      \"schema\": {\n        \"type\": \"array\",\n        \"items\": {\n          \"type\": \"object\",\n          \"properties\": {\n            \"id\": {\n              \"type\": \"string\"\n            },\n            \"type\": {\n              \"type\": \"string\"\n            },\n            \"message\": {\n              \"type\": \"string\"\n            },\n            \"severity\": {\n              \"type\": \"string\"\n            },\n            \"createdAt\": {\n              \"type\": \"string\"\n            }\n          },\n          \"required\": [\n            \"id\",\n            \"type\",\n            \"message\",\n            \"severity\",\n            \"createdAt\"\n          ]\n        }\n      },\n      \"path\": \"/data/alerts\",\n      \"message\": \"Expected required property\",\n      \"errors\": [],\n      \"summary\": \"Property 'data.alerts' is missing\"\n    },\n    {\n      \"summary\": \"Expected object\",\n      \"type\": 46,\n      \"schema\": {\n        \"type\": \"object\",\n        \"properties\": {\n          \"users\": {\n            \"type\": \"object\",\n            \"properties\": {\n              \"total\": {\n                \"type\": \"number\"\n              },\n              \"students\": {\n                \"type\": \"number\"\n              },\n              \"supervisors\": {\n                \"type\": \"number\"\n              },\n              \"pendingApprovals\": {\n                \"type\": \"number\"\n              }\n            },\n            \"required\": [\n              \"total\",\n              \"students\",\n              \"supervisors\",\n              \"pendingApprovals\"\n            ]\n          },\n          \"teams\": {\n            \"type\": \"object\",\n            \"properties\": {\n              \"total\": {\n                \"type\": \"number\"\n              },\n              \"active\": {\n                \"type\": \"number\"\n              },\n              \"pending\": {\n                \"type\": \"number\"\n              },\n              \"withoutSupervisor\": {\n                \"type\": \"number\"\n              }\n            },\n            \"required\": [\n              \"total\",\n              \"active\",\n              \"pending\",\n              \"withoutSupervisor\"\n            ]\n          },\n          \"projects\": {\n            \"type\": \"object\",\n            \"properties\": {\n              \"total\": {\n                \"type\": \"number\"\n              },\n              \"active\": {\n                \"type\": \"number\"\n              },\n              \"completed\": {\n                \"type\": \"number\"\n              },\n              \"overdue\": {\n                \"type\": \"number\"\n              }\n            },\n            \"required\": [\n              \"total\",\n              \"active\",\n              \"completed\",\n              \"overdue\"\n            ]\n          },\n          \"submissions\": {\n            \"type\": \"object\",\n            \"properties\": {\n              \"today\": {\n                \"type\": \"number\"\n              },\n              \"thisWeek\": {\n                \"type\": \"number\"\n              },\n              \"pending\": {\n                \"type\": \"number\"\n              }\n            },\n            \"required\": [\n              \"today\",\n              \"thisWeek\",\n              \"pending\"\n            ]\n          }\n        },\n        \"required\": [\n          \"users\",\n          \"teams\",\n          \"projects\",\n          \"submissions\"\n        ]\n      },\n      \"path\": \"/data/stats\",\n      \"message\": \"Expected object\",\n      \"errors\": []\n    },\n    {\n      \"summary\": \"Expected array\",\n      \"type\": 6,\n      \"schema\": {\n        \"type\": \"array\",\n        \"items\": {\n          \"type\": \"object\",\n          \"properties\": {\n            \"id\": {\n              \"type\": \"string\"\n            },\n            \"type\": {\n              \"type\": \"string\"\n            },\n            \"message\": {\n              \"type\": \"string\"\n            },\n            \"severity\": {\n              \"type\": \"string\"\n            },\n            \"createdAt\": {\n              \"type\": \"string\"\n            }\n          },\n          \"required\": [\n            \"id\",\n            \"type\",\n            \"message\",\n            \"severity\",\n            \"createdAt\"\n          ]\n        }\n      },\n      \"path\": \"/data/alerts\",\n      \"message\": \"Expected array\",\n      \"errors\": []\n    }\n  ]\n}","service":"research-mgmt-api","stack":"Error: {\n  \"type\": \"validation\",\n  \"on\": \"response\",\n  \"summary\": \"Property 'data.stats' is missing\",\n  \"property\": \"/data/stats\",\n  \"message\": \"Expected required property\",\n  \"expected\": {\n    \"success\": false,\n    \"data\": {\n      \"stats\": {\n        \"users\": {\n          \"total\": 0,\n          \"students\": 0,\n          \"supervisors\": 0,\n          \"pendingApprovals\": 0\n        },\n        \"teams\": {\n          \"total\": 0,\n          \"active\": 0,\n          \"pending\": 0,\n          \"withoutSupervisor\": 0\n        },\n        \"projects\": {\n          \"total\": 0,\n          \"active\": 0,\n          \"completed\": 0,\n          \"overdue\": 0\n        },\n        \"submissions\": {\n          \"today\": 0,\n          \"thisWeek\": 0,\n          \"pending\": 0\n        }\n      },\n      \"recentActivities\": [],\n      \"alerts\": []\n    }\n  },\n  \"found\": {\n    \"success\": true,\n    \"data\": {\n      \"recentActivities\": []\n    }\n  },\n  \"errors\": [\n    {\n      \"type\": 45,\n      \"schema\": {\n        \"type\": \"object\",\n        \"properties\": {\n          \"users\": {\n            \"type\": \"object\",\n            \"properties\": {\n              \"total\": {\n                \"type\": \"number\"\n              },\n              \"students\": {\n                \"type\": \"number\"\n              },\n              \"supervisors\": {\n                \"type\": \"number\"\n              },\n              \"pendingApprovals\": {\n                \"type\": \"number\"\n              }\n            },\n            \"required\": [\n              \"total\",\n              \"students\",\n              \"supervisors\",\n              \"pendingApprovals\"\n            ]\n          },\n          \"teams\": {\n            \"type\": \"object\",\n            \"properties\": {\n              \"total\": {\n                \"type\": \"number\"\n              },\n              \"active\": {\n                \"type\": \"number\"\n              },\n              \"pending\": {\n                \"type\": \"number\"\n              },\n              \"withoutSupervisor\": {\n                \"type\": \"number\"\n              }\n            },\n            \"required\": [\n              \"total\",\n              \"active\",\n              \"pending\",\n              \"withoutSupervisor\"\n            ]\n          },\n          \"projects\": {\n            \"type\": \"object\",\n            \"properties\": {\n              \"total\": {\n                \"type\": \"number\"\n              },\n              \"active\": {\n                \"type\": \"number\"\n              },\n              \"completed\": {\n                \"type\": \"number\"\n              },\n              \"overdue\": {\n                \"type\": \"number\"\n              }\n            },\n            \"required\": [\n              \"total\",\n              \"active\",\n              \"completed\",\n              \"overdue\"\n            ]\n          },\n          \"submissions\": {\n            \"type\": \"object\",\n            \"properties\": {\n              \"today\": {\n                \"type\": \"number\"\n              },\n              \"thisWeek\": {\n                \"type\": \"number\"\n              },\n              \"pending\": {\n                \"type\": \"number\"\n              }\n            },\n            \"required\": [\n              \"today\",\n              \"thisWeek\",\n              \"pending\"\n            ]\n          }\n        },\n        \"required\": [\n          \"users\",\n          \"teams\",\n          \"projects\",\n          \"submissions\"\n        ]\n      },\n      \"path\": \"/data/stats\",\n      \"message\": \"Expected required property\",\n      \"errors\": [],\n      \"summary\": \"Property 'data.stats' is missing\"\n    },\n    {\n      \"type\": 45,\n      \"schema\": {\n        \"type\": \"array\",\n        \"items\": {\n          \"type\": \"object\",\n          \"properties\": {\n            \"id\": {\n              \"type\": \"string\"\n            },\n            \"type\": {\n              \"type\": \"string\"\n            },\n            \"message\": {\n              \"type\": \"string\"\n            },\n            \"severity\": {\n              \"type\": \"string\"\n            },\n            \"createdAt\": {\n              \"type\": \"string\"\n            }\n          },\n          \"required\": [\n            \"id\",\n            \"type\",\n            \"message\",\n            \"severity\",\n            \"createdAt\"\n          ]\n        }\n      },\n      \"path\": \"/data/alerts\",\n      \"message\": \"Expected required property\",\n      \"errors\": [],\n      \"summary\": \"Property 'data.alerts' is missing\"\n    },\n    {\n      \"summary\": \"Expected object\",\n      \"type\": 46,\n      \"schema\": {\n        \"type\": \"object\",\n        \"properties\": {\n          \"users\": {\n            \"type\": \"object\",\n            \"properties\": {\n              \"total\": {\n                \"type\": \"number\"\n              },\n              \"students\": {\n                \"type\": \"number\"\n              },\n              \"supervisors\": {\n                \"type\": \"number\"\n              },\n              \"pendingApprovals\": {\n                \"type\": \"number\"\n              }\n            },\n            \"required\": [\n              \"total\",\n              \"students\",\n              \"supervisors\",\n              \"pendingApprovals\"\n            ]\n          },\n          \"teams\": {\n            \"type\": \"object\",\n            \"properties\": {\n              \"total\": {\n                \"type\": \"number\"\n              },\n              \"active\": {\n                \"type\": \"number\"\n              },\n              \"pending\": {\n                \"type\": \"number\"\n              },\n              \"withoutSupervisor\": {\n                \"type\": \"number\"\n              }\n            },\n            \"required\": [\n              \"total\",\n              \"active\",\n              \"pending\",\n              \"withoutSupervisor\"\n            ]\n          },\n          \"projects\": {\n            \"type\": \"object\",\n            \"properties\": {\n              \"total\": {\n                \"type\": \"number\"\n              },\n              \"active\": {\n                \"type\": \"number\"\n              },\n              \"completed\": {\n                \"type\": \"number\"\n              },\n              \"overdue\": {\n                \"type\": \"number\"\n              }\n            },\n            \"required\": [\n              \"total\",\n              \"active\",\n              \"completed\",\n              \"overdue\"\n            ]\n          },\n          \"submissions\": {\n            \"type\": \"object\",\n            \"properties\": {\n              \"today\": {\n                \"type\": \"number\"\n              },\n              \"thisWeek\": {\n                \"type\": \"number\"\n              },\n              \"pending\": {\n                \"type\": \"number\"\n              }\n            },\n            \"required\": [\n              \"today\",\n              \"thisWeek\",\n              \"pending\"\n            ]\n          }\n        },\n        \"required\": [\n          \"users\",\n          \"teams\",\n          \"projects\",\n          \"submissions\"\n        ]\n      },\n      \"path\": \"/data/stats\",\n      \"message\": \"Expected object\",\n      \"errors\": []\n    },\n    {\n      \"summary\": \"Expected array\",\n      \"type\": 6,\n      \"schema\": {\n        \"type\": \"array\",\n        \"items\": {\n          \"type\": \"object\",\n          \"properties\": {\n            \"id\": {\n              \"type\": \"string\"\n            },\n            \"type\": {\n              \"type\": \"string\"\n            },\n            \"message\": {\n              \"type\": \"string\"\n            },\n            \"severity\": {\n              \"type\": \"string\"\n            },\n            \"createdAt\": {\n              \"type\": \"string\"\n            }\n          },\n          \"required\": [\n            \"id\",\n            \"type\",\n            \"message\",\n            \"severity\",\n            \"createdAt\"\n          ]\n        }\n      },\n      \"path\": \"/data/alerts\",\n      \"message\": \"Expected array\",\n      \"errors\": []\n    }\n  ]\n}\n    at new ValidationError (/home/swadhin/projects/Projectmanagement/server/node_modules/elysia/src/error.ts:264:3)\n    at <anonymous> (file:///home/swadhin/projects/Projectmanagement/server/node_modules/elysia/dist/bun/index.js:32:26)\n    at processTicksAndRejections (native:7:39)","status":422,"timestamp":"2025-04-20 01:41:44.150","type":"response","validator":{"code":"return function check(value) {\n  return (\n    (typeof value === 'object' && value !== null && !Array.isArray(value)) &&\n    (typeof value.success === 'boolean') &&\n    (typeof value.data === 'object' && value.data !== null && !Array.isArray(value.data)) &&\n    (typeof value.data.stats === 'object' && value.data.stats !== null && !Array.isArray(value.data.stats)) &&\n    (typeof value.data.stats.users === 'object' && value.data.stats.users !== null && !Array.isArray(value.data.stats.users)) &&\n    Number.isFinite(value.data.stats.users.total) &&\n    Number.isFinite(value.data.stats.users.students) &&\n    Number.isFinite(value.data.stats.users.supervisors) &&\n    Number.isFinite(value.data.stats.users.pendingApprovals) &&\n    (typeof value.data.stats.teams === 'object' && value.data.stats.teams !== null && !Array.isArray(value.data.stats.teams)) &&\n    Number.isFinite(value.data.stats.teams.total) &&\n    Number.isFinite(value.data.stats.teams.active) &&\n    Number.isFinite(value.data.stats.teams.pending) &&\n    Number.isFinite(value.data.stats.teams.withoutSupervisor) &&\n    (typeof value.data.stats.projects === 'object' && value.data.stats.projects !== null && !Array.isArray(value.data.stats.projects)) &&\n    Number.isFinite(value.data.stats.projects.total) &&\n    Number.isFinite(value.data.stats.projects.active) &&\n    Number.isFinite(value.data.stats.projects.completed) &&\n    Number.isFinite(value.data.stats.projects.overdue) &&\n    (typeof value.data.stats.submissions === 'object' && value.data.stats.submissions !== null && !Array.isArray(value.data.stats.submissions)) &&\n    Number.isFinite(value.data.stats.submissions.today) &&\n    Number.isFinite(value.data.stats.submissions.thisWeek) &&\n    Number.isFinite(value.data.stats.submissions.pending) &&\n    Array.isArray(value.data.recentActivities) &&\n    value.data.recentActivities.every((value) => ((typeof value === 'object' && value !== null && !Array.isArray(value)) && (typeof value.id === 'string') && (typeof value.type === 'string') && (typeof value.description === 'string') && (typeof value.user === 'object' && value.user !== null && !Array.isArray(value.user)) && (typeof value.user.id === 'string') && (typeof value.user.name === 'string') && (typeof value.user.role === 'string') && (typeof value.timestamp === 'string'))) &&\n    Array.isArray(value.data.alerts) &&\n    value.data.alerts.every((value) => ((typeof value === 'object' && value !== null && !Array.isArray(value)) && (typeof value.id === 'string') && (typeof value.type === 'string') && (typeof value.message === 'string') && (typeof value.severity === 'string') && (typeof value.createdAt === 'string'))) &&\n    Object.getOwnPropertyNames(value).length === 2\n  )\n}","hasTransform":false,"references":[],"schema":{"additionalProperties":false,"properties":{"data":{"properties":{"alerts":{"items":{"properties":{"createdAt":{"type":"string"},"id":{"type":"string"},"message":{"type":"string"},"severity":{"type":"string"},"type":{"type":"string"}},"required":["id","type","message","severity","createdAt"],"type":"object"},"type":"array"},"recentActivities":{"items":{"properties":{"description":{"type":"string"},"id":{"type":"string"},"timestamp":{"type":"string"},"type":{"type":"string"},"user":{"properties":{"id":{"type":"string"},"name":{"type":"string"},"role":{"type":"string"}},"required":["id","name","role"],"type":"object"}},"required":["id","type","description","user","timestamp"],"type":"object"},"type":"array"},"stats":{"properties":{"projects":{"properties":{"active":{"type":"number"},"completed":{"type":"number"},"overdue":{"type":"number"},"total":{"type":"number"}},"required":["total","active","completed","overdue"],"type":"object"},"submissions":{"properties":{"pending":{"type":"number"},"thisWeek":{"type":"number"},"today":{"type":"number"}},"required":["today","thisWeek","pending"],"type":"object"},"teams":{"properties":{"active":{"type":"number"},"pending":{"type":"number"},"total":{"type":"number"},"withoutSupervisor":{"type":"number"}},"required":["total","active","pending","withoutSupervisor"],"type":"object"},"users":{"properties":{"pendingApprovals":{"type":"number"},"students":{"type":"number"},"supervisors":{"type":"number"},"total":{"type":"number"}},"required":["total","students","supervisors","pendingApprovals"],"type":"object"}},"required":["users","teams","projects","submissions"],"type":"object"}},"required":["stats","recentActivities","alerts"],"type":"object"},"success":{"type":"boolean"}},"required":["success","data"],"type":"object"}},"value":{"data":{"recentActivities":[]},"success":true}}
{"level":"info","message":"📊 Fetching admin dashboard data","service":"research-mgmt-api","timestamp":"2025-04-20 01:41:44.151"}
{"level":"info","message":"HTTP GET /api/dashboard/admin - 200 (103ms)","service":"research-mgmt-api","timestamp":"2025-04-20 01:41:44.254"}
{"code":"VALIDATION","level":"error","message":"Application error: {\n  \"type\": \"validation\",\n  \"on\": \"response\",\n  \"summary\": \"Property 'data.stats' is missing\",\n  \"property\": \"/data/stats\",\n  \"message\": \"Expected required property\",\n  \"expected\": {\n    \"success\": false,\n    \"data\": {\n      \"stats\": {\n        \"users\": {\n          \"total\": 0,\n          \"students\": 0,\n          \"supervisors\": 0,\n          \"pendingApprovals\": 0\n        },\n        \"teams\": {\n          \"total\": 0,\n          \"active\": 0,\n          \"pending\": 0,\n          \"withoutSupervisor\": 0\n        },\n        \"projects\": {\n          \"total\": 0,\n          \"active\": 0,\n          \"completed\": 0,\n          \"overdue\": 0\n        },\n        \"submissions\": {\n          \"today\": 0,\n          \"thisWeek\": 0,\n          \"pending\": 0\n        }\n      },\n      \"recentActivities\": [],\n      \"alerts\": []\n    }\n  },\n  \"found\": {\n    \"success\": true,\n    \"data\": {\n      \"recentActivities\": []\n    }\n  },\n  \"errors\": [\n    {\n      \"type\": 45,\n      \"schema\": {\n        \"type\": \"object\",\n        \"properties\": {\n          \"users\": {\n            \"type\": \"object\",\n            \"properties\": {\n              \"total\": {\n                \"type\": \"number\"\n              },\n              \"students\": {\n                \"type\": \"number\"\n              },\n              \"supervisors\": {\n                \"type\": \"number\"\n              },\n              \"pendingApprovals\": {\n                \"type\": \"number\"\n              }\n            },\n            \"required\": [\n              \"total\",\n              \"students\",\n              \"supervisors\",\n              \"pendingApprovals\"\n            ]\n          },\n          \"teams\": {\n            \"type\": \"object\",\n            \"properties\": {\n              \"total\": {\n                \"type\": \"number\"\n              },\n              \"active\": {\n                \"type\": \"number\"\n              },\n              \"pending\": {\n                \"type\": \"number\"\n              },\n              \"withoutSupervisor\": {\n                \"type\": \"number\"\n              }\n            },\n            \"required\": [\n              \"total\",\n              \"active\",\n              \"pending\",\n              \"withoutSupervisor\"\n            ]\n          },\n          \"projects\": {\n            \"type\": \"object\",\n            \"properties\": {\n              \"total\": {\n                \"type\": \"number\"\n              },\n              \"active\": {\n                \"type\": \"number\"\n              },\n              \"completed\": {\n                \"type\": \"number\"\n              },\n              \"overdue\": {\n                \"type\": \"number\"\n              }\n            },\n            \"required\": [\n              \"total\",\n              \"active\",\n              \"completed\",\n              \"overdue\"\n            ]\n          },\n          \"submissions\": {\n            \"type\": \"object\",\n            \"properties\": {\n              \"today\": {\n                \"type\": \"number\"\n              },\n              \"thisWeek\": {\n                \"type\": \"number\"\n              },\n              \"pending\": {\n                \"type\": \"number\"\n              }\n            },\n            \"required\": [\n              \"today\",\n              \"thisWeek\",\n              \"pending\"\n            ]\n          }\n        },\n        \"required\": [\n          \"users\",\n          \"teams\",\n          \"projects\",\n          \"submissions\"\n        ]\n      },\n      \"path\": \"/data/stats\",\n      \"message\": \"Expected required property\",\n      \"errors\": [],\n      \"summary\": \"Property 'data.stats' is missing\"\n    },\n    {\n      \"type\": 45,\n      \"schema\": {\n        \"type\": \"array\",\n        \"items\": {\n          \"type\": \"object\",\n          \"properties\": {\n            \"id\": {\n              \"type\": \"string\"\n            },\n            \"type\": {\n              \"type\": \"string\"\n            },\n            \"message\": {\n              \"type\": \"string\"\n            },\n            \"severity\": {\n              \"type\": \"string\"\n            },\n            \"createdAt\": {\n              \"type\": \"string\"\n            }\n          },\n          \"required\": [\n            \"id\",\n            \"type\",\n            \"message\",\n            \"severity\",\n            \"createdAt\"\n          ]\n        }\n      },\n      \"path\": \"/data/alerts\",\n      \"message\": \"Expected required property\",\n      \"errors\": [],\n      \"summary\": \"Property 'data.alerts' is missing\"\n    },\n    {\n      \"summary\": \"Expected object\",\n      \"type\": 46,\n      \"schema\": {\n        \"type\": \"object\",\n        \"properties\": {\n          \"users\": {\n            \"type\": \"object\",\n            \"properties\": {\n              \"total\": {\n                \"type\": \"number\"\n              },\n              \"students\": {\n                \"type\": \"number\"\n              },\n              \"supervisors\": {\n                \"type\": \"number\"\n              },\n              \"pendingApprovals\": {\n                \"type\": \"number\"\n              }\n            },\n            \"required\": [\n              \"total\",\n              \"students\",\n              \"supervisors\",\n              \"pendingApprovals\"\n            ]\n          },\n          \"teams\": {\n            \"type\": \"object\",\n            \"properties\": {\n              \"total\": {\n                \"type\": \"number\"\n              },\n              \"active\": {\n                \"type\": \"number\"\n              },\n              \"pending\": {\n                \"type\": \"number\"\n              },\n              \"withoutSupervisor\": {\n                \"type\": \"number\"\n              }\n            },\n            \"required\": [\n              \"total\",\n              \"active\",\n              \"pending\",\n              \"withoutSupervisor\"\n            ]\n          },\n          \"projects\": {\n            \"type\": \"object\",\n            \"properties\": {\n              \"total\": {\n                \"type\": \"number\"\n              },\n              \"active\": {\n                \"type\": \"number\"\n              },\n              \"completed\": {\n                \"type\": \"number\"\n              },\n              \"overdue\": {\n                \"type\": \"number\"\n              }\n            },\n            \"required\": [\n              \"total\",\n              \"active\",\n              \"completed\",\n              \"overdue\"\n            ]\n          },\n          \"submissions\": {\n            \"type\": \"object\",\n            \"properties\": {\n              \"today\": {\n                \"type\": \"number\"\n              },\n              \"thisWeek\": {\n                \"type\": \"number\"\n              },\n              \"pending\": {\n                \"type\": \"number\"\n              }\n            },\n            \"required\": [\n              \"today\",\n              \"thisWeek\",\n              \"pending\"\n            ]\n          }\n        },\n        \"required\": [\n          \"users\",\n          \"teams\",\n          \"projects\",\n          \"submissions\"\n        ]\n      },\n      \"path\": \"/data/stats\",\n      \"message\": \"Expected object\",\n      \"errors\": []\n    },\n    {\n      \"summary\": \"Expected array\",\n      \"type\": 6,\n      \"schema\": {\n        \"type\": \"array\",\n        \"items\": {\n          \"type\": \"object\",\n          \"properties\": {\n            \"id\": {\n              \"type\": \"string\"\n            },\n            \"type\": {\n              \"type\": \"string\"\n            },\n            \"message\": {\n              \"type\": \"string\"\n            },\n            \"severity\": {\n              \"type\": \"string\"\n            },\n            \"createdAt\": {\n              \"type\": \"string\"\n            }\n          },\n          \"required\": [\n            \"id\",\n            \"type\",\n            \"message\",\n            \"severity\",\n            \"createdAt\"\n          ]\n        }\n      },\n      \"path\": \"/data/alerts\",\n      \"message\": \"Expected array\",\n      \"errors\": []\n    }\n  ]\n}","service":"research-mgmt-api","stack":"Error: {\n  \"type\": \"validation\",\n  \"on\": \"response\",\n  \"summary\": \"Property 'data.stats' is missing\",\n  \"property\": \"/data/stats\",\n  \"message\": \"Expected required property\",\n  \"expected\": {\n    \"success\": false,\n    \"data\": {\n      \"stats\": {\n        \"users\": {\n          \"total\": 0,\n          \"students\": 0,\n          \"supervisors\": 0,\n          \"pendingApprovals\": 0\n        },\n        \"teams\": {\n          \"total\": 0,\n          \"active\": 0,\n          \"pending\": 0,\n          \"withoutSupervisor\": 0\n        },\n        \"projects\": {\n          \"total\": 0,\n          \"active\": 0,\n          \"completed\": 0,\n          \"overdue\": 0\n        },\n        \"submissions\": {\n          \"today\": 0,\n          \"thisWeek\": 0,\n          \"pending\": 0\n        }\n      },\n      \"recentActivities\": [],\n      \"alerts\": []\n    }\n  },\n  \"found\": {\n    \"success\": true,\n    \"data\": {\n      \"recentActivities\": []\n    }\n  },\n  \"errors\": [\n    {\n      \"type\": 45,\n      \"schema\": {\n        \"type\": \"object\",\n        \"properties\": {\n          \"users\": {\n            \"type\": \"object\",\n            \"properties\": {\n              \"total\": {\n                \"type\": \"number\"\n              },\n              \"students\": {\n                \"type\": \"number\"\n              },\n              \"supervisors\": {\n                \"type\": \"number\"\n              },\n              \"pendingApprovals\": {\n                \"type\": \"number\"\n              }\n            },\n            \"required\": [\n              \"total\",\n              \"students\",\n              \"supervisors\",\n              \"pendingApprovals\"\n            ]\n          },\n          \"teams\": {\n            \"type\": \"object\",\n            \"properties\": {\n              \"total\": {\n                \"type\": \"number\"\n              },\n              \"active\": {\n                \"type\": \"number\"\n              },\n              \"pending\": {\n                \"type\": \"number\"\n              },\n              \"withoutSupervisor\": {\n                \"type\": \"number\"\n              }\n            },\n            \"required\": [\n              \"total\",\n              \"active\",\n              \"pending\",\n              \"withoutSupervisor\"\n            ]\n          },\n          \"projects\": {\n            \"type\": \"object\",\n            \"properties\": {\n              \"total\": {\n                \"type\": \"number\"\n              },\n              \"active\": {\n                \"type\": \"number\"\n              },\n              \"completed\": {\n                \"type\": \"number\"\n              },\n              \"overdue\": {\n                \"type\": \"number\"\n              }\n            },\n            \"required\": [\n              \"total\",\n              \"active\",\n              \"completed\",\n              \"overdue\"\n            ]\n          },\n          \"submissions\": {\n            \"type\": \"object\",\n            \"properties\": {\n              \"today\": {\n                \"type\": \"number\"\n              },\n              \"thisWeek\": {\n                \"type\": \"number\"\n              },\n              \"pending\": {\n                \"type\": \"number\"\n              }\n            },\n            \"required\": [\n              \"today\",\n              \"thisWeek\",\n              \"pending\"\n            ]\n          }\n        },\n        \"required\": [\n          \"users\",\n          \"teams\",\n          \"projects\",\n          \"submissions\"\n        ]\n      },\n      \"path\": \"/data/stats\",\n      \"message\": \"Expected required property\",\n      \"errors\": [],\n      \"summary\": \"Property 'data.stats' is missing\"\n    },\n    {\n      \"type\": 45,\n      \"schema\": {\n        \"type\": \"array\",\n        \"items\": {\n          \"type\": \"object\",\n          \"properties\": {\n            \"id\": {\n              \"type\": \"string\"\n            },\n            \"type\": {\n              \"type\": \"string\"\n            },\n            \"message\": {\n              \"type\": \"string\"\n            },\n            \"severity\": {\n              \"type\": \"string\"\n            },\n            \"createdAt\": {\n              \"type\": \"string\"\n            }\n          },\n          \"required\": [\n            \"id\",\n            \"type\",\n            \"message\",\n            \"severity\",\n            \"createdAt\"\n          ]\n        }\n      },\n      \"path\": \"/data/alerts\",\n      \"message\": \"Expected required property\",\n      \"errors\": [],\n      \"summary\": \"Property 'data.alerts' is missing\"\n    },\n    {\n      \"summary\": \"Expected object\",\n      \"type\": 46,\n      \"schema\": {\n        \"type\": \"object\",\n        \"properties\": {\n          \"users\": {\n            \"type\": \"object\",\n            \"properties\": {\n              \"total\": {\n                \"type\": \"number\"\n              },\n              \"students\": {\n                \"type\": \"number\"\n              },\n              \"supervisors\": {\n                \"type\": \"number\"\n              },\n              \"pendingApprovals\": {\n                \"type\": \"number\"\n              }\n            },\n            \"required\": [\n              \"total\",\n              \"students\",\n              \"supervisors\",\n              \"pendingApprovals\"\n            ]\n          },\n          \"teams\": {\n            \"type\": \"object\",\n            \"properties\": {\n              \"total\": {\n                \"type\": \"number\"\n              },\n              \"active\": {\n                \"type\": \"number\"\n              },\n              \"pending\": {\n                \"type\": \"number\"\n              },\n              \"withoutSupervisor\": {\n                \"type\": \"number\"\n              }\n            },\n            \"required\": [\n              \"total\",\n              \"active\",\n              \"pending\",\n              \"withoutSupervisor\"\n            ]\n          },\n          \"projects\": {\n            \"type\": \"object\",\n            \"properties\": {\n              \"total\": {\n                \"type\": \"number\"\n              },\n              \"active\": {\n                \"type\": \"number\"\n              },\n              \"completed\": {\n                \"type\": \"number\"\n              },\n              \"overdue\": {\n                \"type\": \"number\"\n              }\n            },\n            \"required\": [\n              \"total\",\n              \"active\",\n              \"completed\",\n              \"overdue\"\n            ]\n          },\n          \"submissions\": {\n            \"type\": \"object\",\n            \"properties\": {\n              \"today\": {\n                \"type\": \"number\"\n              },\n              \"thisWeek\": {\n                \"type\": \"number\"\n              },\n              \"pending\": {\n                \"type\": \"number\"\n              }\n            },\n            \"required\": [\n              \"today\",\n              \"thisWeek\",\n              \"pending\"\n            ]\n          }\n        },\n        \"required\": [\n          \"users\",\n          \"teams\",\n          \"projects\",\n          \"submissions\"\n        ]\n      },\n      \"path\": \"/data/stats\",\n      \"message\": \"Expected object\",\n      \"errors\": []\n    },\n    {\n      \"summary\": \"Expected array\",\n      \"type\": 6,\n      \"schema\": {\n        \"type\": \"array\",\n        \"items\": {\n          \"type\": \"object\",\n          \"properties\": {\n            \"id\": {\n              \"type\": \"string\"\n            },\n            \"type\": {\n              \"type\": \"string\"\n            },\n            \"message\": {\n              \"type\": \"string\"\n            },\n            \"severity\": {\n              \"type\": \"string\"\n            },\n            \"createdAt\": {\n              \"type\": \"string\"\n            }\n          },\n          \"required\": [\n            \"id\",\n            \"type\",\n            \"message\",\n            \"severity\",\n            \"createdAt\"\n          ]\n        }\n      },\n      \"path\": \"/data/alerts\",\n      \"message\": \"Expected array\",\n      \"errors\": []\n    }\n  ]\n}\n    at new ValidationError (/home/swadhin/projects/Projectmanagement/server/node_modules/elysia/src/error.ts:264:3)\n    at <anonymous> (file:///home/swadhin/projects/Projectmanagement/server/node_modules/elysia/dist/bun/index.js:32:26)\n    at processTicksAndRejections (native:7:39)","status":422,"timestamp":"2025-04-20 01:41:44.255","type":"response","validator":{"code":"return function check(value) {\n  return (\n    (typeof value === 'object' && value !== null && !Array.isArray(value)) &&\n    (typeof value.success === 'boolean') &&\n    (typeof value.data === 'object' && value.data !== null && !Array.isArray(value.data)) &&\n    (typeof value.data.stats === 'object' && value.data.stats !== null && !Array.isArray(value.data.stats)) &&\n    (typeof value.data.stats.users === 'object' && value.data.stats.users !== null && !Array.isArray(value.data.stats.users)) &&\n    Number.isFinite(value.data.stats.users.total) &&\n    Number.isFinite(value.data.stats.users.students) &&\n    Number.isFinite(value.data.stats.users.supervisors) &&\n    Number.isFinite(value.data.stats.users.pendingApprovals) &&\n    (typeof value.data.stats.teams === 'object' && value.data.stats.teams !== null && !Array.isArray(value.data.stats.teams)) &&\n    Number.isFinite(value.data.stats.teams.total) &&\n    Number.isFinite(value.data.stats.teams.active) &&\n    Number.isFinite(value.data.stats.teams.pending) &&\n    Number.isFinite(value.data.stats.teams.withoutSupervisor) &&\n    (typeof value.data.stats.projects === 'object' && value.data.stats.projects !== null && !Array.isArray(value.data.stats.projects)) &&\n    Number.isFinite(value.data.stats.projects.total) &&\n    Number.isFinite(value.data.stats.projects.active) &&\n    Number.isFinite(value.data.stats.projects.completed) &&\n    Number.isFinite(value.data.stats.projects.overdue) &&\n    (typeof value.data.stats.submissions === 'object' && value.data.stats.submissions !== null && !Array.isArray(value.data.stats.submissions)) &&\n    Number.isFinite(value.data.stats.submissions.today) &&\n    Number.isFinite(value.data.stats.submissions.thisWeek) &&\n    Number.isFinite(value.data.stats.submissions.pending) &&\n    Array.isArray(value.data.recentActivities) &&\n    value.data.recentActivities.every((value) => ((typeof value === 'object' && value !== null && !Array.isArray(value)) && (typeof value.id === 'string') && (typeof value.type === 'string') && (typeof value.description === 'string') && (typeof value.user === 'object' && value.user !== null && !Array.isArray(value.user)) && (typeof value.user.id === 'string') && (typeof value.user.name === 'string') && (typeof value.user.role === 'string') && (typeof value.timestamp === 'string'))) &&\n    Array.isArray(value.data.alerts) &&\n    value.data.alerts.every((value) => ((typeof value === 'object' && value !== null && !Array.isArray(value)) && (typeof value.id === 'string') && (typeof value.type === 'string') && (typeof value.message === 'string') && (typeof value.severity === 'string') && (typeof value.createdAt === 'string'))) &&\n    Object.getOwnPropertyNames(value).length === 2\n  )\n}","hasTransform":false,"references":[],"schema":{"additionalProperties":false,"properties":{"data":{"properties":{"alerts":{"items":{"properties":{"createdAt":{"type":"string"},"id":{"type":"string"},"message":{"type":"string"},"severity":{"type":"string"},"type":{"type":"string"}},"required":["id","type","message","severity","createdAt"],"type":"object"},"type":"array"},"recentActivities":{"items":{"properties":{"description":{"type":"string"},"id":{"type":"string"},"timestamp":{"type":"string"},"type":{"type":"string"},"user":{"properties":{"id":{"type":"string"},"name":{"type":"string"},"role":{"type":"string"}},"required":["id","name","role"],"type":"object"}},"required":["id","type","description","user","timestamp"],"type":"object"},"type":"array"},"stats":{"properties":{"projects":{"properties":{"active":{"type":"number"},"completed":{"type":"number"},"overdue":{"type":"number"},"total":{"type":"number"}},"required":["total","active","completed","overdue"],"type":"object"},"submissions":{"properties":{"pending":{"type":"number"},"thisWeek":{"type":"number"},"today":{"type":"number"}},"required":["today","thisWeek","pending"],"type":"object"},"teams":{"properties":{"active":{"type":"number"},"pending":{"type":"number"},"total":{"type":"number"},"withoutSupervisor":{"type":"number"}},"required":["total","active","pending","withoutSupervisor"],"type":"object"},"users":{"properties":{"pendingApprovals":{"type":"number"},"students":{"type":"number"},"supervisors":{"type":"number"},"total":{"type":"number"}},"required":["total","students","supervisors","pendingApprovals"],"type":"object"}},"required":["users","teams","projects","submissions"],"type":"object"}},"required":["stats","recentActivities","alerts"],"type":"object"},"success":{"type":"boolean"}},"required":["success","data"],"type":"object"}},"value":{"data":{"recentActivities":[]},"success":true}}
{"level":"error","message":"HTTP GET /api/admin/sessions - 404 (0ms) Error: Route not found","service":"research-mgmt-api","timestamp":"2025-04-20 01:41:45.729"}
{"level":"info","message":"📊 Fetching admin dashboard data","service":"research-mgmt-api","timestamp":"2025-04-20 01:41:46.259"}
{"level":"info","message":"HTTP GET /api/dashboard/admin - 200 (106ms)","service":"research-mgmt-api","timestamp":"2025-04-20 01:41:46.365"}
{"code":"VALIDATION","level":"error","message":"Application error: {\n  \"type\": \"validation\",\n  \"on\": \"response\",\n  \"summary\": \"Property 'data.stats' is missing\",\n  \"property\": \"/data/stats\",\n  \"message\": \"Expected required property\",\n  \"expected\": {\n    \"success\": false,\n    \"data\": {\n      \"stats\": {\n        \"users\": {\n          \"total\": 0,\n          \"students\": 0,\n          \"supervisors\": 0,\n          \"pendingApprovals\": 0\n        },\n        \"teams\": {\n          \"total\": 0,\n          \"active\": 0,\n          \"pending\": 0,\n          \"withoutSupervisor\": 0\n        },\n        \"projects\": {\n          \"total\": 0,\n          \"active\": 0,\n          \"completed\": 0,\n          \"overdue\": 0\n        },\n        \"submissions\": {\n          \"today\": 0,\n          \"thisWeek\": 0,\n          \"pending\": 0\n        }\n      },\n      \"recentActivities\": [],\n      \"alerts\": []\n    }\n  },\n  \"found\": {\n    \"success\": true,\n    \"data\": {\n      \"recentActivities\": []\n    }\n  },\n  \"errors\": [\n    {\n      \"type\": 45,\n      \"schema\": {\n        \"type\": \"object\",\n        \"properties\": {\n          \"users\": {\n            \"type\": \"object\",\n            \"properties\": {\n              \"total\": {\n                \"type\": \"number\"\n              },\n              \"students\": {\n                \"type\": \"number\"\n              },\n              \"supervisors\": {\n                \"type\": \"number\"\n              },\n              \"pendingApprovals\": {\n                \"type\": \"number\"\n              }\n            },\n            \"required\": [\n              \"total\",\n              \"students\",\n              \"supervisors\",\n              \"pendingApprovals\"\n            ]\n          },\n          \"teams\": {\n            \"type\": \"object\",\n            \"properties\": {\n              \"total\": {\n                \"type\": \"number\"\n              },\n              \"active\": {\n                \"type\": \"number\"\n              },\n              \"pending\": {\n                \"type\": \"number\"\n              },\n              \"withoutSupervisor\": {\n                \"type\": \"number\"\n              }\n            },\n            \"required\": [\n              \"total\",\n              \"active\",\n              \"pending\",\n              \"withoutSupervisor\"\n            ]\n          },\n          \"projects\": {\n            \"type\": \"object\",\n            \"properties\": {\n              \"total\": {\n                \"type\": \"number\"\n              },\n              \"active\": {\n                \"type\": \"number\"\n              },\n              \"completed\": {\n                \"type\": \"number\"\n              },\n              \"overdue\": {\n                \"type\": \"number\"\n              }\n            },\n            \"required\": [\n              \"total\",\n              \"active\",\n              \"completed\",\n              \"overdue\"\n            ]\n          },\n          \"submissions\": {\n            \"type\": \"object\",\n            \"properties\": {\n              \"today\": {\n                \"type\": \"number\"\n              },\n              \"thisWeek\": {\n                \"type\": \"number\"\n              },\n              \"pending\": {\n                \"type\": \"number\"\n              }\n            },\n            \"required\": [\n              \"today\",\n              \"thisWeek\",\n              \"pending\"\n            ]\n          }\n        },\n        \"required\": [\n          \"users\",\n          \"teams\",\n          \"projects\",\n          \"submissions\"\n        ]\n      },\n      \"path\": \"/data/stats\",\n      \"message\": \"Expected required property\",\n      \"errors\": [],\n      \"summary\": \"Property 'data.stats' is missing\"\n    },\n    {\n      \"type\": 45,\n      \"schema\": {\n        \"type\": \"array\",\n        \"items\": {\n          \"type\": \"object\",\n          \"properties\": {\n            \"id\": {\n              \"type\": \"string\"\n            },\n            \"type\": {\n              \"type\": \"string\"\n            },\n            \"message\": {\n              \"type\": \"string\"\n            },\n            \"severity\": {\n              \"type\": \"string\"\n            },\n            \"createdAt\": {\n              \"type\": \"string\"\n            }\n          },\n          \"required\": [\n            \"id\",\n            \"type\",\n            \"message\",\n            \"severity\",\n            \"createdAt\"\n          ]\n        }\n      },\n      \"path\": \"/data/alerts\",\n      \"message\": \"Expected required property\",\n      \"errors\": [],\n      \"summary\": \"Property 'data.alerts' is missing\"\n    },\n    {\n      \"summary\": \"Expected object\",\n      \"type\": 46,\n      \"schema\": {\n        \"type\": \"object\",\n        \"properties\": {\n          \"users\": {\n            \"type\": \"object\",\n            \"properties\": {\n              \"total\": {\n                \"type\": \"number\"\n              },\n              \"students\": {\n                \"type\": \"number\"\n              },\n              \"supervisors\": {\n                \"type\": \"number\"\n              },\n              \"pendingApprovals\": {\n                \"type\": \"number\"\n              }\n            },\n            \"required\": [\n              \"total\",\n              \"students\",\n              \"supervisors\",\n              \"pendingApprovals\"\n            ]\n          },\n          \"teams\": {\n            \"type\": \"object\",\n            \"properties\": {\n              \"total\": {\n                \"type\": \"number\"\n              },\n              \"active\": {\n                \"type\": \"number\"\n              },\n              \"pending\": {\n                \"type\": \"number\"\n              },\n              \"withoutSupervisor\": {\n                \"type\": \"number\"\n              }\n            },\n            \"required\": [\n              \"total\",\n              \"active\",\n              \"pending\",\n              \"withoutSupervisor\"\n            ]\n          },\n          \"projects\": {\n            \"type\": \"object\",\n            \"properties\": {\n              \"total\": {\n                \"type\": \"number\"\n              },\n              \"active\": {\n                \"type\": \"number\"\n              },\n              \"completed\": {\n                \"type\": \"number\"\n              },\n              \"overdue\": {\n                \"type\": \"number\"\n              }\n            },\n            \"required\": [\n              \"total\",\n              \"active\",\n              \"completed\",\n              \"overdue\"\n            ]\n          },\n          \"submissions\": {\n            \"type\": \"object\",\n            \"properties\": {\n              \"today\": {\n                \"type\": \"number\"\n              },\n              \"thisWeek\": {\n                \"type\": \"number\"\n              },\n              \"pending\": {\n                \"type\": \"number\"\n              }\n            },\n            \"required\": [\n              \"today\",\n              \"thisWeek\",\n              \"pending\"\n            ]\n          }\n        },\n        \"required\": [\n          \"users\",\n          \"teams\",\n          \"projects\",\n          \"submissions\"\n        ]\n      },\n      \"path\": \"/data/stats\",\n      \"message\": \"Expected object\",\n      \"errors\": []\n    },\n    {\n      \"summary\": \"Expected array\",\n      \"type\": 6,\n      \"schema\": {\n        \"type\": \"array\",\n        \"items\": {\n          \"type\": \"object\",\n          \"properties\": {\n            \"id\": {\n              \"type\": \"string\"\n            },\n            \"type\": {\n              \"type\": \"string\"\n            },\n            \"message\": {\n              \"type\": \"string\"\n            },\n            \"severity\": {\n              \"type\": \"string\"\n            },\n            \"createdAt\": {\n              \"type\": \"string\"\n            }\n          },\n          \"required\": [\n            \"id\",\n            \"type\",\n            \"message\",\n            \"severity\",\n            \"createdAt\"\n          ]\n        }\n      },\n      \"path\": \"/data/alerts\",\n      \"message\": \"Expected array\",\n      \"errors\": []\n    }\n  ]\n}","service":"research-mgmt-api","stack":"Error: {\n  \"type\": \"validation\",\n  \"on\": \"response\",\n  \"summary\": \"Property 'data.stats' is missing\",\n  \"property\": \"/data/stats\",\n  \"message\": \"Expected required property\",\n  \"expected\": {\n    \"success\": false,\n    \"data\": {\n      \"stats\": {\n        \"users\": {\n          \"total\": 0,\n          \"students\": 0,\n          \"supervisors\": 0,\n          \"pendingApprovals\": 0\n        },\n        \"teams\": {\n          \"total\": 0,\n          \"active\": 0,\n          \"pending\": 0,\n          \"withoutSupervisor\": 0\n        },\n        \"projects\": {\n          \"total\": 0,\n          \"active\": 0,\n          \"completed\": 0,\n          \"overdue\": 0\n        },\n        \"submissions\": {\n          \"today\": 0,\n          \"thisWeek\": 0,\n          \"pending\": 0\n        }\n      },\n      \"recentActivities\": [],\n      \"alerts\": []\n    }\n  },\n  \"found\": {\n    \"success\": true,\n    \"data\": {\n      \"recentActivities\": []\n    }\n  },\n  \"errors\": [\n    {\n      \"type\": 45,\n      \"schema\": {\n        \"type\": \"object\",\n        \"properties\": {\n          \"users\": {\n            \"type\": \"object\",\n            \"properties\": {\n              \"total\": {\n                \"type\": \"number\"\n              },\n              \"students\": {\n                \"type\": \"number\"\n              },\n              \"supervisors\": {\n                \"type\": \"number\"\n              },\n              \"pendingApprovals\": {\n                \"type\": \"number\"\n              }\n            },\n            \"required\": [\n              \"total\",\n              \"students\",\n              \"supervisors\",\n              \"pendingApprovals\"\n            ]\n          },\n          \"teams\": {\n            \"type\": \"object\",\n            \"properties\": {\n              \"total\": {\n                \"type\": \"number\"\n              },\n              \"active\": {\n                \"type\": \"number\"\n              },\n              \"pending\": {\n                \"type\": \"number\"\n              },\n              \"withoutSupervisor\": {\n                \"type\": \"number\"\n              }\n            },\n            \"required\": [\n              \"total\",\n              \"active\",\n              \"pending\",\n              \"withoutSupervisor\"\n            ]\n          },\n          \"projects\": {\n            \"type\": \"object\",\n            \"properties\": {\n              \"total\": {\n                \"type\": \"number\"\n              },\n              \"active\": {\n                \"type\": \"number\"\n              },\n              \"completed\": {\n                \"type\": \"number\"\n              },\n              \"overdue\": {\n                \"type\": \"number\"\n              }\n            },\n            \"required\": [\n              \"total\",\n              \"active\",\n              \"completed\",\n              \"overdue\"\n            ]\n          },\n          \"submissions\": {\n            \"type\": \"object\",\n            \"properties\": {\n              \"today\": {\n                \"type\": \"number\"\n              },\n              \"thisWeek\": {\n                \"type\": \"number\"\n              },\n              \"pending\": {\n                \"type\": \"number\"\n              }\n            },\n            \"required\": [\n              \"today\",\n              \"thisWeek\",\n              \"pending\"\n            ]\n          }\n        },\n        \"required\": [\n          \"users\",\n          \"teams\",\n          \"projects\",\n          \"submissions\"\n        ]\n      },\n      \"path\": \"/data/stats\",\n      \"message\": \"Expected required property\",\n      \"errors\": [],\n      \"summary\": \"Property 'data.stats' is missing\"\n    },\n    {\n      \"type\": 45,\n      \"schema\": {\n        \"type\": \"array\",\n        \"items\": {\n          \"type\": \"object\",\n          \"properties\": {\n            \"id\": {\n              \"type\": \"string\"\n            },\n            \"type\": {\n              \"type\": \"string\"\n            },\n            \"message\": {\n              \"type\": \"string\"\n            },\n            \"severity\": {\n              \"type\": \"string\"\n            },\n            \"createdAt\": {\n              \"type\": \"string\"\n            }\n          },\n          \"required\": [\n            \"id\",\n            \"type\",\n            \"message\",\n            \"severity\",\n            \"createdAt\"\n          ]\n        }\n      },\n      \"path\": \"/data/alerts\",\n      \"message\": \"Expected required property\",\n      \"errors\": [],\n      \"summary\": \"Property 'data.alerts' is missing\"\n    },\n    {\n      \"summary\": \"Expected object\",\n      \"type\": 46,\n      \"schema\": {\n        \"type\": \"object\",\n        \"properties\": {\n          \"users\": {\n            \"type\": \"object\",\n            \"properties\": {\n              \"total\": {\n                \"type\": \"number\"\n              },\n              \"students\": {\n                \"type\": \"number\"\n              },\n              \"supervisors\": {\n                \"type\": \"number\"\n              },\n              \"pendingApprovals\": {\n                \"type\": \"number\"\n              }\n            },\n            \"required\": [\n              \"total\",\n              \"students\",\n              \"supervisors\",\n              \"pendingApprovals\"\n            ]\n          },\n          \"teams\": {\n            \"type\": \"object\",\n            \"properties\": {\n              \"total\": {\n                \"type\": \"number\"\n              },\n              \"active\": {\n                \"type\": \"number\"\n              },\n              \"pending\": {\n                \"type\": \"number\"\n              },\n              \"withoutSupervisor\": {\n                \"type\": \"number\"\n              }\n            },\n            \"required\": [\n              \"total\",\n              \"active\",\n              \"pending\",\n              \"withoutSupervisor\"\n            ]\n          },\n          \"projects\": {\n            \"type\": \"object\",\n            \"properties\": {\n              \"total\": {\n                \"type\": \"number\"\n              },\n              \"active\": {\n                \"type\": \"number\"\n              },\n              \"completed\": {\n                \"type\": \"number\"\n              },\n              \"overdue\": {\n                \"type\": \"number\"\n              }\n            },\n            \"required\": [\n              \"total\",\n              \"active\",\n              \"completed\",\n              \"overdue\"\n            ]\n          },\n          \"submissions\": {\n            \"type\": \"object\",\n            \"properties\": {\n              \"today\": {\n                \"type\": \"number\"\n              },\n              \"thisWeek\": {\n                \"type\": \"number\"\n              },\n              \"pending\": {\n                \"type\": \"number\"\n              }\n            },\n            \"required\": [\n              \"today\",\n              \"thisWeek\",\n              \"pending\"\n            ]\n          }\n        },\n        \"required\": [\n          \"users\",\n          \"teams\",\n          \"projects\",\n          \"submissions\"\n        ]\n      },\n      \"path\": \"/data/stats\",\n      \"message\": \"Expected object\",\n      \"errors\": []\n    },\n    {\n      \"summary\": \"Expected array\",\n      \"type\": 6,\n      \"schema\": {\n        \"type\": \"array\",\n        \"items\": {\n          \"type\": \"object\",\n          \"properties\": {\n            \"id\": {\n              \"type\": \"string\"\n            },\n            \"type\": {\n              \"type\": \"string\"\n            },\n            \"message\": {\n              \"type\": \"string\"\n            },\n            \"severity\": {\n              \"type\": \"string\"\n            },\n            \"createdAt\": {\n              \"type\": \"string\"\n            }\n          },\n          \"required\": [\n            \"id\",\n            \"type\",\n            \"message\",\n            \"severity\",\n            \"createdAt\"\n          ]\n        }\n      },\n      \"path\": \"/data/alerts\",\n      \"message\": \"Expected array\",\n      \"errors\": []\n    }\n  ]\n}\n    at new ValidationError (/home/swadhin/projects/Projectmanagement/server/node_modules/elysia/src/error.ts:264:3)\n    at <anonymous> (file:///home/swadhin/projects/Projectmanagement/server/node_modules/elysia/dist/bun/index.js:32:26)\n    at processTicksAndRejections (native:7:39)","status":422,"timestamp":"2025-04-20 01:41:46.365","type":"response","validator":{"code":"return function check(value) {\n  return (\n    (typeof value === 'object' && value !== null && !Array.isArray(value)) &&\n    (typeof value.success === 'boolean') &&\n    (typeof value.data === 'object' && value.data !== null && !Array.isArray(value.data)) &&\n    (typeof value.data.stats === 'object' && value.data.stats !== null && !Array.isArray(value.data.stats)) &&\n    (typeof value.data.stats.users === 'object' && value.data.stats.users !== null && !Array.isArray(value.data.stats.users)) &&\n    Number.isFinite(value.data.stats.users.total) &&\n    Number.isFinite(value.data.stats.users.students) &&\n    Number.isFinite(value.data.stats.users.supervisors) &&\n    Number.isFinite(value.data.stats.users.pendingApprovals) &&\n    (typeof value.data.stats.teams === 'object' && value.data.stats.teams !== null && !Array.isArray(value.data.stats.teams)) &&\n    Number.isFinite(value.data.stats.teams.total) &&\n    Number.isFinite(value.data.stats.teams.active) &&\n    Number.isFinite(value.data.stats.teams.pending) &&\n    Number.isFinite(value.data.stats.teams.withoutSupervisor) &&\n    (typeof value.data.stats.projects === 'object' && value.data.stats.projects !== null && !Array.isArray(value.data.stats.projects)) &&\n    Number.isFinite(value.data.stats.projects.total) &&\n    Number.isFinite(value.data.stats.projects.active) &&\n    Number.isFinite(value.data.stats.projects.completed) &&\n    Number.isFinite(value.data.stats.projects.overdue) &&\n    (typeof value.data.stats.submissions === 'object' && value.data.stats.submissions !== null && !Array.isArray(value.data.stats.submissions)) &&\n    Number.isFinite(value.data.stats.submissions.today) &&\n    Number.isFinite(value.data.stats.submissions.thisWeek) &&\n    Number.isFinite(value.data.stats.submissions.pending) &&\n    Array.isArray(value.data.recentActivities) &&\n    value.data.recentActivities.every((value) => ((typeof value === 'object' && value !== null && !Array.isArray(value)) && (typeof value.id === 'string') && (typeof value.type === 'string') && (typeof value.description === 'string') && (typeof value.user === 'object' && value.user !== null && !Array.isArray(value.user)) && (typeof value.user.id === 'string') && (typeof value.user.name === 'string') && (typeof value.user.role === 'string') && (typeof value.timestamp === 'string'))) &&\n    Array.isArray(value.data.alerts) &&\n    value.data.alerts.every((value) => ((typeof value === 'object' && value !== null && !Array.isArray(value)) && (typeof value.id === 'string') && (typeof value.type === 'string') && (typeof value.message === 'string') && (typeof value.severity === 'string') && (typeof value.createdAt === 'string'))) &&\n    Object.getOwnPropertyNames(value).length === 2\n  )\n}","hasTransform":false,"references":[],"schema":{"additionalProperties":false,"properties":{"data":{"properties":{"alerts":{"items":{"properties":{"createdAt":{"type":"string"},"id":{"type":"string"},"message":{"type":"string"},"severity":{"type":"string"},"type":{"type":"string"}},"required":["id","type","message","severity","createdAt"],"type":"object"},"type":"array"},"recentActivities":{"items":{"properties":{"description":{"type":"string"},"id":{"type":"string"},"timestamp":{"type":"string"},"type":{"type":"string"},"user":{"properties":{"id":{"type":"string"},"name":{"type":"string"},"role":{"type":"string"}},"required":["id","name","role"],"type":"object"}},"required":["id","type","description","user","timestamp"],"type":"object"},"type":"array"},"stats":{"properties":{"projects":{"properties":{"active":{"type":"number"},"completed":{"type":"number"},"overdue":{"type":"number"},"total":{"type":"number"}},"required":["total","active","completed","overdue"],"type":"object"},"submissions":{"properties":{"pending":{"type":"number"},"thisWeek":{"type":"number"},"today":{"type":"number"}},"required":["today","thisWeek","pending"],"type":"object"},"teams":{"properties":{"active":{"type":"number"},"pending":{"type":"number"},"total":{"type":"number"},"withoutSupervisor":{"type":"number"}},"required":["total","active","pending","withoutSupervisor"],"type":"object"},"users":{"properties":{"pendingApprovals":{"type":"number"},"students":{"type":"number"},"supervisors":{"type":"number"},"total":{"type":"number"}},"required":["total","students","supervisors","pendingApprovals"],"type":"object"}},"required":["users","teams","projects","submissions"],"type":"object"}},"required":["stats","recentActivities","alerts"],"type":"object"},"success":{"type":"boolean"}},"required":["success","data"],"type":"object"}},"value":{"data":{"recentActivities":[]},"success":true}}
{"level":"error","message":"HTTP GET /api/teams - 404 (0ms) Error: Route not found","service":"research-mgmt-api","timestamp":"2025-04-20 01:42:42.079"}
{"level":"error","message":"HTTP GET /api/supervisors - 404 (0ms) Error: Route not found","service":"research-mgmt-api","timestamp":"2025-04-20 01:42:42.079"}
{"level":"info","message":"📊 Fetching admin dashboard data","service":"research-mgmt-api","timestamp":"2025-04-20 01:42:42.079"}
{"level":"error","message":"HTTP GET /api/admin/sessions - 404 (0ms) Error: Route not found","service":"research-mgmt-api","timestamp":"2025-04-20 01:42:42.081"}
{"level":"error","message":"HTTP GET /api/admin/pending-supervisors - 404 (0ms) Error: Route not found","service":"research-mgmt-api","timestamp":"2025-04-20 01:42:42.081"}
{"level":"error","message":"HTTP GET /api/supervisors - 404 (0ms) Error: Route not found","service":"research-mgmt-api","timestamp":"2025-04-20 01:42:42.081"}
{"level":"error","message":"HTTP GET /api/teams - 404 (0ms) Error: Route not found","service":"research-mgmt-api","timestamp":"2025-04-20 01:42:42.082"}
{"level":"info","message":"HTTP GET /api/notifications - 200 (0ms)","service":"research-mgmt-api","timestamp":"2025-04-20 01:42:42.185"}
{"level":"info","message":"HTTP GET /api/dashboard/admin - 200 (108ms)","service":"research-mgmt-api","timestamp":"2025-04-20 01:42:42.187"}
{"code":"VALIDATION","level":"error","message":"Application error: {\n  \"type\": \"validation\",\n  \"on\": \"response\",\n  \"summary\": \"Property 'data.stats' is missing\",\n  \"property\": \"/data/stats\",\n  \"message\": \"Expected required property\",\n  \"expected\": {\n    \"success\": false,\n    \"data\": {\n      \"stats\": {\n        \"users\": {\n          \"total\": 0,\n          \"students\": 0,\n          \"supervisors\": 0,\n          \"pendingApprovals\": 0\n        },\n        \"teams\": {\n          \"total\": 0,\n          \"active\": 0,\n          \"pending\": 0,\n          \"withoutSupervisor\": 0\n        },\n        \"projects\": {\n          \"total\": 0,\n          \"active\": 0,\n          \"completed\": 0,\n          \"overdue\": 0\n        },\n        \"submissions\": {\n          \"today\": 0,\n          \"thisWeek\": 0,\n          \"pending\": 0\n        }\n      },\n      \"recentActivities\": [],\n      \"alerts\": []\n    }\n  },\n  \"found\": {\n    \"success\": true,\n    \"data\": {\n      \"recentActivities\": []\n    }\n  },\n  \"errors\": [\n    {\n      \"type\": 45,\n      \"schema\": {\n        \"type\": \"object\",\n        \"properties\": {\n          \"users\": {\n            \"type\": \"object\",\n            \"properties\": {\n              \"total\": {\n                \"type\": \"number\"\n              },\n              \"students\": {\n                \"type\": \"number\"\n              },\n              \"supervisors\": {\n                \"type\": \"number\"\n              },\n              \"pendingApprovals\": {\n                \"type\": \"number\"\n              }\n            },\n            \"required\": [\n              \"total\",\n              \"students\",\n              \"supervisors\",\n              \"pendingApprovals\"\n            ]\n          },\n          \"teams\": {\n            \"type\": \"object\",\n            \"properties\": {\n              \"total\": {\n                \"type\": \"number\"\n              },\n              \"active\": {\n                \"type\": \"number\"\n              },\n              \"pending\": {\n                \"type\": \"number\"\n              },\n              \"withoutSupervisor\": {\n                \"type\": \"number\"\n              }\n            },\n            \"required\": [\n              \"total\",\n              \"active\",\n              \"pending\",\n              \"withoutSupervisor\"\n            ]\n          },\n          \"projects\": {\n            \"type\": \"object\",\n            \"properties\": {\n              \"total\": {\n                \"type\": \"number\"\n              },\n              \"active\": {\n                \"type\": \"number\"\n              },\n              \"completed\": {\n                \"type\": \"number\"\n              },\n              \"overdue\": {\n                \"type\": \"number\"\n              }\n            },\n            \"required\": [\n              \"total\",\n              \"active\",\n              \"completed\",\n              \"overdue\"\n            ]\n          },\n          \"submissions\": {\n            \"type\": \"object\",\n            \"properties\": {\n              \"today\": {\n                \"type\": \"number\"\n              },\n              \"thisWeek\": {\n                \"type\": \"number\"\n              },\n              \"pending\": {\n                \"type\": \"number\"\n              }\n            },\n            \"required\": [\n              \"today\",\n              \"thisWeek\",\n              \"pending\"\n            ]\n          }\n        },\n        \"required\": [\n          \"users\",\n          \"teams\",\n          \"projects\",\n          \"submissions\"\n        ]\n      },\n      \"path\": \"/data/stats\",\n      \"message\": \"Expected required property\",\n      \"errors\": [],\n      \"summary\": \"Property 'data.stats' is missing\"\n    },\n    {\n      \"type\": 45,\n      \"schema\": {\n        \"type\": \"array\",\n        \"items\": {\n          \"type\": \"object\",\n          \"properties\": {\n            \"id\": {\n              \"type\": \"string\"\n            },\n            \"type\": {\n              \"type\": \"string\"\n            },\n            \"message\": {\n              \"type\": \"string\"\n            },\n            \"severity\": {\n              \"type\": \"string\"\n            },\n            \"createdAt\": {\n              \"type\": \"string\"\n            }\n          },\n          \"required\": [\n            \"id\",\n            \"type\",\n            \"message\",\n            \"severity\",\n            \"createdAt\"\n          ]\n        }\n      },\n      \"path\": \"/data/alerts\",\n      \"message\": \"Expected required property\",\n      \"errors\": [],\n      \"summary\": \"Property 'data.alerts' is missing\"\n    },\n    {\n      \"summary\": \"Expected object\",\n      \"type\": 46,\n      \"schema\": {\n        \"type\": \"object\",\n        \"properties\": {\n          \"users\": {\n            \"type\": \"object\",\n            \"properties\": {\n              \"total\": {\n                \"type\": \"number\"\n              },\n              \"students\": {\n                \"type\": \"number\"\n              },\n              \"supervisors\": {\n                \"type\": \"number\"\n              },\n              \"pendingApprovals\": {\n                \"type\": \"number\"\n              }\n            },\n            \"required\": [\n              \"total\",\n              \"students\",\n              \"supervisors\",\n              \"pendingApprovals\"\n            ]\n          },\n          \"teams\": {\n            \"type\": \"object\",\n            \"properties\": {\n              \"total\": {\n                \"type\": \"number\"\n              },\n              \"active\": {\n                \"type\": \"number\"\n              },\n              \"pending\": {\n                \"type\": \"number\"\n              },\n              \"withoutSupervisor\": {\n                \"type\": \"number\"\n              }\n            },\n            \"required\": [\n              \"total\",\n              \"active\",\n              \"pending\",\n              \"withoutSupervisor\"\n            ]\n          },\n          \"projects\": {\n            \"type\": \"object\",\n            \"properties\": {\n              \"total\": {\n                \"type\": \"number\"\n              },\n              \"active\": {\n                \"type\": \"number\"\n              },\n              \"completed\": {\n                \"type\": \"number\"\n              },\n              \"overdue\": {\n                \"type\": \"number\"\n              }\n            },\n            \"required\": [\n              \"total\",\n              \"active\",\n              \"completed\",\n              \"overdue\"\n            ]\n          },\n          \"submissions\": {\n            \"type\": \"object\",\n            \"properties\": {\n              \"today\": {\n                \"type\": \"number\"\n              },\n              \"thisWeek\": {\n                \"type\": \"number\"\n              },\n              \"pending\": {\n                \"type\": \"number\"\n              }\n            },\n            \"required\": [\n              \"today\",\n              \"thisWeek\",\n              \"pending\"\n            ]\n          }\n        },\n        \"required\": [\n          \"users\",\n          \"teams\",\n          \"projects\",\n          \"submissions\"\n        ]\n      },\n      \"path\": \"/data/stats\",\n      \"message\": \"Expected object\",\n      \"errors\": []\n    },\n    {\n      \"summary\": \"Expected array\",\n      \"type\": 6,\n      \"schema\": {\n        \"type\": \"array\",\n        \"items\": {\n          \"type\": \"object\",\n          \"properties\": {\n            \"id\": {\n              \"type\": \"string\"\n            },\n            \"type\": {\n              \"type\": \"string\"\n            },\n            \"message\": {\n              \"type\": \"string\"\n            },\n            \"severity\": {\n              \"type\": \"string\"\n            },\n            \"createdAt\": {\n              \"type\": \"string\"\n            }\n          },\n          \"required\": [\n            \"id\",\n            \"type\",\n            \"message\",\n            \"severity\",\n            \"createdAt\"\n          ]\n        }\n      },\n      \"path\": \"/data/alerts\",\n      \"message\": \"Expected array\",\n      \"errors\": []\n    }\n  ]\n}","service":"research-mgmt-api","stack":"Error: {\n  \"type\": \"validation\",\n  \"on\": \"response\",\n  \"summary\": \"Property 'data.stats' is missing\",\n  \"property\": \"/data/stats\",\n  \"message\": \"Expected required property\",\n  \"expected\": {\n    \"success\": false,\n    \"data\": {\n      \"stats\": {\n        \"users\": {\n          \"total\": 0,\n          \"students\": 0,\n          \"supervisors\": 0,\n          \"pendingApprovals\": 0\n        },\n        \"teams\": {\n          \"total\": 0,\n          \"active\": 0,\n          \"pending\": 0,\n          \"withoutSupervisor\": 0\n        },\n        \"projects\": {\n          \"total\": 0,\n          \"active\": 0,\n          \"completed\": 0,\n          \"overdue\": 0\n        },\n        \"submissions\": {\n          \"today\": 0,\n          \"thisWeek\": 0,\n          \"pending\": 0\n        }\n      },\n      \"recentActivities\": [],\n      \"alerts\": []\n    }\n  },\n  \"found\": {\n    \"success\": true,\n    \"data\": {\n      \"recentActivities\": []\n    }\n  },\n  \"errors\": [\n    {\n      \"type\": 45,\n      \"schema\": {\n        \"type\": \"object\",\n        \"properties\": {\n          \"users\": {\n            \"type\": \"object\",\n            \"properties\": {\n              \"total\": {\n                \"type\": \"number\"\n              },\n              \"students\": {\n                \"type\": \"number\"\n              },\n              \"supervisors\": {\n                \"type\": \"number\"\n              },\n              \"pendingApprovals\": {\n                \"type\": \"number\"\n              }\n            },\n            \"required\": [\n              \"total\",\n              \"students\",\n              \"supervisors\",\n              \"pendingApprovals\"\n            ]\n          },\n          \"teams\": {\n            \"type\": \"object\",\n            \"properties\": {\n              \"total\": {\n                \"type\": \"number\"\n              },\n              \"active\": {\n                \"type\": \"number\"\n              },\n              \"pending\": {\n                \"type\": \"number\"\n              },\n              \"withoutSupervisor\": {\n                \"type\": \"number\"\n              }\n            },\n            \"required\": [\n              \"total\",\n              \"active\",\n              \"pending\",\n              \"withoutSupervisor\"\n            ]\n          },\n          \"projects\": {\n            \"type\": \"object\",\n            \"properties\": {\n              \"total\": {\n                \"type\": \"number\"\n              },\n              \"active\": {\n                \"type\": \"number\"\n              },\n              \"completed\": {\n                \"type\": \"number\"\n              },\n              \"overdue\": {\n                \"type\": \"number\"\n              }\n            },\n            \"required\": [\n              \"total\",\n              \"active\",\n              \"completed\",\n              \"overdue\"\n            ]\n          },\n          \"submissions\": {\n            \"type\": \"object\",\n            \"properties\": {\n              \"today\": {\n                \"type\": \"number\"\n              },\n              \"thisWeek\": {\n                \"type\": \"number\"\n              },\n              \"pending\": {\n                \"type\": \"number\"\n              }\n            },\n            \"required\": [\n              \"today\",\n              \"thisWeek\",\n              \"pending\"\n            ]\n          }\n        },\n        \"required\": [\n          \"users\",\n          \"teams\",\n          \"projects\",\n          \"submissions\"\n        ]\n      },\n      \"path\": \"/data/stats\",\n      \"message\": \"Expected required property\",\n      \"errors\": [],\n      \"summary\": \"Property 'data.stats' is missing\"\n    },\n    {\n      \"type\": 45,\n      \"schema\": {\n        \"type\": \"array\",\n        \"items\": {\n          \"type\": \"object\",\n          \"properties\": {\n            \"id\": {\n              \"type\": \"string\"\n            },\n            \"type\": {\n              \"type\": \"string\"\n            },\n            \"message\": {\n              \"type\": \"string\"\n            },\n            \"severity\": {\n              \"type\": \"string\"\n            },\n            \"createdAt\": {\n              \"type\": \"string\"\n            }\n          },\n          \"required\": [\n            \"id\",\n            \"type\",\n            \"message\",\n            \"severity\",\n            \"createdAt\"\n          ]\n        }\n      },\n      \"path\": \"/data/alerts\",\n      \"message\": \"Expected required property\",\n      \"errors\": [],\n      \"summary\": \"Property 'data.alerts' is missing\"\n    },\n    {\n      \"summary\": \"Expected object\",\n      \"type\": 46,\n      \"schema\": {\n        \"type\": \"object\",\n        \"properties\": {\n          \"users\": {\n            \"type\": \"object\",\n            \"properties\": {\n              \"total\": {\n                \"type\": \"number\"\n              },\n              \"students\": {\n                \"type\": \"number\"\n              },\n              \"supervisors\": {\n                \"type\": \"number\"\n              },\n              \"pendingApprovals\": {\n                \"type\": \"number\"\n              }\n            },\n            \"required\": [\n              \"total\",\n              \"students\",\n              \"supervisors\",\n              \"pendingApprovals\"\n            ]\n          },\n          \"teams\": {\n            \"type\": \"object\",\n            \"properties\": {\n              \"total\": {\n                \"type\": \"number\"\n              },\n              \"active\": {\n                \"type\": \"number\"\n              },\n              \"pending\": {\n                \"type\": \"number\"\n              },\n              \"withoutSupervisor\": {\n                \"type\": \"number\"\n              }\n            },\n            \"required\": [\n              \"total\",\n              \"active\",\n              \"pending\",\n              \"withoutSupervisor\"\n            ]\n          },\n          \"projects\": {\n            \"type\": \"object\",\n            \"properties\": {\n              \"total\": {\n                \"type\": \"number\"\n              },\n              \"active\": {\n                \"type\": \"number\"\n              },\n              \"completed\": {\n                \"type\": \"number\"\n              },\n              \"overdue\": {\n                \"type\": \"number\"\n              }\n            },\n            \"required\": [\n              \"total\",\n              \"active\",\n              \"completed\",\n              \"overdue\"\n            ]\n          },\n          \"submissions\": {\n            \"type\": \"object\",\n            \"properties\": {\n              \"today\": {\n                \"type\": \"number\"\n              },\n              \"thisWeek\": {\n                \"type\": \"number\"\n              },\n              \"pending\": {\n                \"type\": \"number\"\n              }\n            },\n            \"required\": [\n              \"today\",\n              \"thisWeek\",\n              \"pending\"\n            ]\n          }\n        },\n        \"required\": [\n          \"users\",\n          \"teams\",\n          \"projects\",\n          \"submissions\"\n        ]\n      },\n      \"path\": \"/data/stats\",\n      \"message\": \"Expected object\",\n      \"errors\": []\n    },\n    {\n      \"summary\": \"Expected array\",\n      \"type\": 6,\n      \"schema\": {\n        \"type\": \"array\",\n        \"items\": {\n          \"type\": \"object\",\n          \"properties\": {\n            \"id\": {\n              \"type\": \"string\"\n            },\n            \"type\": {\n              \"type\": \"string\"\n            },\n            \"message\": {\n              \"type\": \"string\"\n            },\n            \"severity\": {\n              \"type\": \"string\"\n            },\n            \"createdAt\": {\n              \"type\": \"string\"\n            }\n          },\n          \"required\": [\n            \"id\",\n            \"type\",\n            \"message\",\n            \"severity\",\n            \"createdAt\"\n          ]\n        }\n      },\n      \"path\": \"/data/alerts\",\n      \"message\": \"Expected array\",\n      \"errors\": []\n    }\n  ]\n}\n    at new ValidationError (/home/swadhin/projects/Projectmanagement/server/node_modules/elysia/src/error.ts:264:3)\n    at <anonymous> (file:///home/swadhin/projects/Projectmanagement/server/node_modules/elysia/dist/bun/index.js:32:26)\n    at processTicksAndRejections (native:7:39)","status":422,"timestamp":"2025-04-20 01:42:42.188","type":"response","validator":{"code":"return function check(value) {\n  return (\n    (typeof value === 'object' && value !== null && !Array.isArray(value)) &&\n    (typeof value.success === 'boolean') &&\n    (typeof value.data === 'object' && value.data !== null && !Array.isArray(value.data)) &&\n    (typeof value.data.stats === 'object' && value.data.stats !== null && !Array.isArray(value.data.stats)) &&\n    (typeof value.data.stats.users === 'object' && value.data.stats.users !== null && !Array.isArray(value.data.stats.users)) &&\n    Number.isFinite(value.data.stats.users.total) &&\n    Number.isFinite(value.data.stats.users.students) &&\n    Number.isFinite(value.data.stats.users.supervisors) &&\n    Number.isFinite(value.data.stats.users.pendingApprovals) &&\n    (typeof value.data.stats.teams === 'object' && value.data.stats.teams !== null && !Array.isArray(value.data.stats.teams)) &&\n    Number.isFinite(value.data.stats.teams.total) &&\n    Number.isFinite(value.data.stats.teams.active) &&\n    Number.isFinite(value.data.stats.teams.pending) &&\n    Number.isFinite(value.data.stats.teams.withoutSupervisor) &&\n    (typeof value.data.stats.projects === 'object' && value.data.stats.projects !== null && !Array.isArray(value.data.stats.projects)) &&\n    Number.isFinite(value.data.stats.projects.total) &&\n    Number.isFinite(value.data.stats.projects.active) &&\n    Number.isFinite(value.data.stats.projects.completed) &&\n    Number.isFinite(value.data.stats.projects.overdue) &&\n    (typeof value.data.stats.submissions === 'object' && value.data.stats.submissions !== null && !Array.isArray(value.data.stats.submissions)) &&\n    Number.isFinite(value.data.stats.submissions.today) &&\n    Number.isFinite(value.data.stats.submissions.thisWeek) &&\n    Number.isFinite(value.data.stats.submissions.pending) &&\n    Array.isArray(value.data.recentActivities) &&\n    value.data.recentActivities.every((value) => ((typeof value === 'object' && value !== null && !Array.isArray(value)) && (typeof value.id === 'string') && (typeof value.type === 'string') && (typeof value.description === 'string') && (typeof value.user === 'object' && value.user !== null && !Array.isArray(value.user)) && (typeof value.user.id === 'string') && (typeof value.user.name === 'string') && (typeof value.user.role === 'string') && (typeof value.timestamp === 'string'))) &&\n    Array.isArray(value.data.alerts) &&\n    value.data.alerts.every((value) => ((typeof value === 'object' && value !== null && !Array.isArray(value)) && (typeof value.id === 'string') && (typeof value.type === 'string') && (typeof value.message === 'string') && (typeof value.severity === 'string') && (typeof value.createdAt === 'string'))) &&\n    Object.getOwnPropertyNames(value).length === 2\n  )\n}","hasTransform":false,"references":[],"schema":{"additionalProperties":false,"properties":{"data":{"properties":{"alerts":{"items":{"properties":{"createdAt":{"type":"string"},"id":{"type":"string"},"message":{"type":"string"},"severity":{"type":"string"},"type":{"type":"string"}},"required":["id","type","message","severity","createdAt"],"type":"object"},"type":"array"},"recentActivities":{"items":{"properties":{"description":{"type":"string"},"id":{"type":"string"},"timestamp":{"type":"string"},"type":{"type":"string"},"user":{"properties":{"id":{"type":"string"},"name":{"type":"string"},"role":{"type":"string"}},"required":["id","name","role"],"type":"object"}},"required":["id","type","description","user","timestamp"],"type":"object"},"type":"array"},"stats":{"properties":{"projects":{"properties":{"active":{"type":"number"},"completed":{"type":"number"},"overdue":{"type":"number"},"total":{"type":"number"}},"required":["total","active","completed","overdue"],"type":"object"},"submissions":{"properties":{"pending":{"type":"number"},"thisWeek":{"type":"number"},"today":{"type":"number"}},"required":["today","thisWeek","pending"],"type":"object"},"teams":{"properties":{"active":{"type":"number"},"pending":{"type":"number"},"total":{"type":"number"},"withoutSupervisor":{"type":"number"}},"required":["total","active","pending","withoutSupervisor"],"type":"object"},"users":{"properties":{"pendingApprovals":{"type":"number"},"students":{"type":"number"},"supervisors":{"type":"number"},"total":{"type":"number"}},"required":["total","students","supervisors","pendingApprovals"],"type":"object"}},"required":["users","teams","projects","submissions"],"type":"object"}},"required":["stats","recentActivities","alerts"],"type":"object"},"success":{"type":"boolean"}},"required":["success","data"],"type":"object"}},"value":{"data":{"recentActivities":[]},"success":true}}
{"level":"info","message":"HTTP GET /api/notifications/unread/count - 200 (0ms)","service":"research-mgmt-api","timestamp":"2025-04-20 01:42:42.190"}
{"level":"error","message":"HTTP GET /api/admin/sessions - 404 (0ms) Error: Route not found","service":"research-mgmt-api","timestamp":"2025-04-20 01:42:43.087"}
{"level":"info","message":"📊 Fetching admin dashboard data","service":"research-mgmt-api","timestamp":"2025-04-20 01:42:43.192"}
{"level":"info","message":"HTTP GET /api/dashboard/admin - 200 (104ms)","service":"research-mgmt-api","timestamp":"2025-04-20 01:42:43.296"}
{"code":"VALIDATION","level":"error","message":"Application error: {\n  \"type\": \"validation\",\n  \"on\": \"response\",\n  \"summary\": \"Property 'data.stats' is missing\",\n  \"property\": \"/data/stats\",\n  \"message\": \"Expected required property\",\n  \"expected\": {\n    \"success\": false,\n    \"data\": {\n      \"stats\": {\n        \"users\": {\n          \"total\": 0,\n          \"students\": 0,\n          \"supervisors\": 0,\n          \"pendingApprovals\": 0\n        },\n        \"teams\": {\n          \"total\": 0,\n          \"active\": 0,\n          \"pending\": 0,\n          \"withoutSupervisor\": 0\n        },\n        \"projects\": {\n          \"total\": 0,\n          \"active\": 0,\n          \"completed\": 0,\n          \"overdue\": 0\n        },\n        \"submissions\": {\n          \"today\": 0,\n          \"thisWeek\": 0,\n          \"pending\": 0\n        }\n      },\n      \"recentActivities\": [],\n      \"alerts\": []\n    }\n  },\n  \"found\": {\n    \"success\": true,\n    \"data\": {\n      \"recentActivities\": []\n    }\n  },\n  \"errors\": [\n    {\n      \"type\": 45,\n      \"schema\": {\n        \"type\": \"object\",\n        \"properties\": {\n          \"users\": {\n            \"type\": \"object\",\n            \"properties\": {\n              \"total\": {\n                \"type\": \"number\"\n              },\n              \"students\": {\n                \"type\": \"number\"\n              },\n              \"supervisors\": {\n                \"type\": \"number\"\n              },\n              \"pendingApprovals\": {\n                \"type\": \"number\"\n              }\n            },\n            \"required\": [\n              \"total\",\n              \"students\",\n              \"supervisors\",\n              \"pendingApprovals\"\n            ]\n          },\n          \"teams\": {\n            \"type\": \"object\",\n            \"properties\": {\n              \"total\": {\n                \"type\": \"number\"\n              },\n              \"active\": {\n                \"type\": \"number\"\n              },\n              \"pending\": {\n                \"type\": \"number\"\n              },\n              \"withoutSupervisor\": {\n                \"type\": \"number\"\n              }\n            },\n            \"required\": [\n              \"total\",\n              \"active\",\n              \"pending\",\n              \"withoutSupervisor\"\n            ]\n          },\n          \"projects\": {\n            \"type\": \"object\",\n            \"properties\": {\n              \"total\": {\n                \"type\": \"number\"\n              },\n              \"active\": {\n                \"type\": \"number\"\n              },\n              \"completed\": {\n                \"type\": \"number\"\n              },\n              \"overdue\": {\n                \"type\": \"number\"\n              }\n            },\n            \"required\": [\n              \"total\",\n              \"active\",\n              \"completed\",\n              \"overdue\"\n            ]\n          },\n          \"submissions\": {\n            \"type\": \"object\",\n            \"properties\": {\n              \"today\": {\n                \"type\": \"number\"\n              },\n              \"thisWeek\": {\n                \"type\": \"number\"\n              },\n              \"pending\": {\n                \"type\": \"number\"\n              }\n            },\n            \"required\": [\n              \"today\",\n              \"thisWeek\",\n              \"pending\"\n            ]\n          }\n        },\n        \"required\": [\n          \"users\",\n          \"teams\",\n          \"projects\",\n          \"submissions\"\n        ]\n      },\n      \"path\": \"/data/stats\",\n      \"message\": \"Expected required property\",\n      \"errors\": [],\n      \"summary\": \"Property 'data.stats' is missing\"\n    },\n    {\n      \"type\": 45,\n      \"schema\": {\n        \"type\": \"array\",\n        \"items\": {\n          \"type\": \"object\",\n          \"properties\": {\n            \"id\": {\n              \"type\": \"string\"\n            },\n            \"type\": {\n              \"type\": \"string\"\n            },\n            \"message\": {\n              \"type\": \"string\"\n            },\n            \"severity\": {\n              \"type\": \"string\"\n            },\n            \"createdAt\": {\n              \"type\": \"string\"\n            }\n          },\n          \"required\": [\n            \"id\",\n            \"type\",\n            \"message\",\n            \"severity\",\n            \"createdAt\"\n          ]\n        }\n      },\n      \"path\": \"/data/alerts\",\n      \"message\": \"Expected required property\",\n      \"errors\": [],\n      \"summary\": \"Property 'data.alerts' is missing\"\n    },\n    {\n      \"summary\": \"Expected object\",\n      \"type\": 46,\n      \"schema\": {\n        \"type\": \"object\",\n        \"properties\": {\n          \"users\": {\n            \"type\": \"object\",\n            \"properties\": {\n              \"total\": {\n                \"type\": \"number\"\n              },\n              \"students\": {\n                \"type\": \"number\"\n              },\n              \"supervisors\": {\n                \"type\": \"number\"\n              },\n              \"pendingApprovals\": {\n                \"type\": \"number\"\n              }\n            },\n            \"required\": [\n              \"total\",\n              \"students\",\n              \"supervisors\",\n              \"pendingApprovals\"\n            ]\n          },\n          \"teams\": {\n            \"type\": \"object\",\n            \"properties\": {\n              \"total\": {\n                \"type\": \"number\"\n              },\n              \"active\": {\n                \"type\": \"number\"\n              },\n              \"pending\": {\n                \"type\": \"number\"\n              },\n              \"withoutSupervisor\": {\n                \"type\": \"number\"\n              }\n            },\n            \"required\": [\n              \"total\",\n              \"active\",\n              \"pending\",\n              \"withoutSupervisor\"\n            ]\n          },\n          \"projects\": {\n            \"type\": \"object\",\n            \"properties\": {\n              \"total\": {\n                \"type\": \"number\"\n              },\n              \"active\": {\n                \"type\": \"number\"\n              },\n              \"completed\": {\n                \"type\": \"number\"\n              },\n              \"overdue\": {\n                \"type\": \"number\"\n              }\n            },\n            \"required\": [\n              \"total\",\n              \"active\",\n              \"completed\",\n              \"overdue\"\n            ]\n          },\n          \"submissions\": {\n            \"type\": \"object\",\n            \"properties\": {\n              \"today\": {\n                \"type\": \"number\"\n              },\n              \"thisWeek\": {\n                \"type\": \"number\"\n              },\n              \"pending\": {\n                \"type\": \"number\"\n              }\n            },\n            \"required\": [\n              \"today\",\n              \"thisWeek\",\n              \"pending\"\n            ]\n          }\n        },\n        \"required\": [\n          \"users\",\n          \"teams\",\n          \"projects\",\n          \"submissions\"\n        ]\n      },\n      \"path\": \"/data/stats\",\n      \"message\": \"Expected object\",\n      \"errors\": []\n    },\n    {\n      \"summary\": \"Expected array\",\n      \"type\": 6,\n      \"schema\": {\n        \"type\": \"array\",\n        \"items\": {\n          \"type\": \"object\",\n          \"properties\": {\n            \"id\": {\n              \"type\": \"string\"\n            },\n            \"type\": {\n              \"type\": \"string\"\n            },\n            \"message\": {\n              \"type\": \"string\"\n            },\n            \"severity\": {\n              \"type\": \"string\"\n            },\n            \"createdAt\": {\n              \"type\": \"string\"\n            }\n          },\n          \"required\": [\n            \"id\",\n            \"type\",\n            \"message\",\n            \"severity\",\n            \"createdAt\"\n          ]\n        }\n      },\n      \"path\": \"/data/alerts\",\n      \"message\": \"Expected array\",\n      \"errors\": []\n    }\n  ]\n}","service":"research-mgmt-api","stack":"Error: {\n  \"type\": \"validation\",\n  \"on\": \"response\",\n  \"summary\": \"Property 'data.stats' is missing\",\n  \"property\": \"/data/stats\",\n  \"message\": \"Expected required property\",\n  \"expected\": {\n    \"success\": false,\n    \"data\": {\n      \"stats\": {\n        \"users\": {\n          \"total\": 0,\n          \"students\": 0,\n          \"supervisors\": 0,\n          \"pendingApprovals\": 0\n        },\n        \"teams\": {\n          \"total\": 0,\n          \"active\": 0,\n          \"pending\": 0,\n          \"withoutSupervisor\": 0\n        },\n        \"projects\": {\n          \"total\": 0,\n          \"active\": 0,\n          \"completed\": 0,\n          \"overdue\": 0\n        },\n        \"submissions\": {\n          \"today\": 0,\n          \"thisWeek\": 0,\n          \"pending\": 0\n        }\n      },\n      \"recentActivities\": [],\n      \"alerts\": []\n    }\n  },\n  \"found\": {\n    \"success\": true,\n    \"data\": {\n      \"recentActivities\": []\n    }\n  },\n  \"errors\": [\n    {\n      \"type\": 45,\n      \"schema\": {\n        \"type\": \"object\",\n        \"properties\": {\n          \"users\": {\n            \"type\": \"object\",\n            \"properties\": {\n              \"total\": {\n                \"type\": \"number\"\n              },\n              \"students\": {\n                \"type\": \"number\"\n              },\n              \"supervisors\": {\n                \"type\": \"number\"\n              },\n              \"pendingApprovals\": {\n                \"type\": \"number\"\n              }\n            },\n            \"required\": [\n              \"total\",\n              \"students\",\n              \"supervisors\",\n              \"pendingApprovals\"\n            ]\n          },\n          \"teams\": {\n            \"type\": \"object\",\n            \"properties\": {\n              \"total\": {\n                \"type\": \"number\"\n              },\n              \"active\": {\n                \"type\": \"number\"\n              },\n              \"pending\": {\n                \"type\": \"number\"\n              },\n              \"withoutSupervisor\": {\n                \"type\": \"number\"\n              }\n            },\n            \"required\": [\n              \"total\",\n              \"active\",\n              \"pending\",\n              \"withoutSupervisor\"\n            ]\n          },\n          \"projects\": {\n            \"type\": \"object\",\n            \"properties\": {\n              \"total\": {\n                \"type\": \"number\"\n              },\n              \"active\": {\n                \"type\": \"number\"\n              },\n              \"completed\": {\n                \"type\": \"number\"\n              },\n              \"overdue\": {\n                \"type\": \"number\"\n              }\n            },\n            \"required\": [\n              \"total\",\n              \"active\",\n              \"completed\",\n              \"overdue\"\n            ]\n          },\n          \"submissions\": {\n            \"type\": \"object\",\n            \"properties\": {\n              \"today\": {\n                \"type\": \"number\"\n              },\n              \"thisWeek\": {\n                \"type\": \"number\"\n              },\n              \"pending\": {\n                \"type\": \"number\"\n              }\n            },\n            \"required\": [\n              \"today\",\n              \"thisWeek\",\n              \"pending\"\n            ]\n          }\n        },\n        \"required\": [\n          \"users\",\n          \"teams\",\n          \"projects\",\n          \"submissions\"\n        ]\n      },\n      \"path\": \"/data/stats\",\n      \"message\": \"Expected required property\",\n      \"errors\": [],\n      \"summary\": \"Property 'data.stats' is missing\"\n    },\n    {\n      \"type\": 45,\n      \"schema\": {\n        \"type\": \"array\",\n        \"items\": {\n          \"type\": \"object\",\n          \"properties\": {\n            \"id\": {\n              \"type\": \"string\"\n            },\n            \"type\": {\n              \"type\": \"string\"\n            },\n            \"message\": {\n              \"type\": \"string\"\n            },\n            \"severity\": {\n              \"type\": \"string\"\n            },\n            \"createdAt\": {\n              \"type\": \"string\"\n            }\n          },\n          \"required\": [\n            \"id\",\n            \"type\",\n            \"message\",\n            \"severity\",\n            \"createdAt\"\n          ]\n        }\n      },\n      \"path\": \"/data/alerts\",\n      \"message\": \"Expected required property\",\n      \"errors\": [],\n      \"summary\": \"Property 'data.alerts' is missing\"\n    },\n    {\n      \"summary\": \"Expected object\",\n      \"type\": 46,\n      \"schema\": {\n        \"type\": \"object\",\n        \"properties\": {\n          \"users\": {\n            \"type\": \"object\",\n            \"properties\": {\n              \"total\": {\n                \"type\": \"number\"\n              },\n              \"students\": {\n                \"type\": \"number\"\n              },\n              \"supervisors\": {\n                \"type\": \"number\"\n              },\n              \"pendingApprovals\": {\n                \"type\": \"number\"\n              }\n            },\n            \"required\": [\n              \"total\",\n              \"students\",\n              \"supervisors\",\n              \"pendingApprovals\"\n            ]\n          },\n          \"teams\": {\n            \"type\": \"object\",\n            \"properties\": {\n              \"total\": {\n                \"type\": \"number\"\n              },\n              \"active\": {\n                \"type\": \"number\"\n              },\n              \"pending\": {\n                \"type\": \"number\"\n              },\n              \"withoutSupervisor\": {\n                \"type\": \"number\"\n              }\n            },\n            \"required\": [\n              \"total\",\n              \"active\",\n              \"pending\",\n              \"withoutSupervisor\"\n            ]\n          },\n          \"projects\": {\n            \"type\": \"object\",\n            \"properties\": {\n              \"total\": {\n                \"type\": \"number\"\n              },\n              \"active\": {\n                \"type\": \"number\"\n              },\n              \"completed\": {\n                \"type\": \"number\"\n              },\n              \"overdue\": {\n                \"type\": \"number\"\n              }\n            },\n            \"required\": [\n              \"total\",\n              \"active\",\n              \"completed\",\n              \"overdue\"\n            ]\n          },\n          \"submissions\": {\n            \"type\": \"object\",\n            \"properties\": {\n              \"today\": {\n                \"type\": \"number\"\n              },\n              \"thisWeek\": {\n                \"type\": \"number\"\n              },\n              \"pending\": {\n                \"type\": \"number\"\n              }\n            },\n            \"required\": [\n              \"today\",\n              \"thisWeek\",\n              \"pending\"\n            ]\n          }\n        },\n        \"required\": [\n          \"users\",\n          \"teams\",\n          \"projects\",\n          \"submissions\"\n        ]\n      },\n      \"path\": \"/data/stats\",\n      \"message\": \"Expected object\",\n      \"errors\": []\n    },\n    {\n      \"summary\": \"Expected array\",\n      \"type\": 6,\n      \"schema\": {\n        \"type\": \"array\",\n        \"items\": {\n          \"type\": \"object\",\n          \"properties\": {\n            \"id\": {\n              \"type\": \"string\"\n            },\n            \"type\": {\n              \"type\": \"string\"\n            },\n            \"message\": {\n              \"type\": \"string\"\n            },\n            \"severity\": {\n              \"type\": \"string\"\n            },\n            \"createdAt\": {\n              \"type\": \"string\"\n            }\n          },\n          \"required\": [\n            \"id\",\n            \"type\",\n            \"message\",\n            \"severity\",\n            \"createdAt\"\n          ]\n        }\n      },\n      \"path\": \"/data/alerts\",\n      \"message\": \"Expected array\",\n      \"errors\": []\n    }\n  ]\n}\n    at new ValidationError (/home/swadhin/projects/Projectmanagement/server/node_modules/elysia/src/error.ts:264:3)\n    at <anonymous> (file:///home/swadhin/projects/Projectmanagement/server/node_modules/elysia/dist/bun/index.js:32:26)\n    at processTicksAndRejections (native:7:39)","status":422,"timestamp":"2025-04-20 01:42:43.297","type":"response","validator":{"code":"return function check(value) {\n  return (\n    (typeof value === 'object' && value !== null && !Array.isArray(value)) &&\n    (typeof value.success === 'boolean') &&\n    (typeof value.data === 'object' && value.data !== null && !Array.isArray(value.data)) &&\n    (typeof value.data.stats === 'object' && value.data.stats !== null && !Array.isArray(value.data.stats)) &&\n    (typeof value.data.stats.users === 'object' && value.data.stats.users !== null && !Array.isArray(value.data.stats.users)) &&\n    Number.isFinite(value.data.stats.users.total) &&\n    Number.isFinite(value.data.stats.users.students) &&\n    Number.isFinite(value.data.stats.users.supervisors) &&\n    Number.isFinite(value.data.stats.users.pendingApprovals) &&\n    (typeof value.data.stats.teams === 'object' && value.data.stats.teams !== null && !Array.isArray(value.data.stats.teams)) &&\n    Number.isFinite(value.data.stats.teams.total) &&\n    Number.isFinite(value.data.stats.teams.active) &&\n    Number.isFinite(value.data.stats.teams.pending) &&\n    Number.isFinite(value.data.stats.teams.withoutSupervisor) &&\n    (typeof value.data.stats.projects === 'object' && value.data.stats.projects !== null && !Array.isArray(value.data.stats.projects)) &&\n    Number.isFinite(value.data.stats.projects.total) &&\n    Number.isFinite(value.data.stats.projects.active) &&\n    Number.isFinite(value.data.stats.projects.completed) &&\n    Number.isFinite(value.data.stats.projects.overdue) &&\n    (typeof value.data.stats.submissions === 'object' && value.data.stats.submissions !== null && !Array.isArray(value.data.stats.submissions)) &&\n    Number.isFinite(value.data.stats.submissions.today) &&\n    Number.isFinite(value.data.stats.submissions.thisWeek) &&\n    Number.isFinite(value.data.stats.submissions.pending) &&\n    Array.isArray(value.data.recentActivities) &&\n    value.data.recentActivities.every((value) => ((typeof value === 'object' && value !== null && !Array.isArray(value)) && (typeof value.id === 'string') && (typeof value.type === 'string') && (typeof value.description === 'string') && (typeof value.user === 'object' && value.user !== null && !Array.isArray(value.user)) && (typeof value.user.id === 'string') && (typeof value.user.name === 'string') && (typeof value.user.role === 'string') && (typeof value.timestamp === 'string'))) &&\n    Array.isArray(value.data.alerts) &&\n    value.data.alerts.every((value) => ((typeof value === 'object' && value !== null && !Array.isArray(value)) && (typeof value.id === 'string') && (typeof value.type === 'string') && (typeof value.message === 'string') && (typeof value.severity === 'string') && (typeof value.createdAt === 'string'))) &&\n    Object.getOwnPropertyNames(value).length === 2\n  )\n}","hasTransform":false,"references":[],"schema":{"additionalProperties":false,"properties":{"data":{"properties":{"alerts":{"items":{"properties":{"createdAt":{"type":"string"},"id":{"type":"string"},"message":{"type":"string"},"severity":{"type":"string"},"type":{"type":"string"}},"required":["id","type","message","severity","createdAt"],"type":"object"},"type":"array"},"recentActivities":{"items":{"properties":{"description":{"type":"string"},"id":{"type":"string"},"timestamp":{"type":"string"},"type":{"type":"string"},"user":{"properties":{"id":{"type":"string"},"name":{"type":"string"},"role":{"type":"string"}},"required":["id","name","role"],"type":"object"}},"required":["id","type","description","user","timestamp"],"type":"object"},"type":"array"},"stats":{"properties":{"projects":{"properties":{"active":{"type":"number"},"completed":{"type":"number"},"overdue":{"type":"number"},"total":{"type":"number"}},"required":["total","active","completed","overdue"],"type":"object"},"submissions":{"properties":{"pending":{"type":"number"},"thisWeek":{"type":"number"},"today":{"type":"number"}},"required":["today","thisWeek","pending"],"type":"object"},"teams":{"properties":{"active":{"type":"number"},"pending":{"type":"number"},"total":{"type":"number"},"withoutSupervisor":{"type":"number"}},"required":["total","active","pending","withoutSupervisor"],"type":"object"},"users":{"properties":{"pendingApprovals":{"type":"number"},"students":{"type":"number"},"supervisors":{"type":"number"},"total":{"type":"number"}},"required":["total","students","supervisors","pendingApprovals"],"type":"object"}},"required":["users","teams","projects","submissions"],"type":"object"}},"required":["stats","recentActivities","alerts"],"type":"object"},"success":{"type":"boolean"}},"required":["success","data"],"type":"object"}},"value":{"data":{"recentActivities":[]},"success":true}}
{"level":"error","message":"HTTP GET /api/admin/sessions - 404 (0ms) Error: Route not found","service":"research-mgmt-api","timestamp":"2025-04-20 01:42:45.090"}
{"level":"info","message":"📊 Fetching admin dashboard data","service":"research-mgmt-api","timestamp":"2025-04-20 01:42:45.300"}
{"level":"info","message":"HTTP GET /api/dashboard/admin - 200 (103ms)","service":"research-mgmt-api","timestamp":"2025-04-20 01:42:45.403"}
{"code":"VALIDATION","level":"error","message":"Application error: {\n  \"type\": \"validation\",\n  \"on\": \"response\",\n  \"summary\": \"Property 'data.stats' is missing\",\n  \"property\": \"/data/stats\",\n  \"message\": \"Expected required property\",\n  \"expected\": {\n    \"success\": false,\n    \"data\": {\n      \"stats\": {\n        \"users\": {\n          \"total\": 0,\n          \"students\": 0,\n          \"supervisors\": 0,\n          \"pendingApprovals\": 0\n        },\n        \"teams\": {\n          \"total\": 0,\n          \"active\": 0,\n          \"pending\": 0,\n          \"withoutSupervisor\": 0\n        },\n        \"projects\": {\n          \"total\": 0,\n          \"active\": 0,\n          \"completed\": 0,\n          \"overdue\": 0\n        },\n        \"submissions\": {\n          \"today\": 0,\n          \"thisWeek\": 0,\n          \"pending\": 0\n        }\n      },\n      \"recentActivities\": [],\n      \"alerts\": []\n    }\n  },\n  \"found\": {\n    \"success\": true,\n    \"data\": {\n      \"recentActivities\": []\n    }\n  },\n  \"errors\": [\n    {\n      \"type\": 45,\n      \"schema\": {\n        \"type\": \"object\",\n        \"properties\": {\n          \"users\": {\n            \"type\": \"object\",\n            \"properties\": {\n              \"total\": {\n                \"type\": \"number\"\n              },\n              \"students\": {\n                \"type\": \"number\"\n              },\n              \"supervisors\": {\n                \"type\": \"number\"\n              },\n              \"pendingApprovals\": {\n                \"type\": \"number\"\n              }\n            },\n            \"required\": [\n              \"total\",\n              \"students\",\n              \"supervisors\",\n              \"pendingApprovals\"\n            ]\n          },\n          \"teams\": {\n            \"type\": \"object\",\n            \"properties\": {\n              \"total\": {\n                \"type\": \"number\"\n              },\n              \"active\": {\n                \"type\": \"number\"\n              },\n              \"pending\": {\n                \"type\": \"number\"\n              },\n              \"withoutSupervisor\": {\n                \"type\": \"number\"\n              }\n            },\n            \"required\": [\n              \"total\",\n              \"active\",\n              \"pending\",\n              \"withoutSupervisor\"\n            ]\n          },\n          \"projects\": {\n            \"type\": \"object\",\n            \"properties\": {\n              \"total\": {\n                \"type\": \"number\"\n              },\n              \"active\": {\n                \"type\": \"number\"\n              },\n              \"completed\": {\n                \"type\": \"number\"\n              },\n              \"overdue\": {\n                \"type\": \"number\"\n              }\n            },\n            \"required\": [\n              \"total\",\n              \"active\",\n              \"completed\",\n              \"overdue\"\n            ]\n          },\n          \"submissions\": {\n            \"type\": \"object\",\n            \"properties\": {\n              \"today\": {\n                \"type\": \"number\"\n              },\n              \"thisWeek\": {\n                \"type\": \"number\"\n              },\n              \"pending\": {\n                \"type\": \"number\"\n              }\n            },\n            \"required\": [\n              \"today\",\n              \"thisWeek\",\n              \"pending\"\n            ]\n          }\n        },\n        \"required\": [\n          \"users\",\n          \"teams\",\n          \"projects\",\n          \"submissions\"\n        ]\n      },\n      \"path\": \"/data/stats\",\n      \"message\": \"Expected required property\",\n      \"errors\": [],\n      \"summary\": \"Property 'data.stats' is missing\"\n    },\n    {\n      \"type\": 45,\n      \"schema\": {\n        \"type\": \"array\",\n        \"items\": {\n          \"type\": \"object\",\n          \"properties\": {\n            \"id\": {\n              \"type\": \"string\"\n            },\n            \"type\": {\n              \"type\": \"string\"\n            },\n            \"message\": {\n              \"type\": \"string\"\n            },\n            \"severity\": {\n              \"type\": \"string\"\n            },\n            \"createdAt\": {\n              \"type\": \"string\"\n            }\n          },\n          \"required\": [\n            \"id\",\n            \"type\",\n            \"message\",\n            \"severity\",\n            \"createdAt\"\n          ]\n        }\n      },\n      \"path\": \"/data/alerts\",\n      \"message\": \"Expected required property\",\n      \"errors\": [],\n      \"summary\": \"Property 'data.alerts' is missing\"\n    },\n    {\n      \"summary\": \"Expected object\",\n      \"type\": 46,\n      \"schema\": {\n        \"type\": \"object\",\n        \"properties\": {\n          \"users\": {\n            \"type\": \"object\",\n            \"properties\": {\n              \"total\": {\n                \"type\": \"number\"\n              },\n              \"students\": {\n                \"type\": \"number\"\n              },\n              \"supervisors\": {\n                \"type\": \"number\"\n              },\n              \"pendingApprovals\": {\n                \"type\": \"number\"\n              }\n            },\n            \"required\": [\n              \"total\",\n              \"students\",\n              \"supervisors\",\n              \"pendingApprovals\"\n            ]\n          },\n          \"teams\": {\n            \"type\": \"object\",\n            \"properties\": {\n              \"total\": {\n                \"type\": \"number\"\n              },\n              \"active\": {\n                \"type\": \"number\"\n              },\n              \"pending\": {\n                \"type\": \"number\"\n              },\n              \"withoutSupervisor\": {\n                \"type\": \"number\"\n              }\n            },\n            \"required\": [\n              \"total\",\n              \"active\",\n              \"pending\",\n              \"withoutSupervisor\"\n            ]\n          },\n          \"projects\": {\n            \"type\": \"object\",\n            \"properties\": {\n              \"total\": {\n                \"type\": \"number\"\n              },\n              \"active\": {\n                \"type\": \"number\"\n              },\n              \"completed\": {\n                \"type\": \"number\"\n              },\n              \"overdue\": {\n                \"type\": \"number\"\n              }\n            },\n            \"required\": [\n              \"total\",\n              \"active\",\n              \"completed\",\n              \"overdue\"\n            ]\n          },\n          \"submissions\": {\n            \"type\": \"object\",\n            \"properties\": {\n              \"today\": {\n                \"type\": \"number\"\n              },\n              \"thisWeek\": {\n                \"type\": \"number\"\n              },\n              \"pending\": {\n                \"type\": \"number\"\n              }\n            },\n            \"required\": [\n              \"today\",\n              \"thisWeek\",\n              \"pending\"\n            ]\n          }\n        },\n        \"required\": [\n          \"users\",\n          \"teams\",\n          \"projects\",\n          \"submissions\"\n        ]\n      },\n      \"path\": \"/data/stats\",\n      \"message\": \"Expected object\",\n      \"errors\": []\n    },\n    {\n      \"summary\": \"Expected array\",\n      \"type\": 6,\n      \"schema\": {\n        \"type\": \"array\",\n        \"items\": {\n          \"type\": \"object\",\n          \"properties\": {\n            \"id\": {\n              \"type\": \"string\"\n            },\n            \"type\": {\n              \"type\": \"string\"\n            },\n            \"message\": {\n              \"type\": \"string\"\n            },\n            \"severity\": {\n              \"type\": \"string\"\n            },\n            \"createdAt\": {\n              \"type\": \"string\"\n            }\n          },\n          \"required\": [\n            \"id\",\n            \"type\",\n            \"message\",\n            \"severity\",\n            \"createdAt\"\n          ]\n        }\n      },\n      \"path\": \"/data/alerts\",\n      \"message\": \"Expected array\",\n      \"errors\": []\n    }\n  ]\n}","service":"research-mgmt-api","stack":"Error: {\n  \"type\": \"validation\",\n  \"on\": \"response\",\n  \"summary\": \"Property 'data.stats' is missing\",\n  \"property\": \"/data/stats\",\n  \"message\": \"Expected required property\",\n  \"expected\": {\n    \"success\": false,\n    \"data\": {\n      \"stats\": {\n        \"users\": {\n          \"total\": 0,\n          \"students\": 0,\n          \"supervisors\": 0,\n          \"pendingApprovals\": 0\n        },\n        \"teams\": {\n          \"total\": 0,\n          \"active\": 0,\n          \"pending\": 0,\n          \"withoutSupervisor\": 0\n        },\n        \"projects\": {\n          \"total\": 0,\n          \"active\": 0,\n          \"completed\": 0,\n          \"overdue\": 0\n        },\n        \"submissions\": {\n          \"today\": 0,\n          \"thisWeek\": 0,\n          \"pending\": 0\n        }\n      },\n      \"recentActivities\": [],\n      \"alerts\": []\n    }\n  },\n  \"found\": {\n    \"success\": true,\n    \"data\": {\n      \"recentActivities\": []\n    }\n  },\n  \"errors\": [\n    {\n      \"type\": 45,\n      \"schema\": {\n        \"type\": \"object\",\n        \"properties\": {\n          \"users\": {\n            \"type\": \"object\",\n            \"properties\": {\n              \"total\": {\n                \"type\": \"number\"\n              },\n              \"students\": {\n                \"type\": \"number\"\n              },\n              \"supervisors\": {\n                \"type\": \"number\"\n              },\n              \"pendingApprovals\": {\n                \"type\": \"number\"\n              }\n            },\n            \"required\": [\n              \"total\",\n              \"students\",\n              \"supervisors\",\n              \"pendingApprovals\"\n            ]\n          },\n          \"teams\": {\n            \"type\": \"object\",\n            \"properties\": {\n              \"total\": {\n                \"type\": \"number\"\n              },\n              \"active\": {\n                \"type\": \"number\"\n              },\n              \"pending\": {\n                \"type\": \"number\"\n              },\n              \"withoutSupervisor\": {\n                \"type\": \"number\"\n              }\n            },\n            \"required\": [\n              \"total\",\n              \"active\",\n              \"pending\",\n              \"withoutSupervisor\"\n            ]\n          },\n          \"projects\": {\n            \"type\": \"object\",\n            \"properties\": {\n              \"total\": {\n                \"type\": \"number\"\n              },\n              \"active\": {\n                \"type\": \"number\"\n              },\n              \"completed\": {\n                \"type\": \"number\"\n              },\n              \"overdue\": {\n                \"type\": \"number\"\n              }\n            },\n            \"required\": [\n              \"total\",\n              \"active\",\n              \"completed\",\n              \"overdue\"\n            ]\n          },\n          \"submissions\": {\n            \"type\": \"object\",\n            \"properties\": {\n              \"today\": {\n                \"type\": \"number\"\n              },\n              \"thisWeek\": {\n                \"type\": \"number\"\n              },\n              \"pending\": {\n                \"type\": \"number\"\n              }\n            },\n            \"required\": [\n              \"today\",\n              \"thisWeek\",\n              \"pending\"\n            ]\n          }\n        },\n        \"required\": [\n          \"users\",\n          \"teams\",\n          \"projects\",\n          \"submissions\"\n        ]\n      },\n      \"path\": \"/data/stats\",\n      \"message\": \"Expected required property\",\n      \"errors\": [],\n      \"summary\": \"Property 'data.stats' is missing\"\n    },\n    {\n      \"type\": 45,\n      \"schema\": {\n        \"type\": \"array\",\n        \"items\": {\n          \"type\": \"object\",\n          \"properties\": {\n            \"id\": {\n              \"type\": \"string\"\n            },\n            \"type\": {\n              \"type\": \"string\"\n            },\n            \"message\": {\n              \"type\": \"string\"\n            },\n            \"severity\": {\n              \"type\": \"string\"\n            },\n            \"createdAt\": {\n              \"type\": \"string\"\n            }\n          },\n          \"required\": [\n            \"id\",\n            \"type\",\n            \"message\",\n            \"severity\",\n            \"createdAt\"\n          ]\n        }\n      },\n      \"path\": \"/data/alerts\",\n      \"message\": \"Expected required property\",\n      \"errors\": [],\n      \"summary\": \"Property 'data.alerts' is missing\"\n    },\n    {\n      \"summary\": \"Expected object\",\n      \"type\": 46,\n      \"schema\": {\n        \"type\": \"object\",\n        \"properties\": {\n          \"users\": {\n            \"type\": \"object\",\n            \"properties\": {\n              \"total\": {\n                \"type\": \"number\"\n              },\n              \"students\": {\n                \"type\": \"number\"\n              },\n              \"supervisors\": {\n                \"type\": \"number\"\n              },\n              \"pendingApprovals\": {\n                \"type\": \"number\"\n              }\n            },\n            \"required\": [\n              \"total\",\n              \"students\",\n              \"supervisors\",\n              \"pendingApprovals\"\n            ]\n          },\n          \"teams\": {\n            \"type\": \"object\",\n            \"properties\": {\n              \"total\": {\n                \"type\": \"number\"\n              },\n              \"active\": {\n                \"type\": \"number\"\n              },\n              \"pending\": {\n                \"type\": \"number\"\n              },\n              \"withoutSupervisor\": {\n                \"type\": \"number\"\n              }\n            },\n            \"required\": [\n              \"total\",\n              \"active\",\n              \"pending\",\n              \"withoutSupervisor\"\n            ]\n          },\n          \"projects\": {\n            \"type\": \"object\",\n            \"properties\": {\n              \"total\": {\n                \"type\": \"number\"\n              },\n              \"active\": {\n                \"type\": \"number\"\n              },\n              \"completed\": {\n                \"type\": \"number\"\n              },\n              \"overdue\": {\n                \"type\": \"number\"\n              }\n            },\n            \"required\": [\n              \"total\",\n              \"active\",\n              \"completed\",\n              \"overdue\"\n            ]\n          },\n          \"submissions\": {\n            \"type\": \"object\",\n            \"properties\": {\n              \"today\": {\n                \"type\": \"number\"\n              },\n              \"thisWeek\": {\n                \"type\": \"number\"\n              },\n              \"pending\": {\n                \"type\": \"number\"\n              }\n            },\n            \"required\": [\n              \"today\",\n              \"thisWeek\",\n              \"pending\"\n            ]\n          }\n        },\n        \"required\": [\n          \"users\",\n          \"teams\",\n          \"projects\",\n          \"submissions\"\n        ]\n      },\n      \"path\": \"/data/stats\",\n      \"message\": \"Expected object\",\n      \"errors\": []\n    },\n    {\n      \"summary\": \"Expected array\",\n      \"type\": 6,\n      \"schema\": {\n        \"type\": \"array\",\n        \"items\": {\n          \"type\": \"object\",\n          \"properties\": {\n            \"id\": {\n              \"type\": \"string\"\n            },\n            \"type\": {\n              \"type\": \"string\"\n            },\n            \"message\": {\n              \"type\": \"string\"\n            },\n            \"severity\": {\n              \"type\": \"string\"\n            },\n            \"createdAt\": {\n              \"type\": \"string\"\n            }\n          },\n          \"required\": [\n            \"id\",\n            \"type\",\n            \"message\",\n            \"severity\",\n            \"createdAt\"\n          ]\n        }\n      },\n      \"path\": \"/data/alerts\",\n      \"message\": \"Expected array\",\n      \"errors\": []\n    }\n  ]\n}\n    at new ValidationError (/home/swadhin/projects/Projectmanagement/server/node_modules/elysia/src/error.ts:264:3)\n    at <anonymous> (file:///home/swadhin/projects/Projectmanagement/server/node_modules/elysia/dist/bun/index.js:32:26)\n    at processTicksAndRejections (native:7:39)","status":422,"timestamp":"2025-04-20 01:42:45.404","type":"response","validator":{"code":"return function check(value) {\n  return (\n    (typeof value === 'object' && value !== null && !Array.isArray(value)) &&\n    (typeof value.success === 'boolean') &&\n    (typeof value.data === 'object' && value.data !== null && !Array.isArray(value.data)) &&\n    (typeof value.data.stats === 'object' && value.data.stats !== null && !Array.isArray(value.data.stats)) &&\n    (typeof value.data.stats.users === 'object' && value.data.stats.users !== null && !Array.isArray(value.data.stats.users)) &&\n    Number.isFinite(value.data.stats.users.total) &&\n    Number.isFinite(value.data.stats.users.students) &&\n    Number.isFinite(value.data.stats.users.supervisors) &&\n    Number.isFinite(value.data.stats.users.pendingApprovals) &&\n    (typeof value.data.stats.teams === 'object' && value.data.stats.teams !== null && !Array.isArray(value.data.stats.teams)) &&\n    Number.isFinite(value.data.stats.teams.total) &&\n    Number.isFinite(value.data.stats.teams.active) &&\n    Number.isFinite(value.data.stats.teams.pending) &&\n    Number.isFinite(value.data.stats.teams.withoutSupervisor) &&\n    (typeof value.data.stats.projects === 'object' && value.data.stats.projects !== null && !Array.isArray(value.data.stats.projects)) &&\n    Number.isFinite(value.data.stats.projects.total) &&\n    Number.isFinite(value.data.stats.projects.active) &&\n    Number.isFinite(value.data.stats.projects.completed) &&\n    Number.isFinite(value.data.stats.projects.overdue) &&\n    (typeof value.data.stats.submissions === 'object' && value.data.stats.submissions !== null && !Array.isArray(value.data.stats.submissions)) &&\n    Number.isFinite(value.data.stats.submissions.today) &&\n    Number.isFinite(value.data.stats.submissions.thisWeek) &&\n    Number.isFinite(value.data.stats.submissions.pending) &&\n    Array.isArray(value.data.recentActivities) &&\n    value.data.recentActivities.every((value) => ((typeof value === 'object' && value !== null && !Array.isArray(value)) && (typeof value.id === 'string') && (typeof value.type === 'string') && (typeof value.description === 'string') && (typeof value.user === 'object' && value.user !== null && !Array.isArray(value.user)) && (typeof value.user.id === 'string') && (typeof value.user.name === 'string') && (typeof value.user.role === 'string') && (typeof value.timestamp === 'string'))) &&\n    Array.isArray(value.data.alerts) &&\n    value.data.alerts.every((value) => ((typeof value === 'object' && value !== null && !Array.isArray(value)) && (typeof value.id === 'string') && (typeof value.type === 'string') && (typeof value.message === 'string') && (typeof value.severity === 'string') && (typeof value.createdAt === 'string'))) &&\n    Object.getOwnPropertyNames(value).length === 2\n  )\n}","hasTransform":false,"references":[],"schema":{"additionalProperties":false,"properties":{"data":{"properties":{"alerts":{"items":{"properties":{"createdAt":{"type":"string"},"id":{"type":"string"},"message":{"type":"string"},"severity":{"type":"string"},"type":{"type":"string"}},"required":["id","type","message","severity","createdAt"],"type":"object"},"type":"array"},"recentActivities":{"items":{"properties":{"description":{"type":"string"},"id":{"type":"string"},"timestamp":{"type":"string"},"type":{"type":"string"},"user":{"properties":{"id":{"type":"string"},"name":{"type":"string"},"role":{"type":"string"}},"required":["id","name","role"],"type":"object"}},"required":["id","type","description","user","timestamp"],"type":"object"},"type":"array"},"stats":{"properties":{"projects":{"properties":{"active":{"type":"number"},"completed":{"type":"number"},"overdue":{"type":"number"},"total":{"type":"number"}},"required":["total","active","completed","overdue"],"type":"object"},"submissions":{"properties":{"pending":{"type":"number"},"thisWeek":{"type":"number"},"today":{"type":"number"}},"required":["today","thisWeek","pending"],"type":"object"},"teams":{"properties":{"active":{"type":"number"},"pending":{"type":"number"},"total":{"type":"number"},"withoutSupervisor":{"type":"number"}},"required":["total","active","pending","withoutSupervisor"],"type":"object"},"users":{"properties":{"pendingApprovals":{"type":"number"},"students":{"type":"number"},"supervisors":{"type":"number"},"total":{"type":"number"}},"required":["total","students","supervisors","pendingApprovals"],"type":"object"}},"required":["users","teams","projects","submissions"],"type":"object"}},"required":["stats","recentActivities","alerts"],"type":"object"},"success":{"type":"boolean"}},"required":["success","data"],"type":"object"}},"value":{"data":{"recentActivities":[]},"success":true}}
{"external":"23 MB","heapTotal":"31 MB","heapUsed":"43 MB","level":"info","message":"Memory usage stats:","rss":"229 MB","service":"research-mgmt-api","timestamp":"2025-04-20 01:45:11.043"}
{"level":"info","message":"JWT helper initialized","service":"research-mgmt-api","timestamp":"2025-04-20 01:46:11.508"}
{"adminRoutes":true,"authRoutes":true,"level":"info","message":"Route modules loaded:","service":"research-mgmt-api","studentRoutes":true,"supervisorRoutes":true,"timestamp":"2025-04-20 01:46:11.542"}
{"level":"info","message":"Registered API redirect from GET /notifications to GET /api/notifications","service":"research-mgmt-api","timestamp":"2025-04-20 01:46:11.556"}
{"level":"info","message":"Registered API redirect from GET /notifications/unread/count to GET /api/notifications/unread/count","service":"research-mgmt-api","timestamp":"2025-04-20 01:46:11.557"}
{"level":"info","message":"Registered API redirect from GET /user/profile to GET /api/user/profile","service":"research-mgmt-api","timestamp":"2025-04-20 01:46:11.557"}
{"level":"info","message":"Registered API redirect from GET /dashboard to GET /api/dashboard","service":"research-mgmt-api","timestamp":"2025-04-20 01:46:11.557"}
{"level":"info","message":"Registered API redirect from GET /calendar to GET /api/calendar","service":"research-mgmt-api","timestamp":"2025-04-20 01:46:11.557"}
{"level":"info","message":"Registered Team API redirect from GET /teams to GET /api/students/team/...","service":"research-mgmt-api","timestamp":"2025-04-20 01:46:11.557"}
{"level":"info","message":"Registered Team API redirect from GET /teams/my-team to GET /api/students/team/...","service":"research-mgmt-api","timestamp":"2025-04-20 01:46:11.558"}
{"level":"info","message":"Registered Team API redirect from GET /teams/:id to GET /api/students/team/...","service":"research-mgmt-api","timestamp":"2025-04-20 01:46:11.558"}
{"level":"info","message":"Registered Team API redirect from PUT /teams/:id to PUT /api/students/team/...","service":"research-mgmt-api","timestamp":"2025-04-20 01:46:11.558"}
{"level":"info","message":"Registered Team API redirect from DELETE /teams/:id to DELETE /api/students/team/...","service":"research-mgmt-api","timestamp":"2025-04-20 01:46:11.558"}
{"level":"info","message":"Registered Team API redirect from POST /teams/:id/invite to POST /api/students/team/...","service":"research-mgmt-api","timestamp":"2025-04-20 01:46:11.558"}
{"level":"info","message":"Registered Team API redirect from POST /teams/:id/leave to POST /api/students/team/...","service":"research-mgmt-api","timestamp":"2025-04-20 01:46:11.558"}
{"level":"info","message":"Registered Team API redirect from POST /teams/:id/remove-member to POST /api/students/team/...","service":"research-mgmt-api","timestamp":"2025-04-20 01:46:11.558"}
{"level":"info","message":"Registered Student Team API redirect from GET /api/student-teams to GET /api/students/team/...","service":"research-mgmt-api","timestamp":"2025-04-20 01:46:11.558"}
{"level":"info","message":"Registered Student Team API redirect from GET /api/student-teams/invitations to GET /api/students/team/...","service":"research-mgmt-api","timestamp":"2025-04-20 01:46:11.558"}
{"level":"info","message":"Registered Student Team API redirect from DELETE /api/student-teams/:id/leave to DELETE /api/students/team/...","service":"research-mgmt-api","timestamp":"2025-04-20 01:46:11.559"}
{"level":"info","message":"Registered API redirect from GET /projects to GET /api/projects","service":"research-mgmt-api","timestamp":"2025-04-20 01:46:11.559"}
{"level":"info","message":"Registered API redirect from POST /projects to POST /api/projects","service":"research-mgmt-api","timestamp":"2025-04-20 01:46:11.559"}
{"level":"info","message":"Registered API redirect from GET /sessions to GET /api/sessions","service":"research-mgmt-api","timestamp":"2025-04-20 01:46:11.559"}
{"level":"info","message":"Registered API redirect from POST /sessions to POST /api/sessions","service":"research-mgmt-api","timestamp":"2025-04-20 01:46:11.559"}
{"level":"info","message":"Registered API redirect from GET /messages to GET /api/messages","service":"research-mgmt-api","timestamp":"2025-04-20 01:46:11.559"}
{"level":"info","message":"Registered API redirect from POST /messages to POST /api/messages","service":"research-mgmt-api","timestamp":"2025-04-20 01:46:11.559"}
{"level":"info","message":"Registered API redirect from GET /projects/:id to GET /api/projects/:id","service":"research-mgmt-api","timestamp":"2025-04-20 01:46:11.559"}
{"level":"info","message":"Registered API redirect from PUT /projects/:id to PUT /api/projects/:id","service":"research-mgmt-api","timestamp":"2025-04-20 01:46:11.559"}
{"level":"info","message":"Registered API redirect from DELETE /projects/:id to DELETE /api/projects/:id","service":"research-mgmt-api","timestamp":"2025-04-20 01:46:11.559"}
{"level":"info","message":"Registered API redirect from GET /users/:id to GET /api/users/:id","service":"research-mgmt-api","timestamp":"2025-04-20 01:46:11.559"}
{"level":"info","message":"Registered API redirect from PUT /users/:id to PUT /api/users/:id","service":"research-mgmt-api","timestamp":"2025-04-20 01:46:11.560"}
{"level":"info","message":"Attempting to connect to MongoDB database","service":"research-mgmt-api","timestamp":"2025-04-20 01:46:11.560"}
{"level":"info","message":"Attempting to connect to MongoDB...","service":"research-mgmt-api","timestamp":"2025-04-20 01:46:11.560"}
{"level":"info","message":"MongoDB Connected: ac-xdpuchx-shard-00-01.tvoe17p.mongodb.net","service":"research-mgmt-api","timestamp":"2025-04-20 01:46:12.211"}
{"level":"info","message":"✅ MongoDB connection established successfully","service":"research-mgmt-api","timestamp":"2025-04-20 01:46:12.211"}
{"level":"info","message":"🚀 Server running on port 300000 and accessible from all network interfaces","service":"research-mgmt-api","timestamp":"2025-04-20 01:46:12.217"}
{"level":"error","message":"HTTP GET /api/teams - 404 (0ms) Error: Route not found","service":"research-mgmt-api","timestamp":"2025-04-20 01:46:36.477"}
{"level":"error","message":"HTTP GET /api/supervisors - 404 (0ms) Error: Route not found","service":"research-mgmt-api","timestamp":"2025-04-20 01:46:36.478"}
{"level":"info","message":"📊 Fetching admin dashboard data","service":"research-mgmt-api","timestamp":"2025-04-20 01:46:36.485"}
{"level":"error","message":"HTTP GET /api/admin/sessions - 404 (0ms) Error: Route not found","service":"research-mgmt-api","timestamp":"2025-04-20 01:46:36.491"}
{"level":"error","message":"HTTP GET /api/admin/pending-supervisors - 404 (0ms) Error: Route not found","service":"research-mgmt-api","timestamp":"2025-04-20 01:46:36.492"}
{"level":"error","message":"HTTP GET /api/teams - 404 (0ms) Error: Route not found","service":"research-mgmt-api","timestamp":"2025-04-20 01:46:36.493"}
{"level":"error","message":"HTTP GET /api/supervisors - 404 (0ms) Error: Route not found","service":"research-mgmt-api","timestamp":"2025-04-20 01:46:36.493"}
{"level":"info","message":"HTTP GET /api/notifications - 200 (0ms)","service":"research-mgmt-api","timestamp":"2025-04-20 01:46:36.582"}
{"level":"info","message":"HTTP GET /api/notifications/unread/count - 200 (0ms)","service":"research-mgmt-api","timestamp":"2025-04-20 01:46:36.585"}
{"level":"info","message":"HTTP GET /api/dashboard/admin - 200 (397ms)","service":"research-mgmt-api","timestamp":"2025-04-20 01:46:36.882"}
{"level":"info","message":"JWT helper initialized","service":"research-mgmt-api","timestamp":"2025-04-20 01:47:10.281"}
{"adminRoutes":true,"authRoutes":true,"level":"info","message":"Route modules loaded:","service":"research-mgmt-api","studentRoutes":true,"supervisorRoutes":true,"timestamp":"2025-04-20 01:47:10.317"}
{"level":"info","message":"Registered API redirect from GET /notifications to GET /api/notifications","service":"research-mgmt-api","timestamp":"2025-04-20 01:47:10.332"}
{"level":"info","message":"Registered API redirect from GET /notifications/unread/count to GET /api/notifications/unread/count","service":"research-mgmt-api","timestamp":"2025-04-20 01:47:10.332"}
{"level":"info","message":"Registered API redirect from GET /user/profile to GET /api/user/profile","service":"research-mgmt-api","timestamp":"2025-04-20 01:47:10.332"}
{"level":"info","message":"Registered API redirect from GET /dashboard to GET /api/dashboard","service":"research-mgmt-api","timestamp":"2025-04-20 01:47:10.332"}
{"level":"info","message":"Registered API redirect from GET /calendar to GET /api/calendar","service":"research-mgmt-api","timestamp":"2025-04-20 01:47:10.332"}
{"level":"info","message":"Registered Team API redirect from GET /teams to GET /api/students/team/...","service":"research-mgmt-api","timestamp":"2025-04-20 01:47:10.332"}
{"level":"info","message":"Registered Team API redirect from GET /teams/my-team to GET /api/students/team/...","service":"research-mgmt-api","timestamp":"2025-04-20 01:47:10.332"}
{"level":"info","message":"Registered Team API redirect from GET /teams/:id to GET /api/students/team/...","service":"research-mgmt-api","timestamp":"2025-04-20 01:47:10.333"}
{"level":"info","message":"Registered Team API redirect from PUT /teams/:id to PUT /api/students/team/...","service":"research-mgmt-api","timestamp":"2025-04-20 01:47:10.333"}
{"level":"info","message":"Registered Team API redirect from DELETE /teams/:id to DELETE /api/students/team/...","service":"research-mgmt-api","timestamp":"2025-04-20 01:47:10.333"}
{"level":"info","message":"Registered Team API redirect from POST /teams/:id/invite to POST /api/students/team/...","service":"research-mgmt-api","timestamp":"2025-04-20 01:47:10.333"}
{"level":"info","message":"Registered Team API redirect from POST /teams/:id/leave to POST /api/students/team/...","service":"research-mgmt-api","timestamp":"2025-04-20 01:47:10.333"}
{"level":"info","message":"Registered Team API redirect from POST /teams/:id/remove-member to POST /api/students/team/...","service":"research-mgmt-api","timestamp":"2025-04-20 01:47:10.333"}
{"level":"info","message":"Registered Student Team API redirect from GET /api/student-teams to GET /api/students/team/...","service":"research-mgmt-api","timestamp":"2025-04-20 01:47:10.333"}
{"level":"info","message":"Registered Student Team API redirect from GET /api/student-teams/invitations to GET /api/students/team/...","service":"research-mgmt-api","timestamp":"2025-04-20 01:47:10.333"}
{"level":"info","message":"Registered Student Team API redirect from DELETE /api/student-teams/:id/leave to DELETE /api/students/team/...","service":"research-mgmt-api","timestamp":"2025-04-20 01:47:10.333"}
{"level":"info","message":"Registered API redirect from GET /projects to GET /api/projects","service":"research-mgmt-api","timestamp":"2025-04-20 01:47:10.334"}
{"level":"info","message":"Registered API redirect from POST /projects to POST /api/projects","service":"research-mgmt-api","timestamp":"2025-04-20 01:47:10.334"}
{"level":"info","message":"Registered API redirect from GET /sessions to GET /api/sessions","service":"research-mgmt-api","timestamp":"2025-04-20 01:47:10.334"}
{"level":"info","message":"Registered API redirect from POST /sessions to POST /api/sessions","service":"research-mgmt-api","timestamp":"2025-04-20 01:47:10.334"}
{"level":"info","message":"Registered API redirect from GET /messages to GET /api/messages","service":"research-mgmt-api","timestamp":"2025-04-20 01:47:10.334"}
{"level":"info","message":"Registered API redirect from POST /messages to POST /api/messages","service":"research-mgmt-api","timestamp":"2025-04-20 01:47:10.334"}
{"level":"info","message":"Registered API redirect from GET /projects/:id to GET /api/projects/:id","service":"research-mgmt-api","timestamp":"2025-04-20 01:47:10.334"}
{"level":"info","message":"Registered API redirect from PUT /projects/:id to PUT /api/projects/:id","service":"research-mgmt-api","timestamp":"2025-04-20 01:47:10.334"}
{"level":"info","message":"Registered API redirect from DELETE /projects/:id to DELETE /api/projects/:id","service":"research-mgmt-api","timestamp":"2025-04-20 01:47:10.334"}
{"level":"info","message":"Registered API redirect from GET /users/:id to GET /api/users/:id","service":"research-mgmt-api","timestamp":"2025-04-20 01:47:10.334"}
{"level":"info","message":"Registered API redirect from PUT /users/:id to PUT /api/users/:id","service":"research-mgmt-api","timestamp":"2025-04-20 01:47:10.334"}
{"level":"info","message":"Attempting to connect to MongoDB database","service":"research-mgmt-api","timestamp":"2025-04-20 01:47:10.335"}
{"level":"info","message":"Attempting to connect to MongoDB...","service":"research-mgmt-api","timestamp":"2025-04-20 01:47:10.335"}
{"level":"info","message":"MongoDB Connected: ac-xdpuchx-shard-00-00.tvoe17p.mongodb.net","service":"research-mgmt-api","timestamp":"2025-04-20 01:47:10.945"}
{"level":"info","message":"✅ MongoDB connection established successfully","service":"research-mgmt-api","timestamp":"2025-04-20 01:47:10.945"}
{"level":"info","message":"🚀 Server running on port 300000 and accessible from all network interfaces","service":"research-mgmt-api","timestamp":"2025-04-20 01:47:10.950"}
{"level":"info","message":"HTTP GET /api/notifications - 200 (0ms)","service":"research-mgmt-api","timestamp":"2025-04-20 01:48:17.791"}
{"level":"info","message":"HTTP GET /api/notifications/unread/count - 200 (0ms)","service":"research-mgmt-api","timestamp":"2025-04-20 01:48:17.799"}
{"level":"error","message":"HTTP GET /api/teams - 404 (0ms) Error: Route not found","service":"research-mgmt-api","timestamp":"2025-04-20 01:48:17.824"}
{"level":"error","message":"HTTP GET /api/supervisors - 404 (0ms) Error: Route not found","service":"research-mgmt-api","timestamp":"2025-04-20 01:48:17.831"}
{"level":"info","message":"📊 Fetching admin dashboard data","service":"research-mgmt-api","timestamp":"2025-04-20 01:48:17.831"}
{"level":"error","message":"HTTP GET /api/admin/sessions - 404 (0ms) Error: Route not found","service":"research-mgmt-api","timestamp":"2025-04-20 01:48:17.836"}
{"level":"error","message":"HTTP GET /api/admin/pending-supervisors - 404 (0ms) Error: Route not found","service":"research-mgmt-api","timestamp":"2025-04-20 01:48:17.836"}
{"level":"error","message":"HTTP GET /api/supervisors - 404 (0ms) Error: Route not found","service":"research-mgmt-api","timestamp":"2025-04-20 01:48:17.837"}
{"level":"error","message":"HTTP GET /api/teams - 404 (0ms) Error: Route not found","service":"research-mgmt-api","timestamp":"2025-04-20 01:48:17.838"}
{"level":"info","message":"HTTP GET /api/dashboard/admin - 200 (442ms)","service":"research-mgmt-api","timestamp":"2025-04-20 01:48:18.273"}
{"level":"error","message":"HTTP GET /api/admin/sessions - 404 (0ms) Error: Route not found","service":"research-mgmt-api","timestamp":"2025-04-20 01:48:18.840"}
{"level":"error","message":"HTTP GET /api/admin/sessions - 404 (0ms) Error: Route not found","service":"research-mgmt-api","timestamp":"2025-04-20 01:48:20.844"}
{"level":"error","message":"HTTP GET /admin/users - 404 (0ms) Error: Route not found","service":"research-mgmt-api","timestamp":"2025-04-20 01:48:34.384"}
{"level":"error","message":"HTTP GET /admin/teams - 404 (0ms) Error: Route not found","service":"research-mgmt-api","timestamp":"2025-04-20 01:48:35.307"}
{"level":"error","message":"HTTP GET /admin/projects - 404 (0ms) Error: Route not found","service":"research-mgmt-api","timestamp":"2025-04-20 01:48:36.184"}
{"level":"error","message":"HTTP GET /api/teams - 404 (0ms) Error: Route not found","service":"research-mgmt-api","timestamp":"2025-04-20 01:48:43.520"}
{"level":"error","message":"HTTP GET /api/supervisors - 404 (0ms) Error: Route not found","service":"research-mgmt-api","timestamp":"2025-04-20 01:48:43.523"}
{"level":"error","message":"HTTP GET /api/admin/sessions - 404 (0ms) Error: Route not found","service":"research-mgmt-api","timestamp":"2025-04-20 01:48:43.524"}
{"level":"error","message":"HTTP GET /api/admin/pending-supervisors - 404 (0ms) Error: Route not found","service":"research-mgmt-api","timestamp":"2025-04-20 01:48:43.524"}
{"level":"error","message":"HTTP GET /api/teams - 404 (0ms) Error: Route not found","service":"research-mgmt-api","timestamp":"2025-04-20 01:48:43.525"}
{"level":"error","message":"HTTP GET /api/supervisors - 404 (0ms) Error: Route not found","service":"research-mgmt-api","timestamp":"2025-04-20 01:48:43.526"}
{"level":"error","message":"HTTP GET /api/admin/sessions - 404 (0ms) Error: Route not found","service":"research-mgmt-api","timestamp":"2025-04-20 01:48:44.537"}
{"level":"error","message":"HTTP GET /admin/users - 404 (0ms) Error: Route not found","service":"research-mgmt-api","timestamp":"2025-04-20 01:48:44.942"}
{"level":"error","message":"HTTP GET /admin/teams - 404 (0ms) Error: Route not found","service":"research-mgmt-api","timestamp":"2025-04-20 01:48:45.659"}
{"level":"error","message":"HTTP GET /admin/projects - 404 (0ms) Error: Route not found","service":"research-mgmt-api","timestamp":"2025-04-20 01:48:46.501"}
{"level":"error","message":"HTTP GET /api/teams - 404 (0ms) Error: Route not found","service":"research-mgmt-api","timestamp":"2025-04-20 01:48:51.745"}
{"level":"error","message":"HTTP GET /api/supervisors - 404 (0ms) Error: Route not found","service":"research-mgmt-api","timestamp":"2025-04-20 01:48:51.750"}
{"level":"error","message":"HTTP GET /api/admin/sessions - 404 (0ms) Error: Route not found","service":"research-mgmt-api","timestamp":"2025-04-20 01:48:51.753"}
{"level":"error","message":"HTTP GET /api/admin/pending-supervisors - 404 (0ms) Error: Route not found","service":"research-mgmt-api","timestamp":"2025-04-20 01:48:51.753"}
{"level":"error","message":"HTTP GET /api/teams - 404 (0ms) Error: Route not found","service":"research-mgmt-api","timestamp":"2025-04-20 01:48:51.754"}
{"level":"error","message":"HTTP GET /api/supervisors - 404 (0ms) Error: Route not found","service":"research-mgmt-api","timestamp":"2025-04-20 01:48:51.754"}
{"level":"error","message":"HTTP GET /admin/users - 404 (0ms) Error: Route not found","service":"research-mgmt-api","timestamp":"2025-04-20 01:48:52.374"}
{"level":"error","message":"HTTP GET /api/teams - 404 (0ms) Error: Route not found","service":"research-mgmt-api","timestamp":"2025-04-20 01:48:59.437"}
{"level":"error","message":"HTTP GET /api/supervisors - 404 (0ms) Error: Route not found","service":"research-mgmt-api","timestamp":"2025-04-20 01:48:59.437"}
{"level":"error","message":"HTTP GET /api/admin/sessions - 404 (0ms) Error: Route not found","service":"research-mgmt-api","timestamp":"2025-04-20 01:48:59.438"}
{"level":"error","message":"HTTP GET /api/admin/pending-supervisors - 404 (0ms) Error: Route not found","service":"research-mgmt-api","timestamp":"2025-04-20 01:48:59.438"}
{"level":"error","message":"HTTP GET /api/teams - 404 (0ms) Error: Route not found","service":"research-mgmt-api","timestamp":"2025-04-20 01:48:59.438"}
{"level":"error","message":"HTTP GET /api/supervisors - 404 (0ms) Error: Route not found","service":"research-mgmt-api","timestamp":"2025-04-20 01:48:59.439"}
{"level":"error","message":"HTTP GET /api/admin/sessions - 404 (0ms) Error: Route not found","service":"research-mgmt-api","timestamp":"2025-04-20 01:49:00.445"}
{"level":"error","message":"HTTP GET /api/admin/pending-supervisors - 404 (0ms) Error: Route not found","service":"research-mgmt-api","timestamp":"2025-04-20 01:49:02.446"}
{"level":"error","message":"HTTP GET /api/admin/sessions - 404 (0ms) Error: Route not found","service":"research-mgmt-api","timestamp":"2025-04-20 01:49:02.451"}
{"level":"info","message":"HTTP GET /api/notifications/unread/count - 200 (0ms)","service":"research-mgmt-api","timestamp":"2025-04-20 01:49:17.281"}
{"level":"info","message":"HTTP GET /api/notifications/unread/count - 200 (0ms)","service":"research-mgmt-api","timestamp":"2025-04-20 01:50:17.280"}
{"level":"info","message":"HTTP GET /api/notifications/unread/count - 200 (0ms)","service":"research-mgmt-api","timestamp":"2025-04-20 01:51:17.281"}
{"level":"error","message":"HTTP GET /admin/users - 404 (0ms) Error: Route not found","service":"research-mgmt-api","timestamp":"2025-04-20 01:51:56.804"}
{"level":"error","message":"HTTP GET /admin/teams - 404 (0ms) Error: Route not found","service":"research-mgmt-api","timestamp":"2025-04-20 01:51:57.531"}
{"level":"error","message":"HTTP GET /admin/projects - 404 (0ms) Error: Route not found","service":"research-mgmt-api","timestamp":"2025-04-20 01:51:58.142"}
{"external":"31 MB","heapTotal":"32 MB","heapUsed":"56 MB","level":"info","message":"Memory usage stats:","rss":"219 MB","service":"research-mgmt-api","timestamp":"2025-04-20 01:52:10.341"}
{"level":"info","message":"HTTP GET /api/notifications/unread/count - 200 (0ms)","service":"research-mgmt-api","timestamp":"2025-04-20 01:52:17.281"}
{"level":"info","message":"HTTP GET /api/notifications/unread/count - 200 (0ms)","service":"research-mgmt-api","timestamp":"2025-04-20 01:53:17.280"}
{"level":"info","message":"HTTP GET /api/notifications - 200 (0ms)","service":"research-mgmt-api","timestamp":"2025-04-20 01:53:17.285"}
{"level":"info","message":"HTTP GET /api/notifications/unread/count - 200 (0ms)","service":"research-mgmt-api","timestamp":"2025-04-20 01:54:17.281"}
{"level":"info","message":"HTTP GET /api/notifications/unread/count - 200 (0ms)","service":"research-mgmt-api","timestamp":"2025-04-20 01:55:17.281"}
{"level":"info","message":"HTTP GET /api/notifications/unread/count - 200 (0ms)","service":"research-mgmt-api","timestamp":"2025-04-20 01:56:17.984"}
{"external":"23 MB","heapTotal":"31 MB","heapUsed":"43 MB","level":"info","message":"Memory usage stats:","rss":"212 MB","service":"research-mgmt-api","timestamp":"2025-04-20 01:57:10.342"}
{"level":"info","message":"HTTP GET /api/notifications/unread/count - 200 (0ms)","service":"research-mgmt-api","timestamp":"2025-04-20 01:57:35.983"}
{"level":"info","message":"HTTP GET /api/notifications/unread/count - 200 (0ms)","service":"research-mgmt-api","timestamp":"2025-04-20 01:58:35.981"}
{"level":"info","message":"HTTP GET /api/notifications - 200 (0ms)","service":"research-mgmt-api","timestamp":"2025-04-20 01:58:35.985"}
{"level":"info","message":"HTTP GET /api/notifications/unread/count - 200 (0ms)","service":"research-mgmt-api","timestamp":"2025-04-20 01:59:35.982"}
{"level":"info","message":"HTTP GET /api/notifications/unread/count - 200 (0ms)","service":"research-mgmt-api","timestamp":"2025-04-20 02:00:35.983"}
{"level":"info","message":"HTTP GET /api/notifications/unread/count - 200 (0ms)","service":"research-mgmt-api","timestamp":"2025-04-20 02:01:35.982"}
{"external":"23 MB","heapTotal":"31 MB","heapUsed":"42 MB","level":"info","message":"Memory usage stats:","rss":"212 MB","service":"research-mgmt-api","timestamp":"2025-04-20 02:02:10.343"}
{"level":"info","message":"HTTP GET /api/notifications/unread/count - 200 (0ms)","service":"research-mgmt-api","timestamp":"2025-04-20 02:02:35.983"}
{"level":"info","message":"HTTP GET /api/notifications/unread/count - 200 (0ms)","service":"research-mgmt-api","timestamp":"2025-04-20 02:03:35.982"}
{"level":"info","message":"HTTP GET /api/notifications - 200 (0ms)","service":"research-mgmt-api","timestamp":"2025-04-20 02:03:35.986"}
{"level":"info","message":"HTTP GET /api/notifications/unread/count - 200 (1ms)","service":"research-mgmt-api","timestamp":"2025-04-20 02:04:35.984"}
{"level":"info","message":"HTTP GET /api/notifications/unread/count - 200 (0ms)","service":"research-mgmt-api","timestamp":"2025-04-20 02:05:35.982"}
{"level":"info","message":"HTTP GET /api/notifications/unread/count - 200 (0ms)","service":"research-mgmt-api","timestamp":"2025-04-20 02:06:35.983"}
{"external":"23 MB","heapTotal":"31 MB","heapUsed":"43 MB","level":"info","message":"Memory usage stats:","rss":"213 MB","service":"research-mgmt-api","timestamp":"2025-04-20 02:07:10.343"}
{"level":"info","message":"HTTP GET /api/notifications/unread/count - 200 (0ms)","service":"research-mgmt-api","timestamp":"2025-04-20 02:07:35.982"}
{"level":"info","message":"HTTP GET /api/notifications/unread/count - 200 (0ms)","service":"research-mgmt-api","timestamp":"2025-04-20 02:08:35.982"}
{"level":"info","message":"HTTP GET /api/notifications - 200 (0ms)","service":"research-mgmt-api","timestamp":"2025-04-20 02:08:35.987"}
{"level":"info","message":"HTTP GET /api/notifications/unread/count - 200 (0ms)","service":"research-mgmt-api","timestamp":"2025-04-20 02:09:35.983"}
{"level":"info","message":"HTTP GET /api/notifications/unread/count - 200 (0ms)","service":"research-mgmt-api","timestamp":"2025-04-20 02:10:35.983"}
{"level":"info","message":"HTTP GET /api/notifications/unread/count - 200 (0ms)","service":"research-mgmt-api","timestamp":"2025-04-20 02:11:35.981"}
{"external":"23 MB","heapTotal":"31 MB","heapUsed":"42 MB","level":"info","message":"Memory usage stats:","rss":"214 MB","service":"research-mgmt-api","timestamp":"2025-04-20 02:12:10.345"}
{"level":"info","message":"HTTP GET /api/notifications/unread/count - 200 (0ms)","service":"research-mgmt-api","timestamp":"2025-04-20 02:12:35.982"}
{"level":"info","message":"HTTP GET /api/notifications/unread/count - 200 (0ms)","service":"research-mgmt-api","timestamp":"2025-04-20 02:13:35.982"}
{"level":"info","message":"HTTP GET /api/notifications - 200 (0ms)","service":"research-mgmt-api","timestamp":"2025-04-20 02:13:35.989"}
{"level":"info","message":"HTTP GET /api/notifications/unread/count - 200 (0ms)","service":"research-mgmt-api","timestamp":"2025-04-20 02:14:35.983"}
{"level":"info","message":"HTTP GET /api/notifications/unread/count - 200 (0ms)","service":"research-mgmt-api","timestamp":"2025-04-20 02:15:35.982"}
{"level":"info","message":"HTTP GET /api/notifications/unread/count - 200 (0ms)","service":"research-mgmt-api","timestamp":"2025-04-20 02:16:35.990"}
{"external":"24 MB","heapTotal":"31 MB","heapUsed":"43 MB","level":"info","message":"Memory usage stats:","rss":"215 MB","service":"research-mgmt-api","timestamp":"2025-04-20 02:17:10.346"}
{"level":"info","message":"HTTP GET /api/notifications/unread/count - 200 (0ms)","service":"research-mgmt-api","timestamp":"2025-04-20 02:17:35.982"}
{"level":"info","message":"HTTP GET /api/notifications/unread/count - 200 (0ms)","service":"research-mgmt-api","timestamp":"2025-04-20 02:18:35.982"}
{"level":"info","message":"HTTP GET /api/notifications - 200 (0ms)","service":"research-mgmt-api","timestamp":"2025-04-20 02:18:35.985"}
{"level":"info","message":"HTTP GET /api/notifications/unread/count - 200 (0ms)","service":"research-mgmt-api","timestamp":"2025-04-20 02:19:35.984"}
{"level":"info","message":"HTTP GET /api/notifications/unread/count - 200 (0ms)","service":"research-mgmt-api","timestamp":"2025-04-20 02:20:35.982"}
{"level":"info","message":"HTTP GET /api/notifications/unread/count - 200 (0ms)","service":"research-mgmt-api","timestamp":"2025-04-20 02:21:35.982"}
{"external":"23 MB","heapTotal":"31 MB","heapUsed":"42 MB","level":"info","message":"Memory usage stats:","rss":"216 MB","service":"research-mgmt-api","timestamp":"2025-04-20 02:22:10.346"}
{"level":"info","message":"HTTP GET /api/notifications/unread/count - 200 (0ms)","service":"research-mgmt-api","timestamp":"2025-04-20 02:22:35.982"}
{"level":"info","message":"HTTP GET /api/notifications/unread/count - 200 (0ms)","service":"research-mgmt-api","timestamp":"2025-04-20 02:23:35.982"}
{"level":"info","message":"HTTP GET /api/notifications - 200 (0ms)","service":"research-mgmt-api","timestamp":"2025-04-20 02:23:35.986"}
{"level":"info","message":"HTTP GET /api/notifications/unread/count - 200 (0ms)","service":"research-mgmt-api","timestamp":"2025-04-20 02:24:35.982"}
{"level":"info","message":"HTTP GET /api/notifications/unread/count - 200 (0ms)","service":"research-mgmt-api","timestamp":"2025-04-20 02:25:35.981"}
{"level":"info","message":"HTTP GET /api/notifications/unread/count - 200 (0ms)","service":"research-mgmt-api","timestamp":"2025-04-20 02:26:35.981"}
{"external":"24 MB","heapTotal":"31 MB","heapUsed":"43 MB","level":"info","message":"Memory usage stats:","rss":"216 MB","service":"research-mgmt-api","timestamp":"2025-04-20 02:27:10.348"}
{"level":"info","message":"HTTP GET /api/notifications/unread/count - 200 (0ms)","service":"research-mgmt-api","timestamp":"2025-04-20 02:27:35.981"}
{"level":"info","message":"HTTP GET /api/notifications/unread/count - 200 (0ms)","service":"research-mgmt-api","timestamp":"2025-04-20 02:28:35.986"}
{"level":"info","message":"HTTP GET /api/notifications - 200 (0ms)","service":"research-mgmt-api","timestamp":"2025-04-20 02:28:35.989"}
{"level":"info","message":"HTTP GET /api/notifications/unread/count - 200 (0ms)","service":"research-mgmt-api","timestamp":"2025-04-20 02:29:35.984"}
{"level":"error","message":"HTTP GET /api/teams - 404 (0ms) Error: Route not found","service":"research-mgmt-api","timestamp":"2025-04-20 02:29:38.060"}
{"level":"error","message":"HTTP GET /api/supervisors - 404 (0ms) Error: Route not found","service":"research-mgmt-api","timestamp":"2025-04-20 02:29:38.062"}
{"level":"info","message":"📊 Fetching admin dashboard data","service":"research-mgmt-api","timestamp":"2025-04-20 02:29:38.063"}
{"level":"error","message":"HTTP GET /api/admin/sessions - 404 (0ms) Error: Route not found","service":"research-mgmt-api","timestamp":"2025-04-20 02:29:38.067"}
{"level":"error","message":"HTTP GET /api/admin/pending-supervisors - 404 (0ms) Error: Route not found","service":"research-mgmt-api","timestamp":"2025-04-20 02:29:38.067"}
{"level":"error","message":"HTTP GET /api/teams - 404 (0ms) Error: Route not found","service":"research-mgmt-api","timestamp":"2025-04-20 02:29:38.068"}
{"level":"error","message":"HTTP GET /api/supervisors - 404 (0ms) Error: Route not found","service":"research-mgmt-api","timestamp":"2025-04-20 02:29:38.069"}
{"level":"info","message":"HTTP GET /api/notifications - 200 (0ms)","service":"research-mgmt-api","timestamp":"2025-04-20 02:29:38.157"}
{"level":"info","message":"HTTP GET /api/notifications/unread/count - 200 (0ms)","service":"research-mgmt-api","timestamp":"2025-04-20 02:29:38.161"}
{"level":"info","message":"HTTP GET /api/dashboard/admin - 200 (113ms)","service":"research-mgmt-api","timestamp":"2025-04-20 02:29:38.175"}
{"level":"error","message":"HTTP GET /api/admin/sessions - 404 (0ms) Error: Route not found","service":"research-mgmt-api","timestamp":"2025-04-20 02:29:39.078"}
{"level":"error","message":"HTTP GET /api/admin/sessions - 404 (0ms) Error: Route not found","service":"research-mgmt-api","timestamp":"2025-04-20 02:29:41.082"}
{"level":"error","message":"HTTP GET /admin/users - 404 (0ms) Error: Route not found","service":"research-mgmt-api","timestamp":"2025-04-20 02:30:16.000"}
{"level":"error","message":"HTTP GET /admin/teams - 404 (0ms) Error: Route not found","service":"research-mgmt-api","timestamp":"2025-04-20 02:30:16.961"}
{"level":"error","message":"HTTP GET /admin/projects - 404 (0ms) Error: Route not found","service":"research-mgmt-api","timestamp":"2025-04-20 02:30:17.949"}
{"level":"info","message":"HTTP GET /api/notifications/unread/count - 200 (0ms)","service":"research-mgmt-api","timestamp":"2025-04-20 02:30:35.982"}
{"level":"info","message":"HTTP GET /api/notifications/unread/count - 200 (0ms)","service":"research-mgmt-api","timestamp":"2025-04-20 02:30:37.655"}
{"level":"error","message":"HTTP GET /admin/projects - 404 (0ms) Error: Route not found","service":"research-mgmt-api","timestamp":"2025-04-20 02:30:57.533"}
{"level":"info","message":"HTTP GET /api/notifications - 200 (0ms)","service":"research-mgmt-api","timestamp":"2025-04-20 02:30:57.731"}
{"level":"info","message":"HTTP GET /api/notifications/unread/count - 200 (0ms)","service":"research-mgmt-api","timestamp":"2025-04-20 02:30:57.735"}
{"level":"info","message":"HTTP GET /api/notifications/unread/count - 200 (0ms)","service":"research-mgmt-api","timestamp":"2025-04-20 02:31:35.982"}
{"level":"info","message":"HTTP GET /api/notifications/unread/count - 200 (0ms)","service":"research-mgmt-api","timestamp":"2025-04-20 02:31:57.981"}
{"external":"23 MB","heapTotal":"31 MB","heapUsed":"43 MB","level":"info","message":"Memory usage stats:","rss":"217 MB","service":"research-mgmt-api","timestamp":"2025-04-20 02:32:10.347"}
{"level":"info","message":"HTTP GET /api/notifications/unread/count - 200 (0ms)","service":"research-mgmt-api","timestamp":"2025-04-20 02:32:35.981"}
{"level":"info","message":"HTTP GET /api/notifications/unread/count - 200 (0ms)","service":"research-mgmt-api","timestamp":"2025-04-20 02:32:57.980"}
{"level":"info","message":"HTTP GET /api/notifications/unread/count - 200 (0ms)","service":"research-mgmt-api","timestamp":"2025-04-20 02:33:35.982"}
{"level":"info","message":"HTTP GET /api/notifications - 200 (0ms)","service":"research-mgmt-api","timestamp":"2025-04-20 02:33:35.985"}
{"level":"info","message":"HTTP GET /api/notifications/unread/count - 200 (0ms)","service":"research-mgmt-api","timestamp":"2025-04-20 02:33:57.980"}
{"level":"info","message":"HTTP GET /api/notifications/unread/count - 200 (0ms)","service":"research-mgmt-api","timestamp":"2025-04-20 02:34:35.981"}
{"level":"info","message":"HTTP GET /api/notifications/unread/count - 200 (0ms)","service":"research-mgmt-api","timestamp":"2025-04-20 02:34:57.980"}
{"level":"info","message":"JWT helper initialized","service":"research-mgmt-api","timestamp":"2025-04-20 12:18:35.705"}
{"adminRoutes":true,"authRoutes":true,"level":"info","message":"Route modules loaded:","service":"research-mgmt-api","studentRoutes":true,"supervisorRoutes":true,"timestamp":"2025-04-20 12:18:35.739"}
{"level":"info","message":"Registered API redirect from GET /notifications to GET /api/notifications","service":"research-mgmt-api","timestamp":"2025-04-20 12:18:35.756"}
{"level":"info","message":"Registered API redirect from GET /notifications/unread/count to GET /api/notifications/unread/count","service":"research-mgmt-api","timestamp":"2025-04-20 12:18:35.756"}
{"level":"info","message":"Registered API redirect from GET /user/profile to GET /api/user/profile","service":"research-mgmt-api","timestamp":"2025-04-20 12:18:35.757"}
{"level":"info","message":"Registered API redirect from GET /dashboard to GET /api/dashboard","service":"research-mgmt-api","timestamp":"2025-04-20 12:18:35.757"}
{"level":"info","message":"Registered API redirect from GET /calendar to GET /api/calendar","service":"research-mgmt-api","timestamp":"2025-04-20 12:18:35.757"}
{"level":"info","message":"Registered Team API redirect from GET /teams to GET /api/students/team/...","service":"research-mgmt-api","timestamp":"2025-04-20 12:18:35.757"}
{"level":"info","message":"Registered Team API redirect from GET /teams/my-team to GET /api/students/team/...","service":"research-mgmt-api","timestamp":"2025-04-20 12:18:35.757"}
{"level":"info","message":"Registered Team API redirect from GET /teams/:id to GET /api/students/team/...","service":"research-mgmt-api","timestamp":"2025-04-20 12:18:35.757"}
{"level":"info","message":"Registered Team API redirect from PUT /teams/:id to PUT /api/students/team/...","service":"research-mgmt-api","timestamp":"2025-04-20 12:18:35.758"}
{"level":"info","message":"Registered Team API redirect from DELETE /teams/:id to DELETE /api/students/team/...","service":"research-mgmt-api","timestamp":"2025-04-20 12:18:35.758"}
{"level":"info","message":"Registered Team API redirect from POST /teams/:id/invite to POST /api/students/team/...","service":"research-mgmt-api","timestamp":"2025-04-20 12:18:35.758"}
{"level":"info","message":"Registered Team API redirect from POST /teams/:id/leave to POST /api/students/team/...","service":"research-mgmt-api","timestamp":"2025-04-20 12:18:35.758"}
{"level":"info","message":"Registered Team API redirect from POST /teams/:id/remove-member to POST /api/students/team/...","service":"research-mgmt-api","timestamp":"2025-04-20 12:18:35.758"}
{"level":"info","message":"Registered Student Team API redirect from GET /api/student-teams to GET /api/students/team/...","service":"research-mgmt-api","timestamp":"2025-04-20 12:18:35.758"}
{"level":"info","message":"Registered Student Team API redirect from GET /api/student-teams/invitations to GET /api/students/team/...","service":"research-mgmt-api","timestamp":"2025-04-20 12:18:35.758"}
{"level":"info","message":"Registered Student Team API redirect from DELETE /api/student-teams/:id/leave to DELETE /api/students/team/...","service":"research-mgmt-api","timestamp":"2025-04-20 12:18:35.758"}
{"level":"info","message":"Registered API redirect from GET /projects to GET /api/projects","service":"research-mgmt-api","timestamp":"2025-04-20 12:18:35.758"}
{"level":"info","message":"Registered API redirect from POST /projects to POST /api/projects","service":"research-mgmt-api","timestamp":"2025-04-20 12:18:35.758"}
{"level":"info","message":"Registered API redirect from GET /sessions to GET /api/sessions","service":"research-mgmt-api","timestamp":"2025-04-20 12:18:35.759"}
{"level":"info","message":"Registered API redirect from POST /sessions to POST /api/sessions","service":"research-mgmt-api","timestamp":"2025-04-20 12:18:35.759"}
{"level":"info","message":"Registered API redirect from GET /messages to GET /api/messages","service":"research-mgmt-api","timestamp":"2025-04-20 12:18:35.759"}
{"level":"info","message":"Registered API redirect from POST /messages to POST /api/messages","service":"research-mgmt-api","timestamp":"2025-04-20 12:18:35.759"}
{"level":"info","message":"Registered API redirect from GET /projects/:id to GET /api/projects/:id","service":"research-mgmt-api","timestamp":"2025-04-20 12:18:35.759"}
{"level":"info","message":"Registered API redirect from PUT /projects/:id to PUT /api/projects/:id","service":"research-mgmt-api","timestamp":"2025-04-20 12:18:35.759"}
{"level":"info","message":"Registered API redirect from DELETE /projects/:id to DELETE /api/projects/:id","service":"research-mgmt-api","timestamp":"2025-04-20 12:18:35.759"}
{"level":"info","message":"Registered API redirect from GET /users/:id to GET /api/users/:id","service":"research-mgmt-api","timestamp":"2025-04-20 12:18:35.759"}
{"level":"info","message":"Registered API redirect from PUT /users/:id to PUT /api/users/:id","service":"research-mgmt-api","timestamp":"2025-04-20 12:18:35.759"}
{"level":"info","message":"Attempting to connect to MongoDB database","service":"research-mgmt-api","timestamp":"2025-04-20 12:18:35.759"}
{"level":"info","message":"Attempting to connect to MongoDB...","service":"research-mgmt-api","timestamp":"2025-04-20 12:18:35.760"}
{"level":"info","message":"MongoDB Connected: ac-xdpuchx-shard-00-01.tvoe17p.mongodb.net","service":"research-mgmt-api","timestamp":"2025-04-20 12:18:36.481"}
{"level":"info","message":"✅ MongoDB connection established successfully","service":"research-mgmt-api","timestamp":"2025-04-20 12:18:36.481"}
{"level":"info","message":"🚀 Server running on port 300000 and accessible from all network interfaces","service":"research-mgmt-api","timestamp":"2025-04-20 12:18:36.486"}
{"level":"error","message":"HTTP GET /api/teams - 404 (0ms) Error: Route not found","service":"research-mgmt-api","timestamp":"2025-04-20 12:18:44.555"}
{"level":"error","message":"HTTP GET /api/supervisors - 404 (0ms) Error: Route not found","service":"research-mgmt-api","timestamp":"2025-04-20 12:18:44.556"}
{"level":"info","message":"📊 Fetching admin dashboard data","service":"research-mgmt-api","timestamp":"2025-04-20 12:18:44.556"}
{"level":"error","message":"HTTP GET /api/admin/sessions - 404 (0ms) Error: Route not found","service":"research-mgmt-api","timestamp":"2025-04-20 12:18:44.561"}
{"level":"error","message":"HTTP GET /api/admin/pending-supervisors - 404 (0ms) Error: Route not found","service":"research-mgmt-api","timestamp":"2025-04-20 12:18:44.561"}
{"level":"error","message":"HTTP GET /api/teams - 404 (0ms) Error: Route not found","service":"research-mgmt-api","timestamp":"2025-04-20 12:18:44.565"}
{"level":"error","message":"HTTP GET /api/supervisors - 404 (0ms) Error: Route not found","service":"research-mgmt-api","timestamp":"2025-04-20 12:18:44.565"}
{"level":"info","message":"HTTP GET /api/notifications - 200 (0ms)","service":"research-mgmt-api","timestamp":"2025-04-20 12:18:44.867"}
{"level":"info","message":"HTTP GET /api/notifications/unread/count - 200 (0ms)","service":"research-mgmt-api","timestamp":"2025-04-20 12:18:44.872"}
{"level":"info","message":"HTTP GET /api/dashboard/admin - 200 (404ms)","service":"research-mgmt-api","timestamp":"2025-04-20 12:18:44.960"}
{"level":"error","message":"HTTP GET /api/admin/sessions - 404 (0ms) Error: Route not found","service":"research-mgmt-api","timestamp":"2025-04-20 12:18:45.569"}
{"level":"error","message":"HTTP GET /api/admin/sessions - 404 (0ms) Error: Route not found","service":"research-mgmt-api","timestamp":"2025-04-20 12:18:47.572"}
{"level":"error","message":"HTTP GET /admin/users - 404 (0ms) Error: Route not found","service":"research-mgmt-api","timestamp":"2025-04-20 12:18:49.100"}
{"level":"error","message":"HTTP GET /admin/projects - 404 (0ms) Error: Route not found","service":"research-mgmt-api","timestamp":"2025-04-20 12:18:54.347"}
{"level":"error","message":"HTTP GET /admin/teams - 404 (0ms) Error: Route not found","service":"research-mgmt-api","timestamp":"2025-04-20 12:18:55.179"}
{"level":"info","message":"HTTP GET /api/notifications/unread/count - 200 (0ms)","service":"research-mgmt-api","timestamp":"2025-04-20 12:19:44.365"}
{"level":"info","message":"HTTP GET /api/notifications/unread/count - 200 (0ms)","service":"research-mgmt-api","timestamp":"2025-04-20 12:20:44.365"}
{"level":"info","message":"HTTP GET /api/notifications/unread/count - 200 (0ms)","service":"research-mgmt-api","timestamp":"2025-04-20 12:21:44.365"}
{"level":"info","message":"HTTP GET /api/notifications/unread/count - 200 (0ms)","service":"research-mgmt-api","timestamp":"2025-04-20 12:22:44.365"}
{"external":"31 MB","heapTotal":"32 MB","heapUsed":"55 MB","level":"info","message":"Memory usage stats:","rss":"219 MB","service":"research-mgmt-api","timestamp":"2025-04-20 12:23:35.767"}
{"level":"info","message":"HTTP GET /api/notifications/unread/count - 200 (0ms)","service":"research-mgmt-api","timestamp":"2025-04-20 12:23:44.365"}
{"level":"info","message":"HTTP GET /api/notifications - 200 (0ms)","service":"research-mgmt-api","timestamp":"2025-04-20 12:23:44.368"}
{"level":"info","message":"HTTP GET /api/notifications - 200 (0ms)","service":"research-mgmt-api","timestamp":"2025-04-20 12:24:31.104"}
{"level":"info","message":"HTTP GET /api/notifications/unread/count - 200 (0ms)","service":"research-mgmt-api","timestamp":"2025-04-20 12:24:31.108"}
{"level":"info","message":"HTTP GET /api/notifications - 200 (0ms)","service":"research-mgmt-api","timestamp":"2025-04-20 12:25:24.062"}
{"level":"info","message":"HTTP GET /api/notifications/unread/count - 200 (0ms)","service":"research-mgmt-api","timestamp":"2025-04-20 12:25:24.066"}
{"level":"info","message":"HTTP GET /api/notifications/unread/count - 200 (0ms)","service":"research-mgmt-api","timestamp":"2025-04-20 12:26:23.916"}
{"level":"info","message":"HTTP GET /api/notifications/unread/count - 200 (0ms)","service":"research-mgmt-api","timestamp":"2025-04-20 12:27:23.915"}
{"level":"info","message":"HTTP GET /api/notifications/unread/count - 200 (0ms)","service":"research-mgmt-api","timestamp":"2025-04-20 12:28:23.915"}
{"external":"23 MB","heapTotal":"31 MB","heapUsed":"42 MB","level":"info","message":"Memory usage stats:","rss":"212 MB","service":"research-mgmt-api","timestamp":"2025-04-20 12:28:35.768"}
{"level":"info","message":"HTTP GET /api/notifications/unread/count - 200 (0ms)","service":"research-mgmt-api","timestamp":"2025-04-20 12:29:23.915"}
{"level":"info","message":"HTTP GET /api/notifications/unread/count - 200 (0ms)","service":"research-mgmt-api","timestamp":"2025-04-20 12:30:48.918"}
{"level":"info","message":"HTTP GET /api/notifications - 200 (0ms)","service":"research-mgmt-api","timestamp":"2025-04-20 12:30:48.921"}
