{"level":"info","message":"JWT helper initialized","service":"research-mgmt-api","timestamp":"2025-04-19 20:21:13.814"}
{"adminRoutes":true,"authRoutes":true,"level":"info","message":"Route modules loaded:","service":"research-mgmt-api","studentRoutes":true,"supervisorRoutes":true,"timestamp":"2025-04-19 20:21:13.850"}
{"level":"info","message":"Registered API redirect from GET /notifications to GET /api/notifications","service":"research-mgmt-api","timestamp":"2025-04-19 20:21:13.864"}
{"level":"info","message":"Registered API redirect from GET /notifications/unread/count to GET /api/notifications/unread/count","service":"research-mgmt-api","timestamp":"2025-04-19 20:21:13.864"}
{"level":"info","message":"Registered API redirect from GET /user/profile to GET /api/user/profile","service":"research-mgmt-api","timestamp":"2025-04-19 20:21:13.864"}
{"level":"info","message":"Registered API redirect from GET /dashboard to GET /api/dashboard","service":"research-mgmt-api","timestamp":"2025-04-19 20:21:13.864"}
{"level":"info","message":"Registered API redirect from GET /calendar to GET /api/calendar","service":"research-mgmt-api","timestamp":"2025-04-19 20:21:13.864"}
{"level":"info","message":"Registered Team API redirect from GET /teams to GET /api/students/team/...","service":"research-mgmt-api","timestamp":"2025-04-19 20:21:13.864"}
{"level":"info","message":"Registered Team API redirect from GET /teams/my-team to GET /api/students/team/...","service":"research-mgmt-api","timestamp":"2025-04-19 20:21:13.864"}
{"level":"info","message":"Registered Team API redirect from GET /teams/:id to GET /api/students/team/...","service":"research-mgmt-api","timestamp":"2025-04-19 20:21:13.865"}
{"level":"info","message":"Registered Team API redirect from PUT /teams/:id to PUT /api/students/team/...","service":"research-mgmt-api","timestamp":"2025-04-19 20:21:13.865"}
{"level":"info","message":"Registered Team API redirect from DELETE /teams/:id to DELETE /api/students/team/...","service":"research-mgmt-api","timestamp":"2025-04-19 20:21:13.865"}
{"level":"info","message":"Registered Team API redirect from POST /teams/:id/invite to POST /api/students/team/...","service":"research-mgmt-api","timestamp":"2025-04-19 20:21:13.865"}
{"level":"info","message":"Registered Team API redirect from POST /teams/:id/leave to POST /api/students/team/...","service":"research-mgmt-api","timestamp":"2025-04-19 20:21:13.865"}
{"level":"info","message":"Registered Team API redirect from POST /teams/:id/remove-member to POST /api/students/team/...","service":"research-mgmt-api","timestamp":"2025-04-19 20:21:13.865"}
{"level":"info","message":"Registered Student Team API redirect from GET /api/student-teams to GET /api/students/team/...","service":"research-mgmt-api","timestamp":"2025-04-19 20:21:13.865"}
{"level":"info","message":"Registered Student Team API redirect from GET /api/student-teams/invitations to GET /api/students/team/...","service":"research-mgmt-api","timestamp":"2025-04-19 20:21:13.866"}
{"level":"info","message":"Registered Student Team API redirect from DELETE /api/student-teams/:id/leave to DELETE /api/students/team/...","service":"research-mgmt-api","timestamp":"2025-04-19 20:21:13.866"}
{"level":"info","message":"Registered API redirect from GET /projects to GET /api/projects","service":"research-mgmt-api","timestamp":"2025-04-19 20:21:13.866"}
{"level":"info","message":"Registered API redirect from POST /projects to POST /api/projects","service":"research-mgmt-api","timestamp":"2025-04-19 20:21:13.866"}
{"level":"info","message":"Registered API redirect from GET /sessions to GET /api/sessions","service":"research-mgmt-api","timestamp":"2025-04-19 20:21:13.866"}
{"level":"info","message":"Registered API redirect from POST /sessions to POST /api/sessions","service":"research-mgmt-api","timestamp":"2025-04-19 20:21:13.866"}
{"level":"info","message":"Registered API redirect from GET /messages to GET /api/messages","service":"research-mgmt-api","timestamp":"2025-04-19 20:21:13.866"}
{"level":"info","message":"Registered API redirect from POST /messages to POST /api/messages","service":"research-mgmt-api","timestamp":"2025-04-19 20:21:13.866"}
{"level":"info","message":"Registered API redirect from GET /projects/:id to GET /api/projects/:id","service":"research-mgmt-api","timestamp":"2025-04-19 20:21:13.866"}
{"level":"info","message":"Registered API redirect from PUT /projects/:id to PUT /api/projects/:id","service":"research-mgmt-api","timestamp":"2025-04-19 20:21:13.866"}
{"level":"info","message":"Registered API redirect from DELETE /projects/:id to DELETE /api/projects/:id","service":"research-mgmt-api","timestamp":"2025-04-19 20:21:13.866"}
{"level":"info","message":"Registered API redirect from GET /users/:id to GET /api/users/:id","service":"research-mgmt-api","timestamp":"2025-04-19 20:21:13.866"}
{"level":"info","message":"Registered API redirect from PUT /users/:id to PUT /api/users/:id","service":"research-mgmt-api","timestamp":"2025-04-19 20:21:13.866"}
{"level":"info","message":"Attempting to connect to MongoDB database","service":"research-mgmt-api","timestamp":"2025-04-19 20:21:13.867"}
{"level":"info","message":"Attempting to connect to MongoDB...","service":"research-mgmt-api","timestamp":"2025-04-19 20:21:13.867"}
{"level":"info","message":"MongoDB Connected: ac-xdpuchx-shard-00-00.tvoe17p.mongodb.net","service":"research-mgmt-api","timestamp":"2025-04-19 20:21:14.605"}
{"level":"info","message":"✅ MongoDB connection established successfully","service":"research-mgmt-api","timestamp":"2025-04-19 20:21:14.605"}
{"level":"info","message":"🚀 Server running on port 300000 and accessible from all network interfaces","service":"research-mgmt-api","timestamp":"2025-04-19 20:21:14.610"}
{"level":"warn","message":"Unauthorized access attempt (no/invalid Authorization header): /placeholder/500/300","service":"research-mgmt-api","timestamp":"2025-04-19 20:22:49.691"}
{"level":"error","message":"HTTP GET /placeholder/500/300 - 404 (0ms) Error: Route not found","service":"research-mgmt-api","timestamp":"2025-04-19 20:22:49.692"}
{"level":"warn","message":"Unauthorized access attempt (no/invalid Authorization header): /placeholder/400/250","service":"research-mgmt-api","timestamp":"2025-04-19 20:22:49.693"}
{"level":"error","message":"HTTP GET /placeholder/400/250 - 404 (0ms) Error: Route not found","service":"research-mgmt-api","timestamp":"2025-04-19 20:22:49.694"}
{"level":"warn","message":"Unauthorized access attempt (no/invalid Authorization header): /placeholder/500/300","service":"research-mgmt-api","timestamp":"2025-04-19 20:22:49.778"}
{"level":"error","message":"HTTP GET /placeholder/500/300 - 404 (0ms) Error: Route not found","service":"research-mgmt-api","timestamp":"2025-04-19 20:22:49.778"}
{"level":"warn","message":"Unauthorized access attempt (no/invalid Authorization header): /placeholder/400/250","service":"research-mgmt-api","timestamp":"2025-04-19 20:22:49.779"}
{"level":"error","message":"HTTP GET /placeholder/400/250 - 404 (0ms) Error: Route not found","service":"research-mgmt-api","timestamp":"2025-04-19 20:22:49.779"}
{"level":"info","message":"MongoDB connection state: 1","service":"research-mgmt-api","timestamp":"2025-04-19 20:22:56.300"}
{"level":"info","message":"Login attempt for user: testuserjhon@gmail.com","service":"research-mgmt-api","timestamp":"2025-04-19 20:22:56.300"}
{"level":"info","message":"Verifying password for user: testuserjhon@gmail.com","service":"research-mgmt-api","timestamp":"2025-04-19 20:22:56.363"}
{"level":"info","message":"Login successful for user: testuserjhon@gmail.com","service":"research-mgmt-api","timestamp":"2025-04-19 20:22:56.384"}
{"level":"info","message":"HTTP POST /api/auth/login - 200 (86ms)","service":"research-mgmt-api","timestamp":"2025-04-19 20:22:56.384"}
{"level":"info","message":"📊 Fetching student dashboard data","service":"research-mgmt-api","timestamp":"2025-04-19 20:22:56.515"}
{"level":"info","message":"HTTP GET /api/dashboard - 200 (221ms)","service":"research-mgmt-api","timestamp":"2025-04-19 20:22:56.736"}
{"level":"info","message":"HTTP GET /api/notifications - 200 (0ms)","service":"research-mgmt-api","timestamp":"2025-04-19 20:22:56.904"}
{"level":"info","message":"HTTP GET /api/notifications/unread/count - 200 (0ms)","service":"research-mgmt-api","timestamp":"2025-04-19 20:22:56.908"}
{"level":"info","message":"📊 Fetching student dashboard data","service":"research-mgmt-api","timestamp":"2025-04-19 20:22:57.049"}
{"level":"info","message":"HTTP GET /api/dashboard - 200 (204ms)","service":"research-mgmt-api","timestamp":"2025-04-19 20:22:57.253"}
{"level":"info","message":"HTTP GET /api/notifications - 200 (0ms)","service":"research-mgmt-api","timestamp":"2025-04-19 20:22:57.981"}
{"level":"info","message":"HTTP GET /api/notifications/unread/count - 200 (0ms)","service":"research-mgmt-api","timestamp":"2025-04-19 20:22:57.984"}
{"level":"info","message":"HTTP GET /api/notifications - 200 (0ms)","service":"research-mgmt-api","timestamp":"2025-04-19 20:23:07.925"}
{"level":"info","message":"HTTP GET /api/notifications/unread/count - 200 (0ms)","service":"research-mgmt-api","timestamp":"2025-04-19 20:23:07.931"}
{"level":"info","message":"📊 Fetching student dashboard data","service":"research-mgmt-api","timestamp":"2025-04-19 20:23:07.975"}
{"level":"info","message":"HTTP GET /api/dashboard - 200 (205ms)","service":"research-mgmt-api","timestamp":"2025-04-19 20:23:08.179"}
{"level":"info","message":"HTTP GET /api/notifications/unread/count - 200 (0ms)","service":"research-mgmt-api","timestamp":"2025-04-19 20:23:56.980"}
{"level":"info","message":"HTTP GET /api/notifications/unread/count - 200 (0ms)","service":"research-mgmt-api","timestamp":"2025-04-19 20:24:07.419"}
{"level":"error","message":"Application error: Can't find variable: mongoose","service":"research-mgmt-api","stack":"ReferenceError: Can't find variable: mongoose\n    at <anonymous> (/home/swadhin/projects/Projectmanagement/server/src/controllers/teamController.js:47:25)\n    at createTeam (/home/swadhin/projects/Projectmanagement/server/src/controllers/teamController.js:46:27)\n    at <anonymous> (file:///home/swadhin/projects/Projectmanagement/server/node_modules/elysia/dist/bun/index.js:50:145)\n    at processTicksAndRejections (native:7:39)","timestamp":"2025-04-19 20:24:32.588"}
{"level":"info","message":"HTTP GET /api/notifications/unread/count - 200 (0ms)","service":"research-mgmt-api","timestamp":"2025-04-19 20:24:56.980"}
{"level":"info","message":"HTTP GET /api/notifications/unread/count - 200 (0ms)","service":"research-mgmt-api","timestamp":"2025-04-19 20:25:07.419"}
{"level":"info","message":"JWT helper initialized","service":"research-mgmt-api","timestamp":"2025-04-19 20:25:30.676"}
{"adminRoutes":true,"authRoutes":true,"level":"info","message":"Route modules loaded:","service":"research-mgmt-api","studentRoutes":true,"supervisorRoutes":true,"timestamp":"2025-04-19 20:25:30.711"}
{"level":"info","message":"Registered API redirect from GET /notifications to GET /api/notifications","service":"research-mgmt-api","timestamp":"2025-04-19 20:25:30.725"}
{"level":"info","message":"Registered API redirect from GET /notifications/unread/count to GET /api/notifications/unread/count","service":"research-mgmt-api","timestamp":"2025-04-19 20:25:30.725"}
{"level":"info","message":"Registered API redirect from GET /user/profile to GET /api/user/profile","service":"research-mgmt-api","timestamp":"2025-04-19 20:25:30.725"}
{"level":"info","message":"Registered API redirect from GET /dashboard to GET /api/dashboard","service":"research-mgmt-api","timestamp":"2025-04-19 20:25:30.726"}
{"level":"info","message":"Registered API redirect from GET /calendar to GET /api/calendar","service":"research-mgmt-api","timestamp":"2025-04-19 20:25:30.726"}
{"level":"info","message":"Registered Team API redirect from GET /teams to GET /api/students/team/...","service":"research-mgmt-api","timestamp":"2025-04-19 20:25:30.726"}
{"level":"info","message":"Registered Team API redirect from GET /teams/my-team to GET /api/students/team/...","service":"research-mgmt-api","timestamp":"2025-04-19 20:25:30.726"}
{"level":"info","message":"Registered Team API redirect from GET /teams/:id to GET /api/students/team/...","service":"research-mgmt-api","timestamp":"2025-04-19 20:25:30.726"}
{"level":"info","message":"Registered Team API redirect from PUT /teams/:id to PUT /api/students/team/...","service":"research-mgmt-api","timestamp":"2025-04-19 20:25:30.726"}
{"level":"info","message":"Registered Team API redirect from DELETE /teams/:id to DELETE /api/students/team/...","service":"research-mgmt-api","timestamp":"2025-04-19 20:25:30.726"}
{"level":"info","message":"Registered Team API redirect from POST /teams/:id/invite to POST /api/students/team/...","service":"research-mgmt-api","timestamp":"2025-04-19 20:25:30.727"}
{"level":"info","message":"Registered Team API redirect from POST /teams/:id/leave to POST /api/students/team/...","service":"research-mgmt-api","timestamp":"2025-04-19 20:25:30.727"}
{"level":"info","message":"Registered Team API redirect from POST /teams/:id/remove-member to POST /api/students/team/...","service":"research-mgmt-api","timestamp":"2025-04-19 20:25:30.727"}
{"level":"info","message":"Registered Student Team API redirect from GET /api/student-teams to GET /api/students/team/...","service":"research-mgmt-api","timestamp":"2025-04-19 20:25:30.727"}
{"level":"info","message":"Registered Student Team API redirect from GET /api/student-teams/invitations to GET /api/students/team/...","service":"research-mgmt-api","timestamp":"2025-04-19 20:25:30.727"}
{"level":"info","message":"Registered Student Team API redirect from DELETE /api/student-teams/:id/leave to DELETE /api/students/team/...","service":"research-mgmt-api","timestamp":"2025-04-19 20:25:30.727"}
{"level":"info","message":"Registered API redirect from GET /projects to GET /api/projects","service":"research-mgmt-api","timestamp":"2025-04-19 20:25:30.727"}
{"level":"info","message":"Registered API redirect from POST /projects to POST /api/projects","service":"research-mgmt-api","timestamp":"2025-04-19 20:25:30.727"}
{"level":"info","message":"Registered API redirect from GET /sessions to GET /api/sessions","service":"research-mgmt-api","timestamp":"2025-04-19 20:25:30.727"}
{"level":"info","message":"Registered API redirect from POST /sessions to POST /api/sessions","service":"research-mgmt-api","timestamp":"2025-04-19 20:25:30.727"}
{"level":"info","message":"Registered API redirect from GET /messages to GET /api/messages","service":"research-mgmt-api","timestamp":"2025-04-19 20:25:30.727"}
{"level":"info","message":"Registered API redirect from POST /messages to POST /api/messages","service":"research-mgmt-api","timestamp":"2025-04-19 20:25:30.727"}
{"level":"info","message":"Registered API redirect from GET /projects/:id to GET /api/projects/:id","service":"research-mgmt-api","timestamp":"2025-04-19 20:25:30.728"}
{"level":"info","message":"Registered API redirect from PUT /projects/:id to PUT /api/projects/:id","service":"research-mgmt-api","timestamp":"2025-04-19 20:25:30.728"}
{"level":"info","message":"Registered API redirect from DELETE /projects/:id to DELETE /api/projects/:id","service":"research-mgmt-api","timestamp":"2025-04-19 20:25:30.728"}
{"level":"info","message":"Registered API redirect from GET /users/:id to GET /api/users/:id","service":"research-mgmt-api","timestamp":"2025-04-19 20:25:30.728"}
{"level":"info","message":"Registered API redirect from PUT /users/:id to PUT /api/users/:id","service":"research-mgmt-api","timestamp":"2025-04-19 20:25:30.728"}
{"level":"info","message":"Attempting to connect to MongoDB database","service":"research-mgmt-api","timestamp":"2025-04-19 20:25:30.728"}
{"level":"info","message":"Attempting to connect to MongoDB...","service":"research-mgmt-api","timestamp":"2025-04-19 20:25:30.728"}
{"level":"info","message":"MongoDB Connected: ac-xdpuchx-shard-00-01.tvoe17p.mongodb.net","service":"research-mgmt-api","timestamp":"2025-04-19 20:25:31.393"}
{"level":"info","message":"✅ MongoDB connection established successfully","service":"research-mgmt-api","timestamp":"2025-04-19 20:25:31.393"}
{"level":"info","message":"🚀 Server running on port 300000 and accessible from all network interfaces","service":"research-mgmt-api","timestamp":"2025-04-19 20:25:31.398"}
{"error":{"errorLabelSet":{}},"level":"error","message":"Failed to create team","service":"research-mgmt-api","timestamp":"2025-04-19 20:25:54.059","userId":"6802130f993431145445c8b9"}
{"errorLabelSet":{},"level":"error","message":"Application error: Read preference in a transaction must be primary, not: primaryPreferred","service":"research-mgmt-api","stack":"Error: Read preference in a transaction must be primary, not: primaryPreferred\n    at new MongoError (/home/swadhin/projects/Projectmanagement/server/node_modules/mongodb/lib/error.js:119:9)\n    at new MongoDriverError (/home/swadhin/projects/Projectmanagement/server/node_modules/mongodb/lib/error.js:216:9)\n    at new MongoAPIError (/home/swadhin/projects/Projectmanagement/server/node_modules/mongodb/lib/error.js:245:9)\n    at new MongoTransactionError (/home/swadhin/projects/Projectmanagement/server/node_modules/mongodb/lib/error.js:409:9)\n    at <anonymous> (/home/swadhin/projects/Projectmanagement/server/node_modules/mongodb/lib/operations/execute_operation.js:63:27)\n    at executeOperation (/home/swadhin/projects/Projectmanagement/server/node_modules/mongodb/lib/operations/execute_operation.js:32:33)\n    at <anonymous> (/home/swadhin/projects/Projectmanagement/server/node_modules/mongodb/lib/cursor/find_cursor.js:61:56)\n    at _initialize (/home/swadhin/projects/Projectmanagement/server/node_modules/mongodb/lib/cursor/find_cursor.js:45:23)\n    at <anonymous> (/home/swadhin/projects/Projectmanagement/server/node_modules/mongodb/lib/cursor/abstract_cursor.js:633:38)\n    at cursorInit (/home/swadhin/projects/Projectmanagement/server/node_modules/mongodb/lib/cursor/abstract_cursor.js:625:24)","timestamp":"2025-04-19 20:25:54.059"}
{"level":"info","message":"HTTP GET /api/notifications/unread/count - 200 (0ms)","service":"research-mgmt-api","timestamp":"2025-04-19 20:25:56.980"}
{"level":"info","message":"HTTP GET /api/notifications/unread/count - 200 (0ms)","service":"research-mgmt-api","timestamp":"2025-04-19 20:26:07.419"}
{"level":"info","message":"JWT helper initialized","service":"research-mgmt-api","timestamp":"2025-04-19 20:26:29.744"}
{"adminRoutes":true,"authRoutes":true,"level":"info","message":"Route modules loaded:","service":"research-mgmt-api","studentRoutes":true,"supervisorRoutes":true,"timestamp":"2025-04-19 20:26:29.778"}
{"level":"info","message":"Registered API redirect from GET /notifications to GET /api/notifications","service":"research-mgmt-api","timestamp":"2025-04-19 20:26:29.793"}
{"level":"info","message":"Registered API redirect from GET /notifications/unread/count to GET /api/notifications/unread/count","service":"research-mgmt-api","timestamp":"2025-04-19 20:26:29.793"}
{"level":"info","message":"Registered API redirect from GET /user/profile to GET /api/user/profile","service":"research-mgmt-api","timestamp":"2025-04-19 20:26:29.793"}
{"level":"info","message":"Registered API redirect from GET /dashboard to GET /api/dashboard","service":"research-mgmt-api","timestamp":"2025-04-19 20:26:29.794"}
{"level":"info","message":"Registered API redirect from GET /calendar to GET /api/calendar","service":"research-mgmt-api","timestamp":"2025-04-19 20:26:29.794"}
{"level":"info","message":"Registered Team API redirect from GET /teams to GET /api/students/team/...","service":"research-mgmt-api","timestamp":"2025-04-19 20:26:29.794"}
{"level":"info","message":"Registered Team API redirect from GET /teams/my-team to GET /api/students/team/...","service":"research-mgmt-api","timestamp":"2025-04-19 20:26:29.794"}
{"level":"info","message":"Registered Team API redirect from GET /teams/:id to GET /api/students/team/...","service":"research-mgmt-api","timestamp":"2025-04-19 20:26:29.794"}
{"level":"info","message":"Registered Team API redirect from PUT /teams/:id to PUT /api/students/team/...","service":"research-mgmt-api","timestamp":"2025-04-19 20:26:29.794"}
{"level":"info","message":"Registered Team API redirect from DELETE /teams/:id to DELETE /api/students/team/...","service":"research-mgmt-api","timestamp":"2025-04-19 20:26:29.794"}
{"level":"info","message":"Registered Team API redirect from POST /teams/:id/invite to POST /api/students/team/...","service":"research-mgmt-api","timestamp":"2025-04-19 20:26:29.794"}
{"level":"info","message":"Registered Team API redirect from POST /teams/:id/leave to POST /api/students/team/...","service":"research-mgmt-api","timestamp":"2025-04-19 20:26:29.795"}
{"level":"info","message":"Registered Team API redirect from POST /teams/:id/remove-member to POST /api/students/team/...","service":"research-mgmt-api","timestamp":"2025-04-19 20:26:29.795"}
{"level":"info","message":"Registered Student Team API redirect from GET /api/student-teams to GET /api/students/team/...","service":"research-mgmt-api","timestamp":"2025-04-19 20:26:29.795"}
{"level":"info","message":"Registered Student Team API redirect from GET /api/student-teams/invitations to GET /api/students/team/...","service":"research-mgmt-api","timestamp":"2025-04-19 20:26:29.795"}
{"level":"info","message":"Registered Student Team API redirect from DELETE /api/student-teams/:id/leave to DELETE /api/students/team/...","service":"research-mgmt-api","timestamp":"2025-04-19 20:26:29.795"}
{"level":"info","message":"Registered API redirect from GET /projects to GET /api/projects","service":"research-mgmt-api","timestamp":"2025-04-19 20:26:29.795"}
{"level":"info","message":"Registered API redirect from POST /projects to POST /api/projects","service":"research-mgmt-api","timestamp":"2025-04-19 20:26:29.795"}
{"level":"info","message":"Registered API redirect from GET /sessions to GET /api/sessions","service":"research-mgmt-api","timestamp":"2025-04-19 20:26:29.795"}
{"level":"info","message":"Registered API redirect from POST /sessions to POST /api/sessions","service":"research-mgmt-api","timestamp":"2025-04-19 20:26:29.795"}
{"level":"info","message":"Registered API redirect from GET /messages to GET /api/messages","service":"research-mgmt-api","timestamp":"2025-04-19 20:26:29.796"}
{"level":"info","message":"Registered API redirect from POST /messages to POST /api/messages","service":"research-mgmt-api","timestamp":"2025-04-19 20:26:29.796"}
{"level":"info","message":"Registered API redirect from GET /projects/:id to GET /api/projects/:id","service":"research-mgmt-api","timestamp":"2025-04-19 20:26:29.796"}
{"level":"info","message":"Registered API redirect from PUT /projects/:id to PUT /api/projects/:id","service":"research-mgmt-api","timestamp":"2025-04-19 20:26:29.796"}
{"level":"info","message":"Registered API redirect from DELETE /projects/:id to DELETE /api/projects/:id","service":"research-mgmt-api","timestamp":"2025-04-19 20:26:29.796"}
{"level":"info","message":"Registered API redirect from GET /users/:id to GET /api/users/:id","service":"research-mgmt-api","timestamp":"2025-04-19 20:26:29.796"}
{"level":"info","message":"Registered API redirect from PUT /users/:id to PUT /api/users/:id","service":"research-mgmt-api","timestamp":"2025-04-19 20:26:29.796"}
{"level":"info","message":"Attempting to connect to MongoDB database","service":"research-mgmt-api","timestamp":"2025-04-19 20:26:29.796"}
{"level":"info","message":"Attempting to connect to MongoDB...","service":"research-mgmt-api","timestamp":"2025-04-19 20:26:29.797"}
{"level":"info","message":"MongoDB Connected: ac-xdpuchx-shard-00-01.tvoe17p.mongodb.net","service":"research-mgmt-api","timestamp":"2025-04-19 20:26:30.410"}
{"level":"info","message":"✅ MongoDB connection established successfully","service":"research-mgmt-api","timestamp":"2025-04-19 20:26:30.411"}
{"level":"info","message":"🚀 Server running on port 300000 and accessible from all network interfaces","service":"research-mgmt-api","timestamp":"2025-04-19 20:26:30.417"}
{"level":"info","message":"HTTP GET /api/notifications/unread/count - 200 (0ms)","service":"research-mgmt-api","timestamp":"2025-04-19 20:26:56.984"}
{"level":"info","message":"HTTP GET /api/notifications/unread/count - 200 (0ms)","service":"research-mgmt-api","timestamp":"2025-04-19 20:27:07.419"}
{"level":"info","message":"JWT helper initialized","service":"research-mgmt-api","timestamp":"2025-04-19 20:27:11.790"}
{"adminRoutes":true,"authRoutes":true,"level":"info","message":"Route modules loaded:","service":"research-mgmt-api","studentRoutes":true,"supervisorRoutes":true,"timestamp":"2025-04-19 20:27:11.827"}
{"level":"info","message":"Registered API redirect from GET /notifications to GET /api/notifications","service":"research-mgmt-api","timestamp":"2025-04-19 20:27:11.841"}
{"level":"info","message":"Registered API redirect from GET /notifications/unread/count to GET /api/notifications/unread/count","service":"research-mgmt-api","timestamp":"2025-04-19 20:27:11.841"}
{"level":"info","message":"Registered API redirect from GET /user/profile to GET /api/user/profile","service":"research-mgmt-api","timestamp":"2025-04-19 20:27:11.842"}
{"level":"info","message":"Registered API redirect from GET /dashboard to GET /api/dashboard","service":"research-mgmt-api","timestamp":"2025-04-19 20:27:11.842"}
{"level":"info","message":"Registered API redirect from GET /calendar to GET /api/calendar","service":"research-mgmt-api","timestamp":"2025-04-19 20:27:11.842"}
{"level":"info","message":"Registered Team API redirect from GET /teams to GET /api/students/team/...","service":"research-mgmt-api","timestamp":"2025-04-19 20:27:11.842"}
{"level":"info","message":"Registered Team API redirect from GET /teams/my-team to GET /api/students/team/...","service":"research-mgmt-api","timestamp":"2025-04-19 20:27:11.842"}
{"level":"info","message":"Registered Team API redirect from GET /teams/:id to GET /api/students/team/...","service":"research-mgmt-api","timestamp":"2025-04-19 20:27:11.843"}
{"level":"info","message":"Registered Team API redirect from PUT /teams/:id to PUT /api/students/team/...","service":"research-mgmt-api","timestamp":"2025-04-19 20:27:11.843"}
{"level":"info","message":"Registered Team API redirect from DELETE /teams/:id to DELETE /api/students/team/...","service":"research-mgmt-api","timestamp":"2025-04-19 20:27:11.843"}
{"level":"info","message":"Registered Team API redirect from POST /teams/:id/invite to POST /api/students/team/...","service":"research-mgmt-api","timestamp":"2025-04-19 20:27:11.843"}
{"level":"info","message":"Registered Team API redirect from POST /teams/:id/leave to POST /api/students/team/...","service":"research-mgmt-api","timestamp":"2025-04-19 20:27:11.843"}
{"level":"info","message":"Registered Team API redirect from POST /teams/:id/remove-member to POST /api/students/team/...","service":"research-mgmt-api","timestamp":"2025-04-19 20:27:11.843"}
{"level":"info","message":"Registered Student Team API redirect from GET /api/student-teams to GET /api/students/team/...","service":"research-mgmt-api","timestamp":"2025-04-19 20:27:11.843"}
{"level":"info","message":"Registered Student Team API redirect from GET /api/student-teams/invitations to GET /api/students/team/...","service":"research-mgmt-api","timestamp":"2025-04-19 20:27:11.844"}
{"level":"info","message":"Registered Student Team API redirect from DELETE /api/student-teams/:id/leave to DELETE /api/students/team/...","service":"research-mgmt-api","timestamp":"2025-04-19 20:27:11.844"}
{"level":"info","message":"Registered API redirect from GET /projects to GET /api/projects","service":"research-mgmt-api","timestamp":"2025-04-19 20:27:11.844"}
{"level":"info","message":"Registered API redirect from POST /projects to POST /api/projects","service":"research-mgmt-api","timestamp":"2025-04-19 20:27:11.844"}
{"level":"info","message":"Registered API redirect from GET /sessions to GET /api/sessions","service":"research-mgmt-api","timestamp":"2025-04-19 20:27:11.844"}
{"level":"info","message":"Registered API redirect from POST /sessions to POST /api/sessions","service":"research-mgmt-api","timestamp":"2025-04-19 20:27:11.844"}
{"level":"info","message":"Registered API redirect from GET /messages to GET /api/messages","service":"research-mgmt-api","timestamp":"2025-04-19 20:27:11.844"}
{"level":"info","message":"Registered API redirect from POST /messages to POST /api/messages","service":"research-mgmt-api","timestamp":"2025-04-19 20:27:11.844"}
{"level":"info","message":"Registered API redirect from GET /projects/:id to GET /api/projects/:id","service":"research-mgmt-api","timestamp":"2025-04-19 20:27:11.844"}
{"level":"info","message":"Registered API redirect from PUT /projects/:id to PUT /api/projects/:id","service":"research-mgmt-api","timestamp":"2025-04-19 20:27:11.844"}
{"level":"info","message":"Registered API redirect from DELETE /projects/:id to DELETE /api/projects/:id","service":"research-mgmt-api","timestamp":"2025-04-19 20:27:11.844"}
{"level":"info","message":"Registered API redirect from GET /users/:id to GET /api/users/:id","service":"research-mgmt-api","timestamp":"2025-04-19 20:27:11.844"}
{"level":"info","message":"Registered API redirect from PUT /users/:id to PUT /api/users/:id","service":"research-mgmt-api","timestamp":"2025-04-19 20:27:11.845"}
{"level":"info","message":"Attempting to connect to MongoDB database","service":"research-mgmt-api","timestamp":"2025-04-19 20:27:11.845"}
{"level":"info","message":"Attempting to connect to MongoDB...","service":"research-mgmt-api","timestamp":"2025-04-19 20:27:11.845"}
{"level":"info","message":"MongoDB Connected: ac-xdpuchx-shard-00-00.tvoe17p.mongodb.net","service":"research-mgmt-api","timestamp":"2025-04-19 20:27:12.522"}
{"level":"info","message":"✅ MongoDB connection established successfully","service":"research-mgmt-api","timestamp":"2025-04-19 20:27:12.522"}
{"level":"info","message":"🚀 Server running on port 300000 and accessible from all network interfaces","service":"research-mgmt-api","timestamp":"2025-04-19 20:27:12.526"}
{"level":"info","message":"HTTP GET /api/notifications/unread/count - 200 (0ms)","service":"research-mgmt-api","timestamp":"2025-04-19 20:28:07.423"}
{"level":"info","message":"HTTP GET /api/notifications - 200 (0ms)","service":"research-mgmt-api","timestamp":"2025-04-19 20:28:07.428"}
{"level":"info","message":"HTTP GET /api/notifications/unread/count - 200 (0ms)","service":"research-mgmt-api","timestamp":"2025-04-19 20:28:35.980"}
{"level":"info","message":"HTTP GET /api/notifications - 200 (0ms)","service":"research-mgmt-api","timestamp":"2025-04-19 20:28:35.983"}
{"level":"info","message":"HTTP GET /api/notifications/unread/count - 200 (0ms)","service":"research-mgmt-api","timestamp":"2025-04-19 20:29:07.419"}
{"level":"info","message":"HTTP GET /api/notifications/unread/count - 200 (0ms)","service":"research-mgmt-api","timestamp":"2025-04-19 20:29:35.981"}
{"level":"info","message":"HTTP GET /api/notifications/unread/count - 200 (0ms)","service":"research-mgmt-api","timestamp":"2025-04-19 20:30:07.419"}
{"level":"info","message":"HTTP GET /api/notifications/unread/count - 200 (0ms)","service":"research-mgmt-api","timestamp":"2025-04-19 20:30:35.981"}
{"level":"info","message":"HTTP GET /api/notifications/unread/count - 200 (0ms)","service":"research-mgmt-api","timestamp":"2025-04-19 20:31:07.419"}
{"level":"info","message":"HTTP GET /api/notifications/unread/count - 200 (0ms)","service":"research-mgmt-api","timestamp":"2025-04-19 20:31:35.980"}
{"level":"info","message":"HTTP GET /api/notifications/unread/count - 200 (0ms)","service":"research-mgmt-api","timestamp":"2025-04-19 20:32:07.419"}
{"external":"29 MB","heapTotal":"32 MB","heapUsed":"53 MB","level":"info","message":"Memory usage stats:","rss":"213 MB","service":"research-mgmt-api","timestamp":"2025-04-19 20:32:11.851"}
{"level":"info","message":"HTTP GET /api/notifications/unread/count - 200 (0ms)","service":"research-mgmt-api","timestamp":"2025-04-19 20:32:35.983"}
{"level":"info","message":"HTTP GET /api/notifications/unread/count - 200 (0ms)","service":"research-mgmt-api","timestamp":"2025-04-19 20:33:07.419"}
{"level":"info","message":"HTTP GET /api/notifications - 200 (0ms)","service":"research-mgmt-api","timestamp":"2025-04-19 20:33:07.422"}
{"level":"info","message":"HTTP GET /api/notifications/unread/count - 200 (0ms)","service":"research-mgmt-api","timestamp":"2025-04-19 20:33:35.981"}
{"level":"info","message":"HTTP GET /api/notifications - 200 (0ms)","service":"research-mgmt-api","timestamp":"2025-04-19 20:33:35.984"}
{"level":"info","message":"HTTP GET /api/notifications/unread/count - 200 (0ms)","service":"research-mgmt-api","timestamp":"2025-04-19 20:34:07.420"}
{"level":"info","message":"HTTP GET /api/notifications/unread/count - 200 (0ms)","service":"research-mgmt-api","timestamp":"2025-04-19 20:34:35.981"}
{"level":"info","message":"HTTP GET /api/notifications/unread/count - 200 (0ms)","service":"research-mgmt-api","timestamp":"2025-04-19 20:35:07.420"}
{"level":"info","message":"HTTP GET /api/notifications/unread/count - 200 (0ms)","service":"research-mgmt-api","timestamp":"2025-04-19 20:35:35.982"}
{"level":"info","message":"HTTP GET /api/notifications/unread/count - 200 (0ms)","service":"research-mgmt-api","timestamp":"2025-04-19 20:36:07.420"}
{"level":"info","message":"HTTP GET /api/notifications/unread/count - 200 (0ms)","service":"research-mgmt-api","timestamp":"2025-04-19 20:36:35.981"}
{"level":"info","message":"HTTP GET /api/notifications/unread/count - 200 (0ms)","service":"research-mgmt-api","timestamp":"2025-04-19 20:37:07.420"}
{"external":"30 MB","heapTotal":"32 MB","heapUsed":"56 MB","level":"info","message":"Memory usage stats:","rss":"218 MB","service":"research-mgmt-api","timestamp":"2025-04-19 20:37:11.852"}
{"level":"info","message":"HTTP GET /api/notifications/unread/count - 200 (0ms)","service":"research-mgmt-api","timestamp":"2025-04-19 20:37:35.985"}
{"level":"info","message":"HTTP GET /api/notifications/unread/count - 200 (0ms)","service":"research-mgmt-api","timestamp":"2025-04-19 20:38:07.421"}
{"level":"info","message":"HTTP GET /api/notifications - 200 (0ms)","service":"research-mgmt-api","timestamp":"2025-04-19 20:38:07.426"}
{"level":"info","message":"HTTP GET /api/notifications/unread/count - 200 (0ms)","service":"research-mgmt-api","timestamp":"2025-04-19 20:38:35.981"}
{"level":"info","message":"HTTP GET /api/notifications - 200 (0ms)","service":"research-mgmt-api","timestamp":"2025-04-19 20:38:35.984"}
{"level":"info","message":"HTTP GET /api/notifications/unread/count - 200 (0ms)","service":"research-mgmt-api","timestamp":"2025-04-19 20:39:07.421"}
{"level":"info","message":"HTTP GET /api/notifications/unread/count - 200 (0ms)","service":"research-mgmt-api","timestamp":"2025-04-19 20:39:35.982"}
{"level":"info","message":"HTTP GET /api/notifications/unread/count - 200 (0ms)","service":"research-mgmt-api","timestamp":"2025-04-19 20:40:07.420"}
{"level":"info","message":"HTTP GET /api/notifications/unread/count - 200 (0ms)","service":"research-mgmt-api","timestamp":"2025-04-19 20:40:35.982"}
{"level":"info","message":"HTTP GET /api/notifications/unread/count - 200 (0ms)","service":"research-mgmt-api","timestamp":"2025-04-19 20:41:07.421"}
{"level":"info","message":"HTTP GET /api/notifications/unread/count - 200 (0ms)","service":"research-mgmt-api","timestamp":"2025-04-19 20:41:35.982"}
{"level":"info","message":"HTTP GET /api/notifications/unread/count - 200 (0ms)","service":"research-mgmt-api","timestamp":"2025-04-19 20:42:07.421"}
{"external":"22 MB","heapTotal":"30 MB","heapUsed":"41 MB","level":"info","message":"Memory usage stats:","rss":"212 MB","service":"research-mgmt-api","timestamp":"2025-04-19 20:42:11.852"}
{"level":"info","message":"HTTP GET /api/notifications/unread/count - 200 (0ms)","service":"research-mgmt-api","timestamp":"2025-04-19 20:42:35.981"}
{"level":"info","message":"HTTP GET /api/notifications/unread/count - 200 (0ms)","service":"research-mgmt-api","timestamp":"2025-04-19 20:43:07.420"}
{"level":"info","message":"HTTP GET /api/notifications - 200 (0ms)","service":"research-mgmt-api","timestamp":"2025-04-19 20:43:07.423"}
{"level":"info","message":"HTTP GET /api/notifications/unread/count - 200 (0ms)","service":"research-mgmt-api","timestamp":"2025-04-19 20:43:35.981"}
{"level":"info","message":"HTTP GET /api/notifications - 200 (0ms)","service":"research-mgmt-api","timestamp":"2025-04-19 20:43:35.984"}
{"level":"info","message":"HTTP GET /api/notifications/unread/count - 200 (0ms)","service":"research-mgmt-api","timestamp":"2025-04-19 20:44:07.420"}
{"level":"info","message":"HTTP GET /api/notifications/unread/count - 200 (0ms)","service":"research-mgmt-api","timestamp":"2025-04-19 20:44:35.981"}
{"level":"info","message":"HTTP GET /api/notifications/unread/count - 200 (0ms)","service":"research-mgmt-api","timestamp":"2025-04-19 20:45:07.421"}
{"level":"info","message":"HTTP GET /api/notifications/unread/count - 200 (0ms)","service":"research-mgmt-api","timestamp":"2025-04-19 20:45:35.981"}
{"level":"info","message":"HTTP GET /api/notifications/unread/count - 200 (0ms)","service":"research-mgmt-api","timestamp":"2025-04-19 20:46:07.420"}
{"level":"info","message":"HTTP GET /api/notifications/unread/count - 200 (0ms)","service":"research-mgmt-api","timestamp":"2025-04-19 20:46:35.982"}
{"level":"info","message":"HTTP GET /api/notifications/unread/count - 200 (0ms)","service":"research-mgmt-api","timestamp":"2025-04-19 20:47:07.420"}
{"external":"23 MB","heapTotal":"30 MB","heapUsed":"43 MB","level":"info","message":"Memory usage stats:","rss":"212 MB","service":"research-mgmt-api","timestamp":"2025-04-19 20:47:11.852"}
{"level":"info","message":"HTTP GET /api/notifications/unread/count - 200 (0ms)","service":"research-mgmt-api","timestamp":"2025-04-19 20:47:35.982"}
{"level":"info","message":"HTTP GET /api/notifications/unread/count - 200 (0ms)","service":"research-mgmt-api","timestamp":"2025-04-19 20:48:07.420"}
{"level":"info","message":"HTTP GET /api/notifications - 200 (0ms)","service":"research-mgmt-api","timestamp":"2025-04-19 20:48:07.425"}
{"level":"info","message":"HTTP GET /api/notifications/unread/count - 200 (0ms)","service":"research-mgmt-api","timestamp":"2025-04-19 20:48:35.981"}
{"level":"info","message":"HTTP GET /api/notifications - 200 (0ms)","service":"research-mgmt-api","timestamp":"2025-04-19 20:48:35.983"}
{"level":"info","message":"HTTP GET /api/notifications/unread/count - 200 (0ms)","service":"research-mgmt-api","timestamp":"2025-04-19 20:49:07.420"}
{"level":"info","message":"HTTP GET /api/notifications/unread/count - 200 (0ms)","service":"research-mgmt-api","timestamp":"2025-04-19 20:49:35.983"}
{"level":"info","message":"HTTP GET /api/notifications/unread/count - 200 (0ms)","service":"research-mgmt-api","timestamp":"2025-04-19 20:50:07.420"}
{"level":"info","message":"HTTP GET /api/notifications/unread/count - 200 (0ms)","service":"research-mgmt-api","timestamp":"2025-04-19 20:50:35.981"}
{"level":"info","message":"HTTP GET /api/notifications/unread/count - 200 (0ms)","service":"research-mgmt-api","timestamp":"2025-04-19 20:51:07.420"}
{"level":"info","message":"HTTP GET /api/notifications/unread/count - 200 (0ms)","service":"research-mgmt-api","timestamp":"2025-04-19 20:51:35.982"}
{"level":"info","message":"HTTP GET /api/notifications/unread/count - 200 (0ms)","service":"research-mgmt-api","timestamp":"2025-04-19 20:52:07.420"}
{"external":"23 MB","heapTotal":"30 MB","heapUsed":"43 MB","level":"info","message":"Memory usage stats:","rss":"212 MB","service":"research-mgmt-api","timestamp":"2025-04-19 20:52:11.853"}
{"level":"info","message":"HTTP GET /api/notifications/unread/count - 200 (0ms)","service":"research-mgmt-api","timestamp":"2025-04-19 20:52:35.980"}
{"level":"info","message":"HTTP GET /api/notifications/unread/count - 200 (0ms)","service":"research-mgmt-api","timestamp":"2025-04-19 20:53:07.420"}
{"level":"info","message":"HTTP GET /api/notifications - 200 (0ms)","service":"research-mgmt-api","timestamp":"2025-04-19 20:53:07.422"}
{"level":"info","message":"HTTP GET /api/notifications/unread/count - 200 (0ms)","service":"research-mgmt-api","timestamp":"2025-04-19 20:53:35.981"}
{"level":"info","message":"HTTP GET /api/notifications - 200 (0ms)","service":"research-mgmt-api","timestamp":"2025-04-19 20:53:35.984"}
{"level":"info","message":"HTTP GET /api/notifications/unread/count - 200 (0ms)","service":"research-mgmt-api","timestamp":"2025-04-19 20:54:07.421"}
{"level":"info","message":"HTTP GET /api/notifications/unread/count - 200 (0ms)","service":"research-mgmt-api","timestamp":"2025-04-19 20:54:35.981"}
{"level":"info","message":"HTTP GET /api/notifications/unread/count - 200 (0ms)","service":"research-mgmt-api","timestamp":"2025-04-19 20:55:07.420"}
{"level":"info","message":"HTTP GET /api/notifications/unread/count - 200 (0ms)","service":"research-mgmt-api","timestamp":"2025-04-19 20:55:35.981"}
{"level":"info","message":"HTTP GET /api/notifications/unread/count - 200 (0ms)","service":"research-mgmt-api","timestamp":"2025-04-19 20:56:07.420"}
{"level":"info","message":"HTTP GET /api/notifications/unread/count - 200 (0ms)","service":"research-mgmt-api","timestamp":"2025-04-19 20:56:35.981"}
{"level":"info","message":"HTTP GET /api/notifications/unread/count - 200 (0ms)","service":"research-mgmt-api","timestamp":"2025-04-19 20:57:07.420"}
{"external":"24 MB","heapTotal":"30 MB","heapUsed":"43 MB","level":"info","message":"Memory usage stats:","rss":"213 MB","service":"research-mgmt-api","timestamp":"2025-04-19 20:57:11.853"}
{"level":"info","message":"HTTP GET /api/notifications/unread/count - 200 (0ms)","service":"research-mgmt-api","timestamp":"2025-04-19 20:57:35.981"}
{"level":"info","message":"HTTP GET /api/notifications/unread/count - 200 (0ms)","service":"research-mgmt-api","timestamp":"2025-04-19 20:58:07.421"}
{"level":"info","message":"HTTP GET /api/notifications - 200 (0ms)","service":"research-mgmt-api","timestamp":"2025-04-19 20:58:07.428"}
{"level":"info","message":"HTTP GET /api/notifications/unread/count - 200 (0ms)","service":"research-mgmt-api","timestamp":"2025-04-19 20:58:35.981"}
{"level":"info","message":"HTTP GET /api/notifications - 200 (0ms)","service":"research-mgmt-api","timestamp":"2025-04-19 20:58:35.983"}
{"level":"info","message":"HTTP GET /api/notifications/unread/count - 200 (0ms)","service":"research-mgmt-api","timestamp":"2025-04-19 20:59:07.419"}
{"level":"info","message":"HTTP GET /api/notifications/unread/count - 200 (0ms)","service":"research-mgmt-api","timestamp":"2025-04-19 20:59:35.981"}
{"level":"info","message":"HTTP GET /api/notifications/unread/count - 200 (0ms)","service":"research-mgmt-api","timestamp":"2025-04-19 21:00:07.420"}
{"level":"info","message":"HTTP GET /api/notifications/unread/count - 200 (0ms)","service":"research-mgmt-api","timestamp":"2025-04-19 21:00:35.981"}
{"level":"info","message":"HTTP GET /api/notifications/unread/count - 200 (0ms)","service":"research-mgmt-api","timestamp":"2025-04-19 21:01:07.419"}
{"level":"info","message":"HTTP GET /api/notifications/unread/count - 200 (0ms)","service":"research-mgmt-api","timestamp":"2025-04-19 21:01:35.981"}
{"level":"info","message":"HTTP GET /api/notifications/unread/count - 200 (0ms)","service":"research-mgmt-api","timestamp":"2025-04-19 21:02:07.420"}
{"external":"23 MB","heapTotal":"30 MB","heapUsed":"43 MB","level":"info","message":"Memory usage stats:","rss":"215 MB","service":"research-mgmt-api","timestamp":"2025-04-19 21:02:11.853"}
{"level":"info","message":"HTTP GET /api/notifications/unread/count - 200 (0ms)","service":"research-mgmt-api","timestamp":"2025-04-19 21:02:35.982"}
{"level":"info","message":"HTTP GET /api/notifications/unread/count - 200 (0ms)","service":"research-mgmt-api","timestamp":"2025-04-19 21:03:07.420"}
{"level":"info","message":"HTTP GET /api/notifications - 200 (0ms)","service":"research-mgmt-api","timestamp":"2025-04-19 21:03:07.422"}
{"level":"info","message":"HTTP GET /api/notifications/unread/count - 200 (0ms)","service":"research-mgmt-api","timestamp":"2025-04-19 21:03:35.983"}
{"level":"info","message":"HTTP GET /api/notifications - 200 (0ms)","service":"research-mgmt-api","timestamp":"2025-04-19 21:03:35.986"}
{"level":"info","message":"HTTP GET /api/notifications/unread/count - 200 (0ms)","service":"research-mgmt-api","timestamp":"2025-04-19 21:04:07.420"}
{"level":"info","message":"HTTP GET /api/notifications/unread/count - 200 (0ms)","service":"research-mgmt-api","timestamp":"2025-04-19 21:04:35.981"}
{"level":"info","message":"HTTP GET /api/notifications/unread/count - 200 (0ms)","service":"research-mgmt-api","timestamp":"2025-04-19 21:05:07.421"}
{"level":"info","message":"HTTP GET /api/notifications/unread/count - 200 (0ms)","service":"research-mgmt-api","timestamp":"2025-04-19 21:05:35.981"}
{"level":"info","message":"HTTP GET /api/notifications/unread/count - 200 (0ms)","service":"research-mgmt-api","timestamp":"2025-04-19 21:06:07.421"}
{"level":"info","message":"HTTP GET /api/notifications/unread/count - 200 (0ms)","service":"research-mgmt-api","timestamp":"2025-04-19 21:06:35.981"}
{"level":"info","message":"HTTP GET /api/notifications/unread/count - 200 (0ms)","service":"research-mgmt-api","timestamp":"2025-04-19 21:07:07.420"}
{"external":"23 MB","heapTotal":"30 MB","heapUsed":"42 MB","level":"info","message":"Memory usage stats:","rss":"214 MB","service":"research-mgmt-api","timestamp":"2025-04-19 21:07:11.853"}
{"level":"info","message":"HTTP GET /api/notifications/unread/count - 200 (0ms)","service":"research-mgmt-api","timestamp":"2025-04-19 21:07:35.982"}
{"level":"info","message":"HTTP GET /api/notifications/unread/count - 200 (0ms)","service":"research-mgmt-api","timestamp":"2025-04-19 21:08:07.419"}
{"level":"info","message":"HTTP GET /api/notifications - 200 (0ms)","service":"research-mgmt-api","timestamp":"2025-04-19 21:08:07.423"}
{"level":"info","message":"HTTP GET /api/notifications/unread/count - 200 (0ms)","service":"research-mgmt-api","timestamp":"2025-04-19 21:08:35.982"}
{"level":"info","message":"HTTP GET /api/notifications - 200 (0ms)","service":"research-mgmt-api","timestamp":"2025-04-19 21:08:35.984"}
{"level":"info","message":"HTTP GET /api/notifications/unread/count - 200 (0ms)","service":"research-mgmt-api","timestamp":"2025-04-19 21:09:07.422"}
{"level":"info","message":"HTTP GET /api/notifications/unread/count - 200 (0ms)","service":"research-mgmt-api","timestamp":"2025-04-19 21:09:35.982"}
{"level":"info","message":"HTTP GET /api/notifications/unread/count - 200 (0ms)","service":"research-mgmt-api","timestamp":"2025-04-19 21:10:07.420"}
{"level":"info","message":"HTTP GET /api/notifications/unread/count - 200 (0ms)","service":"research-mgmt-api","timestamp":"2025-04-19 21:10:35.988"}
{"level":"info","message":"HTTP GET /api/notifications/unread/count - 200 (0ms)","service":"research-mgmt-api","timestamp":"2025-04-19 21:11:07.421"}
{"level":"info","message":"HTTP GET /api/notifications/unread/count - 200 (0ms)","service":"research-mgmt-api","timestamp":"2025-04-19 21:11:35.982"}
{"level":"info","message":"HTTP GET /api/notifications/unread/count - 200 (0ms)","service":"research-mgmt-api","timestamp":"2025-04-19 21:12:07.419"}
{"external":"24 MB","heapTotal":"30 MB","heapUsed":"43 MB","level":"info","message":"Memory usage stats:","rss":"215 MB","service":"research-mgmt-api","timestamp":"2025-04-19 21:12:11.854"}
{"level":"info","message":"HTTP GET /api/notifications/unread/count - 200 (0ms)","service":"research-mgmt-api","timestamp":"2025-04-19 21:12:35.982"}
{"level":"info","message":"HTTP GET /api/notifications/unread/count - 200 (0ms)","service":"research-mgmt-api","timestamp":"2025-04-19 21:13:07.420"}
{"level":"info","message":"HTTP GET /api/notifications - 200 (0ms)","service":"research-mgmt-api","timestamp":"2025-04-19 21:13:07.422"}
{"level":"info","message":"HTTP GET /api/notifications/unread/count - 200 (0ms)","service":"research-mgmt-api","timestamp":"2025-04-19 21:13:35.982"}
{"level":"info","message":"HTTP GET /api/notifications - 200 (0ms)","service":"research-mgmt-api","timestamp":"2025-04-19 21:13:35.984"}
{"level":"info","message":"HTTP GET /api/notifications/unread/count - 200 (0ms)","service":"research-mgmt-api","timestamp":"2025-04-19 21:14:07.419"}
{"level":"info","message":"HTTP GET /api/notifications/unread/count - 200 (0ms)","service":"research-mgmt-api","timestamp":"2025-04-19 21:14:35.982"}
{"level":"info","message":"HTTP GET /api/notifications/unread/count - 200 (0ms)","service":"research-mgmt-api","timestamp":"2025-04-19 21:15:07.421"}
{"level":"info","message":"HTTP GET /api/notifications/unread/count - 200 (0ms)","service":"research-mgmt-api","timestamp":"2025-04-19 21:15:35.981"}
{"level":"info","message":"HTTP GET /api/notifications/unread/count - 200 (0ms)","service":"research-mgmt-api","timestamp":"2025-04-19 21:16:07.420"}
{"level":"info","message":"HTTP GET /api/notifications/unread/count - 200 (0ms)","service":"research-mgmt-api","timestamp":"2025-04-19 21:16:35.981"}
{"level":"info","message":"HTTP GET /api/notifications/unread/count - 200 (0ms)","service":"research-mgmt-api","timestamp":"2025-04-19 21:17:07.420"}
{"external":"24 MB","heapTotal":"30 MB","heapUsed":"43 MB","level":"info","message":"Memory usage stats:","rss":"217 MB","service":"research-mgmt-api","timestamp":"2025-04-19 21:17:11.854"}
{"level":"info","message":"HTTP GET /api/notifications/unread/count - 200 (0ms)","service":"research-mgmt-api","timestamp":"2025-04-19 21:17:35.981"}
{"level":"info","message":"HTTP GET /api/notifications/unread/count - 200 (0ms)","service":"research-mgmt-api","timestamp":"2025-04-19 21:18:07.420"}
{"level":"info","message":"HTTP GET /api/notifications - 200 (0ms)","service":"research-mgmt-api","timestamp":"2025-04-19 21:18:07.425"}
{"level":"info","message":"HTTP GET /api/notifications/unread/count - 200 (0ms)","service":"research-mgmt-api","timestamp":"2025-04-19 21:18:35.981"}
{"level":"info","message":"HTTP GET /api/notifications - 200 (0ms)","service":"research-mgmt-api","timestamp":"2025-04-19 21:18:35.984"}
{"level":"info","message":"HTTP GET /api/notifications/unread/count - 200 (0ms)","service":"research-mgmt-api","timestamp":"2025-04-19 21:19:07.420"}
{"level":"info","message":"HTTP GET /api/notifications/unread/count - 200 (0ms)","service":"research-mgmt-api","timestamp":"2025-04-19 21:19:35.982"}
{"level":"info","message":"HTTP GET /api/notifications/unread/count - 200 (0ms)","service":"research-mgmt-api","timestamp":"2025-04-19 21:20:07.420"}
{"level":"info","message":"HTTP GET /api/notifications/unread/count - 200 (0ms)","service":"research-mgmt-api","timestamp":"2025-04-19 21:20:35.981"}
{"error":{"field":null,"name":"ValidationError","status":400},"level":"error","message":"Failed to create team","service":"research-mgmt-api","timestamp":"2025-04-19 21:20:44.879","userId":"6802130f993431145445c8b9"}
{"field":null,"level":"error","message":"Application error: No active session found","name":"ValidationError","service":"research-mgmt-api","stack":"ValidationError: No active session found\n    at <anonymous> (/home/swadhin/projects/Projectmanagement/server/src/controllers/teamController.js:85:17)\n    at processTicksAndRejections (native:7:39)","status":400,"timestamp":"2025-04-19 21:20:44.880"}
{"error":{"field":null,"name":"ValidationError","status":400},"level":"error","message":"Failed to create team","service":"research-mgmt-api","timestamp":"2025-04-19 21:20:56.444","userId":"6802130f993431145445c8b9"}
{"field":null,"level":"error","message":"Application error: No active session found","name":"ValidationError","service":"research-mgmt-api","stack":"ValidationError: No active session found\n    at <anonymous> (/home/swadhin/projects/Projectmanagement/server/src/controllers/teamController.js:85:17)\n    at processTicksAndRejections (native:7:39)","status":400,"timestamp":"2025-04-19 21:20:56.444"}
{"level":"info","message":"HTTP GET /api/notifications/unread/count - 200 (0ms)","service":"research-mgmt-api","timestamp":"2025-04-19 21:21:07.419"}
{"level":"info","message":"JWT helper initialized","service":"research-mgmt-api","timestamp":"2025-04-19 21:21:26.168"}
{"adminRoutes":true,"authRoutes":true,"level":"info","message":"Route modules loaded:","service":"research-mgmt-api","studentRoutes":true,"supervisorRoutes":true,"timestamp":"2025-04-19 21:21:26.202"}
{"level":"info","message":"Registered API redirect from GET /notifications to GET /api/notifications","service":"research-mgmt-api","timestamp":"2025-04-19 21:21:26.216"}
{"level":"info","message":"Registered API redirect from GET /notifications/unread/count to GET /api/notifications/unread/count","service":"research-mgmt-api","timestamp":"2025-04-19 21:21:26.217"}
{"level":"info","message":"Registered API redirect from GET /user/profile to GET /api/user/profile","service":"research-mgmt-api","timestamp":"2025-04-19 21:21:26.217"}
{"level":"info","message":"Registered API redirect from GET /dashboard to GET /api/dashboard","service":"research-mgmt-api","timestamp":"2025-04-19 21:21:26.217"}
{"level":"info","message":"Registered API redirect from GET /calendar to GET /api/calendar","service":"research-mgmt-api","timestamp":"2025-04-19 21:21:26.217"}
{"level":"info","message":"Registered Team API redirect from GET /teams to GET /api/students/team/...","service":"research-mgmt-api","timestamp":"2025-04-19 21:21:26.217"}
{"level":"info","message":"Registered Team API redirect from GET /teams/my-team to GET /api/students/team/...","service":"research-mgmt-api","timestamp":"2025-04-19 21:21:26.217"}
{"level":"info","message":"Registered Team API redirect from GET /teams/:id to GET /api/students/team/...","service":"research-mgmt-api","timestamp":"2025-04-19 21:21:26.218"}
{"level":"info","message":"Registered Team API redirect from PUT /teams/:id to PUT /api/students/team/...","service":"research-mgmt-api","timestamp":"2025-04-19 21:21:26.218"}
{"level":"info","message":"Registered Team API redirect from DELETE /teams/:id to DELETE /api/students/team/...","service":"research-mgmt-api","timestamp":"2025-04-19 21:21:26.218"}
{"level":"info","message":"Registered Team API redirect from POST /teams/:id/invite to POST /api/students/team/...","service":"research-mgmt-api","timestamp":"2025-04-19 21:21:26.218"}
{"level":"info","message":"Registered Team API redirect from POST /teams/:id/leave to POST /api/students/team/...","service":"research-mgmt-api","timestamp":"2025-04-19 21:21:26.218"}
{"level":"info","message":"Registered Team API redirect from POST /teams/:id/remove-member to POST /api/students/team/...","service":"research-mgmt-api","timestamp":"2025-04-19 21:21:26.218"}
{"level":"info","message":"Registered Student Team API redirect from GET /api/student-teams to GET /api/students/team/...","service":"research-mgmt-api","timestamp":"2025-04-19 21:21:26.218"}
{"level":"info","message":"Registered Student Team API redirect from GET /api/student-teams/invitations to GET /api/students/team/...","service":"research-mgmt-api","timestamp":"2025-04-19 21:21:26.218"}
{"level":"info","message":"Registered Student Team API redirect from DELETE /api/student-teams/:id/leave to DELETE /api/students/team/...","service":"research-mgmt-api","timestamp":"2025-04-19 21:21:26.219"}
{"level":"info","message":"Registered API redirect from GET /projects to GET /api/projects","service":"research-mgmt-api","timestamp":"2025-04-19 21:21:26.219"}
{"level":"info","message":"Registered API redirect from POST /projects to POST /api/projects","service":"research-mgmt-api","timestamp":"2025-04-19 21:21:26.219"}
{"level":"info","message":"Registered API redirect from GET /sessions to GET /api/sessions","service":"research-mgmt-api","timestamp":"2025-04-19 21:21:26.219"}
{"level":"info","message":"Registered API redirect from POST /sessions to POST /api/sessions","service":"research-mgmt-api","timestamp":"2025-04-19 21:21:26.219"}
{"level":"info","message":"Registered API redirect from GET /messages to GET /api/messages","service":"research-mgmt-api","timestamp":"2025-04-19 21:21:26.219"}
{"level":"info","message":"Registered API redirect from POST /messages to POST /api/messages","service":"research-mgmt-api","timestamp":"2025-04-19 21:21:26.219"}
{"level":"info","message":"Registered API redirect from GET /projects/:id to GET /api/projects/:id","service":"research-mgmt-api","timestamp":"2025-04-19 21:21:26.219"}
{"level":"info","message":"Registered API redirect from PUT /projects/:id to PUT /api/projects/:id","service":"research-mgmt-api","timestamp":"2025-04-19 21:21:26.219"}
{"level":"info","message":"Registered API redirect from DELETE /projects/:id to DELETE /api/projects/:id","service":"research-mgmt-api","timestamp":"2025-04-19 21:21:26.219"}
{"level":"info","message":"Registered API redirect from GET /users/:id to GET /api/users/:id","service":"research-mgmt-api","timestamp":"2025-04-19 21:21:26.219"}
{"level":"info","message":"Registered API redirect from PUT /users/:id to PUT /api/users/:id","service":"research-mgmt-api","timestamp":"2025-04-19 21:21:26.219"}
{"level":"info","message":"Attempting to connect to MongoDB database","service":"research-mgmt-api","timestamp":"2025-04-19 21:21:26.220"}
{"level":"info","message":"Attempting to connect to MongoDB...","service":"research-mgmt-api","timestamp":"2025-04-19 21:21:26.220"}
{"level":"info","message":"MongoDB Connected: ac-xdpuchx-shard-00-02.tvoe17p.mongodb.net","service":"research-mgmt-api","timestamp":"2025-04-19 21:21:32.038"}
{"level":"info","message":"✅ MongoDB connection established successfully","service":"research-mgmt-api","timestamp":"2025-04-19 21:21:32.038"}
{"level":"info","message":"🚀 Server running on port 300000 and accessible from all network interfaces","service":"research-mgmt-api","timestamp":"2025-04-19 21:21:32.042"}
{"level":"info","message":"HTTP GET /api/notifications/unread/count - 200 (0ms)","service":"research-mgmt-api","timestamp":"2025-04-19 21:21:35.986"}
{"level":"info","message":"HTTP GET /api/notifications/unread/count - 200 (0ms)","service":"research-mgmt-api","timestamp":"2025-04-19 21:22:07.981"}
{"level":"info","message":"JWT helper initialized","service":"research-mgmt-api","timestamp":"2025-04-19 21:22:27.376"}
{"adminRoutes":true,"authRoutes":true,"level":"info","message":"Route modules loaded:","service":"research-mgmt-api","studentRoutes":true,"supervisorRoutes":true,"timestamp":"2025-04-19 21:22:27.412"}
{"level":"info","message":"Registered API redirect from GET /notifications to GET /api/notifications","service":"research-mgmt-api","timestamp":"2025-04-19 21:22:27.427"}
{"level":"info","message":"Registered API redirect from GET /notifications/unread/count to GET /api/notifications/unread/count","service":"research-mgmt-api","timestamp":"2025-04-19 21:22:27.427"}
{"level":"info","message":"Registered API redirect from GET /user/profile to GET /api/user/profile","service":"research-mgmt-api","timestamp":"2025-04-19 21:22:27.427"}
{"level":"info","message":"Registered API redirect from GET /dashboard to GET /api/dashboard","service":"research-mgmt-api","timestamp":"2025-04-19 21:22:27.427"}
{"level":"info","message":"Registered API redirect from GET /calendar to GET /api/calendar","service":"research-mgmt-api","timestamp":"2025-04-19 21:22:27.428"}
{"level":"info","message":"Registered Team API redirect from GET /teams to GET /api/students/team/...","service":"research-mgmt-api","timestamp":"2025-04-19 21:22:27.428"}
{"level":"info","message":"Registered Team API redirect from GET /teams/my-team to GET /api/students/team/...","service":"research-mgmt-api","timestamp":"2025-04-19 21:22:27.428"}
{"level":"info","message":"Registered Team API redirect from GET /teams/:id to GET /api/students/team/...","service":"research-mgmt-api","timestamp":"2025-04-19 21:22:27.428"}
{"level":"info","message":"Registered Team API redirect from PUT /teams/:id to PUT /api/students/team/...","service":"research-mgmt-api","timestamp":"2025-04-19 21:22:27.428"}
{"level":"info","message":"Registered Team API redirect from DELETE /teams/:id to DELETE /api/students/team/...","service":"research-mgmt-api","timestamp":"2025-04-19 21:22:27.428"}
{"level":"info","message":"Registered Team API redirect from POST /teams/:id/invite to POST /api/students/team/...","service":"research-mgmt-api","timestamp":"2025-04-19 21:22:27.428"}
{"level":"info","message":"Registered Team API redirect from POST /teams/:id/leave to POST /api/students/team/...","service":"research-mgmt-api","timestamp":"2025-04-19 21:22:27.428"}
{"level":"info","message":"Registered Team API redirect from POST /teams/:id/remove-member to POST /api/students/team/...","service":"research-mgmt-api","timestamp":"2025-04-19 21:22:27.429"}
{"level":"info","message":"Registered Student Team API redirect from GET /api/student-teams to GET /api/students/team/...","service":"research-mgmt-api","timestamp":"2025-04-19 21:22:27.429"}
{"level":"info","message":"Registered Student Team API redirect from GET /api/student-teams/invitations to GET /api/students/team/...","service":"research-mgmt-api","timestamp":"2025-04-19 21:22:27.429"}
{"level":"info","message":"Registered Student Team API redirect from DELETE /api/student-teams/:id/leave to DELETE /api/students/team/...","service":"research-mgmt-api","timestamp":"2025-04-19 21:22:27.429"}
{"level":"info","message":"Registered API redirect from GET /projects to GET /api/projects","service":"research-mgmt-api","timestamp":"2025-04-19 21:22:27.429"}
{"level":"info","message":"Registered API redirect from POST /projects to POST /api/projects","service":"research-mgmt-api","timestamp":"2025-04-19 21:22:27.429"}
{"level":"info","message":"Registered API redirect from GET /sessions to GET /api/sessions","service":"research-mgmt-api","timestamp":"2025-04-19 21:22:27.429"}
{"level":"info","message":"Registered API redirect from POST /sessions to POST /api/sessions","service":"research-mgmt-api","timestamp":"2025-04-19 21:22:27.429"}
{"level":"info","message":"Registered API redirect from GET /messages to GET /api/messages","service":"research-mgmt-api","timestamp":"2025-04-19 21:22:27.429"}
{"level":"info","message":"Registered API redirect from POST /messages to POST /api/messages","service":"research-mgmt-api","timestamp":"2025-04-19 21:22:27.429"}
{"level":"info","message":"Registered API redirect from GET /projects/:id to GET /api/projects/:id","service":"research-mgmt-api","timestamp":"2025-04-19 21:22:27.429"}
{"level":"info","message":"Registered API redirect from PUT /projects/:id to PUT /api/projects/:id","service":"research-mgmt-api","timestamp":"2025-04-19 21:22:27.429"}
{"level":"info","message":"Registered API redirect from DELETE /projects/:id to DELETE /api/projects/:id","service":"research-mgmt-api","timestamp":"2025-04-19 21:22:27.430"}
{"level":"info","message":"Registered API redirect from GET /users/:id to GET /api/users/:id","service":"research-mgmt-api","timestamp":"2025-04-19 21:22:27.430"}
{"level":"info","message":"Registered API redirect from PUT /users/:id to PUT /api/users/:id","service":"research-mgmt-api","timestamp":"2025-04-19 21:22:27.430"}
{"level":"info","message":"Attempting to connect to MongoDB database","service":"research-mgmt-api","timestamp":"2025-04-19 21:22:27.430"}
{"level":"info","message":"Attempting to connect to MongoDB...","service":"research-mgmt-api","timestamp":"2025-04-19 21:22:27.430"}
{"level":"info","message":"MongoDB Connected: ac-xdpuchx-shard-00-02.tvoe17p.mongodb.net","service":"research-mgmt-api","timestamp":"2025-04-19 21:22:28.135"}
{"level":"info","message":"✅ MongoDB connection established successfully","service":"research-mgmt-api","timestamp":"2025-04-19 21:22:28.135"}
{"level":"info","message":"🚀 Server running on port 300000 and accessible from all network interfaces","service":"research-mgmt-api","timestamp":"2025-04-19 21:22:28.141"}
{"level":"info","message":"HTTP GET /api/notifications/unread/count - 200 (0ms)","service":"research-mgmt-api","timestamp":"2025-04-19 21:22:35.986"}
{"level":"error","message":"No active session found when creating team","service":"research-mgmt-api","timestamp":"2025-04-19 21:22:40.215","userId":"6802130f993431145445c8b9"}
{"error":{"field":null,"name":"ValidationError","status":400},"level":"error","message":"Failed to create team","service":"research-mgmt-api","timestamp":"2025-04-19 21:22:40.316","userId":"6802130f993431145445c8b9"}
{"field":null,"level":"error","message":"Application error: No active session found. Please contact an administrator.","name":"ValidationError","service":"research-mgmt-api","stack":"ValidationError: No active session found. Please contact an administrator.\n    at <anonymous> (/home/swadhin/projects/Projectmanagement/server/src/controllers/teamController.js:102:19)\n    at processTicksAndRejections (native:7:39)","status":400,"timestamp":"2025-04-19 21:22:40.316"}
{"level":"info","message":"HTTP GET /api/notifications/unread/count - 200 (0ms)","service":"research-mgmt-api","timestamp":"2025-04-19 21:23:10.571"}
{"level":"info","message":"HTTP GET /api/notifications - 200 (0ms)","service":"research-mgmt-api","timestamp":"2025-04-19 21:23:10.576"}
{"level":"info","message":"HTTP GET /api/student/team/invitations - 200 (52ms)","service":"research-mgmt-api","timestamp":"2025-04-19 21:23:13.256"}
{"level":"info","message":"HTTP GET /api/student/team/invitations - 200 (51ms)","service":"research-mgmt-api","timestamp":"2025-04-19 21:23:19.747"}
{"level":"info","message":"HTTP GET /api/notifications - 200 (0ms)","service":"research-mgmt-api","timestamp":"2025-04-19 21:23:19.891"}
{"level":"info","message":"HTTP GET /api/notifications/unread/count - 200 (0ms)","service":"research-mgmt-api","timestamp":"2025-04-19 21:23:19.895"}
{"level":"error","message":"No active session found when creating team","service":"research-mgmt-api","timestamp":"2025-04-19 21:23:27.656","userId":"6802130f993431145445c8b9"}
{"error":{"field":null,"name":"ValidationError","status":400},"level":"error","message":"Failed to create team","service":"research-mgmt-api","timestamp":"2025-04-19 21:23:27.756","userId":"6802130f993431145445c8b9"}
{"field":null,"level":"error","message":"Application error: No active session found. Please contact an administrator.","name":"ValidationError","service":"research-mgmt-api","stack":"ValidationError: No active session found. Please contact an administrator.\n    at <anonymous> (/home/swadhin/projects/Projectmanagement/server/src/controllers/teamController.js:102:19)\n    at processTicksAndRejections (native:7:39)","status":400,"timestamp":"2025-04-19 21:23:27.756"}
{"level":"info","message":"HTTP GET /api/notifications/unread/count - 200 (0ms)","service":"research-mgmt-api","timestamp":"2025-04-19 21:23:35.981"}
{"level":"info","message":"HTTP GET /api/notifications - 200 (0ms)","service":"research-mgmt-api","timestamp":"2025-04-19 21:23:35.985"}
{"level":"info","message":"JWT helper initialized","service":"research-mgmt-api","timestamp":"2025-04-19 21:23:37.561"}
{"adminRoutes":true,"authRoutes":true,"level":"info","message":"Route modules loaded:","service":"research-mgmt-api","studentRoutes":true,"supervisorRoutes":true,"timestamp":"2025-04-19 21:23:37.597"}
{"level":"info","message":"Registered API redirect from GET /notifications to GET /api/notifications","service":"research-mgmt-api","timestamp":"2025-04-19 21:23:37.612"}
{"level":"info","message":"Registered API redirect from GET /notifications/unread/count to GET /api/notifications/unread/count","service":"research-mgmt-api","timestamp":"2025-04-19 21:23:37.612"}
{"level":"info","message":"Registered API redirect from GET /user/profile to GET /api/user/profile","service":"research-mgmt-api","timestamp":"2025-04-19 21:23:37.612"}
{"level":"info","message":"Registered API redirect from GET /dashboard to GET /api/dashboard","service":"research-mgmt-api","timestamp":"2025-04-19 21:23:37.612"}
{"level":"info","message":"Registered API redirect from GET /calendar to GET /api/calendar","service":"research-mgmt-api","timestamp":"2025-04-19 21:23:37.613"}
{"level":"info","message":"Registered Team API redirect from GET /teams to GET /api/students/team/...","service":"research-mgmt-api","timestamp":"2025-04-19 21:23:37.613"}
{"level":"info","message":"Registered Team API redirect from GET /teams/my-team to GET /api/students/team/...","service":"research-mgmt-api","timestamp":"2025-04-19 21:23:37.613"}
{"level":"info","message":"Registered Team API redirect from GET /teams/:id to GET /api/students/team/...","service":"research-mgmt-api","timestamp":"2025-04-19 21:23:37.613"}
{"level":"info","message":"Registered Team API redirect from PUT /teams/:id to PUT /api/students/team/...","service":"research-mgmt-api","timestamp":"2025-04-19 21:23:37.613"}
{"level":"info","message":"Registered Team API redirect from DELETE /teams/:id to DELETE /api/students/team/...","service":"research-mgmt-api","timestamp":"2025-04-19 21:23:37.613"}
{"level":"info","message":"Registered Team API redirect from POST /teams/:id/invite to POST /api/students/team/...","service":"research-mgmt-api","timestamp":"2025-04-19 21:23:37.613"}
{"level":"info","message":"Registered Team API redirect from POST /teams/:id/leave to POST /api/students/team/...","service":"research-mgmt-api","timestamp":"2025-04-19 21:23:37.614"}
{"level":"info","message":"Registered Team API redirect from POST /teams/:id/remove-member to POST /api/students/team/...","service":"research-mgmt-api","timestamp":"2025-04-19 21:23:37.614"}
{"level":"info","message":"Registered Student Team API redirect from GET /api/student-teams to GET /api/students/team/...","service":"research-mgmt-api","timestamp":"2025-04-19 21:23:37.614"}
{"level":"info","message":"Registered Student Team API redirect from GET /api/student-teams/invitations to GET /api/students/team/...","service":"research-mgmt-api","timestamp":"2025-04-19 21:23:37.614"}
{"level":"info","message":"Registered Student Team API redirect from DELETE /api/student-teams/:id/leave to DELETE /api/students/team/...","service":"research-mgmt-api","timestamp":"2025-04-19 21:23:37.614"}
{"level":"info","message":"Registered API redirect from GET /projects to GET /api/projects","service":"research-mgmt-api","timestamp":"2025-04-19 21:23:37.614"}
{"level":"info","message":"Registered API redirect from POST /projects to POST /api/projects","service":"research-mgmt-api","timestamp":"2025-04-19 21:23:37.614"}
{"level":"info","message":"Registered API redirect from GET /sessions to GET /api/sessions","service":"research-mgmt-api","timestamp":"2025-04-19 21:23:37.614"}
{"level":"info","message":"Registered API redirect from POST /sessions to POST /api/sessions","service":"research-mgmt-api","timestamp":"2025-04-19 21:23:37.614"}
{"level":"info","message":"Registered API redirect from GET /messages to GET /api/messages","service":"research-mgmt-api","timestamp":"2025-04-19 21:23:37.614"}
{"level":"info","message":"Registered API redirect from POST /messages to POST /api/messages","service":"research-mgmt-api","timestamp":"2025-04-19 21:23:37.615"}
{"level":"info","message":"Registered API redirect from GET /projects/:id to GET /api/projects/:id","service":"research-mgmt-api","timestamp":"2025-04-19 21:23:37.615"}
{"level":"info","message":"Registered API redirect from PUT /projects/:id to PUT /api/projects/:id","service":"research-mgmt-api","timestamp":"2025-04-19 21:23:37.615"}
{"level":"info","message":"Registered API redirect from DELETE /projects/:id to DELETE /api/projects/:id","service":"research-mgmt-api","timestamp":"2025-04-19 21:23:37.615"}
{"level":"info","message":"Registered API redirect from GET /users/:id to GET /api/users/:id","service":"research-mgmt-api","timestamp":"2025-04-19 21:23:37.615"}
{"level":"info","message":"Registered API redirect from PUT /users/:id to PUT /api/users/:id","service":"research-mgmt-api","timestamp":"2025-04-19 21:23:37.615"}
{"level":"info","message":"Attempting to connect to MongoDB database","service":"research-mgmt-api","timestamp":"2025-04-19 21:23:37.615"}
{"level":"info","message":"Attempting to connect to MongoDB...","service":"research-mgmt-api","timestamp":"2025-04-19 21:23:37.616"}
{"level":"info","message":"MongoDB Connected: ac-xdpuchx-shard-00-00.tvoe17p.mongodb.net","service":"research-mgmt-api","timestamp":"2025-04-19 21:23:38.443"}
{"level":"info","message":"✅ MongoDB connection established successfully","service":"research-mgmt-api","timestamp":"2025-04-19 21:23:38.443"}
{"level":"info","message":"🚀 Server running on port 300000 and accessible from all network interfaces","service":"research-mgmt-api","timestamp":"2025-04-19 21:23:38.448"}
{"level":"info","message":"HTTP GET /api/notifications/unread/count - 200 (0ms)","service":"research-mgmt-api","timestamp":"2025-04-19 21:24:19.985"}
{"level":"info","message":"HTTP GET /api/notifications/unread/count - 200 (0ms)","service":"research-mgmt-api","timestamp":"2025-04-19 21:24:35.981"}
{"level":"error","message":"No active session found when creating team","service":"research-mgmt-api","timestamp":"2025-04-19 21:24:44.408","userId":"6802130f993431145445c8b9"}
{"error":{"field":null,"name":"ValidationError","status":400},"level":"error","message":"Failed to create team","service":"research-mgmt-api","timestamp":"2025-04-19 21:24:44.508","userId":"6802130f993431145445c8b9"}
{"field":null,"level":"error","message":"Application error: No active session found. Please contact an administrator.","name":"ValidationError","service":"research-mgmt-api","stack":"ValidationError: No active session found. Please contact an administrator.\n    at <anonymous> (/home/swadhin/projects/Projectmanagement/server/src/controllers/teamController.js:104:19)\n    at processTicksAndRejections (native:7:39)","status":400,"timestamp":"2025-04-19 21:24:44.508"}
{"level":"info","message":"HTTP GET /api/notifications/unread/count - 200 (0ms)","service":"research-mgmt-api","timestamp":"2025-04-19 21:25:07.980"}
{"level":"info","message":"HTTP GET /api/notifications/unread/count - 200 (0ms)","service":"research-mgmt-api","timestamp":"2025-04-19 21:25:19.980"}
{"level":"info","message":"HTTP GET /api/notifications/unread/count - 200 (0ms)","service":"research-mgmt-api","timestamp":"2025-04-19 21:26:19.980"}
{"level":"info","message":"HTTP GET /api/notifications/unread/count - 200 (0ms)","service":"research-mgmt-api","timestamp":"2025-04-19 21:26:35.981"}
{"level":"info","message":"HTTP GET /api/notifications/unread/count - 200 (0ms)","service":"research-mgmt-api","timestamp":"2025-04-19 21:27:19.980"}
{"level":"info","message":"HTTP GET /api/notifications/unread/count - 200 (0ms)","service":"research-mgmt-api","timestamp":"2025-04-19 21:27:35.981"}
{"level":"info","message":"HTTP GET /api/notifications/unread/count - 200 (0ms)","service":"research-mgmt-api","timestamp":"2025-04-19 21:28:35.981"}
{"level":"info","message":"HTTP GET /api/notifications/unread/count - 200 (0ms)","service":"research-mgmt-api","timestamp":"2025-04-19 21:28:35.982"}
{"level":"info","message":"HTTP GET /api/notifications - 200 (0ms)","service":"research-mgmt-api","timestamp":"2025-04-19 21:28:35.985"}
{"level":"info","message":"HTTP GET /api/notifications - 200 (0ms)","service":"research-mgmt-api","timestamp":"2025-04-19 21:28:35.985"}
{"external":"30 MB","heapTotal":"32 MB","heapUsed":"55 MB","level":"info","message":"Memory usage stats:","rss":"219 MB","service":"research-mgmt-api","timestamp":"2025-04-19 21:28:37.624"}
{"level":"info","message":"HTTP GET /api/notifications/unread/count - 200 (0ms)","service":"research-mgmt-api","timestamp":"2025-04-19 21:29:35.982"}
{"level":"info","message":"HTTP GET /api/notifications/unread/count - 200 (0ms)","service":"research-mgmt-api","timestamp":"2025-04-19 21:29:35.983"}
{"level":"info","message":"HTTP GET /api/notifications/unread/count - 200 (0ms)","service":"research-mgmt-api","timestamp":"2025-04-19 21:30:35.981"}
{"level":"info","message":"HTTP GET /api/notifications/unread/count - 200 (0ms)","service":"research-mgmt-api","timestamp":"2025-04-19 21:30:35.982"}
{"level":"info","message":"HTTP GET /api/notifications/unread/count - 200 (0ms)","service":"research-mgmt-api","timestamp":"2025-04-19 21:31:35.982"}
{"level":"info","message":"HTTP GET /api/notifications/unread/count - 200 (0ms)","service":"research-mgmt-api","timestamp":"2025-04-19 21:31:35.983"}
{"level":"info","message":"HTTP GET /api/notifications/unread/count - 200 (0ms)","service":"research-mgmt-api","timestamp":"2025-04-19 21:32:35.986"}
{"level":"info","message":"HTTP GET /api/notifications/unread/count - 200 (0ms)","service":"research-mgmt-api","timestamp":"2025-04-19 21:32:35.988"}
{"level":"info","message":"HTTP GET /api/notifications/unread/count - 200 (0ms)","service":"research-mgmt-api","timestamp":"2025-04-19 21:33:35.982"}
{"level":"info","message":"HTTP GET /api/notifications/unread/count - 200 (0ms)","service":"research-mgmt-api","timestamp":"2025-04-19 21:33:35.983"}
{"level":"info","message":"HTTP GET /api/notifications - 200 (0ms)","service":"research-mgmt-api","timestamp":"2025-04-19 21:33:35.985"}
{"level":"info","message":"HTTP GET /api/notifications - 200 (0ms)","service":"research-mgmt-api","timestamp":"2025-04-19 21:33:35.987"}
{"external":"23 MB","heapTotal":"31 MB","heapUsed":"42 MB","level":"info","message":"Memory usage stats:","rss":"213 MB","service":"research-mgmt-api","timestamp":"2025-04-19 21:33:37.624"}
{"level":"info","message":"HTTP GET /api/notifications/unread/count - 200 (0ms)","service":"research-mgmt-api","timestamp":"2025-04-19 21:34:35.981"}
{"level":"info","message":"HTTP GET /api/notifications/unread/count - 200 (0ms)","service":"research-mgmt-api","timestamp":"2025-04-19 21:34:35.982"}
{"level":"info","message":"HTTP GET /api/notifications/unread/count - 200 (0ms)","service":"research-mgmt-api","timestamp":"2025-04-19 21:35:35.982"}
{"level":"info","message":"HTTP GET /api/notifications/unread/count - 200 (0ms)","service":"research-mgmt-api","timestamp":"2025-04-19 21:35:35.983"}
{"level":"info","message":"HTTP GET /api/notifications/unread/count - 200 (0ms)","service":"research-mgmt-api","timestamp":"2025-04-19 21:36:35.982"}
{"level":"info","message":"HTTP GET /api/notifications/unread/count - 200 (0ms)","service":"research-mgmt-api","timestamp":"2025-04-19 21:36:35.983"}
{"level":"info","message":"HTTP GET /api/notifications/unread/count - 200 (0ms)","service":"research-mgmt-api","timestamp":"2025-04-19 21:37:35.982"}
{"level":"info","message":"HTTP GET /api/notifications/unread/count - 200 (0ms)","service":"research-mgmt-api","timestamp":"2025-04-19 21:37:35.983"}
{"level":"info","message":"HTTP GET /api/notifications/unread/count - 200 (0ms)","service":"research-mgmt-api","timestamp":"2025-04-19 21:38:35.983"}
{"level":"info","message":"HTTP GET /api/notifications/unread/count - 200 (0ms)","service":"research-mgmt-api","timestamp":"2025-04-19 21:38:35.984"}
{"level":"info","message":"HTTP GET /api/notifications - 200 (0ms)","service":"research-mgmt-api","timestamp":"2025-04-19 21:38:35.986"}
{"level":"info","message":"HTTP GET /api/notifications - 200 (0ms)","service":"research-mgmt-api","timestamp":"2025-04-19 21:38:35.986"}
{"external":"23 MB","heapTotal":"31 MB","heapUsed":"43 MB","level":"info","message":"Memory usage stats:","rss":"214 MB","service":"research-mgmt-api","timestamp":"2025-04-19 21:38:37.624"}
{"level":"info","message":"HTTP GET /api/notifications/unread/count - 200 (0ms)","service":"research-mgmt-api","timestamp":"2025-04-19 21:39:35.983"}
{"level":"info","message":"HTTP GET /api/notifications/unread/count - 200 (0ms)","service":"research-mgmt-api","timestamp":"2025-04-19 21:39:35.984"}
{"level":"info","message":"HTTP GET /api/notifications/unread/count - 200 (0ms)","service":"research-mgmt-api","timestamp":"2025-04-19 21:40:35.981"}
{"level":"info","message":"HTTP GET /api/notifications/unread/count - 200 (0ms)","service":"research-mgmt-api","timestamp":"2025-04-19 21:40:35.982"}
{"level":"info","message":"HTTP GET /api/notifications/unread/count - 200 (0ms)","service":"research-mgmt-api","timestamp":"2025-04-19 21:41:35.981"}
{"level":"info","message":"HTTP GET /api/notifications/unread/count - 200 (0ms)","service":"research-mgmt-api","timestamp":"2025-04-19 21:41:35.982"}
{"level":"info","message":"HTTP GET /api/notifications/unread/count - 200 (0ms)","service":"research-mgmt-api","timestamp":"2025-04-19 21:42:35.982"}
{"level":"info","message":"HTTP GET /api/notifications/unread/count - 200 (0ms)","service":"research-mgmt-api","timestamp":"2025-04-19 21:42:35.983"}
{"level":"info","message":"HTTP GET /api/notifications/unread/count - 200 (0ms)","service":"research-mgmt-api","timestamp":"2025-04-19 21:43:35.983"}
{"level":"info","message":"HTTP GET /api/notifications/unread/count - 200 (0ms)","service":"research-mgmt-api","timestamp":"2025-04-19 21:43:35.985"}
{"level":"info","message":"HTTP GET /api/notifications - 200 (0ms)","service":"research-mgmt-api","timestamp":"2025-04-19 21:43:35.986"}
{"level":"info","message":"HTTP GET /api/notifications - 200 (0ms)","service":"research-mgmt-api","timestamp":"2025-04-19 21:43:35.988"}
{"external":"23 MB","heapTotal":"31 MB","heapUsed":"42 MB","level":"info","message":"Memory usage stats:","rss":"215 MB","service":"research-mgmt-api","timestamp":"2025-04-19 21:43:37.624"}
{"level":"info","message":"HTTP GET /api/notifications/unread/count - 200 (0ms)","service":"research-mgmt-api","timestamp":"2025-04-19 21:44:35.982"}
{"level":"info","message":"HTTP GET /api/notifications/unread/count - 200 (0ms)","service":"research-mgmt-api","timestamp":"2025-04-19 21:44:35.982"}
{"level":"info","message":"HTTP GET /api/notifications/unread/count - 200 (0ms)","service":"research-mgmt-api","timestamp":"2025-04-19 21:45:35.981"}
{"level":"info","message":"HTTP GET /api/notifications/unread/count - 200 (0ms)","service":"research-mgmt-api","timestamp":"2025-04-19 21:45:35.982"}
{"level":"info","message":"HTTP GET /api/notifications/unread/count - 200 (0ms)","service":"research-mgmt-api","timestamp":"2025-04-19 21:46:35.982"}
{"level":"info","message":"HTTP GET /api/notifications/unread/count - 200 (0ms)","service":"research-mgmt-api","timestamp":"2025-04-19 21:46:35.983"}
{"level":"info","message":"HTTP GET /api/notifications/unread/count - 200 (0ms)","service":"research-mgmt-api","timestamp":"2025-04-19 21:47:35.982"}
{"level":"info","message":"HTTP GET /api/notifications/unread/count - 200 (0ms)","service":"research-mgmt-api","timestamp":"2025-04-19 21:47:35.983"}
{"level":"info","message":"HTTP GET /api/notifications/unread/count - 200 (0ms)","service":"research-mgmt-api","timestamp":"2025-04-19 21:48:35.981"}
{"level":"info","message":"HTTP GET /api/notifications/unread/count - 200 (0ms)","service":"research-mgmt-api","timestamp":"2025-04-19 21:48:35.982"}
{"level":"info","message":"HTTP GET /api/notifications - 200 (0ms)","service":"research-mgmt-api","timestamp":"2025-04-19 21:48:35.984"}
{"level":"info","message":"HTTP GET /api/notifications - 200 (0ms)","service":"research-mgmt-api","timestamp":"2025-04-19 21:48:35.985"}
{"external":"24 MB","heapTotal":"31 MB","heapUsed":"43 MB","level":"info","message":"Memory usage stats:","rss":"215 MB","service":"research-mgmt-api","timestamp":"2025-04-19 21:48:37.625"}
{"level":"info","message":"HTTP GET /api/notifications/unread/count - 200 (0ms)","service":"research-mgmt-api","timestamp":"2025-04-19 21:49:35.983"}
{"level":"info","message":"HTTP GET /api/notifications/unread/count - 200 (0ms)","service":"research-mgmt-api","timestamp":"2025-04-19 21:49:35.985"}
{"level":"info","message":"HTTP GET /api/notifications/unread/count - 200 (0ms)","service":"research-mgmt-api","timestamp":"2025-04-19 21:50:35.983"}
{"level":"info","message":"HTTP GET /api/notifications/unread/count - 200 (0ms)","service":"research-mgmt-api","timestamp":"2025-04-19 21:50:35.985"}
{"level":"info","message":"HTTP GET /api/notifications/unread/count - 200 (0ms)","service":"research-mgmt-api","timestamp":"2025-04-19 21:51:35.981"}
{"level":"info","message":"HTTP GET /api/notifications/unread/count - 200 (0ms)","service":"research-mgmt-api","timestamp":"2025-04-19 21:51:35.982"}
{"level":"info","message":"HTTP GET /api/notifications/unread/count - 200 (0ms)","service":"research-mgmt-api","timestamp":"2025-04-19 21:52:35.983"}
{"level":"info","message":"HTTP GET /api/notifications/unread/count - 200 (0ms)","service":"research-mgmt-api","timestamp":"2025-04-19 21:52:35.984"}
{"level":"info","message":"HTTP GET /api/notifications/unread/count - 200 (0ms)","service":"research-mgmt-api","timestamp":"2025-04-19 21:53:35.982"}
{"level":"info","message":"HTTP GET /api/notifications/unread/count - 200 (0ms)","service":"research-mgmt-api","timestamp":"2025-04-19 21:53:35.983"}
{"level":"info","message":"HTTP GET /api/notifications - 200 (0ms)","service":"research-mgmt-api","timestamp":"2025-04-19 21:53:35.985"}
{"level":"info","message":"HTTP GET /api/notifications - 200 (0ms)","service":"research-mgmt-api","timestamp":"2025-04-19 21:53:35.987"}
{"external":"24 MB","heapTotal":"31 MB","heapUsed":"43 MB","level":"info","message":"Memory usage stats:","rss":"216 MB","service":"research-mgmt-api","timestamp":"2025-04-19 21:53:37.626"}
{"level":"info","message":"HTTP GET /api/notifications/unread/count - 200 (0ms)","service":"research-mgmt-api","timestamp":"2025-04-19 21:54:35.983"}
{"level":"info","message":"HTTP GET /api/notifications/unread/count - 200 (0ms)","service":"research-mgmt-api","timestamp":"2025-04-19 21:54:35.984"}
{"level":"info","message":"HTTP GET /api/notifications/unread/count - 200 (0ms)","service":"research-mgmt-api","timestamp":"2025-04-19 21:55:35.982"}
{"level":"info","message":"HTTP GET /api/notifications/unread/count - 200 (0ms)","service":"research-mgmt-api","timestamp":"2025-04-19 21:55:35.983"}
{"level":"info","message":"HTTP GET /api/notifications/unread/count - 200 (0ms)","service":"research-mgmt-api","timestamp":"2025-04-19 21:56:35.980"}
{"level":"info","message":"HTTP GET /api/notifications/unread/count - 200 (0ms)","service":"research-mgmt-api","timestamp":"2025-04-19 21:56:35.983"}
{"level":"info","message":"HTTP GET /api/notifications/unread/count - 200 (0ms)","service":"research-mgmt-api","timestamp":"2025-04-19 21:57:35.983"}
{"level":"info","message":"HTTP GET /api/notifications/unread/count - 200 (0ms)","service":"research-mgmt-api","timestamp":"2025-04-19 21:57:35.985"}
{"level":"info","message":"HTTP GET /api/notifications/unread/count - 200 (0ms)","service":"research-mgmt-api","timestamp":"2025-04-19 21:58:35.981"}
{"level":"info","message":"HTTP GET /api/notifications/unread/count - 200 (0ms)","service":"research-mgmt-api","timestamp":"2025-04-19 21:58:35.982"}
{"level":"info","message":"HTTP GET /api/notifications - 200 (0ms)","service":"research-mgmt-api","timestamp":"2025-04-19 21:58:35.984"}
{"level":"info","message":"HTTP GET /api/notifications - 200 (0ms)","service":"research-mgmt-api","timestamp":"2025-04-19 21:58:35.985"}
{"external":"24 MB","heapTotal":"31 MB","heapUsed":"43 MB","level":"info","message":"Memory usage stats:","rss":"216 MB","service":"research-mgmt-api","timestamp":"2025-04-19 21:58:37.626"}
{"level":"info","message":"HTTP GET /api/notifications/unread/count - 200 (0ms)","service":"research-mgmt-api","timestamp":"2025-04-19 21:59:35.982"}
{"level":"info","message":"HTTP GET /api/notifications/unread/count - 200 (0ms)","service":"research-mgmt-api","timestamp":"2025-04-19 21:59:35.983"}
{"level":"info","message":"HTTP GET /api/notifications/unread/count - 200 (0ms)","service":"research-mgmt-api","timestamp":"2025-04-19 22:00:35.983"}
{"level":"info","message":"HTTP GET /api/notifications/unread/count - 200 (0ms)","service":"research-mgmt-api","timestamp":"2025-04-19 22:00:35.984"}
{"level":"info","message":"HTTP GET /api/notifications/unread/count - 200 (0ms)","service":"research-mgmt-api","timestamp":"2025-04-19 22:01:35.981"}
{"level":"info","message":"HTTP GET /api/notifications/unread/count - 200 (0ms)","service":"research-mgmt-api","timestamp":"2025-04-19 22:01:35.982"}
{"level":"info","message":"HTTP GET /api/notifications/unread/count - 200 (0ms)","service":"research-mgmt-api","timestamp":"2025-04-19 22:02:35.982"}
{"level":"info","message":"HTTP GET /api/notifications/unread/count - 200 (0ms)","service":"research-mgmt-api","timestamp":"2025-04-19 22:02:35.983"}
{"level":"info","message":"HTTP GET /api/notifications/unread/count - 200 (0ms)","service":"research-mgmt-api","timestamp":"2025-04-19 22:03:35.982"}
{"level":"info","message":"HTTP GET /api/notifications/unread/count - 200 (0ms)","service":"research-mgmt-api","timestamp":"2025-04-19 22:03:35.983"}
{"level":"info","message":"HTTP GET /api/notifications - 200 (0ms)","service":"research-mgmt-api","timestamp":"2025-04-19 22:03:35.985"}
{"level":"info","message":"HTTP GET /api/notifications - 200 (0ms)","service":"research-mgmt-api","timestamp":"2025-04-19 22:03:35.986"}
{"external":"24 MB","heapTotal":"31 MB","heapUsed":"43 MB","level":"info","message":"Memory usage stats:","rss":"218 MB","service":"research-mgmt-api","timestamp":"2025-04-19 22:03:37.626"}
{"level":"info","message":"HTTP GET /api/notifications/unread/count - 200 (0ms)","service":"research-mgmt-api","timestamp":"2025-04-19 22:04:35.982"}
{"level":"info","message":"HTTP GET /api/notifications/unread/count - 200 (0ms)","service":"research-mgmt-api","timestamp":"2025-04-19 22:04:35.983"}
{"level":"info","message":"HTTP GET /api/notifications/unread/count - 200 (0ms)","service":"research-mgmt-api","timestamp":"2025-04-19 22:05:35.982"}
{"level":"info","message":"HTTP GET /api/notifications/unread/count - 200 (0ms)","service":"research-mgmt-api","timestamp":"2025-04-19 22:05:35.983"}
{"level":"info","message":"HTTP GET /api/notifications/unread/count - 200 (0ms)","service":"research-mgmt-api","timestamp":"2025-04-19 22:06:35.982"}
{"level":"info","message":"HTTP GET /api/notifications/unread/count - 200 (0ms)","service":"research-mgmt-api","timestamp":"2025-04-19 22:06:35.983"}
{"level":"info","message":"HTTP GET /api/notifications/unread/count - 200 (0ms)","service":"research-mgmt-api","timestamp":"2025-04-19 22:07:35.982"}
{"level":"info","message":"HTTP GET /api/notifications/unread/count - 200 (0ms)","service":"research-mgmt-api","timestamp":"2025-04-19 22:07:35.983"}
{"level":"info","message":"HTTP GET /api/notifications/unread/count - 200 (0ms)","service":"research-mgmt-api","timestamp":"2025-04-19 22:08:35.980"}
{"level":"info","message":"HTTP GET /api/notifications/unread/count - 200 (0ms)","service":"research-mgmt-api","timestamp":"2025-04-19 22:08:35.981"}
{"level":"info","message":"HTTP GET /api/notifications - 200 (0ms)","service":"research-mgmt-api","timestamp":"2025-04-19 22:08:35.983"}
{"level":"info","message":"HTTP GET /api/notifications - 200 (0ms)","service":"research-mgmt-api","timestamp":"2025-04-19 22:08:35.984"}
{"external":"24 MB","heapTotal":"31 MB","heapUsed":"43 MB","level":"info","message":"Memory usage stats:","rss":"218 MB","service":"research-mgmt-api","timestamp":"2025-04-19 22:08:37.627"}
{"level":"info","message":"HTTP GET /api/notifications/unread/count - 200 (0ms)","service":"research-mgmt-api","timestamp":"2025-04-19 22:09:35.982"}
{"level":"info","message":"HTTP GET /api/notifications/unread/count - 200 (0ms)","service":"research-mgmt-api","timestamp":"2025-04-19 22:09:35.983"}
{"level":"info","message":"HTTP GET /api/notifications/unread/count - 200 (0ms)","service":"research-mgmt-api","timestamp":"2025-04-19 22:10:35.980"}
{"level":"info","message":"HTTP GET /api/notifications/unread/count - 200 (0ms)","service":"research-mgmt-api","timestamp":"2025-04-19 22:10:35.981"}
{"level":"info","message":"HTTP GET /api/notifications/unread/count - 200 (0ms)","service":"research-mgmt-api","timestamp":"2025-04-19 22:11:35.983"}
{"level":"info","message":"HTTP GET /api/notifications/unread/count - 200 (0ms)","service":"research-mgmt-api","timestamp":"2025-04-19 22:11:35.984"}
{"level":"info","message":"HTTP GET /api/notifications/unread/count - 200 (0ms)","service":"research-mgmt-api","timestamp":"2025-04-19 22:12:35.981"}
{"level":"info","message":"HTTP GET /api/notifications/unread/count - 200 (0ms)","service":"research-mgmt-api","timestamp":"2025-04-19 22:12:35.982"}
{"level":"info","message":"HTTP GET /api/notifications/unread/count - 200 (0ms)","service":"research-mgmt-api","timestamp":"2025-04-19 22:13:35.980"}
{"level":"info","message":"HTTP GET /api/notifications/unread/count - 200 (0ms)","service":"research-mgmt-api","timestamp":"2025-04-19 22:13:35.981"}
{"level":"info","message":"HTTP GET /api/notifications - 200 (0ms)","service":"research-mgmt-api","timestamp":"2025-04-19 22:13:35.983"}
{"level":"info","message":"HTTP GET /api/notifications - 200 (0ms)","service":"research-mgmt-api","timestamp":"2025-04-19 22:13:35.984"}
{"external":"24 MB","heapTotal":"31 MB","heapUsed":"43 MB","level":"info","message":"Memory usage stats:","rss":"219 MB","service":"research-mgmt-api","timestamp":"2025-04-19 22:13:37.628"}
{"level":"info","message":"HTTP GET /api/notifications/unread/count - 200 (0ms)","service":"research-mgmt-api","timestamp":"2025-04-19 22:14:35.981"}
{"level":"info","message":"HTTP GET /api/notifications/unread/count - 200 (0ms)","service":"research-mgmt-api","timestamp":"2025-04-19 22:14:35.982"}
{"level":"info","message":"HTTP GET /api/notifications/unread/count - 200 (0ms)","service":"research-mgmt-api","timestamp":"2025-04-19 22:15:35.980"}
{"level":"info","message":"HTTP GET /api/notifications/unread/count - 200 (0ms)","service":"research-mgmt-api","timestamp":"2025-04-19 22:15:35.981"}
{"level":"info","message":"HTTP GET /api/notifications/unread/count - 200 (0ms)","service":"research-mgmt-api","timestamp":"2025-04-19 22:16:35.982"}
{"level":"info","message":"HTTP GET /api/notifications/unread/count - 200 (0ms)","service":"research-mgmt-api","timestamp":"2025-04-19 22:16:35.983"}
{"level":"info","message":"HTTP GET /api/notifications/unread/count - 200 (0ms)","service":"research-mgmt-api","timestamp":"2025-04-19 22:17:35.982"}
{"level":"info","message":"HTTP GET /api/notifications/unread/count - 200 (0ms)","service":"research-mgmt-api","timestamp":"2025-04-19 22:17:35.983"}
{"level":"info","message":"HTTP GET /api/notifications/unread/count - 200 (0ms)","service":"research-mgmt-api","timestamp":"2025-04-19 22:18:35.980"}
{"level":"info","message":"HTTP GET /api/notifications/unread/count - 200 (0ms)","service":"research-mgmt-api","timestamp":"2025-04-19 22:18:35.981"}
{"level":"info","message":"HTTP GET /api/notifications - 200 (0ms)","service":"research-mgmt-api","timestamp":"2025-04-19 22:18:35.983"}
{"level":"info","message":"HTTP GET /api/notifications - 200 (0ms)","service":"research-mgmt-api","timestamp":"2025-04-19 22:18:35.985"}
{"external":"24 MB","heapTotal":"31 MB","heapUsed":"43 MB","level":"info","message":"Memory usage stats:","rss":"220 MB","service":"research-mgmt-api","timestamp":"2025-04-19 22:18:37.628"}
{"level":"info","message":"HTTP GET /api/notifications/unread/count - 200 (0ms)","service":"research-mgmt-api","timestamp":"2025-04-19 22:19:35.981"}
{"level":"info","message":"HTTP GET /api/notifications/unread/count - 200 (0ms)","service":"research-mgmt-api","timestamp":"2025-04-19 22:19:35.982"}
{"level":"info","message":"HTTP GET /api/notifications/unread/count - 200 (0ms)","service":"research-mgmt-api","timestamp":"2025-04-19 22:20:35.980"}
{"level":"info","message":"HTTP GET /api/notifications/unread/count - 200 (0ms)","service":"research-mgmt-api","timestamp":"2025-04-19 22:20:35.981"}
{"level":"info","message":"HTTP GET /api/notifications/unread/count - 200 (0ms)","service":"research-mgmt-api","timestamp":"2025-04-19 22:21:35.982"}
{"level":"info","message":"HTTP GET /api/notifications/unread/count - 200 (0ms)","service":"research-mgmt-api","timestamp":"2025-04-19 22:21:35.983"}
{"level":"info","message":"HTTP GET /api/notifications/unread/count - 200 (0ms)","service":"research-mgmt-api","timestamp":"2025-04-19 22:22:35.980"}
{"level":"info","message":"HTTP GET /api/notifications/unread/count - 200 (0ms)","service":"research-mgmt-api","timestamp":"2025-04-19 22:22:35.982"}
{"level":"info","message":"HTTP GET /api/notifications/unread/count - 200 (0ms)","service":"research-mgmt-api","timestamp":"2025-04-19 22:23:35.985"}
{"level":"info","message":"HTTP GET /api/notifications/unread/count - 200 (0ms)","service":"research-mgmt-api","timestamp":"2025-04-19 22:23:35.986"}
{"level":"info","message":"HTTP GET /api/notifications - 200 (0ms)","service":"research-mgmt-api","timestamp":"2025-04-19 22:23:35.988"}
{"level":"info","message":"HTTP GET /api/notifications - 200 (0ms)","service":"research-mgmt-api","timestamp":"2025-04-19 22:23:35.989"}
{"external":"24 MB","heapTotal":"31 MB","heapUsed":"43 MB","level":"info","message":"Memory usage stats:","rss":"221 MB","service":"research-mgmt-api","timestamp":"2025-04-19 22:23:37.629"}
{"level":"info","message":"HTTP GET /api/notifications/unread/count - 200 (0ms)","service":"research-mgmt-api","timestamp":"2025-04-19 22:24:35.981"}
{"level":"info","message":"HTTP GET /api/notifications/unread/count - 200 (0ms)","service":"research-mgmt-api","timestamp":"2025-04-19 22:24:35.982"}
{"level":"info","message":"HTTP GET /api/notifications/unread/count - 200 (0ms)","service":"research-mgmt-api","timestamp":"2025-04-19 22:25:35.980"}
{"level":"info","message":"HTTP GET /api/notifications/unread/count - 200 (0ms)","service":"research-mgmt-api","timestamp":"2025-04-19 22:25:35.982"}
{"level":"info","message":"HTTP GET /api/notifications/unread/count - 200 (0ms)","service":"research-mgmt-api","timestamp":"2025-04-19 22:26:35.981"}
{"level":"info","message":"HTTP GET /api/notifications/unread/count - 200 (0ms)","service":"research-mgmt-api","timestamp":"2025-04-19 22:26:35.982"}
{"level":"info","message":"HTTP GET /api/notifications/unread/count - 200 (0ms)","service":"research-mgmt-api","timestamp":"2025-04-19 22:27:35.981"}
{"level":"info","message":"HTTP GET /api/notifications/unread/count - 200 (0ms)","service":"research-mgmt-api","timestamp":"2025-04-19 22:27:35.981"}
{"level":"info","message":"HTTP GET /api/notifications/unread/count - 200 (0ms)","service":"research-mgmt-api","timestamp":"2025-04-19 22:28:35.981"}
{"level":"info","message":"HTTP GET /api/notifications/unread/count - 200 (0ms)","service":"research-mgmt-api","timestamp":"2025-04-19 22:28:35.982"}
{"level":"info","message":"HTTP GET /api/notifications - 200 (0ms)","service":"research-mgmt-api","timestamp":"2025-04-19 22:28:35.984"}
{"level":"info","message":"HTTP GET /api/notifications - 200 (0ms)","service":"research-mgmt-api","timestamp":"2025-04-19 22:28:35.985"}
{"external":"24 MB","heapTotal":"31 MB","heapUsed":"43 MB","level":"info","message":"Memory usage stats:","rss":"222 MB","service":"research-mgmt-api","timestamp":"2025-04-19 22:28:37.630"}
{"level":"info","message":"HTTP GET /api/notifications/unread/count - 200 (0ms)","service":"research-mgmt-api","timestamp":"2025-04-19 22:29:35.981"}
{"level":"info","message":"HTTP GET /api/notifications/unread/count - 200 (0ms)","service":"research-mgmt-api","timestamp":"2025-04-19 22:29:35.982"}
{"level":"info","message":"HTTP GET /api/notifications/unread/count - 200 (0ms)","service":"research-mgmt-api","timestamp":"2025-04-19 22:30:35.980"}
{"level":"info","message":"HTTP GET /api/notifications/unread/count - 200 (0ms)","service":"research-mgmt-api","timestamp":"2025-04-19 22:30:35.981"}
{"level":"info","message":"HTTP GET /api/notifications/unread/count - 200 (0ms)","service":"research-mgmt-api","timestamp":"2025-04-19 22:31:35.981"}
{"level":"info","message":"HTTP GET /api/notifications/unread/count - 200 (0ms)","service":"research-mgmt-api","timestamp":"2025-04-19 22:31:35.982"}
{"level":"info","message":"HTTP GET /api/notifications/unread/count - 200 (0ms)","service":"research-mgmt-api","timestamp":"2025-04-19 22:32:35.982"}
{"level":"info","message":"HTTP GET /api/notifications/unread/count - 200 (0ms)","service":"research-mgmt-api","timestamp":"2025-04-19 22:32:35.983"}
{"level":"info","message":"HTTP GET /api/notifications/unread/count - 200 (0ms)","service":"research-mgmt-api","timestamp":"2025-04-19 22:33:35.980"}
{"level":"info","message":"HTTP GET /api/notifications/unread/count - 200 (0ms)","service":"research-mgmt-api","timestamp":"2025-04-19 22:33:35.981"}
{"level":"info","message":"HTTP GET /api/notifications - 200 (0ms)","service":"research-mgmt-api","timestamp":"2025-04-19 22:33:35.983"}
{"level":"info","message":"HTTP GET /api/notifications - 200 (0ms)","service":"research-mgmt-api","timestamp":"2025-04-19 22:33:35.984"}
{"external":"24 MB","heapTotal":"31 MB","heapUsed":"43 MB","level":"info","message":"Memory usage stats:","rss":"223 MB","service":"research-mgmt-api","timestamp":"2025-04-19 22:33:37.630"}
{"level":"info","message":"HTTP GET /api/notifications/unread/count - 200 (0ms)","service":"research-mgmt-api","timestamp":"2025-04-19 22:34:35.981"}
{"level":"info","message":"HTTP GET /api/notifications/unread/count - 200 (0ms)","service":"research-mgmt-api","timestamp":"2025-04-19 22:34:35.982"}
{"level":"info","message":"HTTP GET /api/notifications/unread/count - 200 (0ms)","service":"research-mgmt-api","timestamp":"2025-04-19 22:35:35.980"}
{"level":"info","message":"HTTP GET /api/notifications/unread/count - 200 (0ms)","service":"research-mgmt-api","timestamp":"2025-04-19 22:35:35.981"}
{"level":"info","message":"HTTP GET /api/notifications/unread/count - 200 (0ms)","service":"research-mgmt-api","timestamp":"2025-04-19 22:36:35.981"}
{"level":"info","message":"HTTP GET /api/notifications/unread/count - 200 (0ms)","service":"research-mgmt-api","timestamp":"2025-04-19 22:36:35.982"}
{"level":"info","message":"HTTP GET /api/notifications/unread/count - 200 (0ms)","service":"research-mgmt-api","timestamp":"2025-04-19 22:37:35.981"}
{"level":"info","message":"HTTP GET /api/notifications/unread/count - 200 (0ms)","service":"research-mgmt-api","timestamp":"2025-04-19 22:37:35.984"}
{"level":"info","message":"HTTP GET /api/notifications/unread/count - 200 (0ms)","service":"research-mgmt-api","timestamp":"2025-04-19 22:38:35.980"}
{"level":"info","message":"HTTP GET /api/notifications/unread/count - 200 (0ms)","service":"research-mgmt-api","timestamp":"2025-04-19 22:38:35.981"}
{"level":"info","message":"HTTP GET /api/notifications - 200 (0ms)","service":"research-mgmt-api","timestamp":"2025-04-19 22:38:35.983"}
{"level":"info","message":"HTTP GET /api/notifications - 200 (0ms)","service":"research-mgmt-api","timestamp":"2025-04-19 22:38:35.984"}
{"external":"24 MB","heapTotal":"31 MB","heapUsed":"43 MB","level":"info","message":"Memory usage stats:","rss":"223 MB","service":"research-mgmt-api","timestamp":"2025-04-19 22:38:37.631"}
{"level":"info","message":"HTTP GET /api/notifications/unread/count - 200 (0ms)","service":"research-mgmt-api","timestamp":"2025-04-19 22:39:35.982"}
{"level":"info","message":"HTTP GET /api/notifications/unread/count - 200 (0ms)","service":"research-mgmt-api","timestamp":"2025-04-19 22:39:35.983"}
{"level":"info","message":"HTTP GET /api/notifications/unread/count - 200 (0ms)","service":"research-mgmt-api","timestamp":"2025-04-19 22:40:35.981"}
{"level":"info","message":"HTTP GET /api/notifications/unread/count - 200 (0ms)","service":"research-mgmt-api","timestamp":"2025-04-19 22:40:35.982"}
{"level":"info","message":"HTTP GET /api/notifications/unread/count - 200 (0ms)","service":"research-mgmt-api","timestamp":"2025-04-19 22:41:35.980"}
{"level":"info","message":"HTTP GET /api/notifications/unread/count - 200 (0ms)","service":"research-mgmt-api","timestamp":"2025-04-19 22:41:35.981"}
{"level":"info","message":"HTTP GET /api/notifications/unread/count - 200 (0ms)","service":"research-mgmt-api","timestamp":"2025-04-19 22:42:35.982"}
{"level":"info","message":"HTTP GET /api/notifications/unread/count - 200 (0ms)","service":"research-mgmt-api","timestamp":"2025-04-19 22:42:35.984"}
{"level":"info","message":"HTTP GET /api/notifications/unread/count - 200 (0ms)","service":"research-mgmt-api","timestamp":"2025-04-19 22:43:35.981"}
{"level":"info","message":"HTTP GET /api/notifications/unread/count - 200 (0ms)","service":"research-mgmt-api","timestamp":"2025-04-19 22:43:35.982"}
{"level":"info","message":"HTTP GET /api/notifications - 200 (0ms)","service":"research-mgmt-api","timestamp":"2025-04-19 22:43:35.984"}
{"level":"info","message":"HTTP GET /api/notifications - 200 (0ms)","service":"research-mgmt-api","timestamp":"2025-04-19 22:43:35.986"}
{"external":"24 MB","heapTotal":"31 MB","heapUsed":"43 MB","level":"info","message":"Memory usage stats:","rss":"224 MB","service":"research-mgmt-api","timestamp":"2025-04-19 22:43:37.632"}
{"level":"info","message":"HTTP GET /api/notifications/unread/count - 200 (0ms)","service":"research-mgmt-api","timestamp":"2025-04-19 22:44:35.980"}
{"level":"info","message":"HTTP GET /api/notifications/unread/count - 200 (0ms)","service":"research-mgmt-api","timestamp":"2025-04-19 22:44:35.981"}
{"level":"info","message":"HTTP GET /api/notifications/unread/count - 200 (0ms)","service":"research-mgmt-api","timestamp":"2025-04-19 22:45:35.982"}
{"level":"info","message":"HTTP GET /api/notifications/unread/count - 200 (0ms)","service":"research-mgmt-api","timestamp":"2025-04-19 22:45:35.983"}
{"level":"info","message":"HTTP GET /api/notifications/unread/count - 200 (0ms)","service":"research-mgmt-api","timestamp":"2025-04-19 22:46:35.980"}
{"level":"info","message":"HTTP GET /api/notifications/unread/count - 200 (0ms)","service":"research-mgmt-api","timestamp":"2025-04-19 22:46:35.982"}
{"level":"info","message":"HTTP GET /api/notifications/unread/count - 200 (0ms)","service":"research-mgmt-api","timestamp":"2025-04-19 22:47:35.982"}
{"level":"info","message":"HTTP GET /api/notifications/unread/count - 200 (0ms)","service":"research-mgmt-api","timestamp":"2025-04-19 22:47:35.983"}
{"level":"info","message":"HTTP GET /api/notifications/unread/count - 200 (0ms)","service":"research-mgmt-api","timestamp":"2025-04-19 22:48:35.981"}
{"level":"info","message":"HTTP GET /api/notifications/unread/count - 200 (0ms)","service":"research-mgmt-api","timestamp":"2025-04-19 22:48:35.982"}
{"level":"info","message":"HTTP GET /api/notifications - 200 (0ms)","service":"research-mgmt-api","timestamp":"2025-04-19 22:48:35.984"}
{"level":"info","message":"HTTP GET /api/notifications - 200 (0ms)","service":"research-mgmt-api","timestamp":"2025-04-19 22:48:35.986"}
{"external":"24 MB","heapTotal":"31 MB","heapUsed":"43 MB","level":"info","message":"Memory usage stats:","rss":"224 MB","service":"research-mgmt-api","timestamp":"2025-04-19 22:48:37.633"}
{"level":"info","message":"HTTP GET /api/notifications/unread/count - 200 (0ms)","service":"research-mgmt-api","timestamp":"2025-04-19 22:49:35.980"}
{"level":"info","message":"HTTP GET /api/notifications/unread/count - 200 (0ms)","service":"research-mgmt-api","timestamp":"2025-04-19 22:49:35.981"}
{"level":"info","message":"HTTP GET /api/notifications/unread/count - 200 (0ms)","service":"research-mgmt-api","timestamp":"2025-04-19 22:50:35.981"}
{"level":"info","message":"HTTP GET /api/notifications/unread/count - 200 (0ms)","service":"research-mgmt-api","timestamp":"2025-04-19 22:50:35.982"}
{"level":"info","message":"HTTP GET /api/notifications/unread/count - 200 (0ms)","service":"research-mgmt-api","timestamp":"2025-04-19 22:51:35.981"}
{"level":"info","message":"HTTP GET /api/notifications/unread/count - 200 (0ms)","service":"research-mgmt-api","timestamp":"2025-04-19 22:51:35.982"}
{"level":"info","message":"HTTP GET /api/notifications/unread/count - 200 (0ms)","service":"research-mgmt-api","timestamp":"2025-04-19 22:52:35.981"}
{"level":"info","message":"HTTP GET /api/notifications/unread/count - 200 (0ms)","service":"research-mgmt-api","timestamp":"2025-04-19 22:52:35.982"}
{"level":"info","message":"HTTP GET /api/notifications/unread/count - 200 (0ms)","service":"research-mgmt-api","timestamp":"2025-04-19 22:53:35.981"}
{"level":"info","message":"HTTP GET /api/notifications/unread/count - 200 (0ms)","service":"research-mgmt-api","timestamp":"2025-04-19 22:53:35.982"}
{"level":"info","message":"HTTP GET /api/notifications - 200 (0ms)","service":"research-mgmt-api","timestamp":"2025-04-19 22:53:35.984"}
{"level":"info","message":"HTTP GET /api/notifications - 200 (0ms)","service":"research-mgmt-api","timestamp":"2025-04-19 22:53:35.985"}
{"external":"24 MB","heapTotal":"31 MB","heapUsed":"43 MB","level":"info","message":"Memory usage stats:","rss":"225 MB","service":"research-mgmt-api","timestamp":"2025-04-19 22:53:37.634"}
{"level":"info","message":"HTTP GET /api/notifications/unread/count - 200 (0ms)","service":"research-mgmt-api","timestamp":"2025-04-19 22:54:35.981"}
{"level":"info","message":"HTTP GET /api/notifications/unread/count - 200 (0ms)","service":"research-mgmt-api","timestamp":"2025-04-19 22:54:35.983"}
{"level":"info","message":"HTTP GET /api/notifications/unread/count - 200 (0ms)","service":"research-mgmt-api","timestamp":"2025-04-19 22:55:35.980"}
{"level":"info","message":"HTTP GET /api/notifications/unread/count - 200 (0ms)","service":"research-mgmt-api","timestamp":"2025-04-19 22:55:35.981"}
{"level":"info","message":"HTTP GET /api/notifications/unread/count - 200 (0ms)","service":"research-mgmt-api","timestamp":"2025-04-19 22:56:35.981"}
{"level":"info","message":"HTTP GET /api/notifications/unread/count - 200 (0ms)","service":"research-mgmt-api","timestamp":"2025-04-19 22:56:35.982"}
{"level":"info","message":"HTTP GET /api/notifications/unread/count - 200 (0ms)","service":"research-mgmt-api","timestamp":"2025-04-19 22:57:35.982"}
{"level":"info","message":"HTTP GET /api/notifications/unread/count - 200 (0ms)","service":"research-mgmt-api","timestamp":"2025-04-19 22:57:35.983"}
{"level":"info","message":"HTTP GET /api/notifications/unread/count - 200 (0ms)","service":"research-mgmt-api","timestamp":"2025-04-19 22:58:35.980"}
{"level":"info","message":"HTTP GET /api/notifications/unread/count - 200 (0ms)","service":"research-mgmt-api","timestamp":"2025-04-19 22:58:35.981"}
{"level":"info","message":"HTTP GET /api/notifications - 200 (0ms)","service":"research-mgmt-api","timestamp":"2025-04-19 22:58:35.983"}
{"level":"info","message":"HTTP GET /api/notifications - 200 (0ms)","service":"research-mgmt-api","timestamp":"2025-04-19 22:58:35.984"}
{"external":"24 MB","heapTotal":"31 MB","heapUsed":"43 MB","level":"info","message":"Memory usage stats:","rss":"227 MB","service":"research-mgmt-api","timestamp":"2025-04-19 22:58:37.634"}
{"level":"info","message":"HTTP GET /api/notifications/unread/count - 200 (0ms)","service":"research-mgmt-api","timestamp":"2025-04-19 22:59:35.981"}
{"level":"info","message":"HTTP GET /api/notifications/unread/count - 200 (0ms)","service":"research-mgmt-api","timestamp":"2025-04-19 22:59:35.982"}
{"level":"info","message":"HTTP GET /api/notifications/unread/count - 200 (0ms)","service":"research-mgmt-api","timestamp":"2025-04-19 23:00:35.980"}
{"level":"info","message":"HTTP GET /api/notifications/unread/count - 200 (0ms)","service":"research-mgmt-api","timestamp":"2025-04-19 23:00:35.981"}
{"level":"info","message":"HTTP GET /api/notifications/unread/count - 200 (0ms)","service":"research-mgmt-api","timestamp":"2025-04-19 23:01:35.982"}
{"level":"info","message":"HTTP GET /api/notifications/unread/count - 200 (0ms)","service":"research-mgmt-api","timestamp":"2025-04-19 23:01:35.983"}
{"level":"info","message":"HTTP GET /api/notifications/unread/count - 200 (0ms)","service":"research-mgmt-api","timestamp":"2025-04-19 23:02:35.982"}
{"level":"info","message":"HTTP GET /api/notifications/unread/count - 200 (0ms)","service":"research-mgmt-api","timestamp":"2025-04-19 23:02:35.991"}
{"level":"info","message":"HTTP GET /api/notifications/unread/count - 200 (0ms)","service":"research-mgmt-api","timestamp":"2025-04-19 23:03:35.980"}
{"level":"info","message":"HTTP GET /api/notifications/unread/count - 200 (0ms)","service":"research-mgmt-api","timestamp":"2025-04-19 23:03:35.981"}
{"level":"info","message":"HTTP GET /api/notifications - 200 (0ms)","service":"research-mgmt-api","timestamp":"2025-04-19 23:03:35.983"}
{"level":"info","message":"HTTP GET /api/notifications - 200 (0ms)","service":"research-mgmt-api","timestamp":"2025-04-19 23:03:35.986"}
{"external":"24 MB","heapTotal":"31 MB","heapUsed":"44 MB","level":"info","message":"Memory usage stats:","rss":"227 MB","service":"research-mgmt-api","timestamp":"2025-04-19 23:03:37.635"}
{"level":"info","message":"HTTP GET /api/notifications/unread/count - 200 (0ms)","service":"research-mgmt-api","timestamp":"2025-04-19 23:04:35.983"}
{"level":"info","message":"HTTP GET /api/notifications/unread/count - 200 (0ms)","service":"research-mgmt-api","timestamp":"2025-04-19 23:04:35.984"}
{"level":"info","message":"HTTP GET /api/notifications/unread/count - 200 (0ms)","service":"research-mgmt-api","timestamp":"2025-04-19 23:05:35.981"}
{"level":"info","message":"HTTP GET /api/notifications/unread/count - 200 (0ms)","service":"research-mgmt-api","timestamp":"2025-04-19 23:05:35.982"}
{"level":"info","message":"HTTP GET /api/notifications/unread/count - 200 (0ms)","service":"research-mgmt-api","timestamp":"2025-04-19 23:06:35.980"}
{"level":"info","message":"HTTP GET /api/notifications/unread/count - 200 (0ms)","service":"research-mgmt-api","timestamp":"2025-04-19 23:06:35.981"}
{"level":"info","message":"HTTP GET /api/notifications/unread/count - 200 (0ms)","service":"research-mgmt-api","timestamp":"2025-04-19 23:07:35.981"}
{"level":"info","message":"HTTP GET /api/notifications/unread/count - 200 (0ms)","service":"research-mgmt-api","timestamp":"2025-04-19 23:07:35.982"}
{"level":"info","message":"HTTP GET /api/notifications/unread/count - 200 (0ms)","service":"research-mgmt-api","timestamp":"2025-04-19 23:08:35.981"}
{"level":"info","message":"HTTP GET /api/notifications/unread/count - 200 (0ms)","service":"research-mgmt-api","timestamp":"2025-04-19 23:08:35.982"}
{"level":"info","message":"HTTP GET /api/notifications - 200 (0ms)","service":"research-mgmt-api","timestamp":"2025-04-19 23:08:35.984"}
{"level":"info","message":"HTTP GET /api/notifications - 200 (0ms)","service":"research-mgmt-api","timestamp":"2025-04-19 23:08:35.986"}
{"external":"24 MB","heapTotal":"31 MB","heapUsed":"43 MB","level":"info","message":"Memory usage stats:","rss":"228 MB","service":"research-mgmt-api","timestamp":"2025-04-19 23:08:37.635"}
{"level":"info","message":"HTTP GET /api/notifications/unread/count - 200 (0ms)","service":"research-mgmt-api","timestamp":"2025-04-19 23:09:35.980"}
{"level":"info","message":"HTTP GET /api/notifications/unread/count - 200 (0ms)","service":"research-mgmt-api","timestamp":"2025-04-19 23:09:35.981"}
{"level":"info","message":"HTTP GET /api/notifications/unread/count - 200 (0ms)","service":"research-mgmt-api","timestamp":"2025-04-19 23:10:35.989"}
{"level":"info","message":"HTTP GET /api/notifications/unread/count - 200 (0ms)","service":"research-mgmt-api","timestamp":"2025-04-19 23:10:35.990"}
{"level":"info","message":"HTTP GET /api/notifications/unread/count - 200 (0ms)","service":"research-mgmt-api","timestamp":"2025-04-19 23:11:35.980"}
{"level":"info","message":"HTTP GET /api/notifications/unread/count - 200 (0ms)","service":"research-mgmt-api","timestamp":"2025-04-19 23:11:35.981"}
{"level":"info","message":"HTTP GET /api/notifications/unread/count - 200 (0ms)","service":"research-mgmt-api","timestamp":"2025-04-19 23:12:35.981"}
{"level":"info","message":"HTTP GET /api/notifications/unread/count - 200 (0ms)","service":"research-mgmt-api","timestamp":"2025-04-19 23:12:35.982"}
{"level":"info","message":"HTTP GET /api/notifications/unread/count - 200 (0ms)","service":"research-mgmt-api","timestamp":"2025-04-19 23:13:35.981"}
{"level":"info","message":"HTTP GET /api/notifications/unread/count - 200 (0ms)","service":"research-mgmt-api","timestamp":"2025-04-19 23:13:35.982"}
{"level":"info","message":"HTTP GET /api/notifications - 200 (0ms)","service":"research-mgmt-api","timestamp":"2025-04-19 23:13:35.985"}
{"level":"info","message":"HTTP GET /api/notifications - 200 (0ms)","service":"research-mgmt-api","timestamp":"2025-04-19 23:13:35.986"}
{"external":"24 MB","heapTotal":"31 MB","heapUsed":"43 MB","level":"info","message":"Memory usage stats:","rss":"228 MB","service":"research-mgmt-api","timestamp":"2025-04-19 23:13:37.636"}
{"level":"info","message":"HTTP GET /api/notifications/unread/count - 200 (0ms)","service":"research-mgmt-api","timestamp":"2025-04-19 23:14:35.980"}
{"level":"info","message":"HTTP GET /api/notifications/unread/count - 200 (0ms)","service":"research-mgmt-api","timestamp":"2025-04-19 23:14:35.981"}
{"level":"info","message":"HTTP GET /api/notifications/unread/count - 200 (0ms)","service":"research-mgmt-api","timestamp":"2025-04-19 23:15:35.981"}
{"level":"info","message":"HTTP GET /api/notifications/unread/count - 200 (0ms)","service":"research-mgmt-api","timestamp":"2025-04-19 23:15:35.982"}
{"level":"info","message":"HTTP GET /api/notifications/unread/count - 200 (0ms)","service":"research-mgmt-api","timestamp":"2025-04-19 23:16:35.980"}
{"level":"info","message":"HTTP GET /api/notifications/unread/count - 200 (0ms)","service":"research-mgmt-api","timestamp":"2025-04-19 23:16:35.981"}
{"level":"info","message":"HTTP GET /api/notifications/unread/count - 200 (0ms)","service":"research-mgmt-api","timestamp":"2025-04-19 23:17:35.981"}
{"level":"info","message":"HTTP GET /api/notifications/unread/count - 200 (0ms)","service":"research-mgmt-api","timestamp":"2025-04-19 23:17:35.982"}
{"level":"info","message":"HTTP GET /api/notifications/unread/count - 200 (0ms)","service":"research-mgmt-api","timestamp":"2025-04-19 23:18:35.981"}
{"level":"info","message":"HTTP GET /api/notifications/unread/count - 200 (0ms)","service":"research-mgmt-api","timestamp":"2025-04-19 23:18:35.982"}
{"level":"info","message":"HTTP GET /api/notifications - 200 (0ms)","service":"research-mgmt-api","timestamp":"2025-04-19 23:18:35.984"}
{"level":"info","message":"HTTP GET /api/notifications - 200 (0ms)","service":"research-mgmt-api","timestamp":"2025-04-19 23:18:35.985"}
{"external":"24 MB","heapTotal":"31 MB","heapUsed":"43 MB","level":"info","message":"Memory usage stats:","rss":"228 MB","service":"research-mgmt-api","timestamp":"2025-04-19 23:18:37.637"}
{"level":"info","message":"HTTP GET /api/notifications/unread/count - 200 (0ms)","service":"research-mgmt-api","timestamp":"2025-04-19 23:19:35.981"}
{"level":"info","message":"HTTP GET /api/notifications/unread/count - 200 (0ms)","service":"research-mgmt-api","timestamp":"2025-04-19 23:19:35.982"}
{"level":"info","message":"HTTP GET /api/notifications/unread/count - 200 (0ms)","service":"research-mgmt-api","timestamp":"2025-04-19 23:20:35.981"}
{"level":"info","message":"HTTP GET /api/notifications/unread/count - 200 (0ms)","service":"research-mgmt-api","timestamp":"2025-04-19 23:20:35.982"}
{"level":"info","message":"HTTP GET /api/notifications/unread/count - 200 (0ms)","service":"research-mgmt-api","timestamp":"2025-04-19 23:21:35.981"}
{"level":"info","message":"HTTP GET /api/notifications/unread/count - 200 (0ms)","service":"research-mgmt-api","timestamp":"2025-04-19 23:21:35.982"}
{"level":"info","message":"HTTP GET /api/notifications/unread/count - 200 (0ms)","service":"research-mgmt-api","timestamp":"2025-04-19 23:22:35.980"}
{"level":"info","message":"HTTP GET /api/notifications/unread/count - 200 (0ms)","service":"research-mgmt-api","timestamp":"2025-04-19 23:22:35.981"}
{"level":"info","message":"HTTP GET /api/notifications/unread/count - 200 (0ms)","service":"research-mgmt-api","timestamp":"2025-04-19 23:23:35.990"}
{"level":"info","message":"HTTP GET /api/notifications/unread/count - 200 (0ms)","service":"research-mgmt-api","timestamp":"2025-04-19 23:23:35.990"}
{"level":"info","message":"HTTP GET /api/notifications - 200 (0ms)","service":"research-mgmt-api","timestamp":"2025-04-19 23:23:35.993"}
{"level":"info","message":"HTTP GET /api/notifications - 200 (0ms)","service":"research-mgmt-api","timestamp":"2025-04-19 23:23:35.994"}
{"external":"24 MB","heapTotal":"31 MB","heapUsed":"43 MB","level":"info","message":"Memory usage stats:","rss":"230 MB","service":"research-mgmt-api","timestamp":"2025-04-19 23:23:37.637"}
{"level":"info","message":"HTTP GET /api/notifications/unread/count - 200 (0ms)","service":"research-mgmt-api","timestamp":"2025-04-19 23:24:35.980"}
{"level":"info","message":"HTTP GET /api/notifications/unread/count - 200 (0ms)","service":"research-mgmt-api","timestamp":"2025-04-19 23:24:35.981"}
{"level":"info","message":"HTTP GET /api/notifications/unread/count - 200 (0ms)","service":"research-mgmt-api","timestamp":"2025-04-19 23:25:35.981"}
{"level":"info","message":"HTTP GET /api/notifications/unread/count - 200 (0ms)","service":"research-mgmt-api","timestamp":"2025-04-19 23:25:35.982"}
{"level":"info","message":"HTTP GET /api/notifications/unread/count - 200 (0ms)","service":"research-mgmt-api","timestamp":"2025-04-19 23:26:35.981"}
{"level":"info","message":"HTTP GET /api/notifications/unread/count - 200 (0ms)","service":"research-mgmt-api","timestamp":"2025-04-19 23:26:35.983"}
{"level":"info","message":"HTTP GET /api/notifications/unread/count - 200 (0ms)","service":"research-mgmt-api","timestamp":"2025-04-19 23:27:35.980"}
{"level":"info","message":"HTTP GET /api/notifications/unread/count - 200 (0ms)","service":"research-mgmt-api","timestamp":"2025-04-19 23:27:35.981"}
{"level":"info","message":"HTTP GET /api/notifications/unread/count - 200 (0ms)","service":"research-mgmt-api","timestamp":"2025-04-19 23:28:35.981"}
{"level":"info","message":"HTTP GET /api/notifications/unread/count - 200 (0ms)","service":"research-mgmt-api","timestamp":"2025-04-19 23:28:35.982"}
{"level":"info","message":"HTTP GET /api/notifications - 200 (0ms)","service":"research-mgmt-api","timestamp":"2025-04-19 23:28:35.984"}
{"level":"info","message":"HTTP GET /api/notifications - 200 (0ms)","service":"research-mgmt-api","timestamp":"2025-04-19 23:28:35.985"}
{"external":"24 MB","heapTotal":"31 MB","heapUsed":"43 MB","level":"info","message":"Memory usage stats:","rss":"230 MB","service":"research-mgmt-api","timestamp":"2025-04-19 23:28:37.638"}
{"level":"info","message":"HTTP GET /api/notifications/unread/count - 200 (0ms)","service":"research-mgmt-api","timestamp":"2025-04-19 23:29:35.980"}
{"level":"info","message":"HTTP GET /api/notifications/unread/count - 200 (0ms)","service":"research-mgmt-api","timestamp":"2025-04-19 23:29:35.981"}
{"level":"info","message":"HTTP GET /api/notifications/unread/count - 200 (0ms)","service":"research-mgmt-api","timestamp":"2025-04-19 23:30:35.981"}
{"level":"info","message":"HTTP GET /api/notifications/unread/count - 200 (0ms)","service":"research-mgmt-api","timestamp":"2025-04-19 23:30:35.982"}
{"level":"info","message":"HTTP GET /api/notifications/unread/count - 200 (0ms)","service":"research-mgmt-api","timestamp":"2025-04-19 23:31:35.981"}
{"level":"info","message":"HTTP GET /api/notifications/unread/count - 200 (0ms)","service":"research-mgmt-api","timestamp":"2025-04-19 23:31:35.981"}
{"level":"info","message":"HTTP GET /api/notifications/unread/count - 200 (0ms)","service":"research-mgmt-api","timestamp":"2025-04-19 23:32:35.989"}
{"level":"info","message":"HTTP GET /api/notifications/unread/count - 200 (0ms)","service":"research-mgmt-api","timestamp":"2025-04-19 23:32:35.991"}
{"level":"info","message":"HTTP GET /api/notifications/unread/count - 200 (0ms)","service":"research-mgmt-api","timestamp":"2025-04-19 23:33:35.981"}
{"level":"info","message":"HTTP GET /api/notifications/unread/count - 200 (0ms)","service":"research-mgmt-api","timestamp":"2025-04-19 23:33:35.982"}
{"level":"info","message":"HTTP GET /api/notifications - 200 (0ms)","service":"research-mgmt-api","timestamp":"2025-04-19 23:33:35.984"}
{"level":"info","message":"HTTP GET /api/notifications - 200 (0ms)","service":"research-mgmt-api","timestamp":"2025-04-19 23:33:35.985"}
{"external":"24 MB","heapTotal":"31 MB","heapUsed":"43 MB","level":"info","message":"Memory usage stats:","rss":"232 MB","service":"research-mgmt-api","timestamp":"2025-04-19 23:33:37.638"}
{"level":"info","message":"HTTP GET /api/notifications/unread/count - 200 (0ms)","service":"research-mgmt-api","timestamp":"2025-04-19 23:34:35.981"}
{"level":"info","message":"HTTP GET /api/notifications/unread/count - 200 (0ms)","service":"research-mgmt-api","timestamp":"2025-04-19 23:34:35.982"}
{"level":"info","message":"HTTP GET /api/notifications/unread/count - 200 (0ms)","service":"research-mgmt-api","timestamp":"2025-04-19 23:35:35.980"}
{"level":"info","message":"HTTP GET /api/notifications/unread/count - 200 (0ms)","service":"research-mgmt-api","timestamp":"2025-04-19 23:35:35.982"}
{"level":"info","message":"HTTP GET /api/notifications/unread/count - 200 (0ms)","service":"research-mgmt-api","timestamp":"2025-04-19 23:36:35.988"}
{"level":"info","message":"HTTP GET /api/notifications/unread/count - 200 (0ms)","service":"research-mgmt-api","timestamp":"2025-04-19 23:36:35.989"}
{"level":"info","message":"HTTP GET /api/notifications/unread/count - 200 (0ms)","service":"research-mgmt-api","timestamp":"2025-04-19 23:37:35.980"}
{"level":"info","message":"HTTP GET /api/notifications/unread/count - 200 (0ms)","service":"research-mgmt-api","timestamp":"2025-04-19 23:37:35.981"}
{"level":"info","message":"HTTP GET /api/notifications/unread/count - 200 (0ms)","service":"research-mgmt-api","timestamp":"2025-04-19 23:38:35.981"}
{"level":"info","message":"HTTP GET /api/notifications/unread/count - 200 (0ms)","service":"research-mgmt-api","timestamp":"2025-04-19 23:38:35.982"}
{"level":"info","message":"HTTP GET /api/notifications - 200 (0ms)","service":"research-mgmt-api","timestamp":"2025-04-19 23:38:35.984"}
{"level":"info","message":"HTTP GET /api/notifications - 200 (0ms)","service":"research-mgmt-api","timestamp":"2025-04-19 23:38:35.984"}
{"external":"24 MB","heapTotal":"31 MB","heapUsed":"43 MB","level":"info","message":"Memory usage stats:","rss":"231 MB","service":"research-mgmt-api","timestamp":"2025-04-19 23:38:37.639"}
{"level":"info","message":"HTTP GET /api/notifications/unread/count - 200 (0ms)","service":"research-mgmt-api","timestamp":"2025-04-19 23:39:35.980"}
{"level":"info","message":"HTTP GET /api/notifications/unread/count - 200 (0ms)","service":"research-mgmt-api","timestamp":"2025-04-19 23:39:35.988"}
{"level":"info","message":"HTTP GET /api/notifications/unread/count - 200 (0ms)","service":"research-mgmt-api","timestamp":"2025-04-19 23:40:35.981"}
{"level":"info","message":"HTTP GET /api/notifications/unread/count - 200 (0ms)","service":"research-mgmt-api","timestamp":"2025-04-19 23:40:35.982"}
{"level":"info","message":"HTTP GET /api/notifications/unread/count - 200 (0ms)","service":"research-mgmt-api","timestamp":"2025-04-19 23:41:35.981"}
{"level":"info","message":"HTTP GET /api/notifications/unread/count - 200 (0ms)","service":"research-mgmt-api","timestamp":"2025-04-19 23:41:35.982"}
{"level":"info","message":"HTTP GET /api/notifications/unread/count - 200 (0ms)","service":"research-mgmt-api","timestamp":"2025-04-19 23:42:35.981"}
{"level":"info","message":"HTTP GET /api/notifications/unread/count - 200 (0ms)","service":"research-mgmt-api","timestamp":"2025-04-19 23:42:35.982"}
{"level":"info","message":"HTTP GET /api/notifications/unread/count - 200 (0ms)","service":"research-mgmt-api","timestamp":"2025-04-19 23:43:35.981"}
{"level":"info","message":"HTTP GET /api/notifications/unread/count - 200 (0ms)","service":"research-mgmt-api","timestamp":"2025-04-19 23:43:35.983"}
{"level":"info","message":"HTTP GET /api/notifications - 200 (0ms)","service":"research-mgmt-api","timestamp":"2025-04-19 23:43:35.984"}
{"level":"info","message":"HTTP GET /api/notifications - 200 (0ms)","service":"research-mgmt-api","timestamp":"2025-04-19 23:43:35.985"}
{"external":"24 MB","heapTotal":"31 MB","heapUsed":"43 MB","level":"info","message":"Memory usage stats:","rss":"232 MB","service":"research-mgmt-api","timestamp":"2025-04-19 23:43:37.639"}
{"level":"info","message":"HTTP GET /api/notifications/unread/count - 200 (0ms)","service":"research-mgmt-api","timestamp":"2025-04-19 23:44:35.981"}
{"level":"info","message":"HTTP GET /api/notifications/unread/count - 200 (0ms)","service":"research-mgmt-api","timestamp":"2025-04-19 23:44:35.982"}
{"level":"info","message":"HTTP GET /api/notifications/unread/count - 200 (0ms)","service":"research-mgmt-api","timestamp":"2025-04-19 23:45:35.980"}
{"level":"info","message":"HTTP GET /api/notifications/unread/count - 200 (0ms)","service":"research-mgmt-api","timestamp":"2025-04-19 23:45:35.981"}
{"level":"info","message":"HTTP GET /api/notifications/unread/count - 200 (0ms)","service":"research-mgmt-api","timestamp":"2025-04-19 23:46:35.981"}
{"level":"info","message":"HTTP GET /api/notifications/unread/count - 200 (0ms)","service":"research-mgmt-api","timestamp":"2025-04-19 23:46:35.982"}
{"level":"info","message":"HTTP GET /api/notifications/unread/count - 200 (0ms)","service":"research-mgmt-api","timestamp":"2025-04-19 23:47:35.980"}
{"level":"info","message":"HTTP GET /api/notifications/unread/count - 200 (0ms)","service":"research-mgmt-api","timestamp":"2025-04-19 23:47:35.981"}
{"level":"info","message":"HTTP GET /api/notifications/unread/count - 200 (0ms)","service":"research-mgmt-api","timestamp":"2025-04-19 23:48:35.981"}
{"level":"info","message":"HTTP GET /api/notifications/unread/count - 200 (0ms)","service":"research-mgmt-api","timestamp":"2025-04-19 23:48:35.982"}
{"level":"info","message":"HTTP GET /api/notifications - 200 (0ms)","service":"research-mgmt-api","timestamp":"2025-04-19 23:48:35.984"}
{"level":"info","message":"HTTP GET /api/notifications - 200 (0ms)","service":"research-mgmt-api","timestamp":"2025-04-19 23:48:35.984"}
{"external":"24 MB","heapTotal":"31 MB","heapUsed":"43 MB","level":"info","message":"Memory usage stats:","rss":"232 MB","service":"research-mgmt-api","timestamp":"2025-04-19 23:48:37.640"}
{"level":"info","message":"HTTP GET /api/notifications/unread/count - 200 (0ms)","service":"research-mgmt-api","timestamp":"2025-04-19 23:49:35.981"}
{"level":"info","message":"HTTP GET /api/notifications/unread/count - 200 (0ms)","service":"research-mgmt-api","timestamp":"2025-04-19 23:49:35.982"}
{"level":"info","message":"HTTP GET /api/notifications/unread/count - 200 (0ms)","service":"research-mgmt-api","timestamp":"2025-04-19 23:50:35.981"}
{"level":"info","message":"HTTP GET /api/notifications/unread/count - 200 (0ms)","service":"research-mgmt-api","timestamp":"2025-04-19 23:50:35.982"}
{"level":"info","message":"HTTP GET /api/notifications/unread/count - 200 (0ms)","service":"research-mgmt-api","timestamp":"2025-04-19 23:51:35.980"}
{"level":"info","message":"HTTP GET /api/notifications/unread/count - 200 (0ms)","service":"research-mgmt-api","timestamp":"2025-04-19 23:51:35.981"}
{"level":"info","message":"HTTP GET /api/notifications/unread/count - 200 (0ms)","service":"research-mgmt-api","timestamp":"2025-04-19 23:52:35.980"}
{"level":"info","message":"HTTP GET /api/notifications/unread/count - 200 (0ms)","service":"research-mgmt-api","timestamp":"2025-04-19 23:52:35.982"}
{"level":"info","message":"HTTP GET /api/notifications/unread/count - 200 (0ms)","service":"research-mgmt-api","timestamp":"2025-04-19 23:53:35.981"}
{"level":"info","message":"HTTP GET /api/notifications/unread/count - 200 (0ms)","service":"research-mgmt-api","timestamp":"2025-04-19 23:53:35.982"}
{"level":"info","message":"HTTP GET /api/notifications - 200 (0ms)","service":"research-mgmt-api","timestamp":"2025-04-19 23:53:35.984"}
{"level":"info","message":"HTTP GET /api/notifications - 200 (0ms)","service":"research-mgmt-api","timestamp":"2025-04-19 23:53:35.986"}
{"external":"24 MB","heapTotal":"31 MB","heapUsed":"43 MB","level":"info","message":"Memory usage stats:","rss":"234 MB","service":"research-mgmt-api","timestamp":"2025-04-19 23:53:37.641"}
{"level":"info","message":"HTTP GET /api/notifications/unread/count - 200 (0ms)","service":"research-mgmt-api","timestamp":"2025-04-19 23:54:35.981"}
{"level":"info","message":"HTTP GET /api/notifications/unread/count - 200 (0ms)","service":"research-mgmt-api","timestamp":"2025-04-19 23:54:35.982"}
{"level":"info","message":"HTTP GET /api/notifications/unread/count - 200 (0ms)","service":"research-mgmt-api","timestamp":"2025-04-19 23:55:35.989"}
{"level":"info","message":"HTTP GET /api/notifications/unread/count - 200 (0ms)","service":"research-mgmt-api","timestamp":"2025-04-19 23:55:35.990"}
{"level":"info","message":"HTTP GET /api/notifications/unread/count - 200 (0ms)","service":"research-mgmt-api","timestamp":"2025-04-19 23:56:35.980"}
{"level":"info","message":"HTTP GET /api/notifications/unread/count - 200 (0ms)","service":"research-mgmt-api","timestamp":"2025-04-19 23:56:35.981"}
{"level":"info","message":"HTTP GET /api/notifications/unread/count - 200 (0ms)","service":"research-mgmt-api","timestamp":"2025-04-19 23:57:35.981"}
{"level":"info","message":"HTTP GET /api/notifications/unread/count - 200 (0ms)","service":"research-mgmt-api","timestamp":"2025-04-19 23:57:35.982"}
{"level":"info","message":"HTTP GET /api/notifications/unread/count - 200 (0ms)","service":"research-mgmt-api","timestamp":"2025-04-19 23:58:35.981"}
{"level":"info","message":"HTTP GET /api/notifications/unread/count - 200 (0ms)","service":"research-mgmt-api","timestamp":"2025-04-19 23:58:35.982"}
{"level":"info","message":"HTTP GET /api/notifications - 200 (0ms)","service":"research-mgmt-api","timestamp":"2025-04-19 23:58:35.984"}
{"level":"info","message":"HTTP GET /api/notifications - 200 (0ms)","service":"research-mgmt-api","timestamp":"2025-04-19 23:58:35.984"}
{"external":"23 MB","heapTotal":"31 MB","heapUsed":"43 MB","level":"info","message":"Memory usage stats:","rss":"234 MB","service":"research-mgmt-api","timestamp":"2025-04-19 23:58:37.642"}
{"level":"info","message":"HTTP GET /api/notifications/unread/count - 200 (0ms)","service":"research-mgmt-api","timestamp":"2025-04-19 23:59:35.980"}
{"level":"info","message":"HTTP GET /api/notifications/unread/count - 200 (0ms)","service":"research-mgmt-api","timestamp":"2025-04-19 23:59:35.981"}
