{"level":"info","message":"JWT helper initialized","service":"research-mgmt-api","timestamp":"2025-04-16 15:37:40.364"}
{"adminRoutes":true,"authRoutes":true,"level":"info","message":"Route modules loaded:","service":"research-mgmt-api","studentRoutes":true,"supervisorRoutes":true,"timestamp":"2025-04-16 15:37:40.398"}
{"level":"info","message":"Registered API redirect from GET /notifications to GET /api/notifications","service":"research-mgmt-api","timestamp":"2025-04-16 15:37:40.412"}
{"level":"info","message":"Registered API redirect from GET /notifications/unread/count to GET /api/notifications/unread/count","service":"research-mgmt-api","timestamp":"2025-04-16 15:37:40.412"}
{"level":"info","message":"Registered API redirect from GET /user/profile to GET /api/user/profile","service":"research-mgmt-api","timestamp":"2025-04-16 15:37:40.412"}
{"level":"info","message":"Registered API redirect from GET /dashboard to GET /api/dashboard","service":"research-mgmt-api","timestamp":"2025-04-16 15:37:40.412"}
{"level":"info","message":"Registered API redirect from GET /calendar to GET /api/calendar","service":"research-mgmt-api","timestamp":"2025-04-16 15:37:40.413"}
{"level":"info","message":"Registered Team API redirect from GET /teams to GET /api/students/team/...","service":"research-mgmt-api","timestamp":"2025-04-16 15:37:40.413"}
{"level":"info","message":"Registered Team API redirect from GET /teams/my-team to GET /api/students/team/...","service":"research-mgmt-api","timestamp":"2025-04-16 15:37:40.413"}
{"level":"info","message":"Registered Team API redirect from GET /teams/:id to GET /api/students/team/...","service":"research-mgmt-api","timestamp":"2025-04-16 15:37:40.413"}
{"level":"info","message":"Registered Team API redirect from PUT /teams/:id to PUT /api/students/team/...","service":"research-mgmt-api","timestamp":"2025-04-16 15:37:40.413"}
{"level":"info","message":"Registered Team API redirect from DELETE /teams/:id to DELETE /api/students/team/...","service":"research-mgmt-api","timestamp":"2025-04-16 15:37:40.413"}
{"level":"info","message":"Registered Team API redirect from POST /teams/:id/invite to POST /api/students/team/...","service":"research-mgmt-api","timestamp":"2025-04-16 15:37:40.414"}
{"level":"info","message":"Registered Team API redirect from POST /teams/:id/leave to POST /api/students/team/...","service":"research-mgmt-api","timestamp":"2025-04-16 15:37:40.414"}
{"level":"info","message":"Registered Team API redirect from POST /teams/:id/remove-member to POST /api/students/team/...","service":"research-mgmt-api","timestamp":"2025-04-16 15:37:40.414"}
{"level":"info","message":"Registered Student Team API redirect from GET /api/student-teams to GET /api/students/team/...","service":"research-mgmt-api","timestamp":"2025-04-16 15:37:40.414"}
{"level":"info","message":"Registered Student Team API redirect from GET /api/student-teams/invitations to GET /api/students/team/...","service":"research-mgmt-api","timestamp":"2025-04-16 15:37:40.414"}
{"level":"info","message":"Registered Student Team API redirect from DELETE /api/student-teams/:id/leave to DELETE /api/students/team/...","service":"research-mgmt-api","timestamp":"2025-04-16 15:37:40.414"}
{"level":"info","message":"Registered API redirect from GET /projects to GET /api/projects","service":"research-mgmt-api","timestamp":"2025-04-16 15:37:40.414"}
{"level":"info","message":"Registered API redirect from POST /projects to POST /api/projects","service":"research-mgmt-api","timestamp":"2025-04-16 15:37:40.414"}
{"level":"info","message":"Registered API redirect from GET /sessions to GET /api/sessions","service":"research-mgmt-api","timestamp":"2025-04-16 15:37:40.414"}
{"level":"info","message":"Registered API redirect from POST /sessions to POST /api/sessions","service":"research-mgmt-api","timestamp":"2025-04-16 15:37:40.415"}
{"level":"info","message":"Registered API redirect from GET /messages to GET /api/messages","service":"research-mgmt-api","timestamp":"2025-04-16 15:37:40.415"}
{"level":"info","message":"Registered API redirect from POST /messages to POST /api/messages","service":"research-mgmt-api","timestamp":"2025-04-16 15:37:40.415"}
{"level":"info","message":"Registered API redirect from GET /projects/:id to GET /api/projects/:id","service":"research-mgmt-api","timestamp":"2025-04-16 15:37:40.415"}
{"level":"info","message":"Registered API redirect from PUT /projects/:id to PUT /api/projects/:id","service":"research-mgmt-api","timestamp":"2025-04-16 15:37:40.415"}
{"level":"info","message":"Registered API redirect from DELETE /projects/:id to DELETE /api/projects/:id","service":"research-mgmt-api","timestamp":"2025-04-16 15:37:40.415"}
{"level":"info","message":"Registered API redirect from GET /users/:id to GET /api/users/:id","service":"research-mgmt-api","timestamp":"2025-04-16 15:37:40.415"}
{"level":"info","message":"Registered API redirect from PUT /users/:id to PUT /api/users/:id","service":"research-mgmt-api","timestamp":"2025-04-16 15:37:40.415"}
{"level":"info","message":"Attempting to connect to MongoDB database","service":"research-mgmt-api","timestamp":"2025-04-16 15:37:40.415"}
{"level":"info","message":"Attempting to connect to MongoDB...","service":"research-mgmt-api","timestamp":"2025-04-16 15:37:40.416"}
{"level":"info","message":"MongoDB Connected: ac-xdpuchx-shard-00-00.tvoe17p.mongodb.net","service":"research-mgmt-api","timestamp":"2025-04-16 15:37:41.519"}
{"level":"info","message":"✅ MongoDB connection established successfully","service":"research-mgmt-api","timestamp":"2025-04-16 15:37:41.519"}
{"level":"info","message":"🚀 Server running on port 300000 and accessible from all network interfaces","service":"research-mgmt-api","timestamp":"2025-04-16 15:37:41.524"}
{"level":"info","message":"HTTP GET /api/notifications/unread/count - 200 (0ms)","service":"research-mgmt-api","timestamp":"2025-04-16 15:38:06.985"}
{"level":"info","message":"HTTP GET /api/notifications/unread/count - 200 (0ms)","service":"research-mgmt-api","timestamp":"2025-04-16 15:39:06.979"}
{"level":"info","message":"HTTP GET /api/notifications/unread/count - 200 (0ms)","service":"research-mgmt-api","timestamp":"2025-04-16 15:40:06.979"}
{"level":"info","message":"HTTP GET /api/notifications - 200 (0ms)","service":"research-mgmt-api","timestamp":"2025-04-16 15:40:06.984"}
{"level":"info","message":"HTTP GET /api/notifications/unread/count - 200 (0ms)","service":"research-mgmt-api","timestamp":"2025-04-16 15:41:06.980"}
{"level":"info","message":"HTTP GET /api/notifications/unread/count - 200 (0ms)","service":"research-mgmt-api","timestamp":"2025-04-16 15:42:06.979"}
{"external":"29 MB","heapTotal":"32 MB","heapUsed":"53 MB","level":"info","message":"Memory usage stats:","rss":"216 MB","service":"research-mgmt-api","timestamp":"2025-04-16 15:42:40.423"}
{"level":"info","message":"HTTP GET /api/notifications/unread/count - 200 (0ms)","service":"research-mgmt-api","timestamp":"2025-04-16 15:43:06.979"}
{"level":"info","message":"HTTP GET /api/notifications/unread/count - 200 (0ms)","service":"research-mgmt-api","timestamp":"2025-04-16 15:44:06.980"}
{"level":"info","message":"HTTP GET /api/notifications/unread/count - 200 (0ms)","service":"research-mgmt-api","timestamp":"2025-04-16 15:45:06.979"}
{"level":"info","message":"HTTP GET /api/notifications - 200 (0ms)","service":"research-mgmt-api","timestamp":"2025-04-16 15:45:06.982"}
{"level":"info","message":"HTTP GET /api/notifications/unread/count - 200 (0ms)","service":"research-mgmt-api","timestamp":"2025-04-16 15:46:06.979"}
{"level":"info","message":"HTTP GET /api/notifications/unread/count - 200 (0ms)","service":"research-mgmt-api","timestamp":"2025-04-16 15:47:06.982"}
{"external":"22 MB","heapTotal":"30 MB","heapUsed":"40 MB","level":"info","message":"Memory usage stats:","rss":"209 MB","service":"research-mgmt-api","timestamp":"2025-04-16 15:47:40.423"}
{"level":"info","message":"HTTP GET /api/notifications/unread/count - 200 (0ms)","service":"research-mgmt-api","timestamp":"2025-04-16 15:48:06.980"}
{"level":"info","message":"HTTP GET /api/notifications/unread/count - 200 (0ms)","service":"research-mgmt-api","timestamp":"2025-04-16 15:49:06.979"}
{"level":"info","message":"HTTP GET /api/notifications/unread/count - 200 (0ms)","service":"research-mgmt-api","timestamp":"2025-04-16 15:50:06.979"}
{"level":"info","message":"HTTP GET /api/notifications - 200 (0ms)","service":"research-mgmt-api","timestamp":"2025-04-16 15:50:06.982"}
{"level":"info","message":"HTTP GET /api/notifications/unread/count - 200 (0ms)","service":"research-mgmt-api","timestamp":"2025-04-16 15:51:06.980"}
{"level":"info","message":"HTTP GET /api/notifications/unread/count - 200 (0ms)","service":"research-mgmt-api","timestamp":"2025-04-16 15:52:06.980"}
{"external":"23 MB","heapTotal":"31 MB","heapUsed":"42 MB","level":"info","message":"Memory usage stats:","rss":"211 MB","service":"research-mgmt-api","timestamp":"2025-04-16 15:52:40.425"}
{"level":"info","message":"HTTP GET /api/notifications/unread/count - 200 (0ms)","service":"research-mgmt-api","timestamp":"2025-04-16 15:53:06.979"}
{"level":"info","message":"HTTP GET /api/notifications/unread/count - 200 (0ms)","service":"research-mgmt-api","timestamp":"2025-04-16 15:54:06.979"}
{"level":"info","message":"HTTP GET /api/notifications/unread/count - 200 (0ms)","service":"research-mgmt-api","timestamp":"2025-04-16 15:55:06.980"}
{"level":"info","message":"HTTP GET /api/notifications - 200 (0ms)","service":"research-mgmt-api","timestamp":"2025-04-16 15:55:06.983"}
{"level":"info","message":"HTTP GET /api/notifications/unread/count - 200 (0ms)","service":"research-mgmt-api","timestamp":"2025-04-16 15:56:06.980"}
{"level":"info","message":"HTTP GET /api/notifications/unread/count - 200 (0ms)","service":"research-mgmt-api","timestamp":"2025-04-16 15:57:06.979"}
{"external":"22 MB","heapTotal":"31 MB","heapUsed":"41 MB","level":"info","message":"Memory usage stats:","rss":"212 MB","service":"research-mgmt-api","timestamp":"2025-04-16 15:57:40.425"}
{"level":"info","message":"HTTP GET /api/notifications/unread/count - 200 (0ms)","service":"research-mgmt-api","timestamp":"2025-04-16 15:58:06.980"}
{"level":"info","message":"HTTP GET /api/notifications/unread/count - 200 (0ms)","service":"research-mgmt-api","timestamp":"2025-04-16 15:59:06.979"}
{"level":"info","message":"📊 Fetching student dashboard data","service":"research-mgmt-api","timestamp":"2025-04-16 15:59:33.293"}
{"level":"info","message":"HTTP GET /api/dashboard - 200 (219ms)","service":"research-mgmt-api","timestamp":"2025-04-16 15:59:33.512"}
{"level":"info","message":"HTTP GET /api/notifications - 200 (0ms)","service":"research-mgmt-api","timestamp":"2025-04-16 15:59:33.621"}
{"level":"info","message":"HTTP GET /api/notifications/unread/count - 200 (0ms)","service":"research-mgmt-api","timestamp":"2025-04-16 15:59:33.624"}
{"level":"info","message":"MongoDB connection state: 1","service":"research-mgmt-api","timestamp":"2025-04-16 15:59:39.432"}
{"level":"info","message":"Login attempt for user: swadhin.github@gmail.com","service":"research-mgmt-api","timestamp":"2025-04-16 15:59:39.432"}
{"level":"info","message":"Verifying password for user: swadhin.github@gmail.com","service":"research-mgmt-api","timestamp":"2025-04-16 15:59:39.486"}
{"level":"info","message":"Login successful for user: swadhin.github@gmail.com","service":"research-mgmt-api","timestamp":"2025-04-16 15:59:39.504"}
{"level":"info","message":"HTTP POST /api/auth/login - 200 (73ms)","service":"research-mgmt-api","timestamp":"2025-04-16 15:59:39.504"}
{"level":"info","message":"HTTP GET /api/notifications - 200 (0ms)","service":"research-mgmt-api","timestamp":"2025-04-16 15:59:40.014"}
{"level":"info","message":"HTTP GET /api/notifications/unread/count - 200 (0ms)","service":"research-mgmt-api","timestamp":"2025-04-16 15:59:40.017"}
{"level":"info","message":"HTTP GET /api/student/team/invitations - 200 (52ms)","service":"research-mgmt-api","timestamp":"2025-04-16 15:59:42.429"}
{"level":"info","message":"HTTP GET /api/notifications/unread/count - 200 (0ms)","service":"research-mgmt-api","timestamp":"2025-04-16 16:00:39.517"}
{"level":"info","message":"HTTP GET /api/notifications/unread/count - 200 (0ms)","service":"research-mgmt-api","timestamp":"2025-04-16 16:01:39.515"}
{"level":"info","message":"HTTP GET /api/notifications/unread/count - 200 (0ms)","service":"research-mgmt-api","timestamp":"2025-04-16 16:02:39.979"}
{"external":"24 MB","heapTotal":"31 MB","heapUsed":"44 MB","level":"info","message":"Memory usage stats:","rss":"235 MB","service":"research-mgmt-api","timestamp":"2025-04-16 16:02:40.425"}
{"level":"info","message":"HTTP GET /api/notifications/unread/count - 200 (0ms)","service":"research-mgmt-api","timestamp":"2025-04-16 16:04:06.980"}
{"level":"info","message":"HTTP GET /api/notifications/unread/count - 200 (0ms)","service":"research-mgmt-api","timestamp":"2025-04-16 16:05:06.981"}
{"level":"info","message":"HTTP GET /api/notifications - 200 (0ms)","service":"research-mgmt-api","timestamp":"2025-04-16 16:05:06.984"}
{"level":"info","message":"HTTP GET /api/notifications/unread/count - 200 (0ms)","service":"research-mgmt-api","timestamp":"2025-04-16 16:06:06.979"}
{"level":"info","message":"HTTP GET /api/notifications/unread/count - 200 (0ms)","service":"research-mgmt-api","timestamp":"2025-04-16 16:07:06.979"}
{"external":"22 MB","heapTotal":"31 MB","heapUsed":"42 MB","level":"info","message":"Memory usage stats:","rss":"235 MB","service":"research-mgmt-api","timestamp":"2025-04-16 16:07:40.426"}
{"level":"info","message":"HTTP GET /api/notifications/unread/count - 200 (0ms)","service":"research-mgmt-api","timestamp":"2025-04-16 16:08:06.980"}
{"level":"info","message":"JWT helper initialized","service":"research-mgmt-api","timestamp":"2025-04-16 16:08:39.388"}
{"adminRoutes":true,"authRoutes":true,"level":"info","message":"Route modules loaded:","service":"research-mgmt-api","studentRoutes":true,"supervisorRoutes":true,"timestamp":"2025-04-16 16:08:39.423"}
{"level":"info","message":"Registered API redirect from GET /notifications to GET /api/notifications","service":"research-mgmt-api","timestamp":"2025-04-16 16:08:39.438"}
{"level":"info","message":"Registered API redirect from GET /notifications/unread/count to GET /api/notifications/unread/count","service":"research-mgmt-api","timestamp":"2025-04-16 16:08:39.438"}
{"level":"info","message":"Registered API redirect from GET /user/profile to GET /api/user/profile","service":"research-mgmt-api","timestamp":"2025-04-16 16:08:39.438"}
{"level":"info","message":"Registered API redirect from GET /dashboard to GET /api/dashboard","service":"research-mgmt-api","timestamp":"2025-04-16 16:08:39.438"}
{"level":"info","message":"Registered API redirect from GET /calendar to GET /api/calendar","service":"research-mgmt-api","timestamp":"2025-04-16 16:08:39.439"}
{"level":"info","message":"Registered Team API redirect from GET /teams to GET /api/students/team/...","service":"research-mgmt-api","timestamp":"2025-04-16 16:08:39.439"}
{"level":"info","message":"Registered Team API redirect from GET /teams/my-team to GET /api/students/team/...","service":"research-mgmt-api","timestamp":"2025-04-16 16:08:39.439"}
{"level":"info","message":"Registered Team API redirect from GET /teams/:id to GET /api/students/team/...","service":"research-mgmt-api","timestamp":"2025-04-16 16:08:39.439"}
{"level":"info","message":"Registered Team API redirect from PUT /teams/:id to PUT /api/students/team/...","service":"research-mgmt-api","timestamp":"2025-04-16 16:08:39.439"}
{"level":"info","message":"Registered Team API redirect from DELETE /teams/:id to DELETE /api/students/team/...","service":"research-mgmt-api","timestamp":"2025-04-16 16:08:39.439"}
{"level":"info","message":"Registered Team API redirect from POST /teams/:id/invite to POST /api/students/team/...","service":"research-mgmt-api","timestamp":"2025-04-16 16:08:39.439"}
{"level":"info","message":"Registered Team API redirect from POST /teams/:id/leave to POST /api/students/team/...","service":"research-mgmt-api","timestamp":"2025-04-16 16:08:39.439"}
{"level":"info","message":"Registered Team API redirect from POST /teams/:id/remove-member to POST /api/students/team/...","service":"research-mgmt-api","timestamp":"2025-04-16 16:08:39.440"}
{"level":"info","message":"Registered Student Team API redirect from GET /api/student-teams to GET /api/students/team/...","service":"research-mgmt-api","timestamp":"2025-04-16 16:08:39.440"}
{"level":"info","message":"Registered Student Team API redirect from GET /api/student-teams/invitations to GET /api/students/team/...","service":"research-mgmt-api","timestamp":"2025-04-16 16:08:39.440"}
{"level":"info","message":"Registered Student Team API redirect from DELETE /api/student-teams/:id/leave to DELETE /api/students/team/...","service":"research-mgmt-api","timestamp":"2025-04-16 16:08:39.440"}
{"level":"info","message":"Registered API redirect from GET /projects to GET /api/projects","service":"research-mgmt-api","timestamp":"2025-04-16 16:08:39.440"}
{"level":"info","message":"Registered API redirect from POST /projects to POST /api/projects","service":"research-mgmt-api","timestamp":"2025-04-16 16:08:39.440"}
{"level":"info","message":"Registered API redirect from GET /sessions to GET /api/sessions","service":"research-mgmt-api","timestamp":"2025-04-16 16:08:39.440"}
{"level":"info","message":"Registered API redirect from POST /sessions to POST /api/sessions","service":"research-mgmt-api","timestamp":"2025-04-16 16:08:39.440"}
{"level":"info","message":"Registered API redirect from GET /messages to GET /api/messages","service":"research-mgmt-api","timestamp":"2025-04-16 16:08:39.440"}
{"level":"info","message":"Registered API redirect from POST /messages to POST /api/messages","service":"research-mgmt-api","timestamp":"2025-04-16 16:08:39.440"}
{"level":"info","message":"Registered API redirect from GET /projects/:id to GET /api/projects/:id","service":"research-mgmt-api","timestamp":"2025-04-16 16:08:39.440"}
{"level":"info","message":"Registered API redirect from PUT /projects/:id to PUT /api/projects/:id","service":"research-mgmt-api","timestamp":"2025-04-16 16:08:39.440"}
{"level":"info","message":"Registered API redirect from DELETE /projects/:id to DELETE /api/projects/:id","service":"research-mgmt-api","timestamp":"2025-04-16 16:08:39.441"}
{"level":"info","message":"Registered API redirect from GET /users/:id to GET /api/users/:id","service":"research-mgmt-api","timestamp":"2025-04-16 16:08:39.441"}
{"level":"info","message":"Registered API redirect from PUT /users/:id to PUT /api/users/:id","service":"research-mgmt-api","timestamp":"2025-04-16 16:08:39.441"}
{"level":"info","message":"Attempting to connect to MongoDB database","service":"research-mgmt-api","timestamp":"2025-04-16 16:08:39.441"}
{"level":"info","message":"Attempting to connect to MongoDB...","service":"research-mgmt-api","timestamp":"2025-04-16 16:08:39.441"}
{"level":"info","message":"MongoDB Connected: ac-xdpuchx-shard-00-00.tvoe17p.mongodb.net","service":"research-mgmt-api","timestamp":"2025-04-16 16:08:40.237"}
{"level":"info","message":"✅ MongoDB connection established successfully","service":"research-mgmt-api","timestamp":"2025-04-16 16:08:40.237"}
{"level":"info","message":"🚀 Server running on port 300000 and accessible from all network interfaces","service":"research-mgmt-api","timestamp":"2025-04-16 16:08:40.241"}
{"level":"info","message":"JWT helper initialized","service":"research-mgmt-api","timestamp":"2025-04-16 16:08:40.923"}
{"adminRoutes":true,"authRoutes":true,"level":"info","message":"Route modules loaded:","service":"research-mgmt-api","studentRoutes":true,"supervisorRoutes":true,"timestamp":"2025-04-16 16:08:40.958"}
{"level":"info","message":"Registered API redirect from GET /notifications to GET /api/notifications","service":"research-mgmt-api","timestamp":"2025-04-16 16:08:40.974"}
{"level":"info","message":"Registered API redirect from GET /notifications/unread/count to GET /api/notifications/unread/count","service":"research-mgmt-api","timestamp":"2025-04-16 16:08:40.975"}
{"level":"info","message":"Registered API redirect from GET /user/profile to GET /api/user/profile","service":"research-mgmt-api","timestamp":"2025-04-16 16:08:40.975"}
{"level":"info","message":"Registered API redirect from GET /dashboard to GET /api/dashboard","service":"research-mgmt-api","timestamp":"2025-04-16 16:08:40.975"}
{"level":"info","message":"Registered API redirect from GET /calendar to GET /api/calendar","service":"research-mgmt-api","timestamp":"2025-04-16 16:08:40.975"}
{"level":"info","message":"Registered Team API redirect from GET /teams to GET /api/students/team/...","service":"research-mgmt-api","timestamp":"2025-04-16 16:08:40.975"}
{"level":"info","message":"Registered Team API redirect from GET /teams/my-team to GET /api/students/team/...","service":"research-mgmt-api","timestamp":"2025-04-16 16:08:40.975"}
{"level":"info","message":"Registered Team API redirect from GET /teams/:id to GET /api/students/team/...","service":"research-mgmt-api","timestamp":"2025-04-16 16:08:40.976"}
{"level":"info","message":"Registered Team API redirect from PUT /teams/:id to PUT /api/students/team/...","service":"research-mgmt-api","timestamp":"2025-04-16 16:08:40.976"}
{"level":"info","message":"Registered Team API redirect from DELETE /teams/:id to DELETE /api/students/team/...","service":"research-mgmt-api","timestamp":"2025-04-16 16:08:40.976"}
{"level":"info","message":"Registered Team API redirect from POST /teams/:id/invite to POST /api/students/team/...","service":"research-mgmt-api","timestamp":"2025-04-16 16:08:40.976"}
{"level":"info","message":"Registered Team API redirect from POST /teams/:id/leave to POST /api/students/team/...","service":"research-mgmt-api","timestamp":"2025-04-16 16:08:40.976"}
{"level":"info","message":"Registered Team API redirect from POST /teams/:id/remove-member to POST /api/students/team/...","service":"research-mgmt-api","timestamp":"2025-04-16 16:08:40.976"}
{"level":"info","message":"Registered Student Team API redirect from GET /api/student-teams to GET /api/students/team/...","service":"research-mgmt-api","timestamp":"2025-04-16 16:08:40.976"}
{"level":"info","message":"Registered Student Team API redirect from GET /api/student-teams/invitations to GET /api/students/team/...","service":"research-mgmt-api","timestamp":"2025-04-16 16:08:40.976"}
{"level":"info","message":"Registered Student Team API redirect from DELETE /api/student-teams/:id/leave to DELETE /api/students/team/...","service":"research-mgmt-api","timestamp":"2025-04-16 16:08:40.976"}
{"level":"info","message":"Registered API redirect from GET /projects to GET /api/projects","service":"research-mgmt-api","timestamp":"2025-04-16 16:08:40.977"}
{"level":"info","message":"Registered API redirect from POST /projects to POST /api/projects","service":"research-mgmt-api","timestamp":"2025-04-16 16:08:40.977"}
{"level":"info","message":"Registered API redirect from GET /sessions to GET /api/sessions","service":"research-mgmt-api","timestamp":"2025-04-16 16:08:40.977"}
{"level":"info","message":"Registered API redirect from POST /sessions to POST /api/sessions","service":"research-mgmt-api","timestamp":"2025-04-16 16:08:40.977"}
{"level":"info","message":"Registered API redirect from GET /messages to GET /api/messages","service":"research-mgmt-api","timestamp":"2025-04-16 16:08:40.977"}
{"level":"info","message":"Registered API redirect from POST /messages to POST /api/messages","service":"research-mgmt-api","timestamp":"2025-04-16 16:08:40.977"}
{"level":"info","message":"Registered API redirect from GET /projects/:id to GET /api/projects/:id","service":"research-mgmt-api","timestamp":"2025-04-16 16:08:40.977"}
{"level":"info","message":"Registered API redirect from PUT /projects/:id to PUT /api/projects/:id","service":"research-mgmt-api","timestamp":"2025-04-16 16:08:40.977"}
{"level":"info","message":"Registered API redirect from DELETE /projects/:id to DELETE /api/projects/:id","service":"research-mgmt-api","timestamp":"2025-04-16 16:08:40.977"}
{"level":"info","message":"Registered API redirect from GET /users/:id to GET /api/users/:id","service":"research-mgmt-api","timestamp":"2025-04-16 16:08:40.977"}
{"level":"info","message":"Registered API redirect from PUT /users/:id to PUT /api/users/:id","service":"research-mgmt-api","timestamp":"2025-04-16 16:08:40.977"}
{"level":"info","message":"Attempting to connect to MongoDB database","service":"research-mgmt-api","timestamp":"2025-04-16 16:08:40.978"}
{"level":"info","message":"Attempting to connect to MongoDB...","service":"research-mgmt-api","timestamp":"2025-04-16 16:08:40.978"}
{"level":"info","message":"MongoDB Connected: ac-xdpuchx-shard-00-00.tvoe17p.mongodb.net","service":"research-mgmt-api","timestamp":"2025-04-16 16:08:41.683"}
{"level":"info","message":"✅ MongoDB connection established successfully","service":"research-mgmt-api","timestamp":"2025-04-16 16:08:41.683"}
{"level":"info","message":"🚀 Server running on port 300000 and accessible from all network interfaces","service":"research-mgmt-api","timestamp":"2025-04-16 16:08:41.688"}
{"level":"info","message":"JWT helper initialized","service":"research-mgmt-api","timestamp":"2025-04-16 16:08:52.035"}
{"adminRoutes":true,"authRoutes":true,"level":"info","message":"Route modules loaded:","service":"research-mgmt-api","studentRoutes":true,"supervisorRoutes":true,"timestamp":"2025-04-16 16:08:52.072"}
{"error":"Can't find variable: tea","level":"error","location":"uncaughtException handler","message":"Uncaught Exception:","service":"research-mgmt-api","stack":"ReferenceError: Can't find variable: tea\n    at studentRoutes (/home/swadhin/projects/Projectmanagement/server/src/routes/studentRoutes.js:28:3)\n    at _use (/home/swadhin/projects/Projectmanagement/server/node_modules/elysia/src/index.ts:3748:21)\n    at group (/home/swadhin/projects/Projectmanagement/server/node_modules/elysia/src/index.ts:2919:38)\n    at <anonymous> (/home/swadhin/projects/Projectmanagement/server/src/index.js:390:8)\n    at group (/home/swadhin/projects/Projectmanagement/server/node_modules/elysia/src/index.ts:2919:38)\n    at /home/swadhin/projects/Projectmanagement/server/src/index.js:366:5\n    at moduleEvaluation (native)\n    at moduleEvaluation (native)\n    at <anonymous> (native:2)\n    at processTicksAndRejections (native:7:39)","timestamp":"2025-04-16 16:08:52.093"}
{"level":"info","message":"JWT helper initialized","service":"research-mgmt-api","timestamp":"2025-04-16 16:08:54.181"}
{"adminRoutes":true,"authRoutes":true,"level":"info","message":"Route modules loaded:","service":"research-mgmt-api","studentRoutes":true,"supervisorRoutes":true,"timestamp":"2025-04-16 16:08:54.217"}
{"error":"Can't find variable: team","level":"error","location":"uncaughtException handler","message":"Uncaught Exception:","service":"research-mgmt-api","stack":"ReferenceError: Can't find variable: team\n    at studentRoutes (/home/swadhin/projects/Projectmanagement/server/src/routes/studentRoutes.js:28:3)\n    at _use (/home/swadhin/projects/Projectmanagement/server/node_modules/elysia/src/index.ts:3748:21)\n    at group (/home/swadhin/projects/Projectmanagement/server/node_modules/elysia/src/index.ts:2919:38)\n    at <anonymous> (/home/swadhin/projects/Projectmanagement/server/src/index.js:390:8)\n    at group (/home/swadhin/projects/Projectmanagement/server/node_modules/elysia/src/index.ts:2919:38)\n    at /home/swadhin/projects/Projectmanagement/server/src/index.js:366:5\n    at moduleEvaluation (native)\n    at moduleEvaluation (native)\n    at <anonymous> (native:2)\n    at processTicksAndRejections (native:7:39)","timestamp":"2025-04-16 16:08:54.230"}
{"level":"info","message":"JWT helper initialized","service":"research-mgmt-api","timestamp":"2025-04-16 16:58:16.532"}
{"adminRoutes":true,"authRoutes":true,"level":"info","message":"Route modules loaded:","service":"research-mgmt-api","studentRoutes":true,"supervisorRoutes":true,"timestamp":"2025-04-16 16:58:16.565"}
{"level":"info","message":"Registered API redirect from GET /notifications to GET /api/notifications","service":"research-mgmt-api","timestamp":"2025-04-16 16:58:16.579"}
{"level":"info","message":"Registered API redirect from GET /notifications/unread/count to GET /api/notifications/unread/count","service":"research-mgmt-api","timestamp":"2025-04-16 16:58:16.579"}
{"level":"info","message":"Registered API redirect from GET /user/profile to GET /api/user/profile","service":"research-mgmt-api","timestamp":"2025-04-16 16:58:16.579"}
{"level":"info","message":"Registered API redirect from GET /dashboard to GET /api/dashboard","service":"research-mgmt-api","timestamp":"2025-04-16 16:58:16.579"}
{"level":"info","message":"Registered API redirect from GET /calendar to GET /api/calendar","service":"research-mgmt-api","timestamp":"2025-04-16 16:58:16.579"}
{"level":"info","message":"Registered Team API redirect from GET /teams to GET /api/students/team/...","service":"research-mgmt-api","timestamp":"2025-04-16 16:58:16.580"}
{"level":"info","message":"Registered Team API redirect from GET /teams/my-team to GET /api/students/team/...","service":"research-mgmt-api","timestamp":"2025-04-16 16:58:16.580"}
{"level":"info","message":"Registered Team API redirect from GET /teams/:id to GET /api/students/team/...","service":"research-mgmt-api","timestamp":"2025-04-16 16:58:16.580"}
{"level":"info","message":"Registered Team API redirect from PUT /teams/:id to PUT /api/students/team/...","service":"research-mgmt-api","timestamp":"2025-04-16 16:58:16.580"}
{"level":"info","message":"Registered Team API redirect from DELETE /teams/:id to DELETE /api/students/team/...","service":"research-mgmt-api","timestamp":"2025-04-16 16:58:16.580"}
{"level":"info","message":"Registered Team API redirect from POST /teams/:id/invite to POST /api/students/team/...","service":"research-mgmt-api","timestamp":"2025-04-16 16:58:16.580"}
{"level":"info","message":"Registered Team API redirect from POST /teams/:id/leave to POST /api/students/team/...","service":"research-mgmt-api","timestamp":"2025-04-16 16:58:16.580"}
{"level":"info","message":"Registered Team API redirect from POST /teams/:id/remove-member to POST /api/students/team/...","service":"research-mgmt-api","timestamp":"2025-04-16 16:58:16.580"}
{"level":"info","message":"Registered Student Team API redirect from GET /api/student-teams to GET /api/students/team/...","service":"research-mgmt-api","timestamp":"2025-04-16 16:58:16.580"}
{"level":"info","message":"Registered Student Team API redirect from GET /api/student-teams/invitations to GET /api/students/team/...","service":"research-mgmt-api","timestamp":"2025-04-16 16:58:16.581"}
{"level":"info","message":"Registered Student Team API redirect from DELETE /api/student-teams/:id/leave to DELETE /api/students/team/...","service":"research-mgmt-api","timestamp":"2025-04-16 16:58:16.581"}
{"level":"info","message":"Registered API redirect from GET /projects to GET /api/projects","service":"research-mgmt-api","timestamp":"2025-04-16 16:58:16.581"}
{"level":"info","message":"Registered API redirect from POST /projects to POST /api/projects","service":"research-mgmt-api","timestamp":"2025-04-16 16:58:16.581"}
{"level":"info","message":"Registered API redirect from GET /sessions to GET /api/sessions","service":"research-mgmt-api","timestamp":"2025-04-16 16:58:16.581"}
{"level":"info","message":"Registered API redirect from POST /sessions to POST /api/sessions","service":"research-mgmt-api","timestamp":"2025-04-16 16:58:16.581"}
{"level":"info","message":"Registered API redirect from GET /messages to GET /api/messages","service":"research-mgmt-api","timestamp":"2025-04-16 16:58:16.581"}
{"level":"info","message":"Registered API redirect from POST /messages to POST /api/messages","service":"research-mgmt-api","timestamp":"2025-04-16 16:58:16.581"}
{"level":"info","message":"Registered API redirect from GET /projects/:id to GET /api/projects/:id","service":"research-mgmt-api","timestamp":"2025-04-16 16:58:16.581"}
{"level":"info","message":"Registered API redirect from PUT /projects/:id to PUT /api/projects/:id","service":"research-mgmt-api","timestamp":"2025-04-16 16:58:16.581"}
{"level":"info","message":"Registered API redirect from DELETE /projects/:id to DELETE /api/projects/:id","service":"research-mgmt-api","timestamp":"2025-04-16 16:58:16.581"}
{"level":"info","message":"Registered API redirect from GET /users/:id to GET /api/users/:id","service":"research-mgmt-api","timestamp":"2025-04-16 16:58:16.581"}
{"level":"info","message":"Registered API redirect from PUT /users/:id to PUT /api/users/:id","service":"research-mgmt-api","timestamp":"2025-04-16 16:58:16.581"}
{"level":"info","message":"Attempting to connect to MongoDB database","service":"research-mgmt-api","timestamp":"2025-04-16 16:58:16.582"}
{"level":"info","message":"Attempting to connect to MongoDB...","service":"research-mgmt-api","timestamp":"2025-04-16 16:58:16.582"}
{"__isStorageError":true,"level":"error","message":"Error checking storage bucket: Unable to connect. Is the computer able to access the url?","name":"StorageUnknownError","originalError":{"code":"ConnectionRefused","errno":0,"path":"https://xzlkieyjnyueayktyxud.supabase.co/storage/v1/bucket/team-chat-attachments"},"service":"research-mgmt-api","stack":"StorageUnknownError: Unable to connect. Is the computer able to access the url?\n    at new StorageError (/home/swadhin/projects/Projectmanagement/server/node_modules/@supabase/storage-js/dist/main/lib/errors.js:6:9)\n    at new StorageUnknownError (/home/swadhin/projects/Projectmanagement/server/node_modules/@supabase/storage-js/dist/main/lib/errors.js:33:9)\n    at <anonymous> (/home/swadhin/projects/Projectmanagement/server/node_modules/@supabase/storage-js/dist/main/lib/fetch.js:29:29)\n    at fulfilled (/home/swadhin/projects/Projectmanagement/server/node_modules/@supabase/storage-js/dist/main/lib/fetch.js:5:58)\n    at processTicksAndRejections (native:7:39)","timestamp":"2025-04-16 16:58:16.606"}
{"__isStorageError":true,"level":"error","message":"Failed to initialize storage bucket: Unable to connect. Is the computer able to access the url?","name":"StorageUnknownError","originalError":{"code":"ConnectionRefused","errno":0,"path":"https://xzlkieyjnyueayktyxud.supabase.co/storage/v1/bucket/team-chat-attachments"},"service":"research-mgmt-api","stack":"StorageUnknownError: Unable to connect. Is the computer able to access the url?\n    at new StorageError (/home/swadhin/projects/Projectmanagement/server/node_modules/@supabase/storage-js/dist/main/lib/errors.js:6:9)\n    at new StorageUnknownError (/home/swadhin/projects/Projectmanagement/server/node_modules/@supabase/storage-js/dist/main/lib/errors.js:33:9)\n    at <anonymous> (/home/swadhin/projects/Projectmanagement/server/node_modules/@supabase/storage-js/dist/main/lib/fetch.js:29:29)\n    at fulfilled (/home/swadhin/projects/Projectmanagement/server/node_modules/@supabase/storage-js/dist/main/lib/fetch.js:5:58)\n    at processTicksAndRejections (native:7:39)","timestamp":"2025-04-16 16:58:16.606"}
{"error":{"code":"ESERVFAIL","errno":3,"hostname":"_mongodb._tcp.testcx.tvoe17p.mongodb.net","name":"DNSException","syscall":"querySrv"},"level":"error","message":"Error connecting to MongoDB: querySrv ESERVFAIL _mongodb._tcp.testcx.tvoe17p.mongodb.net","mongoUriRedacted":"mongodb+srv://****:****@testcx.tvoe17p.mongodb.net/?retryWrites=true&w=majority&appName=testcx","service":"research-mgmt-api","timestamp":"2025-04-16 16:58:16.614"}
{"level":"info","message":"Retrying connection in 5000ms (Attempt 1 of 5)","service":"research-mgmt-api","timestamp":"2025-04-16 16:58:16.615"}
{"level":"info","message":"Attempting to connect to MongoDB...","service":"research-mgmt-api","timestamp":"2025-04-16 16:58:21.616"}
{"error":{"code":"ESERVFAIL","errno":3,"hostname":"_mongodb._tcp.testcx.tvoe17p.mongodb.net","name":"DNSException","syscall":"querySrv"},"level":"error","message":"Error connecting to MongoDB: querySrv ESERVFAIL _mongodb._tcp.testcx.tvoe17p.mongodb.net","mongoUriRedacted":"mongodb+srv://****:****@testcx.tvoe17p.mongodb.net/?retryWrites=true&w=majority&appName=testcx","service":"research-mgmt-api","timestamp":"2025-04-16 16:58:21.617"}
{"level":"info","message":"Retrying connection in 5000ms (Attempt 2 of 5)","service":"research-mgmt-api","timestamp":"2025-04-16 16:58:21.618"}
{"level":"info","message":"Attempting to connect to MongoDB...","service":"research-mgmt-api","timestamp":"2025-04-16 16:58:26.619"}
{"error":{"code":"ESERVFAIL","errno":3,"hostname":"_mongodb._tcp.testcx.tvoe17p.mongodb.net","name":"DNSException","syscall":"querySrv"},"level":"error","message":"Error connecting to MongoDB: querySrv ESERVFAIL _mongodb._tcp.testcx.tvoe17p.mongodb.net","mongoUriRedacted":"mongodb+srv://****:****@testcx.tvoe17p.mongodb.net/?retryWrites=true&w=majority&appName=testcx","service":"research-mgmt-api","timestamp":"2025-04-16 16:58:26.620"}
{"level":"info","message":"Retrying connection in 5000ms (Attempt 3 of 5)","service":"research-mgmt-api","timestamp":"2025-04-16 16:58:26.620"}
{"level":"info","message":"Attempting to connect to MongoDB...","service":"research-mgmt-api","timestamp":"2025-04-16 16:58:31.622"}
{"error":{"code":"ESERVFAIL","errno":3,"hostname":"_mongodb._tcp.testcx.tvoe17p.mongodb.net","name":"DNSException","syscall":"querySrv"},"level":"error","message":"Error connecting to MongoDB: querySrv ESERVFAIL _mongodb._tcp.testcx.tvoe17p.mongodb.net","mongoUriRedacted":"mongodb+srv://****:****@testcx.tvoe17p.mongodb.net/?retryWrites=true&w=majority&appName=testcx","service":"research-mgmt-api","timestamp":"2025-04-16 16:58:31.623"}
{"level":"info","message":"Retrying connection in 5000ms (Attempt 4 of 5)","service":"research-mgmt-api","timestamp":"2025-04-16 16:58:31.623"}
{"level":"info","message":"Attempting to connect to MongoDB...","service":"research-mgmt-api","timestamp":"2025-04-16 16:58:36.622"}
{"error":{"code":"ESERVFAIL","errno":3,"hostname":"_mongodb._tcp.testcx.tvoe17p.mongodb.net","name":"DNSException","syscall":"querySrv"},"level":"error","message":"Error connecting to MongoDB: querySrv ESERVFAIL _mongodb._tcp.testcx.tvoe17p.mongodb.net","mongoUriRedacted":"mongodb+srv://****:****@testcx.tvoe17p.mongodb.net/?retryWrites=true&w=majority&appName=testcx","service":"research-mgmt-api","timestamp":"2025-04-16 16:58:36.623"}
{"level":"info","message":"Retrying connection in 5000ms (Attempt 5 of 5)","service":"research-mgmt-api","timestamp":"2025-04-16 16:58:36.624"}
{"level":"info","message":"Attempting to connect to MongoDB...","service":"research-mgmt-api","timestamp":"2025-04-16 16:58:41.625"}
{"error":{"code":"ESERVFAIL","errno":3,"hostname":"_mongodb._tcp.testcx.tvoe17p.mongodb.net","name":"DNSException","syscall":"querySrv"},"level":"error","message":"Error connecting to MongoDB: querySrv ESERVFAIL _mongodb._tcp.testcx.tvoe17p.mongodb.net","mongoUriRedacted":"mongodb+srv://****:****@testcx.tvoe17p.mongodb.net/?retryWrites=true&w=majority&appName=testcx","service":"research-mgmt-api","timestamp":"2025-04-16 16:58:41.626"}
{"level":"error","message":"Failed to connect to MongoDB after 5 attempts","service":"research-mgmt-api","timestamp":"2025-04-16 16:58:41.626"}
{"code":"ESERVFAIL","errno":3,"hostname":"_mongodb._tcp.testcx.tvoe17p.mongodb.net","level":"error","message":"Server startup error: querySrv ESERVFAIL _mongodb._tcp.testcx.tvoe17p.mongodb.net","name":"DNSException","service":"research-mgmt-api","syscall":"querySrv","timestamp":"2025-04-16 16:58:41.626"}
{"level":"info","message":"⚠️ Port 300000 is not available. Trying port 3000001...","service":"research-mgmt-api","timestamp":"2025-04-16 16:58:41.626"}
{"level":"info","message":"Attempting to connect to MongoDB database","service":"research-mgmt-api","timestamp":"2025-04-16 16:58:41.626"}
{"level":"info","message":"Attempting to connect to MongoDB...","service":"research-mgmt-api","timestamp":"2025-04-16 16:58:41.626"}
{"error":{"code":"ESERVFAIL","errno":3,"hostname":"_mongodb._tcp.testcx.tvoe17p.mongodb.net","name":"DNSException","syscall":"querySrv"},"level":"error","message":"Error connecting to MongoDB: querySrv ESERVFAIL _mongodb._tcp.testcx.tvoe17p.mongodb.net","mongoUriRedacted":"mongodb+srv://****:****@testcx.tvoe17p.mongodb.net/?retryWrites=true&w=majority&appName=testcx","service":"research-mgmt-api","timestamp":"2025-04-16 16:58:41.627"}
{"level":"info","message":"Retrying connection in 5000ms (Attempt 1 of 5)","service":"research-mgmt-api","timestamp":"2025-04-16 16:58:41.627"}
{"level":"info","message":"Attempting to connect to MongoDB...","service":"research-mgmt-api","timestamp":"2025-04-16 16:58:46.627"}
{"error":{"code":"ESERVFAIL","errno":3,"hostname":"_mongodb._tcp.testcx.tvoe17p.mongodb.net","name":"DNSException","syscall":"querySrv"},"level":"error","message":"Error connecting to MongoDB: querySrv ESERVFAIL _mongodb._tcp.testcx.tvoe17p.mongodb.net","mongoUriRedacted":"mongodb+srv://****:****@testcx.tvoe17p.mongodb.net/?retryWrites=true&w=majority&appName=testcx","service":"research-mgmt-api","timestamp":"2025-04-16 16:58:46.628"}
{"level":"info","message":"Retrying connection in 5000ms (Attempt 2 of 5)","service":"research-mgmt-api","timestamp":"2025-04-16 16:58:46.628"}
{"level":"info","message":"Attempting to connect to MongoDB...","service":"research-mgmt-api","timestamp":"2025-04-16 16:58:51.630"}
{"error":{"code":"ESERVFAIL","errno":3,"hostname":"_mongodb._tcp.testcx.tvoe17p.mongodb.net","name":"DNSException","syscall":"querySrv"},"level":"error","message":"Error connecting to MongoDB: querySrv ESERVFAIL _mongodb._tcp.testcx.tvoe17p.mongodb.net","mongoUriRedacted":"mongodb+srv://****:****@testcx.tvoe17p.mongodb.net/?retryWrites=true&w=majority&appName=testcx","service":"research-mgmt-api","timestamp":"2025-04-16 16:58:51.631"}
{"level":"info","message":"Retrying connection in 5000ms (Attempt 3 of 5)","service":"research-mgmt-api","timestamp":"2025-04-16 16:58:51.631"}
{"level":"info","message":"Attempting to connect to MongoDB...","service":"research-mgmt-api","timestamp":"2025-04-16 16:58:56.631"}
{"error":{"code":"ESERVFAIL","errno":3,"hostname":"_mongodb._tcp.testcx.tvoe17p.mongodb.net","name":"DNSException","syscall":"querySrv"},"level":"error","message":"Error connecting to MongoDB: querySrv ESERVFAIL _mongodb._tcp.testcx.tvoe17p.mongodb.net","mongoUriRedacted":"mongodb+srv://****:****@testcx.tvoe17p.mongodb.net/?retryWrites=true&w=majority&appName=testcx","service":"research-mgmt-api","timestamp":"2025-04-16 16:58:56.632"}
{"level":"info","message":"Retrying connection in 5000ms (Attempt 4 of 5)","service":"research-mgmt-api","timestamp":"2025-04-16 16:58:56.632"}
{"level":"info","message":"JWT helper initialized","service":"research-mgmt-api","timestamp":"2025-04-16 16:59:22.204"}
{"adminRoutes":true,"authRoutes":true,"level":"info","message":"Route modules loaded:","service":"research-mgmt-api","studentRoutes":true,"supervisorRoutes":true,"timestamp":"2025-04-16 16:59:22.237"}
{"level":"info","message":"Registered API redirect from GET /notifications to GET /api/notifications","service":"research-mgmt-api","timestamp":"2025-04-16 16:59:22.251"}
{"level":"info","message":"Registered API redirect from GET /notifications/unread/count to GET /api/notifications/unread/count","service":"research-mgmt-api","timestamp":"2025-04-16 16:59:22.251"}
{"level":"info","message":"Registered API redirect from GET /user/profile to GET /api/user/profile","service":"research-mgmt-api","timestamp":"2025-04-16 16:59:22.251"}
{"level":"info","message":"Registered API redirect from GET /dashboard to GET /api/dashboard","service":"research-mgmt-api","timestamp":"2025-04-16 16:59:22.251"}
{"level":"info","message":"Registered API redirect from GET /calendar to GET /api/calendar","service":"research-mgmt-api","timestamp":"2025-04-16 16:59:22.251"}
{"level":"info","message":"Registered Team API redirect from GET /teams to GET /api/students/team/...","service":"research-mgmt-api","timestamp":"2025-04-16 16:59:22.251"}
{"level":"info","message":"Registered Team API redirect from GET /teams/my-team to GET /api/students/team/...","service":"research-mgmt-api","timestamp":"2025-04-16 16:59:22.251"}
{"level":"info","message":"Registered Team API redirect from GET /teams/:id to GET /api/students/team/...","service":"research-mgmt-api","timestamp":"2025-04-16 16:59:22.252"}
{"level":"info","message":"Registered Team API redirect from PUT /teams/:id to PUT /api/students/team/...","service":"research-mgmt-api","timestamp":"2025-04-16 16:59:22.252"}
{"level":"info","message":"Registered Team API redirect from DELETE /teams/:id to DELETE /api/students/team/...","service":"research-mgmt-api","timestamp":"2025-04-16 16:59:22.252"}
{"level":"info","message":"Registered Team API redirect from POST /teams/:id/invite to POST /api/students/team/...","service":"research-mgmt-api","timestamp":"2025-04-16 16:59:22.252"}
{"level":"info","message":"Registered Team API redirect from POST /teams/:id/leave to POST /api/students/team/...","service":"research-mgmt-api","timestamp":"2025-04-16 16:59:22.252"}
{"level":"info","message":"Registered Team API redirect from POST /teams/:id/remove-member to POST /api/students/team/...","service":"research-mgmt-api","timestamp":"2025-04-16 16:59:22.252"}
{"level":"info","message":"Registered Student Team API redirect from GET /api/student-teams to GET /api/students/team/...","service":"research-mgmt-api","timestamp":"2025-04-16 16:59:22.252"}
{"level":"info","message":"Registered Student Team API redirect from GET /api/student-teams/invitations to GET /api/students/team/...","service":"research-mgmt-api","timestamp":"2025-04-16 16:59:22.252"}
{"level":"info","message":"Registered Student Team API redirect from DELETE /api/student-teams/:id/leave to DELETE /api/students/team/...","service":"research-mgmt-api","timestamp":"2025-04-16 16:59:22.252"}
{"level":"info","message":"Registered API redirect from GET /projects to GET /api/projects","service":"research-mgmt-api","timestamp":"2025-04-16 16:59:22.253"}
{"level":"info","message":"Registered API redirect from POST /projects to POST /api/projects","service":"research-mgmt-api","timestamp":"2025-04-16 16:59:22.253"}
{"level":"info","message":"Registered API redirect from GET /sessions to GET /api/sessions","service":"research-mgmt-api","timestamp":"2025-04-16 16:59:22.253"}
{"level":"info","message":"Registered API redirect from POST /sessions to POST /api/sessions","service":"research-mgmt-api","timestamp":"2025-04-16 16:59:22.253"}
{"level":"info","message":"Registered API redirect from GET /messages to GET /api/messages","service":"research-mgmt-api","timestamp":"2025-04-16 16:59:22.253"}
{"level":"info","message":"Registered API redirect from POST /messages to POST /api/messages","service":"research-mgmt-api","timestamp":"2025-04-16 16:59:22.253"}
{"level":"info","message":"Registered API redirect from GET /projects/:id to GET /api/projects/:id","service":"research-mgmt-api","timestamp":"2025-04-16 16:59:22.253"}
{"level":"info","message":"Registered API redirect from PUT /projects/:id to PUT /api/projects/:id","service":"research-mgmt-api","timestamp":"2025-04-16 16:59:22.253"}
{"level":"info","message":"Registered API redirect from DELETE /projects/:id to DELETE /api/projects/:id","service":"research-mgmt-api","timestamp":"2025-04-16 16:59:22.253"}
{"level":"info","message":"Registered API redirect from GET /users/:id to GET /api/users/:id","service":"research-mgmt-api","timestamp":"2025-04-16 16:59:22.253"}
{"level":"info","message":"Registered API redirect from PUT /users/:id to PUT /api/users/:id","service":"research-mgmt-api","timestamp":"2025-04-16 16:59:22.253"}
{"level":"info","message":"Attempting to connect to MongoDB database","service":"research-mgmt-api","timestamp":"2025-04-16 16:59:22.253"}
{"level":"info","message":"Attempting to connect to MongoDB...","service":"research-mgmt-api","timestamp":"2025-04-16 16:59:22.254"}
{"level":"info","message":"MongoDB Connected: ac-xdpuchx-shard-00-00.tvoe17p.mongodb.net","service":"research-mgmt-api","timestamp":"2025-04-16 16:59:23.073"}
{"level":"info","message":"✅ MongoDB connection established successfully","service":"research-mgmt-api","timestamp":"2025-04-16 16:59:23.073"}
{"level":"info","message":"🚀 Server running on port 300000 and accessible from all network interfaces","service":"research-mgmt-api","timestamp":"2025-04-16 16:59:23.078"}
{"level":"info","message":"HTTP GET /api/notifications/unread/count - 200 (0ms)","service":"research-mgmt-api","timestamp":"2025-04-16 17:00:06.985"}
{"level":"info","message":"HTTP GET /api/notifications - 200 (0ms)","service":"research-mgmt-api","timestamp":"2025-04-16 17:00:06.989"}
{"level":"info","message":"HTTP GET /api/notifications/unread/count - 200 (0ms)","service":"research-mgmt-api","timestamp":"2025-04-16 17:01:06.979"}
{"level":"info","message":"HTTP GET /api/notifications/unread/count - 200 (0ms)","service":"research-mgmt-api","timestamp":"2025-04-16 17:02:06.979"}
{"level":"info","message":"HTTP GET /api/notifications/unread/count - 200 (0ms)","service":"research-mgmt-api","timestamp":"2025-04-16 17:03:06.979"}
{"level":"info","message":"JWT helper initialized","service":"research-mgmt-api","timestamp":"2025-04-16 17:06:03.991"}
{"adminRoutes":true,"authRoutes":true,"level":"info","message":"Route modules loaded:","service":"research-mgmt-api","studentRoutes":true,"supervisorRoutes":true,"timestamp":"2025-04-16 17:06:04.035"}
{"level":"info","message":"Registered API redirect from GET /notifications to GET /api/notifications","service":"research-mgmt-api","timestamp":"2025-04-16 17:06:04.049"}
{"level":"info","message":"Registered API redirect from GET /notifications/unread/count to GET /api/notifications/unread/count","service":"research-mgmt-api","timestamp":"2025-04-16 17:06:04.049"}
{"level":"info","message":"Registered API redirect from GET /user/profile to GET /api/user/profile","service":"research-mgmt-api","timestamp":"2025-04-16 17:06:04.049"}
{"level":"info","message":"Registered API redirect from GET /dashboard to GET /api/dashboard","service":"research-mgmt-api","timestamp":"2025-04-16 17:06:04.049"}
{"level":"info","message":"Registered API redirect from GET /calendar to GET /api/calendar","service":"research-mgmt-api","timestamp":"2025-04-16 17:06:04.049"}
{"level":"info","message":"Registered Team API redirect from GET /teams to GET /api/students/team/...","service":"research-mgmt-api","timestamp":"2025-04-16 17:06:04.050"}
{"level":"info","message":"Registered Team API redirect from GET /teams/my-team to GET /api/students/team/...","service":"research-mgmt-api","timestamp":"2025-04-16 17:06:04.050"}
{"level":"info","message":"Registered Team API redirect from GET /teams/:id to GET /api/students/team/...","service":"research-mgmt-api","timestamp":"2025-04-16 17:06:04.050"}
{"level":"info","message":"Registered Team API redirect from PUT /teams/:id to PUT /api/students/team/...","service":"research-mgmt-api","timestamp":"2025-04-16 17:06:04.050"}
{"level":"info","message":"Registered Team API redirect from DELETE /teams/:id to DELETE /api/students/team/...","service":"research-mgmt-api","timestamp":"2025-04-16 17:06:04.050"}
{"level":"info","message":"Registered Team API redirect from POST /teams/:id/invite to POST /api/students/team/...","service":"research-mgmt-api","timestamp":"2025-04-16 17:06:04.050"}
{"level":"info","message":"Registered Team API redirect from POST /teams/:id/leave to POST /api/students/team/...","service":"research-mgmt-api","timestamp":"2025-04-16 17:06:04.050"}
{"level":"info","message":"Registered Team API redirect from POST /teams/:id/remove-member to POST /api/students/team/...","service":"research-mgmt-api","timestamp":"2025-04-16 17:06:04.051"}
{"level":"info","message":"Registered Student Team API redirect from GET /api/student-teams to GET /api/students/team/...","service":"research-mgmt-api","timestamp":"2025-04-16 17:06:04.051"}
{"level":"info","message":"Registered Student Team API redirect from GET /api/student-teams/invitations to GET /api/students/team/...","service":"research-mgmt-api","timestamp":"2025-04-16 17:06:04.051"}
{"level":"info","message":"Registered Student Team API redirect from DELETE /api/student-teams/:id/leave to DELETE /api/students/team/...","service":"research-mgmt-api","timestamp":"2025-04-16 17:06:04.051"}
{"level":"info","message":"Registered API redirect from GET /projects to GET /api/projects","service":"research-mgmt-api","timestamp":"2025-04-16 17:06:04.051"}
{"level":"info","message":"Registered API redirect from POST /projects to POST /api/projects","service":"research-mgmt-api","timestamp":"2025-04-16 17:06:04.051"}
{"level":"info","message":"Registered API redirect from GET /sessions to GET /api/sessions","service":"research-mgmt-api","timestamp":"2025-04-16 17:06:04.051"}
{"level":"info","message":"Registered API redirect from POST /sessions to POST /api/sessions","service":"research-mgmt-api","timestamp":"2025-04-16 17:06:04.051"}
{"level":"info","message":"Registered API redirect from GET /messages to GET /api/messages","service":"research-mgmt-api","timestamp":"2025-04-16 17:06:04.051"}
{"level":"info","message":"Registered API redirect from POST /messages to POST /api/messages","service":"research-mgmt-api","timestamp":"2025-04-16 17:06:04.051"}
{"level":"info","message":"Registered API redirect from GET /projects/:id to GET /api/projects/:id","service":"research-mgmt-api","timestamp":"2025-04-16 17:06:04.051"}
{"level":"info","message":"Registered API redirect from PUT /projects/:id to PUT /api/projects/:id","service":"research-mgmt-api","timestamp":"2025-04-16 17:06:04.051"}
{"level":"info","message":"Registered API redirect from DELETE /projects/:id to DELETE /api/projects/:id","service":"research-mgmt-api","timestamp":"2025-04-16 17:06:04.052"}
{"level":"info","message":"Registered API redirect from GET /users/:id to GET /api/users/:id","service":"research-mgmt-api","timestamp":"2025-04-16 17:06:04.052"}
{"level":"info","message":"Registered API redirect from PUT /users/:id to PUT /api/users/:id","service":"research-mgmt-api","timestamp":"2025-04-16 17:06:04.052"}
{"level":"info","message":"Attempting to connect to MongoDB database","service":"research-mgmt-api","timestamp":"2025-04-16 17:06:04.052"}
{"level":"info","message":"Attempting to connect to MongoDB...","service":"research-mgmt-api","timestamp":"2025-04-16 17:06:04.052"}
{"level":"info","message":"MongoDB Connected: ac-xdpuchx-shard-00-02.tvoe17p.mongodb.net","service":"research-mgmt-api","timestamp":"2025-04-16 17:06:04.882"}
{"level":"info","message":"✅ MongoDB connection established successfully","service":"research-mgmt-api","timestamp":"2025-04-16 17:06:04.882"}
{"level":"info","message":"🚀 Server running on port 300000 and accessible from all network interfaces","service":"research-mgmt-api","timestamp":"2025-04-16 17:06:04.886"}
{"level":"info","message":"HTTP GET /api/notifications/unread/count - 200 (0ms)","service":"research-mgmt-api","timestamp":"2025-04-16 17:06:06.984"}
{"level":"info","message":"JWT helper initialized","service":"research-mgmt-api","timestamp":"2025-04-16 17:06:14.917"}
{"adminRoutes":true,"authRoutes":true,"level":"info","message":"Route modules loaded:","service":"research-mgmt-api","studentRoutes":true,"supervisorRoutes":true,"timestamp":"2025-04-16 17:06:14.951"}
{"level":"info","message":"Registered API redirect from GET /notifications to GET /api/notifications","service":"research-mgmt-api","timestamp":"2025-04-16 17:06:14.965"}
{"level":"info","message":"Registered API redirect from GET /notifications/unread/count to GET /api/notifications/unread/count","service":"research-mgmt-api","timestamp":"2025-04-16 17:06:14.965"}
{"level":"info","message":"Registered API redirect from GET /user/profile to GET /api/user/profile","service":"research-mgmt-api","timestamp":"2025-04-16 17:06:14.965"}
{"level":"info","message":"Registered API redirect from GET /dashboard to GET /api/dashboard","service":"research-mgmt-api","timestamp":"2025-04-16 17:06:14.965"}
{"level":"info","message":"Registered API redirect from GET /calendar to GET /api/calendar","service":"research-mgmt-api","timestamp":"2025-04-16 17:06:14.966"}
{"level":"info","message":"Registered Team API redirect from GET /teams to GET /api/students/team/...","service":"research-mgmt-api","timestamp":"2025-04-16 17:06:14.966"}
{"level":"info","message":"Registered Team API redirect from GET /teams/my-team to GET /api/students/team/...","service":"research-mgmt-api","timestamp":"2025-04-16 17:06:14.966"}
{"level":"info","message":"Registered Team API redirect from GET /teams/:id to GET /api/students/team/...","service":"research-mgmt-api","timestamp":"2025-04-16 17:06:14.966"}
{"level":"info","message":"Registered Team API redirect from PUT /teams/:id to PUT /api/students/team/...","service":"research-mgmt-api","timestamp":"2025-04-16 17:06:14.966"}
{"level":"info","message":"Registered Team API redirect from DELETE /teams/:id to DELETE /api/students/team/...","service":"research-mgmt-api","timestamp":"2025-04-16 17:06:14.966"}
{"level":"info","message":"Registered Team API redirect from POST /teams/:id/invite to POST /api/students/team/...","service":"research-mgmt-api","timestamp":"2025-04-16 17:06:14.966"}
{"level":"info","message":"Registered Team API redirect from POST /teams/:id/leave to POST /api/students/team/...","service":"research-mgmt-api","timestamp":"2025-04-16 17:06:14.966"}
{"level":"info","message":"Registered Team API redirect from POST /teams/:id/remove-member to POST /api/students/team/...","service":"research-mgmt-api","timestamp":"2025-04-16 17:06:14.967"}
{"level":"info","message":"Registered Student Team API redirect from GET /api/student-teams to GET /api/students/team/...","service":"research-mgmt-api","timestamp":"2025-04-16 17:06:14.967"}
{"level":"info","message":"Registered Student Team API redirect from GET /api/student-teams/invitations to GET /api/students/team/...","service":"research-mgmt-api","timestamp":"2025-04-16 17:06:14.967"}
{"level":"info","message":"Registered Student Team API redirect from DELETE /api/student-teams/:id/leave to DELETE /api/students/team/...","service":"research-mgmt-api","timestamp":"2025-04-16 17:06:14.967"}
{"level":"info","message":"Registered API redirect from GET /projects to GET /api/projects","service":"research-mgmt-api","timestamp":"2025-04-16 17:06:14.967"}
{"level":"info","message":"Registered API redirect from POST /projects to POST /api/projects","service":"research-mgmt-api","timestamp":"2025-04-16 17:06:14.967"}
{"level":"info","message":"Registered API redirect from GET /sessions to GET /api/sessions","service":"research-mgmt-api","timestamp":"2025-04-16 17:06:14.967"}
{"level":"info","message":"Registered API redirect from POST /sessions to POST /api/sessions","service":"research-mgmt-api","timestamp":"2025-04-16 17:06:14.967"}
{"level":"info","message":"Registered API redirect from GET /messages to GET /api/messages","service":"research-mgmt-api","timestamp":"2025-04-16 17:06:14.967"}
{"level":"info","message":"Registered API redirect from POST /messages to POST /api/messages","service":"research-mgmt-api","timestamp":"2025-04-16 17:06:14.968"}
{"level":"info","message":"Registered API redirect from GET /projects/:id to GET /api/projects/:id","service":"research-mgmt-api","timestamp":"2025-04-16 17:06:14.968"}
{"level":"info","message":"Registered API redirect from PUT /projects/:id to PUT /api/projects/:id","service":"research-mgmt-api","timestamp":"2025-04-16 17:06:14.968"}
{"level":"info","message":"Registered API redirect from DELETE /projects/:id to DELETE /api/projects/:id","service":"research-mgmt-api","timestamp":"2025-04-16 17:06:14.968"}
{"level":"info","message":"Registered API redirect from GET /users/:id to GET /api/users/:id","service":"research-mgmt-api","timestamp":"2025-04-16 17:06:14.968"}
{"level":"info","message":"Registered API redirect from PUT /users/:id to PUT /api/users/:id","service":"research-mgmt-api","timestamp":"2025-04-16 17:06:14.968"}
{"level":"info","message":"Attempting to connect to MongoDB database","service":"research-mgmt-api","timestamp":"2025-04-16 17:06:14.968"}
{"level":"info","message":"Attempting to connect to MongoDB...","service":"research-mgmt-api","timestamp":"2025-04-16 17:06:14.968"}
{"level":"info","message":"MongoDB Connected: ac-xdpuchx-shard-00-02.tvoe17p.mongodb.net","service":"research-mgmt-api","timestamp":"2025-04-16 17:06:15.657"}
{"level":"info","message":"✅ MongoDB connection established successfully","service":"research-mgmt-api","timestamp":"2025-04-16 17:06:15.657"}
{"level":"info","message":"🚀 Server running on port 300000 and accessible from all network interfaces","service":"research-mgmt-api","timestamp":"2025-04-16 17:06:15.661"}
{"level":"info","message":"JWT helper initialized","service":"research-mgmt-api","timestamp":"2025-04-16 17:06:22.042"}
{"adminRoutes":true,"authRoutes":true,"level":"info","message":"Route modules loaded:","service":"research-mgmt-api","studentRoutes":true,"supervisorRoutes":true,"timestamp":"2025-04-16 17:06:22.079"}
{"level":"info","message":"Registered API redirect from GET /notifications to GET /api/notifications","service":"research-mgmt-api","timestamp":"2025-04-16 17:06:22.094"}
{"level":"info","message":"Registered API redirect from GET /notifications/unread/count to GET /api/notifications/unread/count","service":"research-mgmt-api","timestamp":"2025-04-16 17:06:22.094"}
{"level":"info","message":"Registered API redirect from GET /user/profile to GET /api/user/profile","service":"research-mgmt-api","timestamp":"2025-04-16 17:06:22.094"}
{"level":"info","message":"Registered API redirect from GET /dashboard to GET /api/dashboard","service":"research-mgmt-api","timestamp":"2025-04-16 17:06:22.094"}
{"level":"info","message":"Registered API redirect from GET /calendar to GET /api/calendar","service":"research-mgmt-api","timestamp":"2025-04-16 17:06:22.094"}
{"level":"info","message":"Registered Team API redirect from GET /teams to GET /api/students/team/...","service":"research-mgmt-api","timestamp":"2025-04-16 17:06:22.094"}
{"level":"info","message":"Registered Team API redirect from GET /teams/my-team to GET /api/students/team/...","service":"research-mgmt-api","timestamp":"2025-04-16 17:06:22.095"}
{"level":"info","message":"Registered Team API redirect from GET /teams/:id to GET /api/students/team/...","service":"research-mgmt-api","timestamp":"2025-04-16 17:06:22.095"}
{"level":"info","message":"Registered Team API redirect from PUT /teams/:id to PUT /api/students/team/...","service":"research-mgmt-api","timestamp":"2025-04-16 17:06:22.095"}
{"level":"info","message":"Registered Team API redirect from DELETE /teams/:id to DELETE /api/students/team/...","service":"research-mgmt-api","timestamp":"2025-04-16 17:06:22.095"}
{"level":"info","message":"Registered Team API redirect from POST /teams/:id/invite to POST /api/students/team/...","service":"research-mgmt-api","timestamp":"2025-04-16 17:06:22.095"}
{"level":"info","message":"Registered Team API redirect from POST /teams/:id/leave to POST /api/students/team/...","service":"research-mgmt-api","timestamp":"2025-04-16 17:06:22.095"}
{"level":"info","message":"Registered Team API redirect from POST /teams/:id/remove-member to POST /api/students/team/...","service":"research-mgmt-api","timestamp":"2025-04-16 17:06:22.095"}
{"level":"info","message":"Registered Student Team API redirect from GET /api/student-teams to GET /api/students/team/...","service":"research-mgmt-api","timestamp":"2025-04-16 17:06:22.095"}
{"level":"info","message":"Registered Student Team API redirect from GET /api/student-teams/invitations to GET /api/students/team/...","service":"research-mgmt-api","timestamp":"2025-04-16 17:06:22.095"}
{"level":"info","message":"Registered Student Team API redirect from DELETE /api/student-teams/:id/leave to DELETE /api/students/team/...","service":"research-mgmt-api","timestamp":"2025-04-16 17:06:22.096"}
{"level":"info","message":"Registered API redirect from GET /projects to GET /api/projects","service":"research-mgmt-api","timestamp":"2025-04-16 17:06:22.096"}
{"level":"info","message":"Registered API redirect from POST /projects to POST /api/projects","service":"research-mgmt-api","timestamp":"2025-04-16 17:06:22.096"}
{"level":"info","message":"Registered API redirect from GET /sessions to GET /api/sessions","service":"research-mgmt-api","timestamp":"2025-04-16 17:06:22.096"}
{"level":"info","message":"Registered API redirect from POST /sessions to POST /api/sessions","service":"research-mgmt-api","timestamp":"2025-04-16 17:06:22.096"}
{"level":"info","message":"Registered API redirect from GET /messages to GET /api/messages","service":"research-mgmt-api","timestamp":"2025-04-16 17:06:22.096"}
{"level":"info","message":"Registered API redirect from POST /messages to POST /api/messages","service":"research-mgmt-api","timestamp":"2025-04-16 17:06:22.096"}
{"level":"info","message":"Registered API redirect from GET /projects/:id to GET /api/projects/:id","service":"research-mgmt-api","timestamp":"2025-04-16 17:06:22.096"}
{"level":"info","message":"Registered API redirect from PUT /projects/:id to PUT /api/projects/:id","service":"research-mgmt-api","timestamp":"2025-04-16 17:06:22.096"}
{"level":"info","message":"Registered API redirect from DELETE /projects/:id to DELETE /api/projects/:id","service":"research-mgmt-api","timestamp":"2025-04-16 17:06:22.096"}
{"level":"info","message":"Registered API redirect from GET /users/:id to GET /api/users/:id","service":"research-mgmt-api","timestamp":"2025-04-16 17:06:22.096"}
{"level":"info","message":"Registered API redirect from PUT /users/:id to PUT /api/users/:id","service":"research-mgmt-api","timestamp":"2025-04-16 17:06:22.096"}
{"level":"info","message":"Attempting to connect to MongoDB database","service":"research-mgmt-api","timestamp":"2025-04-16 17:06:22.097"}
{"level":"info","message":"Attempting to connect to MongoDB...","service":"research-mgmt-api","timestamp":"2025-04-16 17:06:22.097"}
{"level":"info","message":"MongoDB Connected: ac-xdpuchx-shard-00-01.tvoe17p.mongodb.net","service":"research-mgmt-api","timestamp":"2025-04-16 17:06:22.759"}
{"level":"info","message":"✅ MongoDB connection established successfully","service":"research-mgmt-api","timestamp":"2025-04-16 17:06:22.759"}
{"level":"info","message":"🚀 Server running on port 300000 and accessible from all network interfaces","service":"research-mgmt-api","timestamp":"2025-04-16 17:06:22.767"}
{"level":"info","message":"JWT helper initialized","service":"research-mgmt-api","timestamp":"2025-04-16 17:06:23.250"}
{"adminRoutes":true,"authRoutes":true,"level":"info","message":"Route modules loaded:","service":"research-mgmt-api","studentRoutes":true,"supervisorRoutes":true,"timestamp":"2025-04-16 17:06:23.292"}
{"level":"info","message":"Registered API redirect from GET /notifications to GET /api/notifications","service":"research-mgmt-api","timestamp":"2025-04-16 17:06:23.306"}
{"level":"info","message":"Registered API redirect from GET /notifications/unread/count to GET /api/notifications/unread/count","service":"research-mgmt-api","timestamp":"2025-04-16 17:06:23.307"}
{"level":"info","message":"Registered API redirect from GET /user/profile to GET /api/user/profile","service":"research-mgmt-api","timestamp":"2025-04-16 17:06:23.307"}
{"level":"info","message":"Registered API redirect from GET /dashboard to GET /api/dashboard","service":"research-mgmt-api","timestamp":"2025-04-16 17:06:23.307"}
{"level":"info","message":"Registered API redirect from GET /calendar to GET /api/calendar","service":"research-mgmt-api","timestamp":"2025-04-16 17:06:23.307"}
{"level":"info","message":"Registered Team API redirect from GET /teams to GET /api/students/team/...","service":"research-mgmt-api","timestamp":"2025-04-16 17:06:23.307"}
{"level":"info","message":"Registered Team API redirect from GET /teams/my-team to GET /api/students/team/...","service":"research-mgmt-api","timestamp":"2025-04-16 17:06:23.307"}
{"level":"info","message":"Registered Team API redirect from GET /teams/:id to GET /api/students/team/...","service":"research-mgmt-api","timestamp":"2025-04-16 17:06:23.308"}
{"level":"info","message":"Registered Team API redirect from PUT /teams/:id to PUT /api/students/team/...","service":"research-mgmt-api","timestamp":"2025-04-16 17:06:23.308"}
{"level":"info","message":"Registered Team API redirect from DELETE /teams/:id to DELETE /api/students/team/...","service":"research-mgmt-api","timestamp":"2025-04-16 17:06:23.308"}
{"level":"info","message":"Registered Team API redirect from POST /teams/:id/invite to POST /api/students/team/...","service":"research-mgmt-api","timestamp":"2025-04-16 17:06:23.308"}
{"level":"info","message":"Registered Team API redirect from POST /teams/:id/leave to POST /api/students/team/...","service":"research-mgmt-api","timestamp":"2025-04-16 17:06:23.308"}
{"level":"info","message":"Registered Team API redirect from POST /teams/:id/remove-member to POST /api/students/team/...","service":"research-mgmt-api","timestamp":"2025-04-16 17:06:23.308"}
{"level":"info","message":"Registered Student Team API redirect from GET /api/student-teams to GET /api/students/team/...","service":"research-mgmt-api","timestamp":"2025-04-16 17:06:23.308"}
{"level":"info","message":"Registered Student Team API redirect from GET /api/student-teams/invitations to GET /api/students/team/...","service":"research-mgmt-api","timestamp":"2025-04-16 17:06:23.308"}
{"level":"info","message":"Registered Student Team API redirect from DELETE /api/student-teams/:id/leave to DELETE /api/students/team/...","service":"research-mgmt-api","timestamp":"2025-04-16 17:06:23.308"}
{"level":"info","message":"Registered API redirect from GET /projects to GET /api/projects","service":"research-mgmt-api","timestamp":"2025-04-16 17:06:23.308"}
{"level":"info","message":"Registered API redirect from POST /projects to POST /api/projects","service":"research-mgmt-api","timestamp":"2025-04-16 17:06:23.309"}
{"level":"info","message":"Registered API redirect from GET /sessions to GET /api/sessions","service":"research-mgmt-api","timestamp":"2025-04-16 17:06:23.309"}
{"level":"info","message":"Registered API redirect from POST /sessions to POST /api/sessions","service":"research-mgmt-api","timestamp":"2025-04-16 17:06:23.309"}
{"level":"info","message":"Registered API redirect from GET /messages to GET /api/messages","service":"research-mgmt-api","timestamp":"2025-04-16 17:06:23.309"}
{"level":"info","message":"Registered API redirect from POST /messages to POST /api/messages","service":"research-mgmt-api","timestamp":"2025-04-16 17:06:23.309"}
{"level":"info","message":"Registered API redirect from GET /projects/:id to GET /api/projects/:id","service":"research-mgmt-api","timestamp":"2025-04-16 17:06:23.309"}
{"level":"info","message":"Registered API redirect from PUT /projects/:id to PUT /api/projects/:id","service":"research-mgmt-api","timestamp":"2025-04-16 17:06:23.309"}
{"level":"info","message":"Registered API redirect from DELETE /projects/:id to DELETE /api/projects/:id","service":"research-mgmt-api","timestamp":"2025-04-16 17:06:23.309"}
{"level":"info","message":"Registered API redirect from GET /users/:id to GET /api/users/:id","service":"research-mgmt-api","timestamp":"2025-04-16 17:06:23.309"}
{"level":"info","message":"Registered API redirect from PUT /users/:id to PUT /api/users/:id","service":"research-mgmt-api","timestamp":"2025-04-16 17:06:23.309"}
{"level":"info","message":"Attempting to connect to MongoDB database","service":"research-mgmt-api","timestamp":"2025-04-16 17:06:23.309"}
{"level":"info","message":"Attempting to connect to MongoDB...","service":"research-mgmt-api","timestamp":"2025-04-16 17:06:23.310"}
{"level":"info","message":"MongoDB Connected: ac-xdpuchx-shard-00-00.tvoe17p.mongodb.net","service":"research-mgmt-api","timestamp":"2025-04-16 17:06:23.980"}
{"level":"info","message":"✅ MongoDB connection established successfully","service":"research-mgmt-api","timestamp":"2025-04-16 17:06:23.980"}
{"level":"info","message":"🚀 Server running on port 300000 and accessible from all network interfaces","service":"research-mgmt-api","timestamp":"2025-04-16 17:06:23.985"}
{"level":"info","message":"JWT helper initialized","service":"research-mgmt-api","timestamp":"2025-04-16 17:06:48.153"}
{"adminRoutes":true,"authRoutes":true,"level":"info","message":"Route modules loaded:","service":"research-mgmt-api","studentRoutes":true,"supervisorRoutes":true,"timestamp":"2025-04-16 17:06:48.187"}
{"level":"info","message":"Registered API redirect from GET /notifications to GET /api/notifications","service":"research-mgmt-api","timestamp":"2025-04-16 17:06:48.202"}
{"level":"info","message":"Registered API redirect from GET /notifications/unread/count to GET /api/notifications/unread/count","service":"research-mgmt-api","timestamp":"2025-04-16 17:06:48.203"}
{"level":"info","message":"Registered API redirect from GET /user/profile to GET /api/user/profile","service":"research-mgmt-api","timestamp":"2025-04-16 17:06:48.203"}
{"level":"info","message":"Registered API redirect from GET /dashboard to GET /api/dashboard","service":"research-mgmt-api","timestamp":"2025-04-16 17:06:48.203"}
{"level":"info","message":"Registered API redirect from GET /calendar to GET /api/calendar","service":"research-mgmt-api","timestamp":"2025-04-16 17:06:48.203"}
{"level":"info","message":"Registered Team API redirect from GET /teams to GET /api/students/team/...","service":"research-mgmt-api","timestamp":"2025-04-16 17:06:48.203"}
{"level":"info","message":"Registered Team API redirect from GET /teams/my-team to GET /api/students/team/...","service":"research-mgmt-api","timestamp":"2025-04-16 17:06:48.203"}
{"level":"info","message":"Registered Team API redirect from GET /teams/:id to GET /api/students/team/...","service":"research-mgmt-api","timestamp":"2025-04-16 17:06:48.204"}
{"level":"info","message":"Registered Team API redirect from PUT /teams/:id to PUT /api/students/team/...","service":"research-mgmt-api","timestamp":"2025-04-16 17:06:48.204"}
{"level":"info","message":"Registered Team API redirect from DELETE /teams/:id to DELETE /api/students/team/...","service":"research-mgmt-api","timestamp":"2025-04-16 17:06:48.204"}
{"level":"info","message":"Registered Team API redirect from POST /teams/:id/invite to POST /api/students/team/...","service":"research-mgmt-api","timestamp":"2025-04-16 17:06:48.204"}
{"level":"info","message":"Registered Team API redirect from POST /teams/:id/leave to POST /api/students/team/...","service":"research-mgmt-api","timestamp":"2025-04-16 17:06:48.204"}
{"level":"info","message":"Registered Team API redirect from POST /teams/:id/remove-member to POST /api/students/team/...","service":"research-mgmt-api","timestamp":"2025-04-16 17:06:48.204"}
{"level":"info","message":"Registered Student Team API redirect from GET /api/student-teams to GET /api/students/team/...","service":"research-mgmt-api","timestamp":"2025-04-16 17:06:48.204"}
{"level":"info","message":"Registered Student Team API redirect from GET /api/student-teams/invitations to GET /api/students/team/...","service":"research-mgmt-api","timestamp":"2025-04-16 17:06:48.204"}
{"level":"info","message":"Registered Student Team API redirect from DELETE /api/student-teams/:id/leave to DELETE /api/students/team/...","service":"research-mgmt-api","timestamp":"2025-04-16 17:06:48.204"}
{"level":"info","message":"Registered API redirect from GET /projects to GET /api/projects","service":"research-mgmt-api","timestamp":"2025-04-16 17:06:48.205"}
{"level":"info","message":"Registered API redirect from POST /projects to POST /api/projects","service":"research-mgmt-api","timestamp":"2025-04-16 17:06:48.205"}
{"level":"info","message":"Registered API redirect from GET /sessions to GET /api/sessions","service":"research-mgmt-api","timestamp":"2025-04-16 17:06:48.205"}
{"level":"info","message":"Registered API redirect from POST /sessions to POST /api/sessions","service":"research-mgmt-api","timestamp":"2025-04-16 17:06:48.205"}
{"level":"info","message":"Registered API redirect from GET /messages to GET /api/messages","service":"research-mgmt-api","timestamp":"2025-04-16 17:06:48.205"}
{"level":"info","message":"Registered API redirect from POST /messages to POST /api/messages","service":"research-mgmt-api","timestamp":"2025-04-16 17:06:48.205"}
{"level":"info","message":"Registered API redirect from GET /projects/:id to GET /api/projects/:id","service":"research-mgmt-api","timestamp":"2025-04-16 17:06:48.205"}
{"level":"info","message":"Registered API redirect from PUT /projects/:id to PUT /api/projects/:id","service":"research-mgmt-api","timestamp":"2025-04-16 17:06:48.205"}
{"level":"info","message":"Registered API redirect from DELETE /projects/:id to DELETE /api/projects/:id","service":"research-mgmt-api","timestamp":"2025-04-16 17:06:48.205"}
{"level":"info","message":"Registered API redirect from GET /users/:id to GET /api/users/:id","service":"research-mgmt-api","timestamp":"2025-04-16 17:06:48.205"}
{"level":"info","message":"Registered API redirect from PUT /users/:id to PUT /api/users/:id","service":"research-mgmt-api","timestamp":"2025-04-16 17:06:48.205"}
{"level":"info","message":"Attempting to connect to MongoDB database","service":"research-mgmt-api","timestamp":"2025-04-16 17:06:48.205"}
{"level":"info","message":"Attempting to connect to MongoDB...","service":"research-mgmt-api","timestamp":"2025-04-16 17:06:48.206"}
{"level":"info","message":"MongoDB Connected: ac-xdpuchx-shard-00-02.tvoe17p.mongodb.net","service":"research-mgmt-api","timestamp":"2025-04-16 17:06:48.872"}
{"level":"info","message":"✅ MongoDB connection established successfully","service":"research-mgmt-api","timestamp":"2025-04-16 17:06:48.873"}
{"level":"info","message":"🚀 Server running on port 300000 and accessible from all network interfaces","service":"research-mgmt-api","timestamp":"2025-04-16 17:06:48.878"}
{"level":"info","message":"JWT helper initialized","service":"research-mgmt-api","timestamp":"2025-04-16 17:07:07.538"}
{"adminRoutes":true,"authRoutes":true,"level":"info","message":"Route modules loaded:","service":"research-mgmt-api","studentRoutes":true,"supervisorRoutes":true,"timestamp":"2025-04-16 17:07:07.574"}
{"error":"Can't find variable: body","level":"error","location":"uncaughtException handler","message":"Uncaught Exception:","service":"research-mgmt-api","stack":"ReferenceError: Can't find variable: body\n    at <anonymous> (/home/swadhin/projects/Projectmanagement/server/src/routes/studentRoutes.js:67:29)\n    at group (/home/swadhin/projects/Projectmanagement/server/node_modules/elysia/src/index.ts:2919:38)\n    at <anonymous> (/home/swadhin/projects/Projectmanagement/server/src/routes/studentRoutes.js:43:11)\n    at group (/home/swadhin/projects/Projectmanagement/server/node_modules/elysia/src/index.ts:2919:38)\n    at studentRoutes (/home/swadhin/projects/Projectmanagement/server/src/routes/studentRoutes.js:41:9)\n    at _use (/home/swadhin/projects/Projectmanagement/server/node_modules/elysia/src/index.ts:3748:21)\n    at group (/home/swadhin/projects/Projectmanagement/server/node_modules/elysia/src/index.ts:2919:38)\n    at <anonymous> (/home/swadhin/projects/Projectmanagement/server/src/index.js:390:8)\n    at group (/home/swadhin/projects/Projectmanagement/server/node_modules/elysia/src/index.ts:2919:38)\n    at /home/swadhin/projects/Projectmanagement/server/src/index.js:366:5","timestamp":"2025-04-16 17:07:07.587"}
{"level":"info","message":"JWT helper initialized","service":"research-mgmt-api","timestamp":"2025-04-16 17:09:15.416"}
{"adminRoutes":true,"authRoutes":true,"level":"info","message":"Route modules loaded:","service":"research-mgmt-api","studentRoutes":true,"supervisorRoutes":true,"timestamp":"2025-04-16 17:09:15.455"}
{"level":"info","message":"Registered API redirect from GET /notifications to GET /api/notifications","service":"research-mgmt-api","timestamp":"2025-04-16 17:09:15.469"}
{"level":"info","message":"Registered API redirect from GET /notifications/unread/count to GET /api/notifications/unread/count","service":"research-mgmt-api","timestamp":"2025-04-16 17:09:15.469"}
{"level":"info","message":"Registered API redirect from GET /user/profile to GET /api/user/profile","service":"research-mgmt-api","timestamp":"2025-04-16 17:09:15.470"}
{"level":"info","message":"Registered API redirect from GET /dashboard to GET /api/dashboard","service":"research-mgmt-api","timestamp":"2025-04-16 17:09:15.470"}
{"level":"info","message":"Registered API redirect from GET /calendar to GET /api/calendar","service":"research-mgmt-api","timestamp":"2025-04-16 17:09:15.470"}
{"level":"info","message":"Registered Team API redirect from GET /teams to GET /api/students/team/...","service":"research-mgmt-api","timestamp":"2025-04-16 17:09:15.470"}
{"level":"info","message":"Registered Team API redirect from GET /teams/my-team to GET /api/students/team/...","service":"research-mgmt-api","timestamp":"2025-04-16 17:09:15.470"}
{"level":"info","message":"Registered Team API redirect from GET /teams/:id to GET /api/students/team/...","service":"research-mgmt-api","timestamp":"2025-04-16 17:09:15.470"}
{"level":"info","message":"Registered Team API redirect from PUT /teams/:id to PUT /api/students/team/...","service":"research-mgmt-api","timestamp":"2025-04-16 17:09:15.470"}
{"level":"info","message":"Registered Team API redirect from DELETE /teams/:id to DELETE /api/students/team/...","service":"research-mgmt-api","timestamp":"2025-04-16 17:09:15.470"}
{"level":"info","message":"Registered Team API redirect from POST /teams/:id/invite to POST /api/students/team/...","service":"research-mgmt-api","timestamp":"2025-04-16 17:09:15.471"}
{"level":"info","message":"Registered Team API redirect from POST /teams/:id/leave to POST /api/students/team/...","service":"research-mgmt-api","timestamp":"2025-04-16 17:09:15.471"}
{"level":"info","message":"Registered Team API redirect from POST /teams/:id/remove-member to POST /api/students/team/...","service":"research-mgmt-api","timestamp":"2025-04-16 17:09:15.471"}
{"level":"info","message":"Registered Student Team API redirect from GET /api/student-teams to GET /api/students/team/...","service":"research-mgmt-api","timestamp":"2025-04-16 17:09:15.471"}
{"level":"info","message":"Registered Student Team API redirect from GET /api/student-teams/invitations to GET /api/students/team/...","service":"research-mgmt-api","timestamp":"2025-04-16 17:09:15.471"}
{"level":"info","message":"Registered Student Team API redirect from DELETE /api/student-teams/:id/leave to DELETE /api/students/team/...","service":"research-mgmt-api","timestamp":"2025-04-16 17:09:15.471"}
{"level":"info","message":"Registered API redirect from GET /projects to GET /api/projects","service":"research-mgmt-api","timestamp":"2025-04-16 17:09:15.471"}
{"level":"info","message":"Registered API redirect from POST /projects to POST /api/projects","service":"research-mgmt-api","timestamp":"2025-04-16 17:09:15.471"}
{"level":"info","message":"Registered API redirect from GET /sessions to GET /api/sessions","service":"research-mgmt-api","timestamp":"2025-04-16 17:09:15.471"}
{"level":"info","message":"Registered API redirect from POST /sessions to POST /api/sessions","service":"research-mgmt-api","timestamp":"2025-04-16 17:09:15.471"}
{"level":"info","message":"Registered API redirect from GET /messages to GET /api/messages","service":"research-mgmt-api","timestamp":"2025-04-16 17:09:15.471"}
{"level":"info","message":"Registered API redirect from POST /messages to POST /api/messages","service":"research-mgmt-api","timestamp":"2025-04-16 17:09:15.472"}
{"level":"info","message":"Registered API redirect from GET /projects/:id to GET /api/projects/:id","service":"research-mgmt-api","timestamp":"2025-04-16 17:09:15.472"}
{"level":"info","message":"Registered API redirect from PUT /projects/:id to PUT /api/projects/:id","service":"research-mgmt-api","timestamp":"2025-04-16 17:09:15.472"}
{"level":"info","message":"Registered API redirect from DELETE /projects/:id to DELETE /api/projects/:id","service":"research-mgmt-api","timestamp":"2025-04-16 17:09:15.472"}
{"level":"info","message":"Registered API redirect from GET /users/:id to GET /api/users/:id","service":"research-mgmt-api","timestamp":"2025-04-16 17:09:15.472"}
{"level":"info","message":"Registered API redirect from PUT /users/:id to PUT /api/users/:id","service":"research-mgmt-api","timestamp":"2025-04-16 17:09:15.472"}
{"level":"info","message":"Attempting to connect to MongoDB database","service":"research-mgmt-api","timestamp":"2025-04-16 17:09:15.472"}
{"level":"info","message":"Attempting to connect to MongoDB...","service":"research-mgmt-api","timestamp":"2025-04-16 17:09:15.473"}
{"level":"info","message":"MongoDB Connected: ac-xdpuchx-shard-00-01.tvoe17p.mongodb.net","service":"research-mgmt-api","timestamp":"2025-04-16 17:09:16.254"}
{"level":"info","message":"✅ MongoDB connection established successfully","service":"research-mgmt-api","timestamp":"2025-04-16 17:09:16.254"}
{"level":"info","message":"🚀 Server running on port 300000 and accessible from all network interfaces","service":"research-mgmt-api","timestamp":"2025-04-16 17:09:16.258"}
{"level":"info","message":"HTTP POST /api/student/team/create - 200 (0ms)","service":"research-mgmt-api","timestamp":"2025-04-16 17:09:25.993"}
{"level":"info","message":"HTTP GET /api/student/team/invitations - 200 (53ms)","service":"research-mgmt-api","timestamp":"2025-04-16 17:09:26.051"}
{"level":"info","message":"HTTP GET /api/notifications/unread/count - 200 (0ms)","service":"research-mgmt-api","timestamp":"2025-04-16 17:09:39.515"}
{"level":"info","message":"HTTP GET /api/notifications - 200 (0ms)","service":"research-mgmt-api","timestamp":"2025-04-16 17:09:39.517"}
{"level":"info","message":"HTTP GET /api/notifications/unread/count - 200 (0ms)","service":"research-mgmt-api","timestamp":"2025-04-16 17:10:39.515"}
{"level":"info","message":"HTTP GET /api/notifications/unread/count - 200 (0ms)","service":"research-mgmt-api","timestamp":"2025-04-16 17:11:39.979"}
{"level":"info","message":"HTTP GET /api/notifications/unread/count - 200 (0ms)","service":"research-mgmt-api","timestamp":"2025-04-16 17:13:06.979"}
{"level":"info","message":"HTTP GET /api/notifications/unread/count - 200 (0ms)","service":"research-mgmt-api","timestamp":"2025-04-16 17:14:06.979"}
{"external":"29 MB","heapTotal":"32 MB","heapUsed":"54 MB","level":"info","message":"Memory usage stats:","rss":"214 MB","service":"research-mgmt-api","timestamp":"2025-04-16 17:14:15.479"}
{"level":"info","message":"JWT helper initialized","service":"research-mgmt-api","timestamp":"2025-04-16 17:14:40.523"}
{"adminRoutes":true,"authRoutes":true,"level":"info","message":"Route modules loaded:","service":"research-mgmt-api","studentRoutes":true,"supervisorRoutes":true,"timestamp":"2025-04-16 17:14:40.558"}
{"level":"info","message":"Registered API redirect from GET /notifications to GET /api/notifications","service":"research-mgmt-api","timestamp":"2025-04-16 17:14:40.573"}
{"level":"info","message":"Registered API redirect from GET /notifications/unread/count to GET /api/notifications/unread/count","service":"research-mgmt-api","timestamp":"2025-04-16 17:14:40.574"}
{"level":"info","message":"Registered API redirect from GET /user/profile to GET /api/user/profile","service":"research-mgmt-api","timestamp":"2025-04-16 17:14:40.574"}
{"level":"info","message":"Registered API redirect from GET /dashboard to GET /api/dashboard","service":"research-mgmt-api","timestamp":"2025-04-16 17:14:40.574"}
{"level":"info","message":"Registered API redirect from GET /calendar to GET /api/calendar","service":"research-mgmt-api","timestamp":"2025-04-16 17:14:40.574"}
{"level":"info","message":"Registered Team API redirect from GET /teams to GET /api/students/team/...","service":"research-mgmt-api","timestamp":"2025-04-16 17:14:40.574"}
{"level":"info","message":"Registered Team API redirect from GET /teams/my-team to GET /api/students/team/...","service":"research-mgmt-api","timestamp":"2025-04-16 17:14:40.574"}
{"level":"info","message":"Registered Team API redirect from GET /teams/:id to GET /api/students/team/...","service":"research-mgmt-api","timestamp":"2025-04-16 17:14:40.575"}
{"level":"info","message":"Registered Team API redirect from PUT /teams/:id to PUT /api/students/team/...","service":"research-mgmt-api","timestamp":"2025-04-16 17:14:40.575"}
{"level":"info","message":"Registered Team API redirect from DELETE /teams/:id to DELETE /api/students/team/...","service":"research-mgmt-api","timestamp":"2025-04-16 17:14:40.575"}
{"level":"info","message":"Registered Team API redirect from POST /teams/:id/invite to POST /api/students/team/...","service":"research-mgmt-api","timestamp":"2025-04-16 17:14:40.575"}
{"level":"info","message":"Registered Team API redirect from POST /teams/:id/leave to POST /api/students/team/...","service":"research-mgmt-api","timestamp":"2025-04-16 17:14:40.575"}
{"level":"info","message":"Registered Team API redirect from POST /teams/:id/remove-member to POST /api/students/team/...","service":"research-mgmt-api","timestamp":"2025-04-16 17:14:40.575"}
{"level":"info","message":"Registered Student Team API redirect from GET /api/student-teams to GET /api/students/team/...","service":"research-mgmt-api","timestamp":"2025-04-16 17:14:40.575"}
{"level":"info","message":"Registered Student Team API redirect from GET /api/student-teams/invitations to GET /api/students/team/...","service":"research-mgmt-api","timestamp":"2025-04-16 17:14:40.575"}
{"level":"info","message":"Registered Student Team API redirect from DELETE /api/student-teams/:id/leave to DELETE /api/students/team/...","service":"research-mgmt-api","timestamp":"2025-04-16 17:14:40.576"}
{"level":"info","message":"Registered API redirect from GET /projects to GET /api/projects","service":"research-mgmt-api","timestamp":"2025-04-16 17:14:40.576"}
{"level":"info","message":"Registered API redirect from POST /projects to POST /api/projects","service":"research-mgmt-api","timestamp":"2025-04-16 17:14:40.576"}
{"level":"info","message":"Registered API redirect from GET /sessions to GET /api/sessions","service":"research-mgmt-api","timestamp":"2025-04-16 17:14:40.576"}
{"level":"info","message":"Registered API redirect from POST /sessions to POST /api/sessions","service":"research-mgmt-api","timestamp":"2025-04-16 17:14:40.576"}
{"level":"info","message":"Registered API redirect from GET /messages to GET /api/messages","service":"research-mgmt-api","timestamp":"2025-04-16 17:14:40.576"}
{"level":"info","message":"Registered API redirect from POST /messages to POST /api/messages","service":"research-mgmt-api","timestamp":"2025-04-16 17:14:40.576"}
{"level":"info","message":"Registered API redirect from GET /projects/:id to GET /api/projects/:id","service":"research-mgmt-api","timestamp":"2025-04-16 17:14:40.576"}
{"level":"info","message":"Registered API redirect from PUT /projects/:id to PUT /api/projects/:id","service":"research-mgmt-api","timestamp":"2025-04-16 17:14:40.576"}
{"level":"info","message":"Registered API redirect from DELETE /projects/:id to DELETE /api/projects/:id","service":"research-mgmt-api","timestamp":"2025-04-16 17:14:40.576"}
{"level":"info","message":"Registered API redirect from GET /users/:id to GET /api/users/:id","service":"research-mgmt-api","timestamp":"2025-04-16 17:14:40.576"}
{"level":"info","message":"Registered API redirect from PUT /users/:id to PUT /api/users/:id","service":"research-mgmt-api","timestamp":"2025-04-16 17:14:40.576"}
{"level":"info","message":"Attempting to connect to MongoDB database","service":"research-mgmt-api","timestamp":"2025-04-16 17:14:40.577"}
{"level":"info","message":"Attempting to connect to MongoDB...","service":"research-mgmt-api","timestamp":"2025-04-16 17:14:40.577"}
{"level":"info","message":"MongoDB Connected: ac-xdpuchx-shard-00-00.tvoe17p.mongodb.net","service":"research-mgmt-api","timestamp":"2025-04-16 17:14:41.356"}
{"level":"info","message":"✅ MongoDB connection established successfully","service":"research-mgmt-api","timestamp":"2025-04-16 17:14:41.356"}
{"level":"info","message":"🚀 Server running on port 300000 and accessible from all network interfaces","service":"research-mgmt-api","timestamp":"2025-04-16 17:14:41.363"}
{"level":"info","message":"HTTP GET /api/notifications/unread/count - 200 (0ms)","service":"research-mgmt-api","timestamp":"2025-04-16 17:15:06.985"}
{"level":"info","message":"HTTP GET /api/notifications - 200 (0ms)","service":"research-mgmt-api","timestamp":"2025-04-16 17:15:06.988"}
{"level":"info","message":"JWT helper initialized","service":"research-mgmt-api","timestamp":"2025-04-16 17:15:53.443"}
{"adminRoutes":true,"authRoutes":true,"level":"info","message":"Route modules loaded:","service":"research-mgmt-api","studentRoutes":true,"supervisorRoutes":true,"timestamp":"2025-04-16 17:15:53.477"}
{"level":"info","message":"Registered API redirect from GET /notifications to GET /api/notifications","service":"research-mgmt-api","timestamp":"2025-04-16 17:15:53.491"}
{"level":"info","message":"Registered API redirect from GET /notifications/unread/count to GET /api/notifications/unread/count","service":"research-mgmt-api","timestamp":"2025-04-16 17:15:53.491"}
{"level":"info","message":"Registered API redirect from GET /user/profile to GET /api/user/profile","service":"research-mgmt-api","timestamp":"2025-04-16 17:15:53.491"}
{"level":"info","message":"Registered API redirect from GET /dashboard to GET /api/dashboard","service":"research-mgmt-api","timestamp":"2025-04-16 17:15:53.492"}
{"level":"info","message":"Registered API redirect from GET /calendar to GET /api/calendar","service":"research-mgmt-api","timestamp":"2025-04-16 17:15:53.492"}
{"level":"info","message":"Registered Team API redirect from GET /teams to GET /api/students/team/...","service":"research-mgmt-api","timestamp":"2025-04-16 17:15:53.492"}
{"level":"info","message":"Registered Team API redirect from GET /teams/my-team to GET /api/students/team/...","service":"research-mgmt-api","timestamp":"2025-04-16 17:15:53.492"}
{"level":"info","message":"Registered Team API redirect from GET /teams/:id to GET /api/students/team/...","service":"research-mgmt-api","timestamp":"2025-04-16 17:15:53.492"}
{"level":"info","message":"Registered Team API redirect from PUT /teams/:id to PUT /api/students/team/...","service":"research-mgmt-api","timestamp":"2025-04-16 17:15:53.492"}
{"level":"info","message":"Registered Team API redirect from DELETE /teams/:id to DELETE /api/students/team/...","service":"research-mgmt-api","timestamp":"2025-04-16 17:15:53.492"}
{"level":"info","message":"Registered Team API redirect from POST /teams/:id/invite to POST /api/students/team/...","service":"research-mgmt-api","timestamp":"2025-04-16 17:15:53.493"}
{"level":"info","message":"Registered Team API redirect from POST /teams/:id/leave to POST /api/students/team/...","service":"research-mgmt-api","timestamp":"2025-04-16 17:15:53.493"}
{"level":"info","message":"Registered Team API redirect from POST /teams/:id/remove-member to POST /api/students/team/...","service":"research-mgmt-api","timestamp":"2025-04-16 17:15:53.493"}
{"level":"info","message":"Registered Student Team API redirect from GET /api/student-teams to GET /api/students/team/...","service":"research-mgmt-api","timestamp":"2025-04-16 17:15:53.493"}
{"level":"info","message":"Registered Student Team API redirect from GET /api/student-teams/invitations to GET /api/students/team/...","service":"research-mgmt-api","timestamp":"2025-04-16 17:15:53.493"}
{"level":"info","message":"Registered Student Team API redirect from DELETE /api/student-teams/:id/leave to DELETE /api/students/team/...","service":"research-mgmt-api","timestamp":"2025-04-16 17:15:53.493"}
{"level":"info","message":"Registered API redirect from GET /projects to GET /api/projects","service":"research-mgmt-api","timestamp":"2025-04-16 17:15:53.493"}
{"level":"info","message":"Registered API redirect from POST /projects to POST /api/projects","service":"research-mgmt-api","timestamp":"2025-04-16 17:15:53.493"}
{"level":"info","message":"Registered API redirect from GET /sessions to GET /api/sessions","service":"research-mgmt-api","timestamp":"2025-04-16 17:15:53.493"}
{"level":"info","message":"Registered API redirect from POST /sessions to POST /api/sessions","service":"research-mgmt-api","timestamp":"2025-04-16 17:15:53.493"}
{"level":"info","message":"Registered API redirect from GET /messages to GET /api/messages","service":"research-mgmt-api","timestamp":"2025-04-16 17:15:53.493"}
{"level":"info","message":"Registered API redirect from POST /messages to POST /api/messages","service":"research-mgmt-api","timestamp":"2025-04-16 17:15:53.494"}
{"level":"info","message":"Registered API redirect from GET /projects/:id to GET /api/projects/:id","service":"research-mgmt-api","timestamp":"2025-04-16 17:15:53.494"}
{"level":"info","message":"Registered API redirect from PUT /projects/:id to PUT /api/projects/:id","service":"research-mgmt-api","timestamp":"2025-04-16 17:15:53.494"}
{"level":"info","message":"Registered API redirect from DELETE /projects/:id to DELETE /api/projects/:id","service":"research-mgmt-api","timestamp":"2025-04-16 17:15:53.494"}
{"level":"info","message":"Registered API redirect from GET /users/:id to GET /api/users/:id","service":"research-mgmt-api","timestamp":"2025-04-16 17:15:53.494"}
{"level":"info","message":"Registered API redirect from PUT /users/:id to PUT /api/users/:id","service":"research-mgmt-api","timestamp":"2025-04-16 17:15:53.494"}
{"level":"info","message":"Attempting to connect to MongoDB database","service":"research-mgmt-api","timestamp":"2025-04-16 17:15:53.494"}
{"level":"info","message":"Attempting to connect to MongoDB...","service":"research-mgmt-api","timestamp":"2025-04-16 17:15:53.494"}
{"level":"info","message":"MongoDB Connected: ac-xdpuchx-shard-00-00.tvoe17p.mongodb.net","service":"research-mgmt-api","timestamp":"2025-04-16 17:15:54.155"}
{"level":"info","message":"✅ MongoDB connection established successfully","service":"research-mgmt-api","timestamp":"2025-04-16 17:15:54.156"}
{"level":"info","message":"🚀 Server running on port 300000 and accessible from all network interfaces","service":"research-mgmt-api","timestamp":"2025-04-16 17:15:54.162"}
{"level":"info","message":"HTTP GET /api/notifications/unread/count - 200 (0ms)","service":"research-mgmt-api","timestamp":"2025-04-16 17:16:06.986"}
{"level":"info","message":"HTTP GET /api/notifications/unread/count - 200 (0ms)","service":"research-mgmt-api","timestamp":"2025-04-16 17:17:06.979"}
{"level":"info","message":"HTTP GET /api/notifications/unread/count - 200 (0ms)","service":"research-mgmt-api","timestamp":"2025-04-16 17:18:06.980"}
{"level":"info","message":"HTTP GET /api/notifications/unread/count - 200 (0ms)","service":"research-mgmt-api","timestamp":"2025-04-16 17:19:06.980"}
{"level":"info","message":"📊 Fetching student dashboard data","service":"research-mgmt-api","timestamp":"2025-04-16 17:19:44.254"}
{"level":"info","message":"HTTP GET /api/dashboard - 200 (211ms)","service":"research-mgmt-api","timestamp":"2025-04-16 17:19:44.465"}
{"level":"info","message":"HTTP GET /api/notifications - 200 (0ms)","service":"research-mgmt-api","timestamp":"2025-04-16 17:19:44.553"}
{"level":"info","message":"HTTP GET /api/notifications/unread/count - 200 (0ms)","service":"research-mgmt-api","timestamp":"2025-04-16 17:19:44.557"}
{"level":"info","message":"HTTP GET /api/student/team/invitations - 200 (51ms)","service":"research-mgmt-api","timestamp":"2025-04-16 17:19:52.470"}
{"level":"info","message":"HTTP GET /api/notifications/unread/count - 200 (0ms)","service":"research-mgmt-api","timestamp":"2025-04-16 17:20:06.980"}
{"level":"info","message":"HTTP GET /api/notifications - 200 (0ms)","service":"research-mgmt-api","timestamp":"2025-04-16 17:20:06.982"}
{"level":"info","message":"HTTP POST /api/student/team/create - 200 (0ms)","service":"research-mgmt-api","timestamp":"2025-04-16 17:20:15.904"}
{"level":"info","message":"HTTP GET /api/student/team/invitations - 200 (51ms)","service":"research-mgmt-api","timestamp":"2025-04-16 17:20:15.959"}
{"level":"info","message":"HTTP GET /api/student/team/invitations - 200 (51ms)","service":"research-mgmt-api","timestamp":"2025-04-16 17:20:27.215"}
{"level":"info","message":"HTTP GET /api/notifications - 200 (0ms)","service":"research-mgmt-api","timestamp":"2025-04-16 17:20:27.361"}
{"level":"info","message":"HTTP GET /api/notifications/unread/count - 200 (0ms)","service":"research-mgmt-api","timestamp":"2025-04-16 17:20:27.364"}
{"level":"info","message":"HTTP POST /api/student/team/create - 200 (0ms)","service":"research-mgmt-api","timestamp":"2025-04-16 17:20:35.868"}
{"level":"info","message":"HTTP GET /api/student/team/invitations - 200 (50ms)","service":"research-mgmt-api","timestamp":"2025-04-16 17:20:35.922"}
{"external":"30 MB","heapTotal":"33 MB","heapUsed":"55 MB","level":"info","message":"Memory usage stats:","rss":"215 MB","service":"research-mgmt-api","timestamp":"2025-04-16 17:20:53.502"}
{"level":"warn","message":"Unauthorized access attempt (no/invalid Authorization header): /api/student/team/create","service":"research-mgmt-api","timestamp":"2025-04-16 17:20:56.219"}
{"level":"error","message":"HTTP GET /api/student/team/create - 404 (0ms) Error: Route not found","service":"research-mgmt-api","timestamp":"2025-04-16 17:20:56.219"}
{"level":"info","message":"HTTP GET /api/notifications/unread/count - 200 (0ms)","service":"research-mgmt-api","timestamp":"2025-04-16 17:21:06.979"}
{"level":"info","message":"HTTP GET /api/notifications/unread/count - 200 (0ms)","service":"research-mgmt-api","timestamp":"2025-04-16 17:21:26.979"}
{"level":"warn","message":"Unauthorized access attempt (no/invalid Authorization header): /api/team/create","service":"research-mgmt-api","timestamp":"2025-04-16 17:21:31.581"}
{"level":"error","message":"HTTP GET /api/team/create - 404 (0ms) Error: Route not found","service":"research-mgmt-api","timestamp":"2025-04-16 17:21:31.581"}
{"level":"warn","message":"Unauthorized access attempt (no/invalid Authorization header): /api/team/create","service":"research-mgmt-api","timestamp":"2025-04-16 17:22:06.912"}
{"level":"error","message":"HTTP GET /api/team/create - 404 (0ms) Error: Route not found","service":"research-mgmt-api","timestamp":"2025-04-16 17:22:06.912"}
{"level":"info","message":"HTTP GET /api/notifications/unread/count - 200 (0ms)","service":"research-mgmt-api","timestamp":"2025-04-16 17:22:06.980"}
{"level":"info","message":"JWT helper initialized","service":"research-mgmt-api","timestamp":"2025-04-16 18:00:28.283"}
{"adminRoutes":true,"authRoutes":true,"level":"info","message":"Route modules loaded:","service":"research-mgmt-api","studentRoutes":true,"supervisorRoutes":true,"timestamp":"2025-04-16 18:00:28.316"}
{"level":"info","message":"Registered API redirect from GET /notifications to GET /api/notifications","service":"research-mgmt-api","timestamp":"2025-04-16 18:00:28.330"}
{"level":"info","message":"Registered API redirect from GET /notifications/unread/count to GET /api/notifications/unread/count","service":"research-mgmt-api","timestamp":"2025-04-16 18:00:28.331"}
{"level":"info","message":"Registered API redirect from GET /user/profile to GET /api/user/profile","service":"research-mgmt-api","timestamp":"2025-04-16 18:00:28.331"}
{"level":"info","message":"Registered API redirect from GET /dashboard to GET /api/dashboard","service":"research-mgmt-api","timestamp":"2025-04-16 18:00:28.331"}
{"level":"info","message":"Registered API redirect from GET /calendar to GET /api/calendar","service":"research-mgmt-api","timestamp":"2025-04-16 18:00:28.331"}
{"level":"info","message":"Registered Team API redirect from GET /teams to GET /api/students/team/...","service":"research-mgmt-api","timestamp":"2025-04-16 18:00:28.331"}
{"level":"info","message":"Registered Team API redirect from GET /teams/my-team to GET /api/students/team/...","service":"research-mgmt-api","timestamp":"2025-04-16 18:00:28.331"}
{"level":"info","message":"Registered Team API redirect from GET /teams/:id to GET /api/students/team/...","service":"research-mgmt-api","timestamp":"2025-04-16 18:00:28.332"}
{"level":"info","message":"Registered Team API redirect from PUT /teams/:id to PUT /api/students/team/...","service":"research-mgmt-api","timestamp":"2025-04-16 18:00:28.332"}
{"level":"info","message":"Registered Team API redirect from DELETE /teams/:id to DELETE /api/students/team/...","service":"research-mgmt-api","timestamp":"2025-04-16 18:00:28.332"}
{"level":"info","message":"Registered Team API redirect from POST /teams/:id/invite to POST /api/students/team/...","service":"research-mgmt-api","timestamp":"2025-04-16 18:00:28.332"}
{"level":"info","message":"Registered Team API redirect from POST /teams/:id/leave to POST /api/students/team/...","service":"research-mgmt-api","timestamp":"2025-04-16 18:00:28.332"}
{"level":"info","message":"Registered Team API redirect from POST /teams/:id/remove-member to POST /api/students/team/...","service":"research-mgmt-api","timestamp":"2025-04-16 18:00:28.332"}
{"level":"info","message":"Registered Student Team API redirect from GET /api/student-teams to GET /api/students/team/...","service":"research-mgmt-api","timestamp":"2025-04-16 18:00:28.332"}
{"level":"info","message":"Registered Student Team API redirect from GET /api/student-teams/invitations to GET /api/students/team/...","service":"research-mgmt-api","timestamp":"2025-04-16 18:00:28.332"}
{"level":"info","message":"Registered Student Team API redirect from DELETE /api/student-teams/:id/leave to DELETE /api/students/team/...","service":"research-mgmt-api","timestamp":"2025-04-16 18:00:28.332"}
{"level":"info","message":"Registered API redirect from GET /projects to GET /api/projects","service":"research-mgmt-api","timestamp":"2025-04-16 18:00:28.333"}
{"level":"info","message":"Registered API redirect from POST /projects to POST /api/projects","service":"research-mgmt-api","timestamp":"2025-04-16 18:00:28.333"}
{"level":"info","message":"Registered API redirect from GET /sessions to GET /api/sessions","service":"research-mgmt-api","timestamp":"2025-04-16 18:00:28.333"}
{"level":"info","message":"Registered API redirect from POST /sessions to POST /api/sessions","service":"research-mgmt-api","timestamp":"2025-04-16 18:00:28.333"}
{"level":"info","message":"Registered API redirect from GET /messages to GET /api/messages","service":"research-mgmt-api","timestamp":"2025-04-16 18:00:28.333"}
{"level":"info","message":"Registered API redirect from POST /messages to POST /api/messages","service":"research-mgmt-api","timestamp":"2025-04-16 18:00:28.333"}
{"level":"info","message":"Registered API redirect from GET /projects/:id to GET /api/projects/:id","service":"research-mgmt-api","timestamp":"2025-04-16 18:00:28.333"}
{"level":"info","message":"Registered API redirect from PUT /projects/:id to PUT /api/projects/:id","service":"research-mgmt-api","timestamp":"2025-04-16 18:00:28.333"}
{"level":"info","message":"Registered API redirect from DELETE /projects/:id to DELETE /api/projects/:id","service":"research-mgmt-api","timestamp":"2025-04-16 18:00:28.333"}
{"level":"info","message":"Registered API redirect from GET /users/:id to GET /api/users/:id","service":"research-mgmt-api","timestamp":"2025-04-16 18:00:28.333"}
{"level":"info","message":"Registered API redirect from PUT /users/:id to PUT /api/users/:id","service":"research-mgmt-api","timestamp":"2025-04-16 18:00:28.333"}
{"level":"info","message":"Attempting to connect to MongoDB database","service":"research-mgmt-api","timestamp":"2025-04-16 18:00:28.334"}
{"level":"info","message":"Attempting to connect to MongoDB...","service":"research-mgmt-api","timestamp":"2025-04-16 18:00:28.334"}
{"level":"info","message":"MongoDB Connected: ac-xdpuchx-shard-00-00.tvoe17p.mongodb.net","service":"research-mgmt-api","timestamp":"2025-04-16 18:00:29.071"}
{"level":"info","message":"✅ MongoDB connection established successfully","service":"research-mgmt-api","timestamp":"2025-04-16 18:00:29.071"}
{"level":"info","message":"🚀 Server running on port 300000 and accessible from all network interfaces","service":"research-mgmt-api","timestamp":"2025-04-16 18:00:29.076"}
{"level":"info","message":"HTTP GET /api/student/team/invitations - 200 (54ms)","service":"research-mgmt-api","timestamp":"2025-04-16 18:00:31.704"}
{"level":"info","message":"HTTP GET /api/notifications - 200 (0ms)","service":"research-mgmt-api","timestamp":"2025-04-16 18:00:31.842"}
{"level":"info","message":"HTTP GET /api/notifications/unread/count - 200 (0ms)","service":"research-mgmt-api","timestamp":"2025-04-16 18:00:31.846"}
{"level":"info","message":"HTTP GET /api/student/team/invitations - 200 (50ms)","service":"research-mgmt-api","timestamp":"2025-04-16 18:00:39.901"}
{"level":"info","message":"HTTP GET /api/notifications - 200 (0ms)","service":"research-mgmt-api","timestamp":"2025-04-16 18:00:40.048"}
{"level":"info","message":"HTTP GET /api/notifications/unread/count - 200 (0ms)","service":"research-mgmt-api","timestamp":"2025-04-16 18:00:40.051"}
{"level":"warn","message":"Unauthorized access attempt (no/invalid Authorization header): /api/notifications/unread/count","service":"research-mgmt-api","timestamp":"2025-04-16 18:00:42.681"}
{"level":"warn","message":"HTTP GET /api/notifications/unread/count - 401 (0ms)","service":"research-mgmt-api","timestamp":"2025-04-16 18:00:42.682"}
{"level":"warn","message":"Unauthorized access attempt (no/invalid Authorization header): /api/team/","service":"research-mgmt-api","timestamp":"2025-04-16 18:00:56.997"}
{"level":"error","message":"HTTP GET /api/team/ - 404 (0ms) Error: Route not found","service":"research-mgmt-api","timestamp":"2025-04-16 18:00:56.997"}
{"level":"info","message":"HTTP GET /api/notifications/unread/count - 200 (0ms)","service":"research-mgmt-api","timestamp":"2025-04-16 18:01:06.980"}
{"level":"info","message":"HTTP GET /api/notifications - 200 (0ms)","service":"research-mgmt-api","timestamp":"2025-04-16 18:01:06.989"}
{"level":"info","message":"HTTP GET /api/notifications/unread/count - 200 (0ms)","service":"research-mgmt-api","timestamp":"2025-04-16 18:01:39.979"}
{"level":"info","message":"HTTP GET /api/notifications/unread/count - 200 (0ms)","service":"research-mgmt-api","timestamp":"2025-04-16 18:01:43.851"}
{"level":"info","message":"HTTP GET /api/notifications/unread/count - 200 (0ms)","service":"research-mgmt-api","timestamp":"2025-04-16 18:02:26.979"}
{"level":"info","message":"HTTP GET /api/notifications/unread/count - 200 (0ms)","service":"research-mgmt-api","timestamp":"2025-04-16 18:02:39.979"}
{"level":"info","message":"HTTP GET /api/notifications/unread/count - 200 (0ms)","service":"research-mgmt-api","timestamp":"2025-04-16 18:03:39.979"}
{"level":"info","message":"HTTP GET /api/notifications/unread/count - 200 (0ms)","service":"research-mgmt-api","timestamp":"2025-04-16 18:04:06.980"}
{"level":"info","message":"HTTP GET /api/notifications/unread/count - 200 (0ms)","service":"research-mgmt-api","timestamp":"2025-04-16 18:04:39.979"}
{"level":"info","message":"HTTP GET /api/notifications/unread/count - 200 (0ms)","service":"research-mgmt-api","timestamp":"2025-04-16 18:05:06.980"}
{"external":"30 MB","heapTotal":"32 MB","heapUsed":"54 MB","level":"info","message":"Memory usage stats:","rss":"221 MB","service":"research-mgmt-api","timestamp":"2025-04-16 18:05:28.341"}
{"level":"info","message":"HTTP GET /api/notifications/unread/count - 200 (0ms)","service":"research-mgmt-api","timestamp":"2025-04-16 18:06:06.980"}
{"level":"info","message":"HTTP GET /api/notifications/unread/count - 200 (0ms)","service":"research-mgmt-api","timestamp":"2025-04-16 18:06:06.981"}
{"level":"info","message":"HTTP GET /api/notifications - 200 (0ms)","service":"research-mgmt-api","timestamp":"2025-04-16 18:06:06.983"}
{"level":"info","message":"HTTP GET /api/notifications - 200 (0ms)","service":"research-mgmt-api","timestamp":"2025-04-16 18:06:06.985"}
{"level":"info","message":"HTTP GET /api/notifications/unread/count - 200 (0ms)","service":"research-mgmt-api","timestamp":"2025-04-16 18:07:06.980"}
{"level":"info","message":"HTTP GET /api/notifications/unread/count - 200 (0ms)","service":"research-mgmt-api","timestamp":"2025-04-16 18:07:06.981"}
{"level":"info","message":"HTTP GET /api/notifications/unread/count - 200 (0ms)","service":"research-mgmt-api","timestamp":"2025-04-16 18:08:06.982"}
{"level":"info","message":"HTTP GET /api/notifications/unread/count - 200 (0ms)","service":"research-mgmt-api","timestamp":"2025-04-16 18:08:06.984"}
{"level":"info","message":"HTTP GET /api/notifications/unread/count - 200 (0ms)","service":"research-mgmt-api","timestamp":"2025-04-16 18:09:06.981"}
{"level":"info","message":"HTTP GET /api/notifications/unread/count - 200 (0ms)","service":"research-mgmt-api","timestamp":"2025-04-16 18:09:06.982"}
{"level":"info","message":"HTTP GET /api/notifications/unread/count - 200 (0ms)","service":"research-mgmt-api","timestamp":"2025-04-16 18:10:06.980"}
{"level":"info","message":"HTTP GET /api/notifications/unread/count - 200 (0ms)","service":"research-mgmt-api","timestamp":"2025-04-16 18:10:06.981"}
{"external":"23 MB","heapTotal":"31 MB","heapUsed":"43 MB","level":"info","message":"Memory usage stats:","rss":"215 MB","service":"research-mgmt-api","timestamp":"2025-04-16 18:10:28.341"}
{"level":"info","message":"HTTP GET /api/notifications/unread/count - 200 (0ms)","service":"research-mgmt-api","timestamp":"2025-04-16 18:11:06.980"}
{"level":"info","message":"HTTP GET /api/notifications/unread/count - 200 (0ms)","service":"research-mgmt-api","timestamp":"2025-04-16 18:11:06.982"}
{"level":"info","message":"HTTP GET /api/notifications - 200 (0ms)","service":"research-mgmt-api","timestamp":"2025-04-16 18:11:06.989"}
{"level":"info","message":"HTTP GET /api/notifications - 200 (0ms)","service":"research-mgmt-api","timestamp":"2025-04-16 18:11:06.990"}
{"level":"info","message":"HTTP GET /api/notifications/unread/count - 200 (0ms)","service":"research-mgmt-api","timestamp":"2025-04-16 18:12:06.982"}
{"level":"info","message":"HTTP GET /api/notifications/unread/count - 200 (0ms)","service":"research-mgmt-api","timestamp":"2025-04-16 18:12:06.983"}
{"level":"info","message":"JWT helper initialized","service":"research-mgmt-api","timestamp":"2025-04-16 19:01:23.166"}
{"adminRoutes":true,"authRoutes":true,"level":"info","message":"Route modules loaded:","service":"research-mgmt-api","studentRoutes":true,"supervisorRoutes":true,"timestamp":"2025-04-16 19:01:23.202"}
{"level":"info","message":"Registered API redirect from GET /notifications to GET /api/notifications","service":"research-mgmt-api","timestamp":"2025-04-16 19:01:23.218"}
{"level":"info","message":"Registered API redirect from GET /notifications/unread/count to GET /api/notifications/unread/count","service":"research-mgmt-api","timestamp":"2025-04-16 19:01:23.219"}
{"level":"info","message":"Registered API redirect from GET /user/profile to GET /api/user/profile","service":"research-mgmt-api","timestamp":"2025-04-16 19:01:23.219"}
{"level":"info","message":"Registered API redirect from GET /dashboard to GET /api/dashboard","service":"research-mgmt-api","timestamp":"2025-04-16 19:01:23.219"}
{"level":"info","message":"Registered API redirect from GET /calendar to GET /api/calendar","service":"research-mgmt-api","timestamp":"2025-04-16 19:01:23.219"}
{"level":"info","message":"Registered Team API redirect from GET /teams to GET /api/students/team/...","service":"research-mgmt-api","timestamp":"2025-04-16 19:01:23.219"}
{"level":"info","message":"Registered Team API redirect from GET /teams/my-team to GET /api/students/team/...","service":"research-mgmt-api","timestamp":"2025-04-16 19:01:23.220"}
{"level":"info","message":"Registered Team API redirect from GET /teams/:id to GET /api/students/team/...","service":"research-mgmt-api","timestamp":"2025-04-16 19:01:23.220"}
{"level":"info","message":"Registered Team API redirect from PUT /teams/:id to PUT /api/students/team/...","service":"research-mgmt-api","timestamp":"2025-04-16 19:01:23.220"}
{"level":"info","message":"Registered Team API redirect from DELETE /teams/:id to DELETE /api/students/team/...","service":"research-mgmt-api","timestamp":"2025-04-16 19:01:23.220"}
{"level":"info","message":"Registered Team API redirect from POST /teams/:id/invite to POST /api/students/team/...","service":"research-mgmt-api","timestamp":"2025-04-16 19:01:23.220"}
{"level":"info","message":"Registered Team API redirect from POST /teams/:id/leave to POST /api/students/team/...","service":"research-mgmt-api","timestamp":"2025-04-16 19:01:23.220"}
{"level":"info","message":"Registered Team API redirect from POST /teams/:id/remove-member to POST /api/students/team/...","service":"research-mgmt-api","timestamp":"2025-04-16 19:01:23.220"}
{"level":"info","message":"Registered Student Team API redirect from GET /api/student-teams to GET /api/students/team/...","service":"research-mgmt-api","timestamp":"2025-04-16 19:01:23.220"}
{"level":"info","message":"Registered Student Team API redirect from GET /api/student-teams/invitations to GET /api/students/team/...","service":"research-mgmt-api","timestamp":"2025-04-16 19:01:23.221"}
{"level":"info","message":"Registered Student Team API redirect from DELETE /api/student-teams/:id/leave to DELETE /api/students/team/...","service":"research-mgmt-api","timestamp":"2025-04-16 19:01:23.221"}
{"level":"info","message":"Registered API redirect from GET /projects to GET /api/projects","service":"research-mgmt-api","timestamp":"2025-04-16 19:01:23.221"}
{"level":"info","message":"Registered API redirect from POST /projects to POST /api/projects","service":"research-mgmt-api","timestamp":"2025-04-16 19:01:23.221"}
{"level":"info","message":"Registered API redirect from GET /sessions to GET /api/sessions","service":"research-mgmt-api","timestamp":"2025-04-16 19:01:23.221"}
{"level":"info","message":"Registered API redirect from POST /sessions to POST /api/sessions","service":"research-mgmt-api","timestamp":"2025-04-16 19:01:23.221"}
{"level":"info","message":"Registered API redirect from GET /messages to GET /api/messages","service":"research-mgmt-api","timestamp":"2025-04-16 19:01:23.221"}
{"level":"info","message":"Registered API redirect from POST /messages to POST /api/messages","service":"research-mgmt-api","timestamp":"2025-04-16 19:01:23.221"}
{"level":"info","message":"Registered API redirect from GET /projects/:id to GET /api/projects/:id","service":"research-mgmt-api","timestamp":"2025-04-16 19:01:23.221"}
{"level":"info","message":"Registered API redirect from PUT /projects/:id to PUT /api/projects/:id","service":"research-mgmt-api","timestamp":"2025-04-16 19:01:23.222"}
{"level":"info","message":"Registered API redirect from DELETE /projects/:id to DELETE /api/projects/:id","service":"research-mgmt-api","timestamp":"2025-04-16 19:01:23.222"}
{"level":"info","message":"Registered API redirect from GET /users/:id to GET /api/users/:id","service":"research-mgmt-api","timestamp":"2025-04-16 19:01:23.222"}
{"level":"info","message":"Registered API redirect from PUT /users/:id to PUT /api/users/:id","service":"research-mgmt-api","timestamp":"2025-04-16 19:01:23.222"}
{"level":"info","message":"Attempting to connect to MongoDB database","service":"research-mgmt-api","timestamp":"2025-04-16 19:01:23.222"}
{"level":"info","message":"Attempting to connect to MongoDB...","service":"research-mgmt-api","timestamp":"2025-04-16 19:01:23.222"}
{"__isStorageError":true,"level":"error","message":"Error checking storage bucket: Unable to connect. Is the computer able to access the url?","name":"StorageUnknownError","originalError":{"code":"ConnectionRefused","errno":0,"path":"https://xzlkieyjnyueayktyxud.supabase.co/storage/v1/bucket/team-chat-attachments"},"service":"research-mgmt-api","stack":"StorageUnknownError: Unable to connect. Is the computer able to access the url?\n    at new StorageError (/home/swadhin/projects/Projectmanagement/server/node_modules/@supabase/storage-js/dist/main/lib/errors.js:6:9)\n    at new StorageUnknownError (/home/swadhin/projects/Projectmanagement/server/node_modules/@supabase/storage-js/dist/main/lib/errors.js:33:9)\n    at <anonymous> (/home/swadhin/projects/Projectmanagement/server/node_modules/@supabase/storage-js/dist/main/lib/fetch.js:29:29)\n    at fulfilled (/home/swadhin/projects/Projectmanagement/server/node_modules/@supabase/storage-js/dist/main/lib/fetch.js:5:58)\n    at processTicksAndRejections (native:7:39)","timestamp":"2025-04-16 19:01:23.247"}
{"__isStorageError":true,"level":"error","message":"Failed to initialize storage bucket: Unable to connect. Is the computer able to access the url?","name":"StorageUnknownError","originalError":{"code":"ConnectionRefused","errno":0,"path":"https://xzlkieyjnyueayktyxud.supabase.co/storage/v1/bucket/team-chat-attachments"},"service":"research-mgmt-api","stack":"StorageUnknownError: Unable to connect. Is the computer able to access the url?\n    at new StorageError (/home/swadhin/projects/Projectmanagement/server/node_modules/@supabase/storage-js/dist/main/lib/errors.js:6:9)\n    at new StorageUnknownError (/home/swadhin/projects/Projectmanagement/server/node_modules/@supabase/storage-js/dist/main/lib/errors.js:33:9)\n    at <anonymous> (/home/swadhin/projects/Projectmanagement/server/node_modules/@supabase/storage-js/dist/main/lib/fetch.js:29:29)\n    at fulfilled (/home/swadhin/projects/Projectmanagement/server/node_modules/@supabase/storage-js/dist/main/lib/fetch.js:5:58)\n    at processTicksAndRejections (native:7:39)","timestamp":"2025-04-16 19:01:23.247"}
{"error":{"code":"ESERVFAIL","errno":3,"hostname":"_mongodb._tcp.testcx.tvoe17p.mongodb.net","name":"DNSException","syscall":"querySrv"},"level":"error","message":"Error connecting to MongoDB: querySrv ESERVFAIL _mongodb._tcp.testcx.tvoe17p.mongodb.net","mongoUriRedacted":"mongodb+srv://****:****@testcx.tvoe17p.mongodb.net/?retryWrites=true&w=majority&appName=testcx","service":"research-mgmt-api","timestamp":"2025-04-16 19:01:23.248"}
{"level":"info","message":"Retrying connection in 5000ms (Attempt 1 of 5)","service":"research-mgmt-api","timestamp":"2025-04-16 19:01:23.248"}
{"level":"info","message":"Attempting to connect to MongoDB...","service":"research-mgmt-api","timestamp":"2025-04-16 19:01:28.249"}
{"error":{"code":"ESERVFAIL","errno":3,"hostname":"_mongodb._tcp.testcx.tvoe17p.mongodb.net","name":"DNSException","syscall":"querySrv"},"level":"error","message":"Error connecting to MongoDB: querySrv ESERVFAIL _mongodb._tcp.testcx.tvoe17p.mongodb.net","mongoUriRedacted":"mongodb+srv://****:****@testcx.tvoe17p.mongodb.net/?retryWrites=true&w=majority&appName=testcx","service":"research-mgmt-api","timestamp":"2025-04-16 19:01:28.251"}
{"level":"info","message":"Retrying connection in 5000ms (Attempt 2 of 5)","service":"research-mgmt-api","timestamp":"2025-04-16 19:01:28.251"}
{"level":"info","message":"Attempting to connect to MongoDB...","service":"research-mgmt-api","timestamp":"2025-04-16 19:01:33.252"}
{"error":{"code":"ESERVFAIL","errno":3,"hostname":"_mongodb._tcp.testcx.tvoe17p.mongodb.net","name":"DNSException","syscall":"querySrv"},"level":"error","message":"Error connecting to MongoDB: querySrv ESERVFAIL _mongodb._tcp.testcx.tvoe17p.mongodb.net","mongoUriRedacted":"mongodb+srv://****:****@testcx.tvoe17p.mongodb.net/?retryWrites=true&w=majority&appName=testcx","service":"research-mgmt-api","timestamp":"2025-04-16 19:01:33.253"}
{"level":"info","message":"Retrying connection in 5000ms (Attempt 3 of 5)","service":"research-mgmt-api","timestamp":"2025-04-16 19:01:33.253"}
{"level":"info","message":"Attempting to connect to MongoDB...","service":"research-mgmt-api","timestamp":"2025-04-16 19:01:38.254"}
{"error":{"code":"ESERVFAIL","errno":3,"hostname":"_mongodb._tcp.testcx.tvoe17p.mongodb.net","name":"DNSException","syscall":"querySrv"},"level":"error","message":"Error connecting to MongoDB: querySrv ESERVFAIL _mongodb._tcp.testcx.tvoe17p.mongodb.net","mongoUriRedacted":"mongodb+srv://****:****@testcx.tvoe17p.mongodb.net/?retryWrites=true&w=majority&appName=testcx","service":"research-mgmt-api","timestamp":"2025-04-16 19:01:38.256"}
{"level":"info","message":"Retrying connection in 5000ms (Attempt 4 of 5)","service":"research-mgmt-api","timestamp":"2025-04-16 19:01:38.256"}
{"level":"info","message":"Attempting to connect to MongoDB...","service":"research-mgmt-api","timestamp":"2025-04-16 19:01:43.256"}
{"error":{"code":"ESERVFAIL","errno":3,"hostname":"_mongodb._tcp.testcx.tvoe17p.mongodb.net","name":"DNSException","syscall":"querySrv"},"level":"error","message":"Error connecting to MongoDB: querySrv ESERVFAIL _mongodb._tcp.testcx.tvoe17p.mongodb.net","mongoUriRedacted":"mongodb+srv://****:****@testcx.tvoe17p.mongodb.net/?retryWrites=true&w=majority&appName=testcx","service":"research-mgmt-api","timestamp":"2025-04-16 19:01:43.257"}
{"level":"info","message":"Retrying connection in 5000ms (Attempt 5 of 5)","service":"research-mgmt-api","timestamp":"2025-04-16 19:01:43.258"}
{"level":"info","message":"Attempting to connect to MongoDB...","service":"research-mgmt-api","timestamp":"2025-04-16 19:01:48.258"}
{"error":{"code":"ESERVFAIL","errno":3,"hostname":"_mongodb._tcp.testcx.tvoe17p.mongodb.net","name":"DNSException","syscall":"querySrv"},"level":"error","message":"Error connecting to MongoDB: querySrv ESERVFAIL _mongodb._tcp.testcx.tvoe17p.mongodb.net","mongoUriRedacted":"mongodb+srv://****:****@testcx.tvoe17p.mongodb.net/?retryWrites=true&w=majority&appName=testcx","service":"research-mgmt-api","timestamp":"2025-04-16 19:01:48.259"}
{"level":"error","message":"Failed to connect to MongoDB after 5 attempts","service":"research-mgmt-api","timestamp":"2025-04-16 19:01:48.260"}
{"code":"ESERVFAIL","errno":3,"hostname":"_mongodb._tcp.testcx.tvoe17p.mongodb.net","level":"error","message":"Server startup error: querySrv ESERVFAIL _mongodb._tcp.testcx.tvoe17p.mongodb.net","name":"DNSException","service":"research-mgmt-api","syscall":"querySrv","timestamp":"2025-04-16 19:01:48.260"}
{"level":"info","message":"⚠️ Port 300000 is not available. Trying port 3000001...","service":"research-mgmt-api","timestamp":"2025-04-16 19:01:48.260"}
{"level":"info","message":"Attempting to connect to MongoDB database","service":"research-mgmt-api","timestamp":"2025-04-16 19:01:48.260"}
{"level":"info","message":"Attempting to connect to MongoDB...","service":"research-mgmt-api","timestamp":"2025-04-16 19:01:48.260"}
{"error":{"code":"ESERVFAIL","errno":3,"hostname":"_mongodb._tcp.testcx.tvoe17p.mongodb.net","name":"DNSException","syscall":"querySrv"},"level":"error","message":"Error connecting to MongoDB: querySrv ESERVFAIL _mongodb._tcp.testcx.tvoe17p.mongodb.net","mongoUriRedacted":"mongodb+srv://****:****@testcx.tvoe17p.mongodb.net/?retryWrites=true&w=majority&appName=testcx","service":"research-mgmt-api","timestamp":"2025-04-16 19:01:48.261"}
{"level":"info","message":"Retrying connection in 5000ms (Attempt 1 of 5)","service":"research-mgmt-api","timestamp":"2025-04-16 19:01:48.261"}
{"level":"info","message":"Attempting to connect to MongoDB...","service":"research-mgmt-api","timestamp":"2025-04-16 19:01:53.261"}
{"error":{"code":"ESERVFAIL","errno":3,"hostname":"_mongodb._tcp.testcx.tvoe17p.mongodb.net","name":"DNSException","syscall":"querySrv"},"level":"error","message":"Error connecting to MongoDB: querySrv ESERVFAIL _mongodb._tcp.testcx.tvoe17p.mongodb.net","mongoUriRedacted":"mongodb+srv://****:****@testcx.tvoe17p.mongodb.net/?retryWrites=true&w=majority&appName=testcx","service":"research-mgmt-api","timestamp":"2025-04-16 19:01:53.262"}
{"level":"info","message":"Retrying connection in 5000ms (Attempt 2 of 5)","service":"research-mgmt-api","timestamp":"2025-04-16 19:01:53.263"}
{"level":"info","message":"Attempting to connect to MongoDB...","service":"research-mgmt-api","timestamp":"2025-04-16 19:01:58.264"}
{"error":{"code":"ESERVFAIL","errno":3,"hostname":"_mongodb._tcp.testcx.tvoe17p.mongodb.net","name":"DNSException","syscall":"querySrv"},"level":"error","message":"Error connecting to MongoDB: querySrv ESERVFAIL _mongodb._tcp.testcx.tvoe17p.mongodb.net","mongoUriRedacted":"mongodb+srv://****:****@testcx.tvoe17p.mongodb.net/?retryWrites=true&w=majority&appName=testcx","service":"research-mgmt-api","timestamp":"2025-04-16 19:01:58.266"}
{"level":"info","message":"Retrying connection in 5000ms (Attempt 3 of 5)","service":"research-mgmt-api","timestamp":"2025-04-16 19:01:58.266"}
{"level":"info","message":"Attempting to connect to MongoDB...","service":"research-mgmt-api","timestamp":"2025-04-16 19:02:03.266"}
{"error":{"code":"ESERVFAIL","errno":3,"hostname":"_mongodb._tcp.testcx.tvoe17p.mongodb.net","name":"DNSException","syscall":"querySrv"},"level":"error","message":"Error connecting to MongoDB: querySrv ESERVFAIL _mongodb._tcp.testcx.tvoe17p.mongodb.net","mongoUriRedacted":"mongodb+srv://****:****@testcx.tvoe17p.mongodb.net/?retryWrites=true&w=majority&appName=testcx","service":"research-mgmt-api","timestamp":"2025-04-16 19:02:03.267"}
{"level":"info","message":"Retrying connection in 5000ms (Attempt 4 of 5)","service":"research-mgmt-api","timestamp":"2025-04-16 19:02:03.267"}
{"level":"info","message":"HTTP GET /api/notifications/unread/count - 200 (0ms)","service":"research-mgmt-api","timestamp":"2025-04-16 19:02:06.989"}
{"level":"info","message":"HTTP GET /api/notifications/unread/count - 200 (0ms)","service":"research-mgmt-api","timestamp":"2025-04-16 19:02:06.990"}
{"level":"info","message":"Attempting to connect to MongoDB...","service":"research-mgmt-api","timestamp":"2025-04-16 19:02:08.267"}
{"error":{"code":"ESERVFAIL","errno":3,"hostname":"_mongodb._tcp.testcx.tvoe17p.mongodb.net","name":"DNSException","syscall":"querySrv"},"level":"error","message":"Error connecting to MongoDB: querySrv ESERVFAIL _mongodb._tcp.testcx.tvoe17p.mongodb.net","mongoUriRedacted":"mongodb+srv://****:****@testcx.tvoe17p.mongodb.net/?retryWrites=true&w=majority&appName=testcx","service":"research-mgmt-api","timestamp":"2025-04-16 19:02:08.269"}
{"level":"info","message":"Retrying connection in 5000ms (Attempt 5 of 5)","service":"research-mgmt-api","timestamp":"2025-04-16 19:02:08.269"}
{"level":"info","message":"Attempting to connect to MongoDB...","service":"research-mgmt-api","timestamp":"2025-04-16 19:02:13.270"}
{"error":{"code":"ESERVFAIL","errno":3,"hostname":"_mongodb._tcp.testcx.tvoe17p.mongodb.net","name":"DNSException","syscall":"querySrv"},"level":"error","message":"Error connecting to MongoDB: querySrv ESERVFAIL _mongodb._tcp.testcx.tvoe17p.mongodb.net","mongoUriRedacted":"mongodb+srv://****:****@testcx.tvoe17p.mongodb.net/?retryWrites=true&w=majority&appName=testcx","service":"research-mgmt-api","timestamp":"2025-04-16 19:02:13.271"}
{"level":"error","message":"Failed to connect to MongoDB after 5 attempts","service":"research-mgmt-api","timestamp":"2025-04-16 19:02:13.271"}
{"code":"ESERVFAIL","errno":3,"hostname":"_mongodb._tcp.testcx.tvoe17p.mongodb.net","level":"error","message":"Server startup error: querySrv ESERVFAIL _mongodb._tcp.testcx.tvoe17p.mongodb.net","name":"DNSException","service":"research-mgmt-api","syscall":"querySrv","timestamp":"2025-04-16 19:02:13.271"}
{"level":"info","message":"⚠️ Port 300001 is not available. Trying port 3000011...","service":"research-mgmt-api","timestamp":"2025-04-16 19:02:13.271"}
{"level":"info","message":"Attempting to connect to MongoDB database","service":"research-mgmt-api","timestamp":"2025-04-16 19:02:13.271"}
{"level":"info","message":"Attempting to connect to MongoDB...","service":"research-mgmt-api","timestamp":"2025-04-16 19:02:13.271"}
{"error":{"code":"ESERVFAIL","errno":3,"hostname":"_mongodb._tcp.testcx.tvoe17p.mongodb.net","name":"DNSException","syscall":"querySrv"},"level":"error","message":"Error connecting to MongoDB: querySrv ESERVFAIL _mongodb._tcp.testcx.tvoe17p.mongodb.net","mongoUriRedacted":"mongodb+srv://****:****@testcx.tvoe17p.mongodb.net/?retryWrites=true&w=majority&appName=testcx","service":"research-mgmt-api","timestamp":"2025-04-16 19:02:13.272"}
{"level":"info","message":"Retrying connection in 5000ms (Attempt 1 of 5)","service":"research-mgmt-api","timestamp":"2025-04-16 19:02:13.272"}
{"level":"info","message":"Attempting to connect to MongoDB...","service":"research-mgmt-api","timestamp":"2025-04-16 19:02:18.272"}
{"error":{"code":"ESERVFAIL","errno":3,"hostname":"_mongodb._tcp.testcx.tvoe17p.mongodb.net","name":"DNSException","syscall":"querySrv"},"level":"error","message":"Error connecting to MongoDB: querySrv ESERVFAIL _mongodb._tcp.testcx.tvoe17p.mongodb.net","mongoUriRedacted":"mongodb+srv://****:****@testcx.tvoe17p.mongodb.net/?retryWrites=true&w=majority&appName=testcx","service":"research-mgmt-api","timestamp":"2025-04-16 19:02:18.274"}
{"level":"info","message":"Retrying connection in 5000ms (Attempt 2 of 5)","service":"research-mgmt-api","timestamp":"2025-04-16 19:02:18.274"}
{"level":"info","message":"Attempting to connect to MongoDB...","service":"research-mgmt-api","timestamp":"2025-04-16 19:02:23.275"}
{"error":{"code":"ESERVFAIL","errno":3,"hostname":"_mongodb._tcp.testcx.tvoe17p.mongodb.net","name":"DNSException","syscall":"querySrv"},"level":"error","message":"Error connecting to MongoDB: querySrv ESERVFAIL _mongodb._tcp.testcx.tvoe17p.mongodb.net","mongoUriRedacted":"mongodb+srv://****:****@testcx.tvoe17p.mongodb.net/?retryWrites=true&w=majority&appName=testcx","service":"research-mgmt-api","timestamp":"2025-04-16 19:02:23.276"}
{"level":"info","message":"Retrying connection in 5000ms (Attempt 3 of 5)","service":"research-mgmt-api","timestamp":"2025-04-16 19:02:23.276"}
{"level":"info","message":"Attempting to connect to MongoDB...","service":"research-mgmt-api","timestamp":"2025-04-16 19:02:28.277"}
{"error":{"code":"ESERVFAIL","errno":3,"hostname":"_mongodb._tcp.testcx.tvoe17p.mongodb.net","name":"DNSException","syscall":"querySrv"},"level":"error","message":"Error connecting to MongoDB: querySrv ESERVFAIL _mongodb._tcp.testcx.tvoe17p.mongodb.net","mongoUriRedacted":"mongodb+srv://****:****@testcx.tvoe17p.mongodb.net/?retryWrites=true&w=majority&appName=testcx","service":"research-mgmt-api","timestamp":"2025-04-16 19:02:28.278"}
{"level":"info","message":"Retrying connection in 5000ms (Attempt 4 of 5)","service":"research-mgmt-api","timestamp":"2025-04-16 19:02:28.279"}
{"level":"info","message":"Attempting to connect to MongoDB...","service":"research-mgmt-api","timestamp":"2025-04-16 19:02:33.280"}
{"error":{"code":"ESERVFAIL","errno":3,"hostname":"_mongodb._tcp.testcx.tvoe17p.mongodb.net","name":"DNSException","syscall":"querySrv"},"level":"error","message":"Error connecting to MongoDB: querySrv ESERVFAIL _mongodb._tcp.testcx.tvoe17p.mongodb.net","mongoUriRedacted":"mongodb+srv://****:****@testcx.tvoe17p.mongodb.net/?retryWrites=true&w=majority&appName=testcx","service":"research-mgmt-api","timestamp":"2025-04-16 19:02:33.281"}
{"level":"info","message":"Retrying connection in 5000ms (Attempt 5 of 5)","service":"research-mgmt-api","timestamp":"2025-04-16 19:02:33.281"}
{"level":"info","message":"Attempting to connect to MongoDB...","service":"research-mgmt-api","timestamp":"2025-04-16 19:02:38.282"}
{"error":{"code":"ESERVFAIL","errno":3,"hostname":"_mongodb._tcp.testcx.tvoe17p.mongodb.net","name":"DNSException","syscall":"querySrv"},"level":"error","message":"Error connecting to MongoDB: querySrv ESERVFAIL _mongodb._tcp.testcx.tvoe17p.mongodb.net","mongoUriRedacted":"mongodb+srv://****:****@testcx.tvoe17p.mongodb.net/?retryWrites=true&w=majority&appName=testcx","service":"research-mgmt-api","timestamp":"2025-04-16 19:02:38.284"}
{"level":"error","message":"Failed to connect to MongoDB after 5 attempts","service":"research-mgmt-api","timestamp":"2025-04-16 19:02:38.284"}
{"code":"ESERVFAIL","errno":3,"hostname":"_mongodb._tcp.testcx.tvoe17p.mongodb.net","level":"error","message":"Server startup error: querySrv ESERVFAIL _mongodb._tcp.testcx.tvoe17p.mongodb.net","name":"DNSException","service":"research-mgmt-api","syscall":"querySrv","timestamp":"2025-04-16 19:02:38.284"}
{"level":"info","message":"⚠️ Port 300002 is not available. Trying port 3000021...","service":"research-mgmt-api","timestamp":"2025-04-16 19:02:38.284"}
{"level":"info","message":"Attempting to connect to MongoDB database","service":"research-mgmt-api","timestamp":"2025-04-16 19:02:38.284"}
{"level":"info","message":"Attempting to connect to MongoDB...","service":"research-mgmt-api","timestamp":"2025-04-16 19:02:38.284"}
{"error":{"code":"ESERVFAIL","errno":3,"hostname":"_mongodb._tcp.testcx.tvoe17p.mongodb.net","name":"DNSException","syscall":"querySrv"},"level":"error","message":"Error connecting to MongoDB: querySrv ESERVFAIL _mongodb._tcp.testcx.tvoe17p.mongodb.net","mongoUriRedacted":"mongodb+srv://****:****@testcx.tvoe17p.mongodb.net/?retryWrites=true&w=majority&appName=testcx","service":"research-mgmt-api","timestamp":"2025-04-16 19:02:38.285"}
{"level":"info","message":"Retrying connection in 5000ms (Attempt 1 of 5)","service":"research-mgmt-api","timestamp":"2025-04-16 19:02:38.285"}
{"level":"info","message":"Attempting to connect to MongoDB...","service":"research-mgmt-api","timestamp":"2025-04-16 19:02:43.286"}
{"error":{"code":"ESERVFAIL","errno":3,"hostname":"_mongodb._tcp.testcx.tvoe17p.mongodb.net","name":"DNSException","syscall":"querySrv"},"level":"error","message":"Error connecting to MongoDB: querySrv ESERVFAIL _mongodb._tcp.testcx.tvoe17p.mongodb.net","mongoUriRedacted":"mongodb+srv://****:****@testcx.tvoe17p.mongodb.net/?retryWrites=true&w=majority&appName=testcx","service":"research-mgmt-api","timestamp":"2025-04-16 19:02:43.287"}
{"level":"info","message":"Retrying connection in 5000ms (Attempt 2 of 5)","service":"research-mgmt-api","timestamp":"2025-04-16 19:02:43.287"}
{"level":"info","message":"Attempting to connect to MongoDB...","service":"research-mgmt-api","timestamp":"2025-04-16 19:02:48.288"}
{"error":{"code":"ESERVFAIL","errno":3,"hostname":"_mongodb._tcp.testcx.tvoe17p.mongodb.net","name":"DNSException","syscall":"querySrv"},"level":"error","message":"Error connecting to MongoDB: querySrv ESERVFAIL _mongodb._tcp.testcx.tvoe17p.mongodb.net","mongoUriRedacted":"mongodb+srv://****:****@testcx.tvoe17p.mongodb.net/?retryWrites=true&w=majority&appName=testcx","service":"research-mgmt-api","timestamp":"2025-04-16 19:02:48.289"}
{"level":"info","message":"Retrying connection in 5000ms (Attempt 3 of 5)","service":"research-mgmt-api","timestamp":"2025-04-16 19:02:48.289"}
{"level":"info","message":"Attempting to connect to MongoDB...","service":"research-mgmt-api","timestamp":"2025-04-16 19:02:53.290"}
{"error":{"code":"ESERVFAIL","errno":3,"hostname":"_mongodb._tcp.testcx.tvoe17p.mongodb.net","name":"DNSException","syscall":"querySrv"},"level":"error","message":"Error connecting to MongoDB: querySrv ESERVFAIL _mongodb._tcp.testcx.tvoe17p.mongodb.net","mongoUriRedacted":"mongodb+srv://****:****@testcx.tvoe17p.mongodb.net/?retryWrites=true&w=majority&appName=testcx","service":"research-mgmt-api","timestamp":"2025-04-16 19:02:53.291"}
{"level":"info","message":"Retrying connection in 5000ms (Attempt 4 of 5)","service":"research-mgmt-api","timestamp":"2025-04-16 19:02:53.291"}
{"level":"info","message":"Attempting to connect to MongoDB...","service":"research-mgmt-api","timestamp":"2025-04-16 19:02:58.291"}
{"error":{"code":"ESERVFAIL","errno":3,"hostname":"_mongodb._tcp.testcx.tvoe17p.mongodb.net","name":"DNSException","syscall":"querySrv"},"level":"error","message":"Error connecting to MongoDB: querySrv ESERVFAIL _mongodb._tcp.testcx.tvoe17p.mongodb.net","mongoUriRedacted":"mongodb+srv://****:****@testcx.tvoe17p.mongodb.net/?retryWrites=true&w=majority&appName=testcx","service":"research-mgmt-api","timestamp":"2025-04-16 19:02:58.292"}
{"level":"info","message":"Retrying connection in 5000ms (Attempt 5 of 5)","service":"research-mgmt-api","timestamp":"2025-04-16 19:02:58.292"}
{"level":"info","message":"Attempting to connect to MongoDB...","service":"research-mgmt-api","timestamp":"2025-04-16 19:03:03.292"}
{"error":{"code":"ESERVFAIL","errno":3,"hostname":"_mongodb._tcp.testcx.tvoe17p.mongodb.net","name":"DNSException","syscall":"querySrv"},"level":"error","message":"Error connecting to MongoDB: querySrv ESERVFAIL _mongodb._tcp.testcx.tvoe17p.mongodb.net","mongoUriRedacted":"mongodb+srv://****:****@testcx.tvoe17p.mongodb.net/?retryWrites=true&w=majority&appName=testcx","service":"research-mgmt-api","timestamp":"2025-04-16 19:03:03.293"}
{"level":"error","message":"Failed to connect to MongoDB after 5 attempts","service":"research-mgmt-api","timestamp":"2025-04-16 19:03:03.293"}
{"code":"ESERVFAIL","errno":3,"hostname":"_mongodb._tcp.testcx.tvoe17p.mongodb.net","level":"error","message":"Server startup error: querySrv ESERVFAIL _mongodb._tcp.testcx.tvoe17p.mongodb.net","name":"DNSException","service":"research-mgmt-api","syscall":"querySrv","timestamp":"2025-04-16 19:03:03.293"}
{"level":"info","message":"⚠️ Port 300003 is not available. Trying port 3000031...","service":"research-mgmt-api","timestamp":"2025-04-16 19:03:03.294"}
{"level":"info","message":"Attempting to connect to MongoDB database","service":"research-mgmt-api","timestamp":"2025-04-16 19:03:03.294"}
{"level":"info","message":"Attempting to connect to MongoDB...","service":"research-mgmt-api","timestamp":"2025-04-16 19:03:03.294"}
{"error":{"code":"ESERVFAIL","errno":3,"hostname":"_mongodb._tcp.testcx.tvoe17p.mongodb.net","name":"DNSException","syscall":"querySrv"},"level":"error","message":"Error connecting to MongoDB: querySrv ESERVFAIL _mongodb._tcp.testcx.tvoe17p.mongodb.net","mongoUriRedacted":"mongodb+srv://****:****@testcx.tvoe17p.mongodb.net/?retryWrites=true&w=majority&appName=testcx","service":"research-mgmt-api","timestamp":"2025-04-16 19:03:03.295"}
{"level":"info","message":"Retrying connection in 5000ms (Attempt 1 of 5)","service":"research-mgmt-api","timestamp":"2025-04-16 19:03:03.295"}
{"level":"info","message":"HTTP GET /api/notifications/unread/count - 200 (0ms)","service":"research-mgmt-api","timestamp":"2025-04-16 19:03:06.980"}
{"level":"info","message":"HTTP GET /api/notifications/unread/count - 200 (0ms)","service":"research-mgmt-api","timestamp":"2025-04-16 19:03:06.981"}
{"level":"info","message":"Attempting to connect to MongoDB...","service":"research-mgmt-api","timestamp":"2025-04-16 19:03:08.296"}
{"error":{"code":"ESERVFAIL","errno":3,"hostname":"_mongodb._tcp.testcx.tvoe17p.mongodb.net","name":"DNSException","syscall":"querySrv"},"level":"error","message":"Error connecting to MongoDB: querySrv ESERVFAIL _mongodb._tcp.testcx.tvoe17p.mongodb.net","mongoUriRedacted":"mongodb+srv://****:****@testcx.tvoe17p.mongodb.net/?retryWrites=true&w=majority&appName=testcx","service":"research-mgmt-api","timestamp":"2025-04-16 19:03:08.297"}
{"level":"info","message":"Retrying connection in 5000ms (Attempt 2 of 5)","service":"research-mgmt-api","timestamp":"2025-04-16 19:03:08.297"}
{"level":"info","message":"Attempting to connect to MongoDB...","service":"research-mgmt-api","timestamp":"2025-04-16 19:03:13.298"}
{"level":"info","message":"MongoDB Connected: ac-xdpuchx-shard-00-02.tvoe17p.mongodb.net","service":"research-mgmt-api","timestamp":"2025-04-16 19:03:14.017"}
{"level":"info","message":"✅ MongoDB connection established successfully","service":"research-mgmt-api","timestamp":"2025-04-16 19:03:14.017"}
{"level":"info","message":"🚀 Server running on port 300004 and accessible from all network interfaces","service":"research-mgmt-api","timestamp":"2025-04-16 19:03:14.023"}
{"level":"info","message":"HTTP GET /api/notifications/unread/count - 200 (0ms)","service":"research-mgmt-api","timestamp":"2025-04-16 19:04:06.980"}
{"level":"info","message":"HTTP GET /api/notifications/unread/count - 200 (0ms)","service":"research-mgmt-api","timestamp":"2025-04-16 19:04:06.981"}
{"level":"info","message":"HTTP GET /api/notifications/unread/count - 200 (0ms)","service":"research-mgmt-api","timestamp":"2025-04-16 19:05:06.980"}
{"level":"info","message":"HTTP GET /api/notifications/unread/count - 200 (0ms)","service":"research-mgmt-api","timestamp":"2025-04-16 19:05:06.982"}
{"level":"info","message":"HTTP GET /api/notifications/unread/count - 200 (0ms)","service":"research-mgmt-api","timestamp":"2025-04-16 19:06:06.980"}
{"level":"info","message":"HTTP GET /api/notifications/unread/count - 200 (0ms)","service":"research-mgmt-api","timestamp":"2025-04-16 19:06:06.981"}
{"level":"info","message":"HTTP GET /api/notifications - 200 (0ms)","service":"research-mgmt-api","timestamp":"2025-04-16 19:06:07.000"}
{"level":"info","message":"HTTP GET /api/notifications - 200 (0ms)","service":"research-mgmt-api","timestamp":"2025-04-16 19:06:07.001"}
{"external":"29 MB","heapTotal":"32 MB","heapUsed":"53 MB","level":"info","message":"Memory usage stats:","rss":"212 MB","service":"research-mgmt-api","timestamp":"2025-04-16 19:06:23.230"}
{"level":"info","message":"HTTP GET /api/notifications/unread/count - 200 (0ms)","service":"research-mgmt-api","timestamp":"2025-04-16 19:07:06.980"}
{"level":"info","message":"HTTP GET /api/notifications/unread/count - 200 (0ms)","service":"research-mgmt-api","timestamp":"2025-04-16 19:07:06.981"}
{"level":"info","message":"HTTP GET /api/notifications/unread/count - 200 (0ms)","service":"research-mgmt-api","timestamp":"2025-04-16 19:08:06.980"}
{"level":"info","message":"HTTP GET /api/notifications/unread/count - 200 (0ms)","service":"research-mgmt-api","timestamp":"2025-04-16 19:08:06.981"}
{"level":"info","message":"HTTP GET /api/notifications/unread/count - 200 (0ms)","service":"research-mgmt-api","timestamp":"2025-04-16 19:09:06.981"}
{"level":"info","message":"HTTP GET /api/notifications/unread/count - 200 (0ms)","service":"research-mgmt-api","timestamp":"2025-04-16 19:09:06.982"}
{"level":"info","message":"JWT helper initialized","service":"research-mgmt-api","timestamp":"2025-04-16 19:09:27.994"}
{"adminRoutes":true,"authRoutes":true,"level":"info","message":"Route modules loaded:","service":"research-mgmt-api","studentRoutes":true,"supervisorRoutes":true,"timestamp":"2025-04-16 19:09:28.029"}
{"level":"info","message":"Registered API redirect from GET /notifications to GET /api/notifications","service":"research-mgmt-api","timestamp":"2025-04-16 19:09:28.043"}
{"level":"info","message":"Registered API redirect from GET /notifications/unread/count to GET /api/notifications/unread/count","service":"research-mgmt-api","timestamp":"2025-04-16 19:09:28.044"}
{"level":"info","message":"Registered API redirect from GET /user/profile to GET /api/user/profile","service":"research-mgmt-api","timestamp":"2025-04-16 19:09:28.044"}
{"level":"info","message":"Registered API redirect from GET /dashboard to GET /api/dashboard","service":"research-mgmt-api","timestamp":"2025-04-16 19:09:28.044"}
{"level":"info","message":"Registered API redirect from GET /calendar to GET /api/calendar","service":"research-mgmt-api","timestamp":"2025-04-16 19:09:28.044"}
{"level":"info","message":"Registered Team API redirect from GET /teams to GET /api/students/team/...","service":"research-mgmt-api","timestamp":"2025-04-16 19:09:28.044"}
{"level":"info","message":"Registered Team API redirect from GET /teams/my-team to GET /api/students/team/...","service":"research-mgmt-api","timestamp":"2025-04-16 19:09:28.044"}
{"level":"info","message":"Registered Team API redirect from GET /teams/:id to GET /api/students/team/...","service":"research-mgmt-api","timestamp":"2025-04-16 19:09:28.045"}
{"level":"info","message":"Registered Team API redirect from PUT /teams/:id to PUT /api/students/team/...","service":"research-mgmt-api","timestamp":"2025-04-16 19:09:28.045"}
{"level":"info","message":"Registered Team API redirect from DELETE /teams/:id to DELETE /api/students/team/...","service":"research-mgmt-api","timestamp":"2025-04-16 19:09:28.045"}
{"level":"info","message":"Registered Team API redirect from POST /teams/:id/invite to POST /api/students/team/...","service":"research-mgmt-api","timestamp":"2025-04-16 19:09:28.045"}
{"level":"info","message":"Registered Team API redirect from POST /teams/:id/leave to POST /api/students/team/...","service":"research-mgmt-api","timestamp":"2025-04-16 19:09:28.045"}
{"level":"info","message":"Registered Team API redirect from POST /teams/:id/remove-member to POST /api/students/team/...","service":"research-mgmt-api","timestamp":"2025-04-16 19:09:28.045"}
{"level":"info","message":"Registered Student Team API redirect from GET /api/student-teams to GET /api/students/team/...","service":"research-mgmt-api","timestamp":"2025-04-16 19:09:28.045"}
{"level":"info","message":"Registered Student Team API redirect from GET /api/student-teams/invitations to GET /api/students/team/...","service":"research-mgmt-api","timestamp":"2025-04-16 19:09:28.045"}
{"level":"info","message":"Registered Student Team API redirect from DELETE /api/student-teams/:id/leave to DELETE /api/students/team/...","service":"research-mgmt-api","timestamp":"2025-04-16 19:09:28.045"}
{"level":"info","message":"Registered API redirect from GET /projects to GET /api/projects","service":"research-mgmt-api","timestamp":"2025-04-16 19:09:28.046"}
{"level":"info","message":"Registered API redirect from POST /projects to POST /api/projects","service":"research-mgmt-api","timestamp":"2025-04-16 19:09:28.046"}
{"level":"info","message":"Registered API redirect from GET /sessions to GET /api/sessions","service":"research-mgmt-api","timestamp":"2025-04-16 19:09:28.046"}
{"level":"info","message":"Registered API redirect from POST /sessions to POST /api/sessions","service":"research-mgmt-api","timestamp":"2025-04-16 19:09:28.046"}
{"level":"info","message":"Registered API redirect from GET /messages to GET /api/messages","service":"research-mgmt-api","timestamp":"2025-04-16 19:09:28.046"}
{"level":"info","message":"Registered API redirect from POST /messages to POST /api/messages","service":"research-mgmt-api","timestamp":"2025-04-16 19:09:28.046"}
{"level":"info","message":"Registered API redirect from GET /projects/:id to GET /api/projects/:id","service":"research-mgmt-api","timestamp":"2025-04-16 19:09:28.046"}
{"level":"info","message":"Registered API redirect from PUT /projects/:id to PUT /api/projects/:id","service":"research-mgmt-api","timestamp":"2025-04-16 19:09:28.046"}
{"level":"info","message":"Registered API redirect from DELETE /projects/:id to DELETE /api/projects/:id","service":"research-mgmt-api","timestamp":"2025-04-16 19:09:28.046"}
{"level":"info","message":"Registered API redirect from GET /users/:id to GET /api/users/:id","service":"research-mgmt-api","timestamp":"2025-04-16 19:09:28.046"}
{"level":"info","message":"Registered API redirect from PUT /users/:id to PUT /api/users/:id","service":"research-mgmt-api","timestamp":"2025-04-16 19:09:28.046"}
{"level":"info","message":"Attempting to connect to MongoDB database","service":"research-mgmt-api","timestamp":"2025-04-16 19:09:28.046"}
{"level":"info","message":"Attempting to connect to MongoDB...","service":"research-mgmt-api","timestamp":"2025-04-16 19:09:28.047"}
{"level":"info","message":"MongoDB Connected: ac-xdpuchx-shard-00-00.tvoe17p.mongodb.net","service":"research-mgmt-api","timestamp":"2025-04-16 19:09:28.889"}
{"level":"info","message":"✅ MongoDB connection established successfully","service":"research-mgmt-api","timestamp":"2025-04-16 19:09:28.889"}
{"level":"info","message":"🚀 Server running on port 300000 and accessible from all network interfaces","service":"research-mgmt-api","timestamp":"2025-04-16 19:09:28.894"}
{"level":"info","message":"HTTP GET /api/notifications/unread/count - 200 (0ms)","service":"research-mgmt-api","timestamp":"2025-04-16 19:10:06.983"}
{"level":"info","message":"HTTP GET /api/notifications/unread/count - 200 (0ms)","service":"research-mgmt-api","timestamp":"2025-04-16 19:10:06.984"}
{"level":"info","message":"HTTP GET /api/student/profile - 200 (0ms)","service":"research-mgmt-api","timestamp":"2025-04-16 19:10:10.485"}
{"level":"info","message":"HTTP GET /api/student/profile - 200 (0ms)","service":"research-mgmt-api","timestamp":"2025-04-16 19:10:21.883"}
{"level":"info","message":"HTTP GET /api/student/profile - 200 (0ms)","service":"research-mgmt-api","timestamp":"2025-04-16 19:10:23.378"}
{"level":"info","message":"HTTP GET /api/notifications/unread/count - 200 (0ms)","service":"research-mgmt-api","timestamp":"2025-04-16 19:11:06.980"}
{"level":"info","message":"HTTP GET /api/notifications/unread/count - 200 (0ms)","service":"research-mgmt-api","timestamp":"2025-04-16 19:11:06.981"}
{"level":"info","message":"HTTP GET /api/notifications - 200 (0ms)","service":"research-mgmt-api","timestamp":"2025-04-16 19:11:06.994"}
{"level":"info","message":"HTTP GET /api/notifications - 200 (0ms)","service":"research-mgmt-api","timestamp":"2025-04-16 19:11:06.995"}
{"level":"info","message":"HTTP GET /api/notifications/unread/count - 200 (0ms)","service":"research-mgmt-api","timestamp":"2025-04-16 19:12:06.980"}
{"level":"info","message":"HTTP GET /api/notifications/unread/count - 200 (0ms)","service":"research-mgmt-api","timestamp":"2025-04-16 19:12:06.981"}
{"level":"info","message":"HTTP GET /api/student/team/invitations - 200 (55ms)","service":"research-mgmt-api","timestamp":"2025-04-16 19:12:21.044"}
{"level":"info","message":"HTTP GET /api/notifications - 200 (0ms)","service":"research-mgmt-api","timestamp":"2025-04-16 19:12:21.178"}
{"level":"info","message":"HTTP GET /api/notifications/unread/count - 200 (0ms)","service":"research-mgmt-api","timestamp":"2025-04-16 19:12:21.182"}
{"level":"info","message":"HTTP GET /api/notifications/unread/count - 200 (0ms)","service":"research-mgmt-api","timestamp":"2025-04-16 19:13:06.980"}
{"level":"info","message":"HTTP GET /api/notifications/unread/count - 200 (0ms)","service":"research-mgmt-api","timestamp":"2025-04-16 19:13:20.679"}
{"level":"warn","message":"Unauthorized access attempt (no/invalid Authorization header): /api/student/team/create","service":"research-mgmt-api","timestamp":"2025-04-16 19:13:46.163"}
{"level":"error","message":"HTTP GET /api/student/team/create - 404 (0ms) Error: Route not found","service":"research-mgmt-api","timestamp":"2025-04-16 19:13:46.163"}
{"level":"info","message":"JWT helper initialized","service":"research-mgmt-api","timestamp":"2025-04-16 19:14:02.002"}
{"adminRoutes":true,"authRoutes":true,"level":"info","message":"Route modules loaded:","service":"research-mgmt-api","studentRoutes":true,"supervisorRoutes":true,"timestamp":"2025-04-16 19:14:02.036"}
{"level":"info","message":"Registered API redirect from GET /notifications to GET /api/notifications","service":"research-mgmt-api","timestamp":"2025-04-16 19:14:02.050"}
{"level":"info","message":"Registered API redirect from GET /notifications/unread/count to GET /api/notifications/unread/count","service":"research-mgmt-api","timestamp":"2025-04-16 19:14:02.051"}
{"level":"info","message":"Registered API redirect from GET /user/profile to GET /api/user/profile","service":"research-mgmt-api","timestamp":"2025-04-16 19:14:02.051"}
{"level":"info","message":"Registered API redirect from GET /dashboard to GET /api/dashboard","service":"research-mgmt-api","timestamp":"2025-04-16 19:14:02.051"}
{"level":"info","message":"Registered API redirect from GET /calendar to GET /api/calendar","service":"research-mgmt-api","timestamp":"2025-04-16 19:14:02.051"}
{"level":"info","message":"Registered Team API redirect from GET /teams to GET /api/students/team/...","service":"research-mgmt-api","timestamp":"2025-04-16 19:14:02.051"}
{"level":"info","message":"Registered Team API redirect from GET /teams/my-team to GET /api/students/team/...","service":"research-mgmt-api","timestamp":"2025-04-16 19:14:02.052"}
{"level":"info","message":"Registered Team API redirect from GET /teams/:id to GET /api/students/team/...","service":"research-mgmt-api","timestamp":"2025-04-16 19:14:02.052"}
{"level":"info","message":"Registered Team API redirect from PUT /teams/:id to PUT /api/students/team/...","service":"research-mgmt-api","timestamp":"2025-04-16 19:14:02.052"}
{"level":"info","message":"Registered Team API redirect from DELETE /teams/:id to DELETE /api/students/team/...","service":"research-mgmt-api","timestamp":"2025-04-16 19:14:02.052"}
{"level":"info","message":"Registered Team API redirect from POST /teams/:id/invite to POST /api/students/team/...","service":"research-mgmt-api","timestamp":"2025-04-16 19:14:02.052"}
{"level":"info","message":"Registered Team API redirect from POST /teams/:id/leave to POST /api/students/team/...","service":"research-mgmt-api","timestamp":"2025-04-16 19:14:02.052"}
{"level":"info","message":"Registered Team API redirect from POST /teams/:id/remove-member to POST /api/students/team/...","service":"research-mgmt-api","timestamp":"2025-04-16 19:14:02.052"}
{"level":"info","message":"Registered Student Team API redirect from GET /api/student-teams to GET /api/students/team/...","service":"research-mgmt-api","timestamp":"2025-04-16 19:14:02.052"}
{"level":"info","message":"Registered Student Team API redirect from GET /api/student-teams/invitations to GET /api/students/team/...","service":"research-mgmt-api","timestamp":"2025-04-16 19:14:02.053"}
{"level":"info","message":"Registered Student Team API redirect from DELETE /api/student-teams/:id/leave to DELETE /api/students/team/...","service":"research-mgmt-api","timestamp":"2025-04-16 19:14:02.053"}
{"level":"info","message":"Registered API redirect from GET /projects to GET /api/projects","service":"research-mgmt-api","timestamp":"2025-04-16 19:14:02.053"}
{"level":"info","message":"Registered API redirect from POST /projects to POST /api/projects","service":"research-mgmt-api","timestamp":"2025-04-16 19:14:02.053"}
{"level":"info","message":"Registered API redirect from GET /sessions to GET /api/sessions","service":"research-mgmt-api","timestamp":"2025-04-16 19:14:02.053"}
{"level":"info","message":"Registered API redirect from POST /sessions to POST /api/sessions","service":"research-mgmt-api","timestamp":"2025-04-16 19:14:02.053"}
{"level":"info","message":"Registered API redirect from GET /messages to GET /api/messages","service":"research-mgmt-api","timestamp":"2025-04-16 19:14:02.053"}
{"level":"info","message":"Registered API redirect from POST /messages to POST /api/messages","service":"research-mgmt-api","timestamp":"2025-04-16 19:14:02.053"}
{"level":"info","message":"Registered API redirect from GET /projects/:id to GET /api/projects/:id","service":"research-mgmt-api","timestamp":"2025-04-16 19:14:02.053"}
{"level":"info","message":"Registered API redirect from PUT /projects/:id to PUT /api/projects/:id","service":"research-mgmt-api","timestamp":"2025-04-16 19:14:02.053"}
{"level":"info","message":"Registered API redirect from DELETE /projects/:id to DELETE /api/projects/:id","service":"research-mgmt-api","timestamp":"2025-04-16 19:14:02.053"}
{"level":"info","message":"Registered API redirect from GET /users/:id to GET /api/users/:id","service":"research-mgmt-api","timestamp":"2025-04-16 19:14:02.053"}
{"level":"info","message":"Registered API redirect from PUT /users/:id to PUT /api/users/:id","service":"research-mgmt-api","timestamp":"2025-04-16 19:14:02.054"}
{"level":"info","message":"Attempting to connect to MongoDB database","service":"research-mgmt-api","timestamp":"2025-04-16 19:14:02.054"}
{"level":"info","message":"Attempting to connect to MongoDB...","service":"research-mgmt-api","timestamp":"2025-04-16 19:14:02.054"}
{"level":"info","message":"MongoDB Connected: ac-xdpuchx-shard-00-01.tvoe17p.mongodb.net","service":"research-mgmt-api","timestamp":"2025-04-16 19:14:02.866"}
{"level":"info","message":"✅ MongoDB connection established successfully","service":"research-mgmt-api","timestamp":"2025-04-16 19:14:02.866"}
{"level":"info","message":"🚀 Server running on port 300000 and accessible from all network interfaces","service":"research-mgmt-api","timestamp":"2025-04-16 19:14:02.870"}
{"level":"warn","message":"Unauthorized access attempt (no/invalid Authorization header): /api/student/team/create","service":"research-mgmt-api","timestamp":"2025-04-16 19:14:03.993"}
{"level":"error","message":"HTTP GET /api/student/team/create - 404 (0ms) Error: Route not found","service":"research-mgmt-api","timestamp":"2025-04-16 19:14:03.993"}
{"level":"info","message":"HTTP GET /api/notifications/unread/count - 200 (0ms)","service":"research-mgmt-api","timestamp":"2025-04-16 19:14:06.981"}
{"level":"warn","message":"Unauthorized access attempt (no/invalid Authorization header): /student/team/create","service":"research-mgmt-api","timestamp":"2025-04-16 19:14:18.051"}
{"level":"error","message":"HTTP GET /student/team/create - 404 (0ms) Error: Route not found","service":"research-mgmt-api","timestamp":"2025-04-16 19:14:18.052"}
{"level":"info","message":"HTTP GET /api/notifications/unread/count - 200 (0ms)","service":"research-mgmt-api","timestamp":"2025-04-16 19:14:20.979"}
{"level":"info","message":"HTTP GET /api/notifications/unread/count - 200 (0ms)","service":"research-mgmt-api","timestamp":"2025-04-16 19:15:06.981"}
{"level":"info","message":"HTTP GET /api/notifications/unread/count - 200 (0ms)","service":"research-mgmt-api","timestamp":"2025-04-16 19:15:20.979"}
{"level":"info","message":"HTTP GET /api/notifications/unread/count - 200 (0ms)","service":"research-mgmt-api","timestamp":"2025-04-16 19:16:06.980"}
{"level":"info","message":"HTTP GET /api/notifications - 200 (0ms)","service":"research-mgmt-api","timestamp":"2025-04-16 19:16:06.988"}
{"level":"info","message":"HTTP GET /api/notifications/unread/count - 200 (0ms)","service":"research-mgmt-api","timestamp":"2025-04-16 19:16:20.979"}
{"level":"warn","message":"Unauthorized access attempt (no/invalid Authorization header): /api","service":"research-mgmt-api","timestamp":"2025-04-16 19:16:29.150"}
{"level":"error","message":"HTTP GET /api - 404 (0ms) Error: Route not found","service":"research-mgmt-api","timestamp":"2025-04-16 19:16:29.150"}
{"level":"info","message":"HTTP GET /api/notifications/unread/count - 200 (0ms)","service":"research-mgmt-api","timestamp":"2025-04-16 19:17:06.980"}
{"level":"info","message":"HTTP GET /api/notifications/unread/count - 200 (0ms)","service":"research-mgmt-api","timestamp":"2025-04-16 19:18:06.980"}
{"level":"info","message":"HTTP GET /api/notifications/unread/count - 200 (0ms)","service":"research-mgmt-api","timestamp":"2025-04-16 19:18:06.982"}
{"level":"info","message":"HTTP GET /api/notifications - 200 (0ms)","service":"research-mgmt-api","timestamp":"2025-04-16 19:18:06.986"}
{"external":"29 MB","heapTotal":"32 MB","heapUsed":"53 MB","level":"info","message":"Memory usage stats:","rss":"217 MB","service":"research-mgmt-api","timestamp":"2025-04-16 19:19:02.063"}
{"level":"info","message":"HTTP GET /api/notifications/unread/count - 200 (0ms)","service":"research-mgmt-api","timestamp":"2025-04-16 19:19:06.981"}
{"level":"info","message":"HTTP GET /api/notifications/unread/count - 200 (0ms)","service":"research-mgmt-api","timestamp":"2025-04-16 19:19:06.982"}
{"level":"info","message":"HTTP GET /api/notifications/unread/count - 200 (0ms)","service":"research-mgmt-api","timestamp":"2025-04-16 19:20:06.980"}
{"level":"info","message":"HTTP GET /api/notifications/unread/count - 200 (0ms)","service":"research-mgmt-api","timestamp":"2025-04-16 19:20:06.982"}
{"level":"info","message":"JWT helper initialized","service":"research-mgmt-api","timestamp":"2025-04-16 19:20:34.498"}
{"adminRoutes":true,"authRoutes":true,"level":"info","message":"Route modules loaded:","service":"research-mgmt-api","studentRoutes":true,"supervisorRoutes":true,"timestamp":"2025-04-16 19:20:34.534"}
{"level":"info","message":"Registered API redirect from GET /notifications to GET /api/notifications","service":"research-mgmt-api","timestamp":"2025-04-16 19:20:34.548"}
{"level":"info","message":"Registered API redirect from GET /notifications/unread/count to GET /api/notifications/unread/count","service":"research-mgmt-api","timestamp":"2025-04-16 19:20:34.548"}
{"level":"info","message":"Registered API redirect from GET /user/profile to GET /api/user/profile","service":"research-mgmt-api","timestamp":"2025-04-16 19:20:34.548"}
{"level":"info","message":"Registered API redirect from GET /dashboard to GET /api/dashboard","service":"research-mgmt-api","timestamp":"2025-04-16 19:20:34.549"}
{"level":"info","message":"Registered API redirect from GET /calendar to GET /api/calendar","service":"research-mgmt-api","timestamp":"2025-04-16 19:20:34.549"}
{"level":"info","message":"Registered Team API redirect from GET /teams to GET /api/students/team/...","service":"research-mgmt-api","timestamp":"2025-04-16 19:20:34.549"}
{"level":"info","message":"Registered Team API redirect from GET /teams/my-team to GET /api/students/team/...","service":"research-mgmt-api","timestamp":"2025-04-16 19:20:34.549"}
{"level":"info","message":"Registered Team API redirect from GET /teams/:id to GET /api/students/team/...","service":"research-mgmt-api","timestamp":"2025-04-16 19:20:34.549"}
{"level":"info","message":"Registered Team API redirect from PUT /teams/:id to PUT /api/students/team/...","service":"research-mgmt-api","timestamp":"2025-04-16 19:20:34.549"}
{"level":"info","message":"Registered Team API redirect from DELETE /teams/:id to DELETE /api/students/team/...","service":"research-mgmt-api","timestamp":"2025-04-16 19:20:34.549"}
{"level":"info","message":"Registered Team API redirect from POST /teams/:id/invite to POST /api/students/team/...","service":"research-mgmt-api","timestamp":"2025-04-16 19:20:34.550"}
{"level":"info","message":"Registered Team API redirect from POST /teams/:id/leave to POST /api/students/team/...","service":"research-mgmt-api","timestamp":"2025-04-16 19:20:34.550"}
{"level":"info","message":"Registered Team API redirect from POST /teams/:id/remove-member to POST /api/students/team/...","service":"research-mgmt-api","timestamp":"2025-04-16 19:20:34.550"}
{"level":"info","message":"Registered Student Team API redirect from GET /api/student-teams to GET /api/students/team/...","service":"research-mgmt-api","timestamp":"2025-04-16 19:20:34.550"}
{"level":"info","message":"Registered Student Team API redirect from GET /api/student-teams/invitations to GET /api/students/team/...","service":"research-mgmt-api","timestamp":"2025-04-16 19:20:34.550"}
{"level":"info","message":"Registered Student Team API redirect from DELETE /api/student-teams/:id/leave to DELETE /api/students/team/...","service":"research-mgmt-api","timestamp":"2025-04-16 19:20:34.550"}
{"level":"info","message":"Registered API redirect from GET /projects to GET /api/projects","service":"research-mgmt-api","timestamp":"2025-04-16 19:20:34.550"}
{"level":"info","message":"Registered API redirect from POST /projects to POST /api/projects","service":"research-mgmt-api","timestamp":"2025-04-16 19:20:34.550"}
{"level":"info","message":"Registered API redirect from GET /sessions to GET /api/sessions","service":"research-mgmt-api","timestamp":"2025-04-16 19:20:34.550"}
{"level":"info","message":"Registered API redirect from POST /sessions to POST /api/sessions","service":"research-mgmt-api","timestamp":"2025-04-16 19:20:34.550"}
{"level":"info","message":"Registered API redirect from GET /messages to GET /api/messages","service":"research-mgmt-api","timestamp":"2025-04-16 19:20:34.550"}
{"level":"info","message":"Registered API redirect from POST /messages to POST /api/messages","service":"research-mgmt-api","timestamp":"2025-04-16 19:20:34.550"}
{"level":"info","message":"Registered API redirect from GET /projects/:id to GET /api/projects/:id","service":"research-mgmt-api","timestamp":"2025-04-16 19:20:34.550"}
{"level":"info","message":"Registered API redirect from PUT /projects/:id to PUT /api/projects/:id","service":"research-mgmt-api","timestamp":"2025-04-16 19:20:34.551"}
{"level":"info","message":"Registered API redirect from DELETE /projects/:id to DELETE /api/projects/:id","service":"research-mgmt-api","timestamp":"2025-04-16 19:20:34.551"}
{"level":"info","message":"Registered API redirect from GET /users/:id to GET /api/users/:id","service":"research-mgmt-api","timestamp":"2025-04-16 19:20:34.551"}
{"level":"info","message":"Registered API redirect from PUT /users/:id to PUT /api/users/:id","service":"research-mgmt-api","timestamp":"2025-04-16 19:20:34.551"}
{"level":"info","message":"Attempting to connect to MongoDB database","service":"research-mgmt-api","timestamp":"2025-04-16 19:20:34.551"}
{"level":"info","message":"Attempting to connect to MongoDB...","service":"research-mgmt-api","timestamp":"2025-04-16 19:20:34.551"}
{"level":"info","message":"MongoDB Connected: ac-xdpuchx-shard-00-02.tvoe17p.mongodb.net","service":"research-mgmt-api","timestamp":"2025-04-16 19:20:35.367"}
{"level":"info","message":"✅ MongoDB connection established successfully","service":"research-mgmt-api","timestamp":"2025-04-16 19:20:35.367"}
{"level":"info","message":"🚀 Server running on port 300000 and accessible from all network interfaces","service":"research-mgmt-api","timestamp":"2025-04-16 19:20:35.372"}
{"level":"info","message":"JWT helper initialized","service":"research-mgmt-api","timestamp":"2025-04-16 19:21:00.469"}
{"adminRoutes":true,"authRoutes":true,"level":"info","message":"Route modules loaded:","service":"research-mgmt-api","studentRoutes":true,"supervisorRoutes":true,"timestamp":"2025-04-16 19:21:00.507"}
{"level":"info","message":"Registered API redirect from GET /notifications to GET /api/notifications","service":"research-mgmt-api","timestamp":"2025-04-16 19:21:00.522"}
{"level":"info","message":"Registered API redirect from GET /notifications/unread/count to GET /api/notifications/unread/count","service":"research-mgmt-api","timestamp":"2025-04-16 19:21:00.522"}
{"level":"info","message":"Registered API redirect from GET /user/profile to GET /api/user/profile","service":"research-mgmt-api","timestamp":"2025-04-16 19:21:00.523"}
{"level":"info","message":"Registered API redirect from GET /dashboard to GET /api/dashboard","service":"research-mgmt-api","timestamp":"2025-04-16 19:21:00.523"}
{"level":"info","message":"Registered API redirect from GET /calendar to GET /api/calendar","service":"research-mgmt-api","timestamp":"2025-04-16 19:21:00.523"}
{"level":"info","message":"Registered Team API redirect from GET /teams to GET /api/students/team/...","service":"research-mgmt-api","timestamp":"2025-04-16 19:21:00.523"}
{"level":"info","message":"Registered Team API redirect from GET /teams/my-team to GET /api/students/team/...","service":"research-mgmt-api","timestamp":"2025-04-16 19:21:00.523"}
{"level":"info","message":"Registered Team API redirect from GET /teams/:id to GET /api/students/team/...","service":"research-mgmt-api","timestamp":"2025-04-16 19:21:00.523"}
{"level":"info","message":"Registered Team API redirect from PUT /teams/:id to PUT /api/students/team/...","service":"research-mgmt-api","timestamp":"2025-04-16 19:21:00.524"}
{"level":"info","message":"Registered Team API redirect from DELETE /teams/:id to DELETE /api/students/team/...","service":"research-mgmt-api","timestamp":"2025-04-16 19:21:00.524"}
{"level":"info","message":"Registered Team API redirect from POST /teams/:id/invite to POST /api/students/team/...","service":"research-mgmt-api","timestamp":"2025-04-16 19:21:00.524"}
{"level":"info","message":"Registered Team API redirect from POST /teams/:id/leave to POST /api/students/team/...","service":"research-mgmt-api","timestamp":"2025-04-16 19:21:00.524"}
{"level":"info","message":"Registered Team API redirect from POST /teams/:id/remove-member to POST /api/students/team/...","service":"research-mgmt-api","timestamp":"2025-04-16 19:21:00.524"}
{"level":"info","message":"Registered Student Team API redirect from GET /api/student-teams to GET /api/students/team/...","service":"research-mgmt-api","timestamp":"2025-04-16 19:21:00.524"}
{"level":"info","message":"Registered Student Team API redirect from GET /api/student-teams/invitations to GET /api/students/team/...","service":"research-mgmt-api","timestamp":"2025-04-16 19:21:00.524"}
{"level":"info","message":"Registered Student Team API redirect from DELETE /api/student-teams/:id/leave to DELETE /api/students/team/...","service":"research-mgmt-api","timestamp":"2025-04-16 19:21:00.524"}
{"level":"info","message":"Registered API redirect from GET /projects to GET /api/projects","service":"research-mgmt-api","timestamp":"2025-04-16 19:21:00.524"}
{"level":"info","message":"Registered API redirect from POST /projects to POST /api/projects","service":"research-mgmt-api","timestamp":"2025-04-16 19:21:00.525"}
{"level":"info","message":"Registered API redirect from GET /sessions to GET /api/sessions","service":"research-mgmt-api","timestamp":"2025-04-16 19:21:00.525"}
{"level":"info","message":"Registered API redirect from POST /sessions to POST /api/sessions","service":"research-mgmt-api","timestamp":"2025-04-16 19:21:00.525"}
{"level":"info","message":"Registered API redirect from GET /messages to GET /api/messages","service":"research-mgmt-api","timestamp":"2025-04-16 19:21:00.525"}
{"level":"info","message":"Registered API redirect from POST /messages to POST /api/messages","service":"research-mgmt-api","timestamp":"2025-04-16 19:21:00.525"}
{"level":"info","message":"Registered API redirect from GET /projects/:id to GET /api/projects/:id","service":"research-mgmt-api","timestamp":"2025-04-16 19:21:00.525"}
{"level":"info","message":"Registered API redirect from PUT /projects/:id to PUT /api/projects/:id","service":"research-mgmt-api","timestamp":"2025-04-16 19:21:00.525"}
{"level":"info","message":"Registered API redirect from DELETE /projects/:id to DELETE /api/projects/:id","service":"research-mgmt-api","timestamp":"2025-04-16 19:21:00.525"}
{"level":"info","message":"Registered API redirect from GET /users/:id to GET /api/users/:id","service":"research-mgmt-api","timestamp":"2025-04-16 19:21:00.525"}
{"level":"info","message":"Registered API redirect from PUT /users/:id to PUT /api/users/:id","service":"research-mgmt-api","timestamp":"2025-04-16 19:21:00.525"}
{"level":"info","message":"Attempting to connect to MongoDB database","service":"research-mgmt-api","timestamp":"2025-04-16 19:21:00.525"}
{"level":"info","message":"Attempting to connect to MongoDB...","service":"research-mgmt-api","timestamp":"2025-04-16 19:21:00.526"}
{"level":"info","message":"MongoDB Connected: ac-xdpuchx-shard-00-00.tvoe17p.mongodb.net","service":"research-mgmt-api","timestamp":"2025-04-16 19:21:01.230"}
{"level":"info","message":"✅ MongoDB connection established successfully","service":"research-mgmt-api","timestamp":"2025-04-16 19:21:01.231"}
{"level":"info","message":"🚀 Server running on port 300000 and accessible from all network interfaces","service":"research-mgmt-api","timestamp":"2025-04-16 19:21:01.236"}
{"level":"info","message":"HTTP GET /api/notifications/unread/count - 200 (0ms)","service":"research-mgmt-api","timestamp":"2025-04-16 19:21:06.984"}
{"level":"info","message":"HTTP GET /api/notifications/unread/count - 200 (0ms)","service":"research-mgmt-api","timestamp":"2025-04-16 19:21:06.986"}
{"level":"info","message":"HTTP GET /api/notifications - 200 (0ms)","service":"research-mgmt-api","timestamp":"2025-04-16 19:21:06.989"}
{"level":"warn","message":"Unauthorized access attempt (no/invalid Authorization header): /api/student/team","service":"research-mgmt-api","timestamp":"2025-04-16 19:21:58.977"}
{"level":"error","message":"HTTP POST /api/student/team - 404 (0ms) Error: Route not found","service":"research-mgmt-api","timestamp":"2025-04-16 19:21:58.977"}
{"level":"info","message":"HTTP GET /api/notifications/unread/count - 200 (0ms)","service":"research-mgmt-api","timestamp":"2025-04-16 19:22:06.980"}
{"level":"info","message":"HTTP GET /api/notifications/unread/count - 200 (0ms)","service":"research-mgmt-api","timestamp":"2025-04-16 19:22:06.981"}
{"level":"info","message":"JWT helper initialized","service":"research-mgmt-api","timestamp":"2025-04-16 19:22:09.461"}
{"adminRoutes":true,"authRoutes":true,"level":"info","message":"Route modules loaded:","service":"research-mgmt-api","studentRoutes":true,"supervisorRoutes":true,"timestamp":"2025-04-16 19:22:09.495"}
{"level":"info","message":"Registered API redirect from GET /notifications to GET /api/notifications","service":"research-mgmt-api","timestamp":"2025-04-16 19:22:09.508"}
{"level":"info","message":"Registered API redirect from GET /notifications/unread/count to GET /api/notifications/unread/count","service":"research-mgmt-api","timestamp":"2025-04-16 19:22:09.508"}
{"level":"info","message":"Registered API redirect from GET /user/profile to GET /api/user/profile","service":"research-mgmt-api","timestamp":"2025-04-16 19:22:09.509"}
{"level":"info","message":"Registered API redirect from GET /dashboard to GET /api/dashboard","service":"research-mgmt-api","timestamp":"2025-04-16 19:22:09.509"}
{"level":"info","message":"Registered API redirect from GET /calendar to GET /api/calendar","service":"research-mgmt-api","timestamp":"2025-04-16 19:22:09.509"}
{"level":"info","message":"Registered Team API redirect from GET /teams to GET /api/students/team/...","service":"research-mgmt-api","timestamp":"2025-04-16 19:22:09.509"}
{"level":"info","message":"Registered Team API redirect from GET /teams/my-team to GET /api/students/team/...","service":"research-mgmt-api","timestamp":"2025-04-16 19:22:09.509"}
{"level":"info","message":"Registered Team API redirect from GET /teams/:id to GET /api/students/team/...","service":"research-mgmt-api","timestamp":"2025-04-16 19:22:09.510"}
{"level":"info","message":"Registered Team API redirect from PUT /teams/:id to PUT /api/students/team/...","service":"research-mgmt-api","timestamp":"2025-04-16 19:22:09.510"}
{"level":"info","message":"Registered Team API redirect from DELETE /teams/:id to DELETE /api/students/team/...","service":"research-mgmt-api","timestamp":"2025-04-16 19:22:09.510"}
{"level":"info","message":"Registered Team API redirect from POST /teams/:id/invite to POST /api/students/team/...","service":"research-mgmt-api","timestamp":"2025-04-16 19:22:09.510"}
{"level":"info","message":"Registered Team API redirect from POST /teams/:id/leave to POST /api/students/team/...","service":"research-mgmt-api","timestamp":"2025-04-16 19:22:09.510"}
{"level":"info","message":"Registered Team API redirect from POST /teams/:id/remove-member to POST /api/students/team/...","service":"research-mgmt-api","timestamp":"2025-04-16 19:22:09.510"}
{"level":"info","message":"Registered Student Team API redirect from GET /api/student-teams to GET /api/students/team/...","service":"research-mgmt-api","timestamp":"2025-04-16 19:22:09.510"}
{"level":"info","message":"Registered Student Team API redirect from GET /api/student-teams/invitations to GET /api/students/team/...","service":"research-mgmt-api","timestamp":"2025-04-16 19:22:09.510"}
{"level":"info","message":"Registered Student Team API redirect from DELETE /api/student-teams/:id/leave to DELETE /api/students/team/...","service":"research-mgmt-api","timestamp":"2025-04-16 19:22:09.510"}
{"level":"info","message":"Registered API redirect from GET /projects to GET /api/projects","service":"research-mgmt-api","timestamp":"2025-04-16 19:22:09.510"}
{"level":"info","message":"Registered API redirect from POST /projects to POST /api/projects","service":"research-mgmt-api","timestamp":"2025-04-16 19:22:09.511"}
{"level":"info","message":"Registered API redirect from GET /sessions to GET /api/sessions","service":"research-mgmt-api","timestamp":"2025-04-16 19:22:09.511"}
{"level":"info","message":"Registered API redirect from POST /sessions to POST /api/sessions","service":"research-mgmt-api","timestamp":"2025-04-16 19:22:09.511"}
{"level":"info","message":"Registered API redirect from GET /messages to GET /api/messages","service":"research-mgmt-api","timestamp":"2025-04-16 19:22:09.511"}
{"level":"info","message":"Registered API redirect from POST /messages to POST /api/messages","service":"research-mgmt-api","timestamp":"2025-04-16 19:22:09.511"}
{"level":"info","message":"Registered API redirect from GET /projects/:id to GET /api/projects/:id","service":"research-mgmt-api","timestamp":"2025-04-16 19:22:09.511"}
{"level":"info","message":"Registered API redirect from PUT /projects/:id to PUT /api/projects/:id","service":"research-mgmt-api","timestamp":"2025-04-16 19:22:09.511"}
{"level":"info","message":"Registered API redirect from DELETE /projects/:id to DELETE /api/projects/:id","service":"research-mgmt-api","timestamp":"2025-04-16 19:22:09.511"}
{"level":"info","message":"Registered API redirect from GET /users/:id to GET /api/users/:id","service":"research-mgmt-api","timestamp":"2025-04-16 19:22:09.511"}
{"level":"info","message":"Registered API redirect from PUT /users/:id to PUT /api/users/:id","service":"research-mgmt-api","timestamp":"2025-04-16 19:22:09.511"}
{"level":"info","message":"Attempting to connect to MongoDB database","service":"research-mgmt-api","timestamp":"2025-04-16 19:22:09.511"}
{"level":"info","message":"Attempting to connect to MongoDB...","service":"research-mgmt-api","timestamp":"2025-04-16 19:22:09.512"}
{"level":"info","message":"MongoDB Connected: ac-xdpuchx-shard-00-01.tvoe17p.mongodb.net","service":"research-mgmt-api","timestamp":"2025-04-16 19:22:10.307"}
{"level":"info","message":"✅ MongoDB connection established successfully","service":"research-mgmt-api","timestamp":"2025-04-16 19:22:10.307"}
{"level":"info","message":"🚀 Server running on port 300000 and accessible from all network interfaces","service":"research-mgmt-api","timestamp":"2025-04-16 19:22:10.311"}
{"level":"warn","message":"Unauthorized access attempt (no/invalid Authorization header): /api/student/team/","service":"research-mgmt-api","timestamp":"2025-04-16 19:22:24.649"}
{"level":"error","message":"HTTP GET /api/student/team/ - 404 (0ms) Error: Route not found","service":"research-mgmt-api","timestamp":"2025-04-16 19:22:24.650"}
{"level":"warn","message":"Unauthorized access attempt (no/invalid Authorization header): /api/student/team/create","service":"research-mgmt-api","timestamp":"2025-04-16 19:22:34.094"}
{"level":"error","message":"HTTP GET /api/student/team/create - 404 (0ms) Error: Route not found","service":"research-mgmt-api","timestamp":"2025-04-16 19:22:34.094"}
{"level":"warn","message":"Unauthorized access attempt (no/invalid Authorization header): /api/student/team/create","service":"research-mgmt-api","timestamp":"2025-04-16 19:22:36.396"}
{"level":"error","message":"HTTP GET /api/student/team/create - 404 (0ms) Error: Route not found","service":"research-mgmt-api","timestamp":"2025-04-16 19:22:36.396"}
{"level":"info","message":"HTTP GET /api/notifications/unread/count - 200 (0ms)","service":"research-mgmt-api","timestamp":"2025-04-16 19:22:48.085"}
{"level":"info","message":"HTTP GET /api/notifications - 200 (0ms)","service":"research-mgmt-api","timestamp":"2025-04-16 19:22:48.089"}
{"level":"info","message":"HTTP GET /api/notifications/unread/count - 200 (0ms)","service":"research-mgmt-api","timestamp":"2025-04-16 19:23:06.980"}
{"level":"error","message":"HTTP GET /api/student/team/create - 404 (0ms) Error: Route not found","service":"research-mgmt-api","timestamp":"2025-04-16 19:23:09.716"}
{"level":"info","message":"HTTP GET /api/notifications/unread/count - 200 (0ms)","service":"research-mgmt-api","timestamp":"2025-04-16 19:23:20.679"}
{"level":"info","message":"HTTP GET /api/notifications/unread/count - 200 (0ms)","service":"research-mgmt-api","timestamp":"2025-04-16 19:24:06.984"}
{"level":"info","message":"HTTP GET /api/notifications/unread/count - 200 (0ms)","service":"research-mgmt-api","timestamp":"2025-04-16 19:24:20.678"}
{"level":"info","message":"JWT helper initialized","service":"research-mgmt-api","timestamp":"2025-04-16 19:24:58.693"}
{"adminRoutes":true,"authRoutes":true,"level":"info","message":"Route modules loaded:","service":"research-mgmt-api","studentRoutes":true,"supervisorRoutes":true,"timestamp":"2025-04-16 19:24:58.729"}
{"level":"info","message":"Registered API redirect from GET /notifications to GET /api/notifications","service":"research-mgmt-api","timestamp":"2025-04-16 19:24:58.743"}
{"level":"info","message":"Registered API redirect from GET /notifications/unread/count to GET /api/notifications/unread/count","service":"research-mgmt-api","timestamp":"2025-04-16 19:24:58.743"}
{"level":"info","message":"Registered API redirect from GET /user/profile to GET /api/user/profile","service":"research-mgmt-api","timestamp":"2025-04-16 19:24:58.743"}
{"level":"info","message":"Registered API redirect from GET /dashboard to GET /api/dashboard","service":"research-mgmt-api","timestamp":"2025-04-16 19:24:58.743"}
{"level":"info","message":"Registered API redirect from GET /calendar to GET /api/calendar","service":"research-mgmt-api","timestamp":"2025-04-16 19:24:58.744"}
{"level":"info","message":"Registered Team API redirect from GET /teams to GET /api/students/team/...","service":"research-mgmt-api","timestamp":"2025-04-16 19:24:58.744"}
{"level":"info","message":"Registered Team API redirect from GET /teams/my-team to GET /api/students/team/...","service":"research-mgmt-api","timestamp":"2025-04-16 19:24:58.744"}
{"level":"info","message":"Registered Team API redirect from GET /teams/:id to GET /api/students/team/...","service":"research-mgmt-api","timestamp":"2025-04-16 19:24:58.744"}
{"level":"info","message":"Registered Team API redirect from PUT /teams/:id to PUT /api/students/team/...","service":"research-mgmt-api","timestamp":"2025-04-16 19:24:58.744"}
{"level":"info","message":"Registered Team API redirect from DELETE /teams/:id to DELETE /api/students/team/...","service":"research-mgmt-api","timestamp":"2025-04-16 19:24:58.744"}
{"level":"info","message":"Registered Team API redirect from POST /teams/:id/invite to POST /api/students/team/...","service":"research-mgmt-api","timestamp":"2025-04-16 19:24:58.744"}
{"level":"info","message":"Registered Team API redirect from POST /teams/:id/leave to POST /api/students/team/...","service":"research-mgmt-api","timestamp":"2025-04-16 19:24:58.745"}
{"level":"info","message":"Registered Team API redirect from POST /teams/:id/remove-member to POST /api/students/team/...","service":"research-mgmt-api","timestamp":"2025-04-16 19:24:58.745"}
{"level":"info","message":"Registered Student Team API redirect from GET /api/student-teams to GET /api/students/team/...","service":"research-mgmt-api","timestamp":"2025-04-16 19:24:58.745"}
{"level":"info","message":"Registered Student Team API redirect from GET /api/student-teams/invitations to GET /api/students/team/...","service":"research-mgmt-api","timestamp":"2025-04-16 19:24:58.745"}
{"level":"info","message":"Registered Student Team API redirect from DELETE /api/student-teams/:id/leave to DELETE /api/students/team/...","service":"research-mgmt-api","timestamp":"2025-04-16 19:24:58.745"}
{"level":"info","message":"Registered API redirect from GET /projects to GET /api/projects","service":"research-mgmt-api","timestamp":"2025-04-16 19:24:58.745"}
{"level":"info","message":"Registered API redirect from POST /projects to POST /api/projects","service":"research-mgmt-api","timestamp":"2025-04-16 19:24:58.745"}
{"level":"info","message":"Registered API redirect from GET /sessions to GET /api/sessions","service":"research-mgmt-api","timestamp":"2025-04-16 19:24:58.745"}
{"level":"info","message":"Registered API redirect from POST /sessions to POST /api/sessions","service":"research-mgmt-api","timestamp":"2025-04-16 19:24:58.745"}
{"level":"info","message":"Registered API redirect from GET /messages to GET /api/messages","service":"research-mgmt-api","timestamp":"2025-04-16 19:24:58.745"}
{"level":"info","message":"Registered API redirect from POST /messages to POST /api/messages","service":"research-mgmt-api","timestamp":"2025-04-16 19:24:58.745"}
{"level":"info","message":"Registered API redirect from GET /projects/:id to GET /api/projects/:id","service":"research-mgmt-api","timestamp":"2025-04-16 19:24:58.746"}
{"level":"info","message":"Registered API redirect from PUT /projects/:id to PUT /api/projects/:id","service":"research-mgmt-api","timestamp":"2025-04-16 19:24:58.746"}
{"level":"info","message":"Registered API redirect from DELETE /projects/:id to DELETE /api/projects/:id","service":"research-mgmt-api","timestamp":"2025-04-16 19:24:58.746"}
{"level":"info","message":"Registered API redirect from GET /users/:id to GET /api/users/:id","service":"research-mgmt-api","timestamp":"2025-04-16 19:24:58.746"}
{"level":"info","message":"Registered API redirect from PUT /users/:id to PUT /api/users/:id","service":"research-mgmt-api","timestamp":"2025-04-16 19:24:58.746"}
{"level":"info","message":"Attempting to connect to MongoDB database","service":"research-mgmt-api","timestamp":"2025-04-16 19:24:58.746"}
{"level":"info","message":"Attempting to connect to MongoDB...","service":"research-mgmt-api","timestamp":"2025-04-16 19:24:58.746"}
{"level":"info","message":"MongoDB Connected: ac-xdpuchx-shard-00-02.tvoe17p.mongodb.net","service":"research-mgmt-api","timestamp":"2025-04-16 19:24:59.550"}
{"level":"info","message":"✅ MongoDB connection established successfully","service":"research-mgmt-api","timestamp":"2025-04-16 19:24:59.550"}
{"level":"info","message":"🚀 Server running on port 300000 and accessible from all network interfaces","service":"research-mgmt-api","timestamp":"2025-04-16 19:24:59.554"}
{"level":"info","message":"HTTP GET /api/notifications/unread/count - 200 (0ms)","service":"research-mgmt-api","timestamp":"2025-04-16 19:25:06.984"}
{"level":"info","message":"HTTP GET /api/notifications/unread/count - 200 (0ms)","service":"research-mgmt-api","timestamp":"2025-04-16 19:25:20.678"}
{"level":"info","message":"HTTP GET /api/notifications/unread/count - 200 (0ms)","service":"research-mgmt-api","timestamp":"2025-04-16 19:26:06.980"}
{"level":"info","message":"HTTP GET /api/notifications - 200 (0ms)","service":"research-mgmt-api","timestamp":"2025-04-16 19:26:06.987"}
{"level":"info","message":"HTTP GET /api/notifications/unread/count - 200 (0ms)","service":"research-mgmt-api","timestamp":"2025-04-16 19:26:20.979"}
{"level":"error","message":"HTTP POST /api/student/team/create - 404 (0ms) Error: Route not found","service":"research-mgmt-api","timestamp":"2025-04-16 19:26:23.841"}
{"level":"error","message":"HTTP POST /api/student/team/create - 404 (0ms) Error: Route not found","service":"research-mgmt-api","timestamp":"2025-04-16 19:26:25.631"}
{"level":"error","message":"HTTP POST /api/student/team/create - 404 (0ms) Error: Route not found","service":"research-mgmt-api","timestamp":"2025-04-16 19:26:27.192"}
{"level":"error","message":"HTTP POST /api/student/team/create - 404 (0ms) Error: Route not found","service":"research-mgmt-api","timestamp":"2025-04-16 19:26:38.974"}
{"level":"error","message":"HTTP POST /api/student/team/create - 404 (0ms) Error: Route not found","service":"research-mgmt-api","timestamp":"2025-04-16 19:26:57.884"}
{"level":"info","message":"HTTP GET /api/notifications/unread/count - 200 (0ms)","service":"research-mgmt-api","timestamp":"2025-04-16 19:27:06.980"}
{"level":"error","message":"HTTP GET /api/student/team/create - 404 (0ms) Error: Route not found","service":"research-mgmt-api","timestamp":"2025-04-16 19:27:30.408"}
{"level":"error","message":"HTTP GET /api/student/profile - 404 (0ms) Error: Route not found","service":"research-mgmt-api","timestamp":"2025-04-16 19:27:59.797"}
{"level":"info","message":"HTTP GET /api/notifications/unread/count - 200 (0ms)","service":"research-mgmt-api","timestamp":"2025-04-16 19:28:06.980"}
{"level":"info","message":"HTTP GET /api/notifications/unread/count - 200 (0ms)","service":"research-mgmt-api","timestamp":"2025-04-16 19:28:06.981"}
{"level":"info","message":"HTTP GET /api/notifications - 200 (0ms)","service":"research-mgmt-api","timestamp":"2025-04-16 19:28:06.988"}
{"level":"info","message":"HTTP GET /api/notifications/unread/count - 200 (0ms)","service":"research-mgmt-api","timestamp":"2025-04-16 19:29:06.981"}
{"level":"info","message":"HTTP GET /api/notifications/unread/count - 200 (0ms)","service":"research-mgmt-api","timestamp":"2025-04-16 19:29:06.982"}
{"level":"error","message":"HTTP GET /student/profile - 404 (0ms) Error: Route not found","service":"research-mgmt-api","timestamp":"2025-04-16 19:29:18.440"}
{"external":"29 MB","heapTotal":"32 MB","heapUsed":"54 MB","level":"info","message":"Memory usage stats:","rss":"216 MB","service":"research-mgmt-api","timestamp":"2025-04-16 19:29:58.753"}
{"level":"info","message":"HTTP GET /api/notifications/unread/count - 200 (0ms)","service":"research-mgmt-api","timestamp":"2025-04-16 19:30:06.982"}
{"level":"info","message":"HTTP GET /api/notifications/unread/count - 200 (0ms)","service":"research-mgmt-api","timestamp":"2025-04-16 19:30:06.984"}
{"level":"info","message":"JWT helper initialized","service":"research-mgmt-api","timestamp":"2025-04-16 19:30:30.129"}
{"adminRoutes":true,"authRoutes":true,"level":"info","message":"Route modules loaded:","service":"research-mgmt-api","studentRoutes":true,"supervisorRoutes":true,"timestamp":"2025-04-16 19:30:30.163"}
{"level":"info","message":"Registered API redirect from GET /notifications to GET /api/notifications","service":"research-mgmt-api","timestamp":"2025-04-16 19:30:30.177"}
{"level":"info","message":"Registered API redirect from GET /notifications/unread/count to GET /api/notifications/unread/count","service":"research-mgmt-api","timestamp":"2025-04-16 19:30:30.177"}
{"level":"info","message":"Registered API redirect from GET /user/profile to GET /api/user/profile","service":"research-mgmt-api","timestamp":"2025-04-16 19:30:30.177"}
{"level":"info","message":"Registered API redirect from GET /dashboard to GET /api/dashboard","service":"research-mgmt-api","timestamp":"2025-04-16 19:30:30.177"}
{"level":"info","message":"Registered API redirect from GET /calendar to GET /api/calendar","service":"research-mgmt-api","timestamp":"2025-04-16 19:30:30.177"}
{"level":"info","message":"Registered Team API redirect from GET /teams to GET /api/students/team/...","service":"research-mgmt-api","timestamp":"2025-04-16 19:30:30.178"}
{"level":"info","message":"Registered Team API redirect from GET /teams/my-team to GET /api/students/team/...","service":"research-mgmt-api","timestamp":"2025-04-16 19:30:30.178"}
{"level":"info","message":"Registered Team API redirect from GET /teams/:id to GET /api/students/team/...","service":"research-mgmt-api","timestamp":"2025-04-16 19:30:30.178"}
{"level":"info","message":"Registered Team API redirect from PUT /teams/:id to PUT /api/students/team/...","service":"research-mgmt-api","timestamp":"2025-04-16 19:30:30.178"}
{"level":"info","message":"Registered Team API redirect from DELETE /teams/:id to DELETE /api/students/team/...","service":"research-mgmt-api","timestamp":"2025-04-16 19:30:30.178"}
{"level":"info","message":"Registered Team API redirect from POST /teams/:id/invite to POST /api/students/team/...","service":"research-mgmt-api","timestamp":"2025-04-16 19:30:30.178"}
{"level":"info","message":"Registered Team API redirect from POST /teams/:id/leave to POST /api/students/team/...","service":"research-mgmt-api","timestamp":"2025-04-16 19:30:30.178"}
{"level":"info","message":"Registered Team API redirect from POST /teams/:id/remove-member to POST /api/students/team/...","service":"research-mgmt-api","timestamp":"2025-04-16 19:30:30.178"}
{"level":"info","message":"Registered Student Team API redirect from GET /api/student-teams to GET /api/students/team/...","service":"research-mgmt-api","timestamp":"2025-04-16 19:30:30.179"}
{"level":"info","message":"Registered Student Team API redirect from GET /api/student-teams/invitations to GET /api/students/team/...","service":"research-mgmt-api","timestamp":"2025-04-16 19:30:30.179"}
{"level":"info","message":"Registered Student Team API redirect from DELETE /api/student-teams/:id/leave to DELETE /api/students/team/...","service":"research-mgmt-api","timestamp":"2025-04-16 19:30:30.179"}
{"level":"info","message":"Registered API redirect from GET /projects to GET /api/projects","service":"research-mgmt-api","timestamp":"2025-04-16 19:30:30.179"}
{"level":"info","message":"Registered API redirect from POST /projects to POST /api/projects","service":"research-mgmt-api","timestamp":"2025-04-16 19:30:30.179"}
{"level":"info","message":"Registered API redirect from GET /sessions to GET /api/sessions","service":"research-mgmt-api","timestamp":"2025-04-16 19:30:30.179"}
{"level":"info","message":"Registered API redirect from POST /sessions to POST /api/sessions","service":"research-mgmt-api","timestamp":"2025-04-16 19:30:30.179"}
{"level":"info","message":"Registered API redirect from GET /messages to GET /api/messages","service":"research-mgmt-api","timestamp":"2025-04-16 19:30:30.179"}
{"level":"info","message":"Registered API redirect from POST /messages to POST /api/messages","service":"research-mgmt-api","timestamp":"2025-04-16 19:30:30.179"}
{"level":"info","message":"Registered API redirect from GET /projects/:id to GET /api/projects/:id","service":"research-mgmt-api","timestamp":"2025-04-16 19:30:30.179"}
{"level":"info","message":"Registered API redirect from PUT /projects/:id to PUT /api/projects/:id","service":"research-mgmt-api","timestamp":"2025-04-16 19:30:30.179"}
{"level":"info","message":"Registered API redirect from DELETE /projects/:id to DELETE /api/projects/:id","service":"research-mgmt-api","timestamp":"2025-04-16 19:30:30.179"}
{"level":"info","message":"Registered API redirect from GET /users/:id to GET /api/users/:id","service":"research-mgmt-api","timestamp":"2025-04-16 19:30:30.180"}
{"level":"info","message":"Registered API redirect from PUT /users/:id to PUT /api/users/:id","service":"research-mgmt-api","timestamp":"2025-04-16 19:30:30.180"}
{"level":"info","message":"Attempting to connect to MongoDB database","service":"research-mgmt-api","timestamp":"2025-04-16 19:30:30.180"}
{"level":"info","message":"Attempting to connect to MongoDB...","service":"research-mgmt-api","timestamp":"2025-04-16 19:30:30.180"}
{"level":"info","message":"MongoDB Connected: ac-xdpuchx-shard-00-01.tvoe17p.mongodb.net","service":"research-mgmt-api","timestamp":"2025-04-16 19:30:31.012"}
{"level":"info","message":"✅ MongoDB connection established successfully","service":"research-mgmt-api","timestamp":"2025-04-16 19:30:31.012"}
{"level":"info","message":"🚀 Server running on port 300000 and accessible from all network interfaces","service":"research-mgmt-api","timestamp":"2025-04-16 19:30:31.016"}
{"level":"info","message":"HTTP GET /api/notifications/unread/count - 200 (0ms)","service":"research-mgmt-api","timestamp":"2025-04-16 19:31:06.985"}
{"level":"info","message":"HTTP GET /api/notifications/unread/count - 200 (0ms)","service":"research-mgmt-api","timestamp":"2025-04-16 19:31:06.986"}
{"level":"info","message":"HTTP GET /api/notifications - 200 (0ms)","service":"research-mgmt-api","timestamp":"2025-04-16 19:31:06.992"}
{"level":"info","message":"HTTP GET /api/notifications/unread/count - 200 (0ms)","service":"research-mgmt-api","timestamp":"2025-04-16 19:32:06.981"}
{"level":"info","message":"HTTP GET /api/notifications/unread/count - 200 (0ms)","service":"research-mgmt-api","timestamp":"2025-04-16 19:32:06.982"}
{"level":"info","message":"HTTP POST /api/student/team/create - 200 (0ms)","service":"research-mgmt-api","timestamp":"2025-04-16 19:32:49.747"}
{"level":"info","message":"HTTP GET /api/notifications/unread/count - 200 (0ms)","service":"research-mgmt-api","timestamp":"2025-04-16 19:33:06.980"}
{"level":"info","message":"HTTP GET /api/notifications/unread/count - 200 (0ms)","service":"research-mgmt-api","timestamp":"2025-04-16 19:33:06.981"}
{"level":"info","message":"HTTP GET /api/notifications - 200 (0ms)","service":"research-mgmt-api","timestamp":"2025-04-16 19:33:06.986"}
{"level":"info","message":"HTTP POST /api/student/team/create - 200 (0ms)","service":"research-mgmt-api","timestamp":"2025-04-16 19:33:13.999"}
{"level":"info","message":"HTTP POST /api/student/team/create - 200 (0ms)","service":"research-mgmt-api","timestamp":"2025-04-16 19:34:01.260"}
{"level":"info","message":"HTTP GET /api/notifications/unread/count - 200 (0ms)","service":"research-mgmt-api","timestamp":"2025-04-16 19:34:06.980"}
{"level":"info","message":"HTTP GET /api/notifications/unread/count - 200 (0ms)","service":"research-mgmt-api","timestamp":"2025-04-16 19:34:06.981"}
{"level":"info","message":"HTTP GET /api/notifications/unread/count - 200 (0ms)","service":"research-mgmt-api","timestamp":"2025-04-16 19:34:24.263"}
{"level":"info","message":"HTTP POST /api/student/team/create - 200 (0ms)","service":"research-mgmt-api","timestamp":"2025-04-16 19:34:38.389"}
{"level":"info","message":"HTTP GET /api/student/team/invitations - 200 (55ms)","service":"research-mgmt-api","timestamp":"2025-04-16 19:34:38.447"}
{"level":"info","message":"HTTP GET /api/notifications/unread/count - 200 (0ms)","service":"research-mgmt-api","timestamp":"2025-04-16 19:35:06.982"}
{"level":"info","message":"HTTP GET /api/notifications/unread/count - 200 (0ms)","service":"research-mgmt-api","timestamp":"2025-04-16 19:35:20.679"}
{"external":"29 MB","heapTotal":"32 MB","heapUsed":"54 MB","level":"info","message":"Memory usage stats:","rss":"213 MB","service":"research-mgmt-api","timestamp":"2025-04-16 19:35:30.187"}
{"level":"info","message":"HTTP GET /api/notifications/unread/count - 200 (0ms)","service":"research-mgmt-api","timestamp":"2025-04-16 19:36:06.981"}
{"level":"info","message":"HTTP GET /api/notifications - 200 (0ms)","service":"research-mgmt-api","timestamp":"2025-04-16 19:36:06.986"}
{"level":"info","message":"HTTP GET /api/notifications/unread/count - 200 (0ms)","service":"research-mgmt-api","timestamp":"2025-04-16 19:36:20.680"}
{"level":"info","message":"HTTP GET /api/notifications/unread/count - 200 (0ms)","service":"research-mgmt-api","timestamp":"2025-04-16 19:37:06.981"}
{"level":"info","message":"HTTP GET /api/notifications/unread/count - 200 (0ms)","service":"research-mgmt-api","timestamp":"2025-04-16 19:37:20.679"}
{"level":"info","message":"HTTP GET /api/notifications - 200 (0ms)","service":"research-mgmt-api","timestamp":"2025-04-16 19:37:20.683"}
{"level":"info","message":"HTTP GET /api/notifications/unread/count - 200 (0ms)","service":"research-mgmt-api","timestamp":"2025-04-16 19:38:06.981"}
{"level":"info","message":"HTTP GET /api/notifications/unread/count - 200 (0ms)","service":"research-mgmt-api","timestamp":"2025-04-16 19:38:20.679"}
{"level":"info","message":"HTTP GET /api/notifications/unread/count - 200 (0ms)","service":"research-mgmt-api","timestamp":"2025-04-16 19:39:06.983"}
{"level":"info","message":"HTTP GET /api/notifications/unread/count - 200 (0ms)","service":"research-mgmt-api","timestamp":"2025-04-16 19:39:20.679"}
{"level":"info","message":"HTTP GET /api/notifications/unread/count - 200 (0ms)","service":"research-mgmt-api","timestamp":"2025-04-16 19:40:06.981"}
{"level":"info","message":"HTTP GET /api/notifications/unread/count - 200 (0ms)","service":"research-mgmt-api","timestamp":"2025-04-16 19:40:20.679"}
{"external":"23 MB","heapTotal":"31 MB","heapUsed":"42 MB","level":"info","message":"Memory usage stats:","rss":"208 MB","service":"research-mgmt-api","timestamp":"2025-04-16 19:40:30.187"}
{"level":"info","message":"HTTP GET /api/notifications/unread/count - 200 (0ms)","service":"research-mgmt-api","timestamp":"2025-04-16 19:41:06.982"}
{"level":"info","message":"HTTP GET /api/notifications - 200 (0ms)","service":"research-mgmt-api","timestamp":"2025-04-16 19:41:06.988"}
{"level":"info","message":"HTTP GET /api/notifications/unread/count - 200 (0ms)","service":"research-mgmt-api","timestamp":"2025-04-16 19:41:20.679"}
{"level":"info","message":"HTTP GET /api/notifications/unread/count - 200 (0ms)","service":"research-mgmt-api","timestamp":"2025-04-16 19:42:06.986"}
{"level":"info","message":"HTTP GET /api/notifications/unread/count - 200 (0ms)","service":"research-mgmt-api","timestamp":"2025-04-16 19:42:20.678"}
{"level":"info","message":"HTTP GET /api/notifications - 200 (0ms)","service":"research-mgmt-api","timestamp":"2025-04-16 19:42:20.682"}
{"level":"info","message":"HTTP GET /api/notifications/unread/count - 200 (0ms)","service":"research-mgmt-api","timestamp":"2025-04-16 19:43:06.983"}
{"level":"info","message":"HTTP GET /api/notifications/unread/count - 200 (0ms)","service":"research-mgmt-api","timestamp":"2025-04-16 19:43:20.680"}
{"level":"info","message":"HTTP GET /api/notifications/unread/count - 200 (0ms)","service":"research-mgmt-api","timestamp":"2025-04-16 19:44:06.982"}
{"level":"info","message":"HTTP GET /api/notifications/unread/count - 200 (0ms)","service":"research-mgmt-api","timestamp":"2025-04-16 19:44:20.680"}
{"level":"info","message":"HTTP GET /api/notifications/unread/count - 200 (0ms)","service":"research-mgmt-api","timestamp":"2025-04-16 19:45:06.981"}
{"level":"info","message":"HTTP GET /api/notifications/unread/count - 200 (0ms)","service":"research-mgmt-api","timestamp":"2025-04-16 19:45:20.680"}
{"external":"23 MB","heapTotal":"31 MB","heapUsed":"42 MB","level":"info","message":"Memory usage stats:","rss":"208 MB","service":"research-mgmt-api","timestamp":"2025-04-16 19:45:30.187"}
{"level":"info","message":"HTTP GET /api/notifications/unread/count - 200 (0ms)","service":"research-mgmt-api","timestamp":"2025-04-16 19:46:06.983"}
{"level":"info","message":"HTTP GET /api/notifications - 200 (0ms)","service":"research-mgmt-api","timestamp":"2025-04-16 19:46:06.986"}
{"level":"info","message":"HTTP GET /api/notifications/unread/count - 200 (0ms)","service":"research-mgmt-api","timestamp":"2025-04-16 19:46:20.680"}
{"level":"info","message":"HTTP GET /api/notifications/unread/count - 200 (0ms)","service":"research-mgmt-api","timestamp":"2025-04-16 19:47:06.984"}
{"level":"info","message":"HTTP GET /api/notifications/unread/count - 200 (0ms)","service":"research-mgmt-api","timestamp":"2025-04-16 19:47:20.680"}
{"level":"info","message":"HTTP GET /api/notifications - 200 (0ms)","service":"research-mgmt-api","timestamp":"2025-04-16 19:47:20.684"}
{"level":"info","message":"HTTP GET /api/notifications/unread/count - 200 (0ms)","service":"research-mgmt-api","timestamp":"2025-04-16 19:48:06.981"}
{"level":"info","message":"HTTP GET /api/notifications/unread/count - 200 (0ms)","service":"research-mgmt-api","timestamp":"2025-04-16 19:48:20.679"}
{"level":"info","message":"HTTP GET /api/notifications/unread/count - 200 (0ms)","service":"research-mgmt-api","timestamp":"2025-04-16 19:49:06.981"}
{"level":"info","message":"HTTP GET /api/notifications/unread/count - 200 (0ms)","service":"research-mgmt-api","timestamp":"2025-04-16 19:49:20.680"}
{"level":"info","message":"HTTP GET /api/notifications/unread/count - 200 (0ms)","service":"research-mgmt-api","timestamp":"2025-04-16 19:50:06.981"}
{"level":"info","message":"HTTP GET /api/notifications/unread/count - 200 (0ms)","service":"research-mgmt-api","timestamp":"2025-04-16 19:50:20.679"}
{"external":"22 MB","heapTotal":"31 MB","heapUsed":"41 MB","level":"info","message":"Memory usage stats:","rss":"208 MB","service":"research-mgmt-api","timestamp":"2025-04-16 19:50:30.189"}
{"level":"info","message":"HTTP GET /api/notifications/unread/count - 200 (0ms)","service":"research-mgmt-api","timestamp":"2025-04-16 19:51:06.982"}
{"level":"info","message":"HTTP GET /api/notifications - 200 (0ms)","service":"research-mgmt-api","timestamp":"2025-04-16 19:51:06.988"}
{"level":"info","message":"HTTP GET /api/notifications/unread/count - 200 (0ms)","service":"research-mgmt-api","timestamp":"2025-04-16 19:51:20.680"}
{"level":"info","message":"HTTP GET /api/notifications/unread/count - 200 (0ms)","service":"research-mgmt-api","timestamp":"2025-04-16 19:52:06.982"}
{"level":"info","message":"HTTP GET /api/notifications/unread/count - 200 (0ms)","service":"research-mgmt-api","timestamp":"2025-04-16 19:52:20.679"}
{"level":"info","message":"HTTP GET /api/notifications - 200 (0ms)","service":"research-mgmt-api","timestamp":"2025-04-16 19:52:20.682"}
{"level":"info","message":"HTTP GET /api/notifications/unread/count - 200 (0ms)","service":"research-mgmt-api","timestamp":"2025-04-16 19:53:06.981"}
{"level":"info","message":"HTTP GET /api/notifications/unread/count - 200 (0ms)","service":"research-mgmt-api","timestamp":"2025-04-16 19:53:20.678"}
{"level":"info","message":"HTTP GET /api/notifications/unread/count - 200 (0ms)","service":"research-mgmt-api","timestamp":"2025-04-16 19:54:06.983"}
{"level":"info","message":"HTTP GET /api/notifications/unread/count - 200 (0ms)","service":"research-mgmt-api","timestamp":"2025-04-16 19:54:20.679"}
{"level":"info","message":"HTTP GET /api/notifications/unread/count - 200 (0ms)","service":"research-mgmt-api","timestamp":"2025-04-16 19:55:06.981"}
{"level":"info","message":"HTTP GET /api/notifications/unread/count - 200 (0ms)","service":"research-mgmt-api","timestamp":"2025-04-16 19:55:20.679"}
{"external":"22 MB","heapTotal":"31 MB","heapUsed":"41 MB","level":"info","message":"Memory usage stats:","rss":"209 MB","service":"research-mgmt-api","timestamp":"2025-04-16 19:55:30.189"}
{"level":"info","message":"HTTP GET /api/notifications/unread/count - 200 (0ms)","service":"research-mgmt-api","timestamp":"2025-04-16 19:56:06.982"}
{"level":"info","message":"HTTP GET /api/notifications - 200 (0ms)","service":"research-mgmt-api","timestamp":"2025-04-16 19:56:06.990"}
{"level":"info","message":"HTTP GET /api/notifications/unread/count - 200 (0ms)","service":"research-mgmt-api","timestamp":"2025-04-16 19:56:20.679"}
{"level":"info","message":"HTTP GET /api/notifications/unread/count - 200 (0ms)","service":"research-mgmt-api","timestamp":"2025-04-16 19:57:06.982"}
{"level":"info","message":"HTTP GET /api/notifications/unread/count - 200 (0ms)","service":"research-mgmt-api","timestamp":"2025-04-16 19:57:20.680"}
{"level":"info","message":"HTTP GET /api/notifications - 200 (0ms)","service":"research-mgmt-api","timestamp":"2025-04-16 19:57:20.684"}
{"level":"info","message":"HTTP GET /api/notifications/unread/count - 200 (0ms)","service":"research-mgmt-api","timestamp":"2025-04-16 19:58:06.981"}
{"level":"info","message":"HTTP GET /api/notifications/unread/count - 200 (0ms)","service":"research-mgmt-api","timestamp":"2025-04-16 19:58:20.679"}
{"level":"info","message":"HTTP GET /api/notifications/unread/count - 200 (0ms)","service":"research-mgmt-api","timestamp":"2025-04-16 19:59:06.980"}
{"level":"info","message":"HTTP GET /api/notifications/unread/count - 200 (0ms)","service":"research-mgmt-api","timestamp":"2025-04-16 19:59:20.679"}
{"level":"info","message":"HTTP GET /api/notifications/unread/count - 200 (0ms)","service":"research-mgmt-api","timestamp":"2025-04-16 20:00:06.981"}
{"level":"info","message":"Received GET request to team creation endpoint","service":"research-mgmt-api","timestamp":"2025-04-16 20:00:12.677"}
{"level":"error","message":"HTTP GET /api/student/team/create - 405 (0ms) Error: Method not allowed. This endpoint requires a POST request.","service":"research-mgmt-api","timestamp":"2025-04-16 20:00:12.677"}
{"level":"info","message":"HTTP GET /api/notifications/unread/count - 200 (0ms)","service":"research-mgmt-api","timestamp":"2025-04-16 20:00:20.680"}
{"level":"info","message":"HTTP POST /api/student/team/create - 200 (0ms)","service":"research-mgmt-api","timestamp":"2025-04-16 20:00:26.445"}
{"external":"24 MB","heapTotal":"31 MB","heapUsed":"43 MB","level":"info","message":"Memory usage stats:","rss":"211 MB","service":"research-mgmt-api","timestamp":"2025-04-16 20:00:30.189"}
{"level":"info","message":"HTTP GET /api/notifications/unread/count - 200 (0ms)","service":"research-mgmt-api","timestamp":"2025-04-16 20:01:06.981"}
{"level":"info","message":"HTTP GET /api/notifications - 200 (0ms)","service":"research-mgmt-api","timestamp":"2025-04-16 20:01:06.984"}
{"level":"info","message":"HTTP GET /api/notifications/unread/count - 200 (0ms)","service":"research-mgmt-api","timestamp":"2025-04-16 20:01:20.680"}
{"level":"info","message":"HTTP GET /api/notifications/unread/count - 200 (0ms)","service":"research-mgmt-api","timestamp":"2025-04-16 20:02:06.982"}
{"level":"info","message":"HTTP GET /api/notifications/unread/count - 200 (0ms)","service":"research-mgmt-api","timestamp":"2025-04-16 20:02:20.683"}
{"level":"info","message":"HTTP GET /api/notifications - 200 (0ms)","service":"research-mgmt-api","timestamp":"2025-04-16 20:02:20.686"}
{"level":"info","message":"HTTP GET /api/notifications/unread/count - 200 (0ms)","service":"research-mgmt-api","timestamp":"2025-04-16 20:03:06.982"}
{"level":"info","message":"HTTP GET /api/notifications/unread/count - 200 (0ms)","service":"research-mgmt-api","timestamp":"2025-04-16 20:03:20.680"}
{"level":"info","message":"HTTP GET /api/notifications/unread/count - 200 (0ms)","service":"research-mgmt-api","timestamp":"2025-04-16 20:04:06.982"}
{"level":"info","message":"HTTP GET /api/notifications/unread/count - 200 (0ms)","service":"research-mgmt-api","timestamp":"2025-04-16 20:04:20.680"}
{"level":"info","message":"HTTP GET /api/notifications/unread/count - 200 (0ms)","service":"research-mgmt-api","timestamp":"2025-04-16 20:05:06.982"}
{"level":"info","message":"HTTP GET /api/notifications/unread/count - 200 (0ms)","service":"research-mgmt-api","timestamp":"2025-04-16 20:05:20.679"}
{"external":"22 MB","heapTotal":"31 MB","heapUsed":"41 MB","level":"info","message":"Memory usage stats:","rss":"212 MB","service":"research-mgmt-api","timestamp":"2025-04-16 20:05:30.189"}
{"level":"info","message":"HTTP GET /api/notifications/unread/count - 200 (0ms)","service":"research-mgmt-api","timestamp":"2025-04-16 20:06:06.982"}
{"level":"info","message":"HTTP GET /api/notifications - 200 (0ms)","service":"research-mgmt-api","timestamp":"2025-04-16 20:06:06.997"}
{"level":"info","message":"HTTP GET /api/notifications/unread/count - 200 (0ms)","service":"research-mgmt-api","timestamp":"2025-04-16 20:06:20.679"}
{"level":"info","message":"HTTP GET /api/notifications/unread/count - 200 (0ms)","service":"research-mgmt-api","timestamp":"2025-04-16 20:07:06.981"}
{"level":"info","message":"HTTP GET /api/notifications/unread/count - 200 (0ms)","service":"research-mgmt-api","timestamp":"2025-04-16 20:07:20.680"}
{"level":"info","message":"HTTP GET /api/notifications - 200 (0ms)","service":"research-mgmt-api","timestamp":"2025-04-16 20:07:20.684"}
{"level":"info","message":"HTTP GET /api/notifications/unread/count - 200 (0ms)","service":"research-mgmt-api","timestamp":"2025-04-16 20:08:06.981"}
{"level":"info","message":"HTTP GET /api/notifications/unread/count - 200 (0ms)","service":"research-mgmt-api","timestamp":"2025-04-16 20:08:20.680"}
{"level":"info","message":"HTTP GET /api/notifications/unread/count - 200 (0ms)","service":"research-mgmt-api","timestamp":"2025-04-16 20:09:06.983"}
{"level":"info","message":"HTTP GET /api/notifications/unread/count - 200 (0ms)","service":"research-mgmt-api","timestamp":"2025-04-16 20:09:20.679"}
{"level":"info","message":"HTTP GET /api/notifications/unread/count - 200 (0ms)","service":"research-mgmt-api","timestamp":"2025-04-16 20:10:06.983"}
{"level":"info","message":"HTTP GET /api/notifications/unread/count - 200 (0ms)","service":"research-mgmt-api","timestamp":"2025-04-16 20:10:20.679"}
{"external":"22 MB","heapTotal":"31 MB","heapUsed":"41 MB","level":"info","message":"Memory usage stats:","rss":"211 MB","service":"research-mgmt-api","timestamp":"2025-04-16 20:10:30.189"}
{"level":"info","message":"HTTP GET /api/notifications/unread/count - 200 (0ms)","service":"research-mgmt-api","timestamp":"2025-04-16 20:11:06.983"}
{"level":"info","message":"HTTP GET /api/notifications - 200 (0ms)","service":"research-mgmt-api","timestamp":"2025-04-16 20:11:06.991"}
{"level":"info","message":"HTTP GET /api/notifications/unread/count - 200 (0ms)","service":"research-mgmt-api","timestamp":"2025-04-16 20:11:20.679"}
{"level":"info","message":"HTTP GET /api/notifications/unread/count - 200 (0ms)","service":"research-mgmt-api","timestamp":"2025-04-16 20:12:06.983"}
{"level":"info","message":"HTTP GET /api/notifications/unread/count - 200 (0ms)","service":"research-mgmt-api","timestamp":"2025-04-16 20:12:20.680"}
{"level":"info","message":"HTTP GET /api/notifications - 200 (0ms)","service":"research-mgmt-api","timestamp":"2025-04-16 20:12:20.683"}
{"level":"info","message":"HTTP GET /api/notifications/unread/count - 200 (0ms)","service":"research-mgmt-api","timestamp":"2025-04-16 20:13:06.982"}
{"level":"info","message":"HTTP GET /api/notifications/unread/count - 200 (0ms)","service":"research-mgmt-api","timestamp":"2025-04-16 20:13:20.678"}
{"level":"info","message":"HTTP GET /api/notifications/unread/count - 200 (0ms)","service":"research-mgmt-api","timestamp":"2025-04-16 20:14:06.981"}
{"level":"info","message":"HTTP GET /api/notifications/unread/count - 200 (0ms)","service":"research-mgmt-api","timestamp":"2025-04-16 20:14:20.679"}
{"level":"info","message":"HTTP GET /api/notifications/unread/count - 200 (0ms)","service":"research-mgmt-api","timestamp":"2025-04-16 20:15:06.982"}
{"level":"info","message":"JWT helper initialized","service":"research-mgmt-api","timestamp":"2025-04-16 20:15:19.840"}
{"adminRoutes":true,"authRoutes":true,"level":"info","message":"Route modules loaded:","service":"research-mgmt-api","studentRoutes":true,"supervisorRoutes":true,"timestamp":"2025-04-16 20:15:19.878"}
{"level":"info","message":"Registered API redirect from GET /notifications to GET /api/notifications","service":"research-mgmt-api","timestamp":"2025-04-16 20:15:19.893"}
{"level":"info","message":"Registered API redirect from GET /notifications/unread/count to GET /api/notifications/unread/count","service":"research-mgmt-api","timestamp":"2025-04-16 20:15:19.894"}
{"level":"info","message":"Registered API redirect from GET /user/profile to GET /api/user/profile","service":"research-mgmt-api","timestamp":"2025-04-16 20:15:19.894"}
{"level":"info","message":"Registered API redirect from GET /dashboard to GET /api/dashboard","service":"research-mgmt-api","timestamp":"2025-04-16 20:15:19.894"}
{"level":"info","message":"Registered API redirect from GET /calendar to GET /api/calendar","service":"research-mgmt-api","timestamp":"2025-04-16 20:15:19.894"}
{"level":"info","message":"Registered Team API redirect from GET /teams to GET /api/students/team/...","service":"research-mgmt-api","timestamp":"2025-04-16 20:15:19.894"}
{"level":"info","message":"Registered Team API redirect from GET /teams/my-team to GET /api/students/team/...","service":"research-mgmt-api","timestamp":"2025-04-16 20:15:19.894"}
{"level":"info","message":"Registered Team API redirect from GET /teams/:id to GET /api/students/team/...","service":"research-mgmt-api","timestamp":"2025-04-16 20:15:19.895"}
{"level":"info","message":"Registered Team API redirect from PUT /teams/:id to PUT /api/students/team/...","service":"research-mgmt-api","timestamp":"2025-04-16 20:15:19.895"}
{"level":"info","message":"Registered Team API redirect from DELETE /teams/:id to DELETE /api/students/team/...","service":"research-mgmt-api","timestamp":"2025-04-16 20:15:19.895"}
{"level":"info","message":"Registered Team API redirect from POST /teams/:id/invite to POST /api/students/team/...","service":"research-mgmt-api","timestamp":"2025-04-16 20:15:19.895"}
{"level":"info","message":"Registered Team API redirect from POST /teams/:id/leave to POST /api/students/team/...","service":"research-mgmt-api","timestamp":"2025-04-16 20:15:19.895"}
{"level":"info","message":"Registered Team API redirect from POST /teams/:id/remove-member to POST /api/students/team/...","service":"research-mgmt-api","timestamp":"2025-04-16 20:15:19.895"}
{"level":"info","message":"Registered Student Team API redirect from GET /api/student-teams to GET /api/students/team/...","service":"research-mgmt-api","timestamp":"2025-04-16 20:15:19.896"}
{"level":"info","message":"Registered Student Team API redirect from GET /api/student-teams/invitations to GET /api/students/team/...","service":"research-mgmt-api","timestamp":"2025-04-16 20:15:19.896"}
{"level":"info","message":"Registered Student Team API redirect from DELETE /api/student-teams/:id/leave to DELETE /api/students/team/...","service":"research-mgmt-api","timestamp":"2025-04-16 20:15:19.896"}
{"level":"info","message":"Registered API redirect from GET /projects to GET /api/projects","service":"research-mgmt-api","timestamp":"2025-04-16 20:15:19.896"}
{"level":"info","message":"Registered API redirect from POST /projects to POST /api/projects","service":"research-mgmt-api","timestamp":"2025-04-16 20:15:19.896"}
{"level":"info","message":"Registered API redirect from GET /sessions to GET /api/sessions","service":"research-mgmt-api","timestamp":"2025-04-16 20:15:19.896"}
{"level":"info","message":"Registered API redirect from POST /sessions to POST /api/sessions","service":"research-mgmt-api","timestamp":"2025-04-16 20:15:19.896"}
{"level":"info","message":"Registered API redirect from GET /messages to GET /api/messages","service":"research-mgmt-api","timestamp":"2025-04-16 20:15:19.897"}
{"level":"info","message":"Registered API redirect from POST /messages to POST /api/messages","service":"research-mgmt-api","timestamp":"2025-04-16 20:15:19.897"}
{"level":"info","message":"Registered API redirect from GET /projects/:id to GET /api/projects/:id","service":"research-mgmt-api","timestamp":"2025-04-16 20:15:19.897"}
{"level":"info","message":"Registered API redirect from PUT /projects/:id to PUT /api/projects/:id","service":"research-mgmt-api","timestamp":"2025-04-16 20:15:19.897"}
{"level":"info","message":"Registered API redirect from DELETE /projects/:id to DELETE /api/projects/:id","service":"research-mgmt-api","timestamp":"2025-04-16 20:15:19.897"}
{"level":"info","message":"Registered API redirect from GET /users/:id to GET /api/users/:id","service":"research-mgmt-api","timestamp":"2025-04-16 20:15:19.897"}
{"level":"info","message":"Registered API redirect from PUT /users/:id to PUT /api/users/:id","service":"research-mgmt-api","timestamp":"2025-04-16 20:15:19.897"}
{"level":"info","message":"Attempting to connect to MongoDB database","service":"research-mgmt-api","timestamp":"2025-04-16 20:15:19.897"}
{"level":"info","message":"Attempting to connect to MongoDB...","service":"research-mgmt-api","timestamp":"2025-04-16 20:15:19.898"}
{"level":"info","message":"HTTP GET /api/notifications/unread/count - 200 (0ms)","service":"research-mgmt-api","timestamp":"2025-04-16 20:15:20.684"}
{"level":"info","message":"MongoDB Connected: ac-xdpuchx-shard-00-01.tvoe17p.mongodb.net","service":"research-mgmt-api","timestamp":"2025-04-16 20:15:20.776"}
{"level":"info","message":"✅ MongoDB connection established successfully","service":"research-mgmt-api","timestamp":"2025-04-16 20:15:20.776"}
{"level":"info","message":"🚀 Server running on port 300000 and accessible from all network interfaces","service":"research-mgmt-api","timestamp":"2025-04-16 20:15:20.781"}
{"level":"info","message":"HTTP GET /api/notifications/unread/count - 200 (0ms)","service":"research-mgmt-api","timestamp":"2025-04-16 20:16:06.982"}
{"level":"info","message":"HTTP GET /api/notifications - 200 (0ms)","service":"research-mgmt-api","timestamp":"2025-04-16 20:16:06.990"}
{"level":"info","message":"JWT helper initialized","service":"research-mgmt-api","timestamp":"2025-04-16 20:16:13.061"}
{"adminRoutes":true,"authRoutes":true,"level":"info","message":"Route modules loaded:","service":"research-mgmt-api","studentRoutes":true,"supervisorRoutes":true,"timestamp":"2025-04-16 20:16:13.096"}
{"error":"Can't find variable: C","level":"error","location":"uncaughtException handler","message":"Uncaught Exception:","service":"research-mgmt-api","stack":"ReferenceError: Can't find variable: C\n    at <anonymous> (/home/swadhin/projects/Projectmanagement/server/src/routes/studentRoutes.js:357:25)\n    at group (/home/swadhin/projects/Projectmanagement/server/node_modules/elysia/src/index.ts:2919:38)\n    at <anonymous> (/home/swadhin/projects/Projectmanagement/server/src/routes/studentRoutes.js:325:11)\n    at group (/home/swadhin/projects/Projectmanagement/server/node_modules/elysia/src/index.ts:2919:38)\n    at studentRoutes (/home/swadhin/projects/Projectmanagement/server/src/routes/studentRoutes.js:40:9)\n    at _use (/home/swadhin/projects/Projectmanagement/server/node_modules/elysia/src/index.ts:3748:21)\n    at group (/home/swadhin/projects/Projectmanagement/server/node_modules/elysia/src/index.ts:2919:38)\n    at <anonymous> (/home/swadhin/projects/Projectmanagement/server/src/index.js:390:8)\n    at group (/home/swadhin/projects/Projectmanagement/server/node_modules/elysia/src/index.ts:2919:38)\n    at /home/swadhin/projects/Projectmanagement/server/src/index.js:366:5","timestamp":"2025-04-16 20:16:13.109"}
{"level":"info","message":"JWT helper initialized","service":"research-mgmt-api","timestamp":"2025-04-16 20:16:22.786"}
{"adminRoutes":true,"authRoutes":true,"level":"info","message":"Route modules loaded:","service":"research-mgmt-api","studentRoutes":true,"supervisorRoutes":true,"timestamp":"2025-04-16 20:16:22.822"}
{"level":"info","message":"Registered API redirect from GET /notifications to GET /api/notifications","service":"research-mgmt-api","timestamp":"2025-04-16 20:16:22.836"}
{"level":"info","message":"Registered API redirect from GET /notifications/unread/count to GET /api/notifications/unread/count","service":"research-mgmt-api","timestamp":"2025-04-16 20:16:22.837"}
{"level":"info","message":"Registered API redirect from GET /user/profile to GET /api/user/profile","service":"research-mgmt-api","timestamp":"2025-04-16 20:16:22.837"}
{"level":"info","message":"Registered API redirect from GET /dashboard to GET /api/dashboard","service":"research-mgmt-api","timestamp":"2025-04-16 20:16:22.837"}
{"level":"info","message":"Registered API redirect from GET /calendar to GET /api/calendar","service":"research-mgmt-api","timestamp":"2025-04-16 20:16:22.837"}
{"level":"info","message":"Registered Team API redirect from GET /teams to GET /api/students/team/...","service":"research-mgmt-api","timestamp":"2025-04-16 20:16:22.837"}
{"level":"info","message":"Registered Team API redirect from GET /teams/my-team to GET /api/students/team/...","service":"research-mgmt-api","timestamp":"2025-04-16 20:16:22.837"}
{"level":"info","message":"Registered Team API redirect from GET /teams/:id to GET /api/students/team/...","service":"research-mgmt-api","timestamp":"2025-04-16 20:16:22.838"}
{"level":"info","message":"Registered Team API redirect from PUT /teams/:id to PUT /api/students/team/...","service":"research-mgmt-api","timestamp":"2025-04-16 20:16:22.838"}
{"level":"info","message":"Registered Team API redirect from DELETE /teams/:id to DELETE /api/students/team/...","service":"research-mgmt-api","timestamp":"2025-04-16 20:16:22.838"}
{"level":"info","message":"Registered Team API redirect from POST /teams/:id/invite to POST /api/students/team/...","service":"research-mgmt-api","timestamp":"2025-04-16 20:16:22.838"}
{"level":"info","message":"Registered Team API redirect from POST /teams/:id/leave to POST /api/students/team/...","service":"research-mgmt-api","timestamp":"2025-04-16 20:16:22.838"}
{"level":"info","message":"Registered Team API redirect from POST /teams/:id/remove-member to POST /api/students/team/...","service":"research-mgmt-api","timestamp":"2025-04-16 20:16:22.838"}
{"level":"info","message":"Registered Student Team API redirect from GET /api/student-teams to GET /api/students/team/...","service":"research-mgmt-api","timestamp":"2025-04-16 20:16:22.838"}
{"level":"info","message":"Registered Student Team API redirect from GET /api/student-teams/invitations to GET /api/students/team/...","service":"research-mgmt-api","timestamp":"2025-04-16 20:16:22.838"}
{"level":"info","message":"Registered Student Team API redirect from DELETE /api/student-teams/:id/leave to DELETE /api/students/team/...","service":"research-mgmt-api","timestamp":"2025-04-16 20:16:22.839"}
{"level":"info","message":"Registered API redirect from GET /projects to GET /api/projects","service":"research-mgmt-api","timestamp":"2025-04-16 20:16:22.839"}
{"level":"info","message":"Registered API redirect from POST /projects to POST /api/projects","service":"research-mgmt-api","timestamp":"2025-04-16 20:16:22.839"}
{"level":"info","message":"Registered API redirect from GET /sessions to GET /api/sessions","service":"research-mgmt-api","timestamp":"2025-04-16 20:16:22.839"}
{"level":"info","message":"Registered API redirect from POST /sessions to POST /api/sessions","service":"research-mgmt-api","timestamp":"2025-04-16 20:16:22.839"}
{"level":"info","message":"Registered API redirect from GET /messages to GET /api/messages","service":"research-mgmt-api","timestamp":"2025-04-16 20:16:22.839"}
{"level":"info","message":"Registered API redirect from POST /messages to POST /api/messages","service":"research-mgmt-api","timestamp":"2025-04-16 20:16:22.839"}
{"level":"info","message":"Registered API redirect from GET /projects/:id to GET /api/projects/:id","service":"research-mgmt-api","timestamp":"2025-04-16 20:16:22.839"}
{"level":"info","message":"Registered API redirect from PUT /projects/:id to PUT /api/projects/:id","service":"research-mgmt-api","timestamp":"2025-04-16 20:16:22.839"}
{"level":"info","message":"Registered API redirect from DELETE /projects/:id to DELETE /api/projects/:id","service":"research-mgmt-api","timestamp":"2025-04-16 20:16:22.839"}
{"level":"info","message":"Registered API redirect from GET /users/:id to GET /api/users/:id","service":"research-mgmt-api","timestamp":"2025-04-16 20:16:22.839"}
{"level":"info","message":"Registered API redirect from PUT /users/:id to PUT /api/users/:id","service":"research-mgmt-api","timestamp":"2025-04-16 20:16:22.839"}
{"level":"info","message":"Attempting to connect to MongoDB database","service":"research-mgmt-api","timestamp":"2025-04-16 20:16:22.840"}
{"level":"info","message":"Attempting to connect to MongoDB...","service":"research-mgmt-api","timestamp":"2025-04-16 20:16:22.840"}
{"level":"info","message":"MongoDB Connected: ac-xdpuchx-shard-00-02.tvoe17p.mongodb.net","service":"research-mgmt-api","timestamp":"2025-04-16 20:16:23.666"}
{"level":"info","message":"✅ MongoDB connection established successfully","service":"research-mgmt-api","timestamp":"2025-04-16 20:16:23.666"}
{"level":"info","message":"🚀 Server running on port 300000 and accessible from all network interfaces","service":"research-mgmt-api","timestamp":"2025-04-16 20:16:23.671"}
{"error":{"_message":"TeamChat validation failed","errors":{"content":{"kind":"required","message":"Path `content` is required.","name":"ValidatorError","path":"content","properties":{"message":"Path `content` is required.","path":"content","type":"required"}},"sender":{"kind":"required","message":"Path `sender` is required.","name":"ValidatorError","path":"sender","properties":{"message":"Path `sender` is required.","path":"sender","type":"required"}},"teamId":{"kind":"required","message":"Path `teamId` is required.","name":"ValidatorError","path":"teamId","properties":{"message":"Path `teamId` is required.","path":"teamId","type":"required"}}},"message":"TeamChat validation failed: content: Path `content` is required., sender: Path `sender` is required., teamId: Path `teamId` is required.","name":"ValidationError"},"level":"error","message":"Failed to create team","service":"research-mgmt-api","timestamp":"2025-04-16 20:16:49.352","userId":"67fe75bb90c631224d104965"}
{"_message":"TeamChat validation failed","errors":{"content":{"kind":"required","message":"Path `content` is required.","name":"ValidatorError","path":"content","properties":{"message":"Path `content` is required.","path":"content","type":"required"}},"sender":{"kind":"required","message":"Path `sender` is required.","name":"ValidatorError","path":"sender","properties":{"message":"Path `sender` is required.","path":"sender","type":"required"}},"teamId":{"kind":"required","message":"Path `teamId` is required.","name":"ValidatorError","path":"teamId","properties":{"message":"Path `teamId` is required.","path":"teamId","type":"required"}}},"level":"error","message":"Application error: TeamChat validation failed: content: Path `content` is required., sender: Path `sender` is required., teamId: Path `teamId` is required.","service":"research-mgmt-api","stack":"ValidationError: TeamChat validation failed: content: Path `content` is required., sender: Path `sender` is required., teamId: Path `teamId` is required.\n    at new MongooseError (unknown)\n    at new ValidationError (/home/swadhin/projects/Projectmanagement/server/node_modules/mongoose/lib/error/validation.js:30:5)\n    at <anonymous> (/home/swadhin/projects/Projectmanagement/server/node_modules/mongoose/lib/document.js:3351:36)\n    at <anonymous> (/home/swadhin/projects/Projectmanagement/server/node_modules/mongoose/lib/document.js:3112:17)\n    at <anonymous> (/home/swadhin/projects/Projectmanagement/server/node_modules/mongoose/lib/schemaType.js:1407:9)\n    at processTicksAndRejections (native:7:39)","timestamp":"2025-04-16 20:16:49.352"}
{"level":"info","message":"HTTP GET /api/notifications/unread/count - 200 (0ms)","service":"research-mgmt-api","timestamp":"2025-04-16 20:17:06.981"}
{"level":"info","message":"HTTP GET /api/notifications/unread/count - 200 (0ms)","service":"research-mgmt-api","timestamp":"2025-04-16 20:17:20.679"}
{"level":"info","message":"HTTP GET /api/notifications - 200 (0ms)","service":"research-mgmt-api","timestamp":"2025-04-16 20:17:20.683"}
{"level":"info","message":"HTTP GET /api/notifications/unread/count - 200 (0ms)","service":"research-mgmt-api","timestamp":"2025-04-16 20:18:06.980"}
{"level":"info","message":"HTTP GET /api/notifications/unread/count - 200 (0ms)","service":"research-mgmt-api","timestamp":"2025-04-16 20:18:20.979"}
{"level":"info","message":"HTTP GET /api/notifications/unread/count - 200 (0ms)","service":"research-mgmt-api","timestamp":"2025-04-16 20:19:06.982"}
{"level":"info","message":"HTTP GET /api/notifications/unread/count - 200 (0ms)","service":"research-mgmt-api","timestamp":"2025-04-16 20:20:06.980"}
{"level":"info","message":"HTTP GET /api/notifications/unread/count - 200 (0ms)","service":"research-mgmt-api","timestamp":"2025-04-16 20:20:06.981"}
{"level":"info","message":"HTTP GET /api/notifications/unread/count - 200 (0ms)","service":"research-mgmt-api","timestamp":"2025-04-16 20:21:06.982"}
{"level":"info","message":"HTTP GET /api/notifications/unread/count - 200 (0ms)","service":"research-mgmt-api","timestamp":"2025-04-16 20:21:06.983"}
{"level":"info","message":"HTTP GET /api/notifications - 200 (0ms)","service":"research-mgmt-api","timestamp":"2025-04-16 20:21:06.992"}
{"external":"30 MB","heapTotal":"32 MB","heapUsed":"55 MB","level":"info","message":"Memory usage stats:","rss":"221 MB","service":"research-mgmt-api","timestamp":"2025-04-16 20:21:22.848"}
{"level":"info","message":"HTTP GET /api/notifications/unread/count - 200 (0ms)","service":"research-mgmt-api","timestamp":"2025-04-16 20:22:06.981"}
{"level":"info","message":"HTTP GET /api/notifications/unread/count - 200 (0ms)","service":"research-mgmt-api","timestamp":"2025-04-16 20:22:06.982"}
{"level":"info","message":"HTTP GET /api/notifications/unread/count - 200 (0ms)","service":"research-mgmt-api","timestamp":"2025-04-16 20:23:06.985"}
{"level":"info","message":"HTTP GET /api/notifications/unread/count - 200 (0ms)","service":"research-mgmt-api","timestamp":"2025-04-16 20:23:06.987"}
{"level":"info","message":"HTTP GET /api/notifications - 200 (0ms)","service":"research-mgmt-api","timestamp":"2025-04-16 20:23:06.990"}
{"level":"info","message":"HTTP GET /api/notifications/unread/count - 200 (0ms)","service":"research-mgmt-api","timestamp":"2025-04-16 20:24:06.982"}
{"level":"info","message":"HTTP GET /api/notifications/unread/count - 200 (0ms)","service":"research-mgmt-api","timestamp":"2025-04-16 20:24:06.984"}
{"level":"info","message":"HTTP GET /api/notifications/unread/count - 200 (0ms)","service":"research-mgmt-api","timestamp":"2025-04-16 20:25:06.982"}
{"level":"info","message":"HTTP GET /api/notifications/unread/count - 200 (0ms)","service":"research-mgmt-api","timestamp":"2025-04-16 20:25:06.983"}
{"level":"info","message":"HTTP GET /api/notifications/unread/count - 200 (0ms)","service":"research-mgmt-api","timestamp":"2025-04-16 20:26:06.981"}
{"level":"info","message":"HTTP GET /api/notifications/unread/count - 200 (0ms)","service":"research-mgmt-api","timestamp":"2025-04-16 20:26:06.982"}
{"level":"info","message":"HTTP GET /api/notifications - 200 (0ms)","service":"research-mgmt-api","timestamp":"2025-04-16 20:26:06.992"}
{"external":"23 MB","heapTotal":"31 MB","heapUsed":"44 MB","level":"info","message":"Memory usage stats:","rss":"215 MB","service":"research-mgmt-api","timestamp":"2025-04-16 20:26:22.848"}
{"level":"info","message":"HTTP GET /api/notifications/unread/count - 200 (0ms)","service":"research-mgmt-api","timestamp":"2025-04-16 20:27:06.984"}
{"level":"info","message":"HTTP GET /api/notifications/unread/count - 200 (0ms)","service":"research-mgmt-api","timestamp":"2025-04-16 20:27:06.985"}
{"level":"info","message":"HTTP GET /api/notifications/unread/count - 200 (0ms)","service":"research-mgmt-api","timestamp":"2025-04-16 20:28:06.984"}
{"level":"info","message":"HTTP GET /api/notifications/unread/count - 200 (0ms)","service":"research-mgmt-api","timestamp":"2025-04-16 20:28:06.985"}
{"level":"info","message":"HTTP GET /api/notifications - 200 (0ms)","service":"research-mgmt-api","timestamp":"2025-04-16 20:28:06.987"}
{"level":"info","message":"HTTP GET /api/notifications/unread/count - 200 (0ms)","service":"research-mgmt-api","timestamp":"2025-04-16 20:29:06.982"}
{"level":"info","message":"HTTP GET /api/notifications/unread/count - 200 (0ms)","service":"research-mgmt-api","timestamp":"2025-04-16 20:29:06.983"}
{"level":"info","message":"HTTP GET /api/notifications/unread/count - 200 (0ms)","service":"research-mgmt-api","timestamp":"2025-04-16 20:30:06.981"}
{"level":"info","message":"HTTP GET /api/notifications/unread/count - 200 (0ms)","service":"research-mgmt-api","timestamp":"2025-04-16 20:30:06.982"}
{"level":"info","message":"HTTP GET /api/notifications/unread/count - 200 (0ms)","service":"research-mgmt-api","timestamp":"2025-04-16 20:31:06.983"}
{"level":"info","message":"HTTP GET /api/notifications/unread/count - 200 (0ms)","service":"research-mgmt-api","timestamp":"2025-04-16 20:31:06.984"}
{"level":"info","message":"HTTP GET /api/notifications - 200 (0ms)","service":"research-mgmt-api","timestamp":"2025-04-16 20:31:06.989"}
{"external":"23 MB","heapTotal":"31 MB","heapUsed":"43 MB","level":"info","message":"Memory usage stats:","rss":"216 MB","service":"research-mgmt-api","timestamp":"2025-04-16 20:31:22.849"}
{"level":"info","message":"HTTP GET /api/notifications/unread/count - 200 (0ms)","service":"research-mgmt-api","timestamp":"2025-04-16 20:32:06.981"}
{"level":"info","message":"HTTP GET /api/notifications/unread/count - 200 (0ms)","service":"research-mgmt-api","timestamp":"2025-04-16 20:32:06.982"}
{"level":"info","message":"HTTP GET /api/notifications/unread/count - 200 (0ms)","service":"research-mgmt-api","timestamp":"2025-04-16 20:33:06.981"}
{"level":"info","message":"HTTP GET /api/notifications/unread/count - 200 (0ms)","service":"research-mgmt-api","timestamp":"2025-04-16 20:33:06.982"}
{"level":"info","message":"HTTP GET /api/notifications - 200 (0ms)","service":"research-mgmt-api","timestamp":"2025-04-16 20:33:06.990"}
{"level":"info","message":"HTTP GET /api/notifications/unread/count - 200 (0ms)","service":"research-mgmt-api","timestamp":"2025-04-16 20:34:06.982"}
{"level":"info","message":"HTTP GET /api/notifications/unread/count - 200 (0ms)","service":"research-mgmt-api","timestamp":"2025-04-16 20:34:06.983"}
{"level":"info","message":"HTTP GET /api/notifications/unread/count - 200 (0ms)","service":"research-mgmt-api","timestamp":"2025-04-16 20:35:06.982"}
{"level":"info","message":"HTTP GET /api/notifications/unread/count - 200 (0ms)","service":"research-mgmt-api","timestamp":"2025-04-16 20:35:06.983"}
{"level":"info","message":"HTTP GET /api/notifications/unread/count - 200 (0ms)","service":"research-mgmt-api","timestamp":"2025-04-16 20:36:06.981"}
{"level":"info","message":"HTTP GET /api/notifications/unread/count - 200 (0ms)","service":"research-mgmt-api","timestamp":"2025-04-16 20:36:06.982"}
{"level":"info","message":"HTTP GET /api/notifications - 200 (0ms)","service":"research-mgmt-api","timestamp":"2025-04-16 20:36:06.998"}
{"external":"24 MB","heapTotal":"31 MB","heapUsed":"44 MB","level":"info","message":"Memory usage stats:","rss":"217 MB","service":"research-mgmt-api","timestamp":"2025-04-16 20:36:22.849"}
{"level":"info","message":"HTTP GET /api/notifications/unread/count - 200 (0ms)","service":"research-mgmt-api","timestamp":"2025-04-16 20:37:06.983"}
{"level":"info","message":"HTTP GET /api/notifications/unread/count - 200 (0ms)","service":"research-mgmt-api","timestamp":"2025-04-16 20:37:06.985"}
{"level":"info","message":"HTTP GET /api/notifications/unread/count - 200 (0ms)","service":"research-mgmt-api","timestamp":"2025-04-16 20:38:06.983"}
{"level":"info","message":"HTTP GET /api/notifications/unread/count - 200 (0ms)","service":"research-mgmt-api","timestamp":"2025-04-16 20:38:06.986"}
{"level":"info","message":"HTTP GET /api/notifications - 200 (0ms)","service":"research-mgmt-api","timestamp":"2025-04-16 20:38:06.989"}
{"level":"info","message":"HTTP GET /api/notifications/unread/count - 200 (0ms)","service":"research-mgmt-api","timestamp":"2025-04-16 20:39:06.982"}
{"level":"info","message":"HTTP GET /api/notifications/unread/count - 200 (0ms)","service":"research-mgmt-api","timestamp":"2025-04-16 20:39:06.983"}
{"level":"info","message":"HTTP GET /api/notifications/unread/count - 200 (0ms)","service":"research-mgmt-api","timestamp":"2025-04-16 20:40:06.982"}
{"level":"info","message":"HTTP GET /api/notifications/unread/count - 200 (0ms)","service":"research-mgmt-api","timestamp":"2025-04-16 20:40:06.983"}
{"level":"info","message":"HTTP GET /api/notifications/unread/count - 200 (0ms)","service":"research-mgmt-api","timestamp":"2025-04-16 20:41:06.982"}
{"level":"info","message":"HTTP GET /api/notifications/unread/count - 200 (0ms)","service":"research-mgmt-api","timestamp":"2025-04-16 20:41:06.984"}
{"level":"info","message":"HTTP GET /api/notifications - 200 (0ms)","service":"research-mgmt-api","timestamp":"2025-04-16 20:41:06.997"}
{"external":"24 MB","heapTotal":"31 MB","heapUsed":"43 MB","level":"info","message":"Memory usage stats:","rss":"218 MB","service":"research-mgmt-api","timestamp":"2025-04-16 20:41:22.850"}
{"level":"info","message":"HTTP GET /api/notifications/unread/count - 200 (0ms)","service":"research-mgmt-api","timestamp":"2025-04-16 20:42:06.981"}
{"level":"info","message":"HTTP GET /api/notifications/unread/count - 200 (0ms)","service":"research-mgmt-api","timestamp":"2025-04-16 20:42:06.982"}
{"level":"info","message":"HTTP GET /api/notifications/unread/count - 200 (0ms)","service":"research-mgmt-api","timestamp":"2025-04-16 20:43:06.982"}
{"level":"info","message":"HTTP GET /api/notifications/unread/count - 200 (0ms)","service":"research-mgmt-api","timestamp":"2025-04-16 20:43:06.983"}
{"level":"info","message":"HTTP GET /api/notifications - 200 (0ms)","service":"research-mgmt-api","timestamp":"2025-04-16 20:43:06.995"}
{"level":"info","message":"HTTP GET /api/notifications/unread/count - 200 (0ms)","service":"research-mgmt-api","timestamp":"2025-04-16 20:44:06.984"}
{"level":"info","message":"HTTP GET /api/notifications/unread/count - 200 (0ms)","service":"research-mgmt-api","timestamp":"2025-04-16 20:44:06.985"}
{"level":"info","message":"HTTP GET /api/notifications/unread/count - 200 (0ms)","service":"research-mgmt-api","timestamp":"2025-04-16 20:45:06.983"}
{"level":"info","message":"HTTP GET /api/notifications/unread/count - 200 (0ms)","service":"research-mgmt-api","timestamp":"2025-04-16 20:45:06.984"}
{"level":"info","message":"HTTP GET /api/notifications/unread/count - 200 (0ms)","service":"research-mgmt-api","timestamp":"2025-04-16 20:46:06.982"}
{"level":"info","message":"HTTP GET /api/notifications/unread/count - 200 (0ms)","service":"research-mgmt-api","timestamp":"2025-04-16 20:46:06.983"}
{"level":"info","message":"HTTP GET /api/notifications - 200 (0ms)","service":"research-mgmt-api","timestamp":"2025-04-16 20:46:06.991"}
{"external":"24 MB","heapTotal":"31 MB","heapUsed":"43 MB","level":"info","message":"Memory usage stats:","rss":"219 MB","service":"research-mgmt-api","timestamp":"2025-04-16 20:46:22.851"}
{"level":"info","message":"HTTP GET /api/notifications/unread/count - 200 (0ms)","service":"research-mgmt-api","timestamp":"2025-04-16 20:47:06.984"}
{"level":"info","message":"HTTP GET /api/notifications/unread/count - 200 (0ms)","service":"research-mgmt-api","timestamp":"2025-04-16 20:47:06.985"}
{"level":"info","message":"HTTP GET /api/notifications/unread/count - 200 (0ms)","service":"research-mgmt-api","timestamp":"2025-04-16 20:48:06.982"}
{"level":"info","message":"HTTP GET /api/notifications/unread/count - 200 (0ms)","service":"research-mgmt-api","timestamp":"2025-04-16 20:48:06.985"}
{"level":"info","message":"HTTP GET /api/notifications - 200 (0ms)","service":"research-mgmt-api","timestamp":"2025-04-16 20:48:06.995"}
{"level":"info","message":"HTTP GET /api/notifications/unread/count - 200 (0ms)","service":"research-mgmt-api","timestamp":"2025-04-16 20:49:06.983"}
{"level":"info","message":"HTTP GET /api/notifications/unread/count - 200 (0ms)","service":"research-mgmt-api","timestamp":"2025-04-16 20:49:06.984"}
{"level":"info","message":"HTTP GET /api/notifications/unread/count - 200 (0ms)","service":"research-mgmt-api","timestamp":"2025-04-16 20:50:06.982"}
{"level":"info","message":"HTTP GET /api/notifications/unread/count - 200 (0ms)","service":"research-mgmt-api","timestamp":"2025-04-16 20:50:06.983"}
{"level":"info","message":"MongoDB reconnected successfully","service":"research-mgmt-api","timestamp":"2025-04-16 20:50:42.868"}
{"level":"info","message":"MongoDB reconnected successfully","service":"research-mgmt-api","timestamp":"2025-04-16 20:50:42.869"}
{"level":"info","message":"HTTP GET /api/notifications/unread/count - 200 (0ms)","service":"research-mgmt-api","timestamp":"2025-04-16 20:51:06.982"}
{"level":"info","message":"HTTP GET /api/notifications/unread/count - 200 (0ms)","service":"research-mgmt-api","timestamp":"2025-04-16 20:51:06.984"}
{"level":"info","message":"HTTP GET /api/notifications - 200 (0ms)","service":"research-mgmt-api","timestamp":"2025-04-16 20:51:06.995"}
{"external":"24 MB","heapTotal":"31 MB","heapUsed":"43 MB","level":"info","message":"Memory usage stats:","rss":"220 MB","service":"research-mgmt-api","timestamp":"2025-04-16 20:51:22.851"}
{"level":"info","message":"HTTP GET /api/notifications/unread/count - 200 (0ms)","service":"research-mgmt-api","timestamp":"2025-04-16 20:52:06.982"}
{"level":"info","message":"HTTP GET /api/notifications/unread/count - 200 (0ms)","service":"research-mgmt-api","timestamp":"2025-04-16 20:52:06.984"}
{"level":"info","message":"HTTP GET /api/notifications/unread/count - 200 (0ms)","service":"research-mgmt-api","timestamp":"2025-04-16 20:53:06.983"}
{"level":"info","message":"HTTP GET /api/notifications/unread/count - 200 (0ms)","service":"research-mgmt-api","timestamp":"2025-04-16 20:53:06.984"}
{"level":"info","message":"HTTP GET /api/notifications - 200 (0ms)","service":"research-mgmt-api","timestamp":"2025-04-16 20:53:06.990"}
{"level":"info","message":"HTTP GET /api/notifications/unread/count - 200 (0ms)","service":"research-mgmt-api","timestamp":"2025-04-16 20:54:06.981"}
{"level":"info","message":"HTTP GET /api/notifications/unread/count - 200 (0ms)","service":"research-mgmt-api","timestamp":"2025-04-16 20:54:06.987"}
{"level":"info","message":"HTTP GET /api/notifications/unread/count - 200 (0ms)","service":"research-mgmt-api","timestamp":"2025-04-16 20:55:06.983"}
{"level":"info","message":"HTTP GET /api/notifications/unread/count - 200 (0ms)","service":"research-mgmt-api","timestamp":"2025-04-16 20:55:06.986"}
{"level":"info","message":"HTTP GET /api/notifications/unread/count - 200 (0ms)","service":"research-mgmt-api","timestamp":"2025-04-16 20:56:06.981"}
{"level":"info","message":"HTTP GET /api/notifications/unread/count - 200 (0ms)","service":"research-mgmt-api","timestamp":"2025-04-16 20:56:06.983"}
{"level":"info","message":"HTTP GET /api/notifications - 200 (0ms)","service":"research-mgmt-api","timestamp":"2025-04-16 20:56:06.997"}
{"external":"24 MB","heapTotal":"31 MB","heapUsed":"43 MB","level":"info","message":"Memory usage stats:","rss":"220 MB","service":"research-mgmt-api","timestamp":"2025-04-16 20:56:22.852"}
{"level":"info","message":"HTTP GET /api/notifications/unread/count - 200 (0ms)","service":"research-mgmt-api","timestamp":"2025-04-16 20:57:06.983"}
{"level":"info","message":"HTTP GET /api/notifications/unread/count - 200 (0ms)","service":"research-mgmt-api","timestamp":"2025-04-16 20:57:06.985"}
{"level":"info","message":"HTTP GET /api/notifications/unread/count - 200 (0ms)","service":"research-mgmt-api","timestamp":"2025-04-16 20:58:06.988"}
{"level":"info","message":"HTTP GET /api/notifications/unread/count - 200 (0ms)","service":"research-mgmt-api","timestamp":"2025-04-16 20:58:06.992"}
{"level":"info","message":"HTTP GET /api/notifications - 200 (0ms)","service":"research-mgmt-api","timestamp":"2025-04-16 20:58:06.997"}
{"level":"info","message":"HTTP GET /api/notifications/unread/count - 200 (0ms)","service":"research-mgmt-api","timestamp":"2025-04-16 20:59:06.980"}
{"level":"info","message":"HTTP GET /api/notifications/unread/count - 200 (0ms)","service":"research-mgmt-api","timestamp":"2025-04-16 20:59:06.981"}
{"level":"info","message":"HTTP GET /api/notifications/unread/count - 200 (0ms)","service":"research-mgmt-api","timestamp":"2025-04-16 21:00:06.982"}
{"level":"info","message":"HTTP GET /api/notifications/unread/count - 200 (0ms)","service":"research-mgmt-api","timestamp":"2025-04-16 21:00:06.983"}
{"level":"info","message":"HTTP GET /api/notifications/unread/count - 200 (0ms)","service":"research-mgmt-api","timestamp":"2025-04-16 21:01:06.979"}
{"level":"info","message":"HTTP GET /api/notifications/unread/count - 200 (0ms)","service":"research-mgmt-api","timestamp":"2025-04-16 21:01:06.981"}
{"level":"info","message":"HTTP GET /api/notifications - 200 (0ms)","service":"research-mgmt-api","timestamp":"2025-04-16 21:01:06.998"}
{"external":"24 MB","heapTotal":"31 MB","heapUsed":"43 MB","level":"info","message":"Memory usage stats:","rss":"220 MB","service":"research-mgmt-api","timestamp":"2025-04-16 21:01:22.852"}
{"level":"info","message":"HTTP GET /api/notifications/unread/count - 200 (0ms)","service":"research-mgmt-api","timestamp":"2025-04-16 21:02:06.982"}
{"level":"info","message":"HTTP GET /api/notifications/unread/count - 200 (0ms)","service":"research-mgmt-api","timestamp":"2025-04-16 21:02:06.983"}
{"level":"info","message":"HTTP GET /api/notifications/unread/count - 200 (0ms)","service":"research-mgmt-api","timestamp":"2025-04-16 21:03:06.988"}
{"level":"info","message":"HTTP GET /api/notifications/unread/count - 200 (0ms)","service":"research-mgmt-api","timestamp":"2025-04-16 21:03:06.989"}
{"level":"info","message":"HTTP GET /api/notifications - 200 (0ms)","service":"research-mgmt-api","timestamp":"2025-04-16 21:03:06.993"}
{"level":"info","message":"HTTP GET /api/notifications/unread/count - 200 (0ms)","service":"research-mgmt-api","timestamp":"2025-04-16 21:04:06.982"}
{"level":"info","message":"HTTP GET /api/notifications/unread/count - 200 (0ms)","service":"research-mgmt-api","timestamp":"2025-04-16 21:04:06.983"}
{"level":"info","message":"HTTP GET /api/notifications/unread/count - 200 (0ms)","service":"research-mgmt-api","timestamp":"2025-04-16 21:05:06.985"}
{"level":"info","message":"HTTP GET /api/notifications/unread/count - 200 (0ms)","service":"research-mgmt-api","timestamp":"2025-04-16 21:05:06.986"}
{"level":"info","message":"HTTP GET /api/notifications/unread/count - 200 (0ms)","service":"research-mgmt-api","timestamp":"2025-04-16 21:06:06.982"}
{"level":"info","message":"HTTP GET /api/notifications/unread/count - 200 (0ms)","service":"research-mgmt-api","timestamp":"2025-04-16 21:06:06.983"}
{"level":"info","message":"HTTP GET /api/notifications - 200 (0ms)","service":"research-mgmt-api","timestamp":"2025-04-16 21:06:06.991"}
{"external":"22 MB","heapTotal":"31 MB","heapUsed":"41 MB","level":"info","message":"Memory usage stats:","rss":"219 MB","service":"research-mgmt-api","timestamp":"2025-04-16 21:06:22.854"}
{"level":"info","message":"HTTP GET /api/notifications/unread/count - 200 (0ms)","service":"research-mgmt-api","timestamp":"2025-04-16 21:07:06.982"}
{"level":"info","message":"HTTP GET /api/notifications/unread/count - 200 (0ms)","service":"research-mgmt-api","timestamp":"2025-04-16 21:07:06.990"}
{"level":"info","message":"HTTP GET /api/notifications/unread/count - 200 (0ms)","service":"research-mgmt-api","timestamp":"2025-04-16 21:08:06.981"}
{"level":"info","message":"HTTP GET /api/notifications/unread/count - 200 (0ms)","service":"research-mgmt-api","timestamp":"2025-04-16 21:08:06.983"}
{"level":"info","message":"HTTP GET /api/notifications - 200 (0ms)","service":"research-mgmt-api","timestamp":"2025-04-16 21:08:06.990"}
{"level":"info","message":"HTTP GET /api/notifications/unread/count - 200 (0ms)","service":"research-mgmt-api","timestamp":"2025-04-16 21:09:06.983"}
{"level":"info","message":"HTTP GET /api/notifications/unread/count - 200 (0ms)","service":"research-mgmt-api","timestamp":"2025-04-16 21:09:06.984"}
{"level":"info","message":"HTTP GET /api/notifications/unread/count - 200 (0ms)","service":"research-mgmt-api","timestamp":"2025-04-16 21:10:06.981"}
{"level":"info","message":"HTTP GET /api/notifications/unread/count - 200 (0ms)","service":"research-mgmt-api","timestamp":"2025-04-16 21:10:06.992"}
{"level":"info","message":"HTTP GET /api/notifications/unread/count - 200 (0ms)","service":"research-mgmt-api","timestamp":"2025-04-16 21:11:06.981"}
{"level":"info","message":"HTTP GET /api/notifications/unread/count - 200 (0ms)","service":"research-mgmt-api","timestamp":"2025-04-16 21:11:06.986"}
{"level":"info","message":"HTTP GET /api/notifications - 200 (0ms)","service":"research-mgmt-api","timestamp":"2025-04-16 21:11:07.009"}
{"external":"24 MB","heapTotal":"31 MB","heapUsed":"43 MB","level":"info","message":"Memory usage stats:","rss":"219 MB","service":"research-mgmt-api","timestamp":"2025-04-16 21:11:22.854"}
{"level":"info","message":"HTTP GET /api/notifications/unread/count - 200 (0ms)","service":"research-mgmt-api","timestamp":"2025-04-16 21:12:06.982"}
{"level":"info","message":"HTTP GET /api/notifications/unread/count - 200 (0ms)","service":"research-mgmt-api","timestamp":"2025-04-16 21:12:06.983"}
{"level":"info","message":"HTTP GET /api/notifications/unread/count - 200 (0ms)","service":"research-mgmt-api","timestamp":"2025-04-16 21:13:06.980"}
{"level":"info","message":"HTTP GET /api/notifications/unread/count - 200 (0ms)","service":"research-mgmt-api","timestamp":"2025-04-16 21:13:06.981"}
{"level":"info","message":"HTTP GET /api/notifications - 200 (0ms)","service":"research-mgmt-api","timestamp":"2025-04-16 21:13:06.989"}
{"level":"info","message":"HTTP GET /api/notifications/unread/count - 200 (0ms)","service":"research-mgmt-api","timestamp":"2025-04-16 21:14:06.980"}
{"level":"info","message":"HTTP GET /api/notifications/unread/count - 200 (0ms)","service":"research-mgmt-api","timestamp":"2025-04-16 21:14:06.981"}
{"level":"info","message":"HTTP GET /api/notifications/unread/count - 200 (0ms)","service":"research-mgmt-api","timestamp":"2025-04-16 21:15:06.981"}
{"level":"info","message":"HTTP GET /api/notifications/unread/count - 200 (0ms)","service":"research-mgmt-api","timestamp":"2025-04-16 21:15:06.982"}
{"level":"info","message":"HTTP GET /api/notifications/unread/count - 200 (0ms)","service":"research-mgmt-api","timestamp":"2025-04-16 21:16:06.983"}
{"level":"info","message":"HTTP GET /api/notifications/unread/count - 200 (0ms)","service":"research-mgmt-api","timestamp":"2025-04-16 21:16:06.984"}
{"level":"info","message":"HTTP GET /api/notifications - 200 (0ms)","service":"research-mgmt-api","timestamp":"2025-04-16 21:16:06.997"}
{"external":"24 MB","heapTotal":"31 MB","heapUsed":"43 MB","level":"info","message":"Memory usage stats:","rss":"220 MB","service":"research-mgmt-api","timestamp":"2025-04-16 21:16:22.855"}
{"level":"info","message":"HTTP GET /api/notifications/unread/count - 200 (0ms)","service":"research-mgmt-api","timestamp":"2025-04-16 21:17:06.981"}
{"level":"info","message":"HTTP GET /api/notifications/unread/count - 200 (0ms)","service":"research-mgmt-api","timestamp":"2025-04-16 21:17:06.982"}
{"level":"info","message":"HTTP GET /api/notifications/unread/count - 200 (0ms)","service":"research-mgmt-api","timestamp":"2025-04-16 21:18:06.984"}
{"level":"info","message":"HTTP GET /api/notifications/unread/count - 200 (0ms)","service":"research-mgmt-api","timestamp":"2025-04-16 21:18:06.985"}
{"level":"info","message":"HTTP GET /api/notifications - 200 (0ms)","service":"research-mgmt-api","timestamp":"2025-04-16 21:18:06.994"}
{"level":"info","message":"HTTP GET /api/notifications/unread/count - 200 (0ms)","service":"research-mgmt-api","timestamp":"2025-04-16 21:19:06.980"}
{"level":"info","message":"HTTP GET /api/notifications/unread/count - 200 (0ms)","service":"research-mgmt-api","timestamp":"2025-04-16 21:19:06.981"}
{"level":"info","message":"HTTP GET /api/notifications/unread/count - 200 (0ms)","service":"research-mgmt-api","timestamp":"2025-04-16 21:20:06.985"}
{"level":"info","message":"HTTP GET /api/notifications/unread/count - 200 (0ms)","service":"research-mgmt-api","timestamp":"2025-04-16 21:20:06.987"}
{"level":"info","message":"HTTP GET /api/notifications/unread/count - 200 (0ms)","service":"research-mgmt-api","timestamp":"2025-04-16 21:21:06.983"}
{"level":"info","message":"HTTP GET /api/notifications/unread/count - 200 (0ms)","service":"research-mgmt-api","timestamp":"2025-04-16 21:21:06.985"}
{"level":"info","message":"HTTP GET /api/notifications - 200 (0ms)","service":"research-mgmt-api","timestamp":"2025-04-16 21:21:06.996"}
{"external":"24 MB","heapTotal":"31 MB","heapUsed":"43 MB","level":"info","message":"Memory usage stats:","rss":"220 MB","service":"research-mgmt-api","timestamp":"2025-04-16 21:21:22.856"}
{"level":"info","message":"HTTP GET /api/notifications/unread/count - 200 (0ms)","service":"research-mgmt-api","timestamp":"2025-04-16 21:22:06.981"}
{"level":"info","message":"HTTP GET /api/notifications/unread/count - 200 (0ms)","service":"research-mgmt-api","timestamp":"2025-04-16 21:22:06.982"}
{"level":"info","message":"HTTP GET /api/notifications/unread/count - 200 (0ms)","service":"research-mgmt-api","timestamp":"2025-04-16 21:23:06.980"}
{"level":"info","message":"HTTP GET /api/notifications/unread/count - 200 (0ms)","service":"research-mgmt-api","timestamp":"2025-04-16 21:23:06.981"}
{"level":"info","message":"HTTP GET /api/notifications - 200 (0ms)","service":"research-mgmt-api","timestamp":"2025-04-16 21:23:06.989"}
{"level":"info","message":"HTTP GET /api/notifications/unread/count - 200 (0ms)","service":"research-mgmt-api","timestamp":"2025-04-16 21:24:06.980"}
{"level":"info","message":"HTTP GET /api/notifications/unread/count - 200 (0ms)","service":"research-mgmt-api","timestamp":"2025-04-16 21:24:06.981"}
{"level":"info","message":"HTTP GET /api/notifications/unread/count - 200 (0ms)","service":"research-mgmt-api","timestamp":"2025-04-16 21:25:06.981"}
{"level":"info","message":"HTTP GET /api/notifications/unread/count - 200 (0ms)","service":"research-mgmt-api","timestamp":"2025-04-16 21:25:06.982"}
{"level":"info","message":"HTTP GET /api/notifications/unread/count - 200 (0ms)","service":"research-mgmt-api","timestamp":"2025-04-16 21:26:06.983"}
{"level":"info","message":"HTTP GET /api/notifications/unread/count - 200 (0ms)","service":"research-mgmt-api","timestamp":"2025-04-16 21:26:06.986"}
{"level":"info","message":"HTTP GET /api/notifications - 200 (0ms)","service":"research-mgmt-api","timestamp":"2025-04-16 21:26:06.994"}
{"external":"24 MB","heapTotal":"31 MB","heapUsed":"43 MB","level":"info","message":"Memory usage stats:","rss":"220 MB","service":"research-mgmt-api","timestamp":"2025-04-16 21:26:22.857"}
{"level":"info","message":"HTTP GET /api/notifications/unread/count - 200 (0ms)","service":"research-mgmt-api","timestamp":"2025-04-16 21:27:06.983"}
{"level":"info","message":"HTTP GET /api/notifications/unread/count - 200 (0ms)","service":"research-mgmt-api","timestamp":"2025-04-16 21:27:06.985"}
{"level":"info","message":"HTTP GET /api/notifications/unread/count - 200 (0ms)","service":"research-mgmt-api","timestamp":"2025-04-16 21:28:06.980"}
{"level":"info","message":"HTTP GET /api/notifications/unread/count - 200 (0ms)","service":"research-mgmt-api","timestamp":"2025-04-16 21:28:06.982"}
{"level":"info","message":"HTTP GET /api/notifications - 200 (0ms)","service":"research-mgmt-api","timestamp":"2025-04-16 21:28:06.988"}
{"level":"info","message":"HTTP GET /api/notifications/unread/count - 200 (0ms)","service":"research-mgmt-api","timestamp":"2025-04-16 21:29:06.982"}
{"level":"info","message":"HTTP GET /api/notifications/unread/count - 200 (0ms)","service":"research-mgmt-api","timestamp":"2025-04-16 21:29:06.984"}
{"level":"info","message":"HTTP GET /api/notifications/unread/count - 200 (0ms)","service":"research-mgmt-api","timestamp":"2025-04-16 21:30:06.980"}
{"level":"info","message":"HTTP GET /api/notifications/unread/count - 200 (0ms)","service":"research-mgmt-api","timestamp":"2025-04-16 21:30:06.981"}
{"level":"info","message":"HTTP GET /api/notifications/unread/count - 200 (0ms)","service":"research-mgmt-api","timestamp":"2025-04-16 21:31:06.981"}
{"level":"info","message":"HTTP GET /api/notifications/unread/count - 200 (0ms)","service":"research-mgmt-api","timestamp":"2025-04-16 21:31:06.986"}
{"level":"info","message":"HTTP GET /api/notifications - 200 (0ms)","service":"research-mgmt-api","timestamp":"2025-04-16 21:31:06.992"}
{"external":"24 MB","heapTotal":"31 MB","heapUsed":"43 MB","level":"info","message":"Memory usage stats:","rss":"220 MB","service":"research-mgmt-api","timestamp":"2025-04-16 21:31:22.858"}
{"level":"info","message":"HTTP GET /api/notifications/unread/count - 200 (0ms)","service":"research-mgmt-api","timestamp":"2025-04-16 21:32:06.981"}
{"level":"info","message":"HTTP GET /api/notifications/unread/count - 200 (0ms)","service":"research-mgmt-api","timestamp":"2025-04-16 21:32:06.982"}
{"level":"info","message":"HTTP GET /api/notifications/unread/count - 200 (0ms)","service":"research-mgmt-api","timestamp":"2025-04-16 21:33:06.982"}
{"level":"info","message":"HTTP GET /api/notifications/unread/count - 200 (0ms)","service":"research-mgmt-api","timestamp":"2025-04-16 21:33:06.983"}
{"level":"info","message":"HTTP GET /api/notifications - 200 (0ms)","service":"research-mgmt-api","timestamp":"2025-04-16 21:33:06.990"}
{"level":"info","message":"HTTP GET /api/notifications/unread/count - 200 (0ms)","service":"research-mgmt-api","timestamp":"2025-04-16 21:34:06.981"}
{"level":"info","message":"HTTP GET /api/notifications/unread/count - 200 (0ms)","service":"research-mgmt-api","timestamp":"2025-04-16 21:34:06.982"}
{"level":"info","message":"HTTP GET /api/notifications/unread/count - 200 (0ms)","service":"research-mgmt-api","timestamp":"2025-04-16 21:35:06.980"}
{"level":"info","message":"HTTP GET /api/notifications/unread/count - 200 (0ms)","service":"research-mgmt-api","timestamp":"2025-04-16 21:35:06.981"}
{"level":"info","message":"HTTP GET /api/notifications/unread/count - 200 (0ms)","service":"research-mgmt-api","timestamp":"2025-04-16 21:36:06.984"}
{"level":"info","message":"HTTP GET /api/notifications/unread/count - 200 (0ms)","service":"research-mgmt-api","timestamp":"2025-04-16 21:36:06.985"}
{"level":"info","message":"HTTP GET /api/notifications - 200 (0ms)","service":"research-mgmt-api","timestamp":"2025-04-16 21:36:06.997"}
{"external":"24 MB","heapTotal":"31 MB","heapUsed":"43 MB","level":"info","message":"Memory usage stats:","rss":"220 MB","service":"research-mgmt-api","timestamp":"2025-04-16 21:36:22.859"}
{"level":"info","message":"HTTP GET /api/notifications/unread/count - 200 (0ms)","service":"research-mgmt-api","timestamp":"2025-04-16 21:37:06.982"}
{"level":"info","message":"HTTP GET /api/notifications/unread/count - 200 (0ms)","service":"research-mgmt-api","timestamp":"2025-04-16 21:37:06.982"}
{"level":"info","message":"HTTP GET /api/notifications/unread/count - 200 (0ms)","service":"research-mgmt-api","timestamp":"2025-04-16 21:38:06.982"}
{"level":"info","message":"HTTP GET /api/notifications/unread/count - 200 (0ms)","service":"research-mgmt-api","timestamp":"2025-04-16 21:38:06.985"}
{"level":"info","message":"HTTP GET /api/notifications - 200 (0ms)","service":"research-mgmt-api","timestamp":"2025-04-16 21:38:07.005"}
{"level":"info","message":"HTTP GET /api/notifications/unread/count - 200 (0ms)","service":"research-mgmt-api","timestamp":"2025-04-16 21:39:06.982"}
{"level":"info","message":"HTTP GET /api/notifications/unread/count - 200 (0ms)","service":"research-mgmt-api","timestamp":"2025-04-16 21:39:06.983"}
{"level":"info","message":"HTTP GET /api/notifications/unread/count - 200 (0ms)","service":"research-mgmt-api","timestamp":"2025-04-16 21:40:06.981"}
{"level":"info","message":"HTTP GET /api/notifications/unread/count - 200 (0ms)","service":"research-mgmt-api","timestamp":"2025-04-16 21:40:06.982"}
{"level":"info","message":"HTTP GET /api/notifications/unread/count - 200 (0ms)","service":"research-mgmt-api","timestamp":"2025-04-16 21:41:06.980"}
{"level":"info","message":"HTTP GET /api/notifications/unread/count - 200 (0ms)","service":"research-mgmt-api","timestamp":"2025-04-16 21:41:06.981"}
{"level":"info","message":"HTTP GET /api/notifications - 200 (0ms)","service":"research-mgmt-api","timestamp":"2025-04-16 21:41:06.993"}
{"external":"24 MB","heapTotal":"31 MB","heapUsed":"43 MB","level":"info","message":"Memory usage stats:","rss":"220 MB","service":"research-mgmt-api","timestamp":"2025-04-16 21:41:22.860"}
{"level":"info","message":"HTTP GET /api/notifications/unread/count - 200 (0ms)","service":"research-mgmt-api","timestamp":"2025-04-16 21:42:06.980"}
{"level":"info","message":"HTTP GET /api/notifications/unread/count - 200 (0ms)","service":"research-mgmt-api","timestamp":"2025-04-16 21:42:06.983"}
{"level":"info","message":"HTTP GET /api/notifications/unread/count - 200 (0ms)","service":"research-mgmt-api","timestamp":"2025-04-16 21:43:06.982"}
{"level":"info","message":"HTTP GET /api/notifications/unread/count - 200 (0ms)","service":"research-mgmt-api","timestamp":"2025-04-16 21:43:06.983"}
{"level":"info","message":"HTTP GET /api/notifications - 200 (0ms)","service":"research-mgmt-api","timestamp":"2025-04-16 21:43:06.994"}
{"level":"info","message":"HTTP GET /api/notifications/unread/count - 200 (0ms)","service":"research-mgmt-api","timestamp":"2025-04-16 21:44:06.980"}
{"level":"info","message":"HTTP GET /api/notifications/unread/count - 200 (0ms)","service":"research-mgmt-api","timestamp":"2025-04-16 21:44:06.982"}
{"level":"info","message":"HTTP GET /api/notifications/unread/count - 200 (0ms)","service":"research-mgmt-api","timestamp":"2025-04-16 21:45:06.983"}
{"level":"info","message":"HTTP GET /api/notifications/unread/count - 200 (0ms)","service":"research-mgmt-api","timestamp":"2025-04-16 21:45:06.984"}
{"level":"info","message":"HTTP GET /api/notifications/unread/count - 200 (0ms)","service":"research-mgmt-api","timestamp":"2025-04-16 21:46:06.981"}
{"level":"info","message":"HTTP GET /api/notifications/unread/count - 200 (0ms)","service":"research-mgmt-api","timestamp":"2025-04-16 21:46:06.982"}
{"level":"info","message":"HTTP GET /api/notifications - 200 (0ms)","service":"research-mgmt-api","timestamp":"2025-04-16 21:46:06.989"}
{"external":"23 MB","heapTotal":"31 MB","heapUsed":"42 MB","level":"info","message":"Memory usage stats:","rss":"220 MB","service":"research-mgmt-api","timestamp":"2025-04-16 21:46:22.861"}
{"level":"info","message":"HTTP GET /api/notifications/unread/count - 200 (0ms)","service":"research-mgmt-api","timestamp":"2025-04-16 21:47:06.981"}
{"level":"info","message":"HTTP GET /api/notifications/unread/count - 200 (0ms)","service":"research-mgmt-api","timestamp":"2025-04-16 21:47:06.983"}
{"level":"info","message":"HTTP GET /api/notifications/unread/count - 200 (0ms)","service":"research-mgmt-api","timestamp":"2025-04-16 21:48:06.981"}
{"level":"info","message":"HTTP GET /api/notifications/unread/count - 200 (0ms)","service":"research-mgmt-api","timestamp":"2025-04-16 21:48:06.985"}
{"level":"info","message":"HTTP GET /api/notifications - 200 (0ms)","service":"research-mgmt-api","timestamp":"2025-04-16 21:48:06.994"}
{"level":"info","message":"HTTP GET /api/notifications/unread/count - 200 (0ms)","service":"research-mgmt-api","timestamp":"2025-04-16 21:49:06.981"}
{"level":"info","message":"HTTP GET /api/notifications/unread/count - 200 (0ms)","service":"research-mgmt-api","timestamp":"2025-04-16 21:49:06.982"}
{"level":"info","message":"HTTP GET /api/notifications/unread/count - 200 (0ms)","service":"research-mgmt-api","timestamp":"2025-04-16 21:50:06.982"}
{"level":"info","message":"HTTP GET /api/notifications/unread/count - 200 (0ms)","service":"research-mgmt-api","timestamp":"2025-04-16 21:50:06.983"}
{"level":"info","message":"HTTP GET /api/notifications/unread/count - 200 (0ms)","service":"research-mgmt-api","timestamp":"2025-04-16 21:51:06.983"}
{"level":"info","message":"HTTP GET /api/notifications/unread/count - 200 (0ms)","service":"research-mgmt-api","timestamp":"2025-04-16 21:51:06.984"}
{"level":"info","message":"HTTP GET /api/notifications - 200 (0ms)","service":"research-mgmt-api","timestamp":"2025-04-16 21:51:06.996"}
{"external":"24 MB","heapTotal":"31 MB","heapUsed":"43 MB","level":"info","message":"Memory usage stats:","rss":"220 MB","service":"research-mgmt-api","timestamp":"2025-04-16 21:51:22.862"}
{"level":"info","message":"HTTP GET /api/notifications/unread/count - 200 (0ms)","service":"research-mgmt-api","timestamp":"2025-04-16 21:52:06.982"}
{"level":"info","message":"HTTP GET /api/notifications/unread/count - 200 (0ms)","service":"research-mgmt-api","timestamp":"2025-04-16 21:52:06.983"}
{"level":"info","message":"HTTP GET /api/notifications/unread/count - 200 (0ms)","service":"research-mgmt-api","timestamp":"2025-04-16 21:53:06.983"}
{"level":"info","message":"HTTP GET /api/notifications/unread/count - 200 (0ms)","service":"research-mgmt-api","timestamp":"2025-04-16 21:53:06.985"}
{"level":"info","message":"HTTP GET /api/notifications - 200 (0ms)","service":"research-mgmt-api","timestamp":"2025-04-16 21:53:06.993"}
{"level":"info","message":"HTTP GET /api/notifications/unread/count - 200 (0ms)","service":"research-mgmt-api","timestamp":"2025-04-16 21:54:06.981"}
{"level":"info","message":"HTTP GET /api/notifications/unread/count - 200 (0ms)","service":"research-mgmt-api","timestamp":"2025-04-16 21:54:06.993"}
{"level":"info","message":"HTTP GET /api/notifications/unread/count - 200 (0ms)","service":"research-mgmt-api","timestamp":"2025-04-16 21:55:06.983"}
{"level":"info","message":"HTTP GET /api/notifications/unread/count - 200 (0ms)","service":"research-mgmt-api","timestamp":"2025-04-16 21:55:06.984"}
{"level":"info","message":"HTTP GET /api/notifications/unread/count - 200 (0ms)","service":"research-mgmt-api","timestamp":"2025-04-16 21:56:06.980"}
{"level":"info","message":"HTTP GET /api/notifications/unread/count - 200 (0ms)","service":"research-mgmt-api","timestamp":"2025-04-16 21:56:06.980"}
{"level":"info","message":"HTTP GET /api/notifications - 200 (0ms)","service":"research-mgmt-api","timestamp":"2025-04-16 21:56:06.997"}
{"external":"24 MB","heapTotal":"31 MB","heapUsed":"43 MB","level":"info","message":"Memory usage stats:","rss":"220 MB","service":"research-mgmt-api","timestamp":"2025-04-16 21:56:22.863"}
{"level":"info","message":"HTTP GET /api/notifications/unread/count - 200 (0ms)","service":"research-mgmt-api","timestamp":"2025-04-16 21:57:06.983"}
{"level":"info","message":"HTTP GET /api/notifications/unread/count - 200 (0ms)","service":"research-mgmt-api","timestamp":"2025-04-16 21:57:06.984"}
{"level":"info","message":"HTTP GET /api/notifications/unread/count - 200 (0ms)","service":"research-mgmt-api","timestamp":"2025-04-16 21:58:06.982"}
{"level":"info","message":"HTTP GET /api/notifications/unread/count - 200 (0ms)","service":"research-mgmt-api","timestamp":"2025-04-16 21:58:06.983"}
{"level":"info","message":"HTTP GET /api/notifications - 200 (0ms)","service":"research-mgmt-api","timestamp":"2025-04-16 21:58:06.990"}
{"level":"info","message":"HTTP GET /api/notifications/unread/count - 200 (0ms)","service":"research-mgmt-api","timestamp":"2025-04-16 21:59:06.981"}
{"level":"info","message":"HTTP GET /api/notifications/unread/count - 200 (0ms)","service":"research-mgmt-api","timestamp":"2025-04-16 21:59:06.987"}
{"level":"info","message":"HTTP GET /api/notifications/unread/count - 200 (0ms)","service":"research-mgmt-api","timestamp":"2025-04-16 22:00:06.981"}
{"level":"info","message":"HTTP GET /api/notifications/unread/count - 200 (0ms)","service":"research-mgmt-api","timestamp":"2025-04-16 22:00:06.982"}
{"level":"info","message":"HTTP GET /api/notifications/unread/count - 200 (0ms)","service":"research-mgmt-api","timestamp":"2025-04-16 22:01:06.983"}
{"level":"info","message":"HTTP GET /api/notifications/unread/count - 200 (0ms)","service":"research-mgmt-api","timestamp":"2025-04-16 22:01:06.986"}
{"level":"info","message":"HTTP GET /api/notifications - 200 (0ms)","service":"research-mgmt-api","timestamp":"2025-04-16 22:01:06.993"}
{"external":"24 MB","heapTotal":"31 MB","heapUsed":"43 MB","level":"info","message":"Memory usage stats:","rss":"220 MB","service":"research-mgmt-api","timestamp":"2025-04-16 22:01:22.864"}
{"level":"info","message":"HTTP GET /api/notifications/unread/count - 200 (0ms)","service":"research-mgmt-api","timestamp":"2025-04-16 22:02:06.980"}
{"level":"info","message":"HTTP GET /api/notifications/unread/count - 200 (0ms)","service":"research-mgmt-api","timestamp":"2025-04-16 22:02:06.981"}
{"level":"info","message":"HTTP GET /api/notifications/unread/count - 200 (0ms)","service":"research-mgmt-api","timestamp":"2025-04-16 22:03:06.982"}
{"level":"info","message":"HTTP GET /api/notifications/unread/count - 200 (0ms)","service":"research-mgmt-api","timestamp":"2025-04-16 22:03:06.983"}
{"level":"info","message":"HTTP GET /api/notifications - 200 (0ms)","service":"research-mgmt-api","timestamp":"2025-04-16 22:03:06.994"}
{"level":"info","message":"HTTP GET /api/notifications/unread/count - 200 (0ms)","service":"research-mgmt-api","timestamp":"2025-04-16 22:04:06.992"}
{"level":"info","message":"HTTP GET /api/notifications/unread/count - 200 (0ms)","service":"research-mgmt-api","timestamp":"2025-04-16 22:04:06.993"}
{"level":"info","message":"HTTP GET /api/notifications/unread/count - 200 (0ms)","service":"research-mgmt-api","timestamp":"2025-04-16 22:05:06.981"}
{"level":"info","message":"HTTP GET /api/notifications/unread/count - 200 (0ms)","service":"research-mgmt-api","timestamp":"2025-04-16 22:05:06.982"}
{"level":"info","message":"HTTP GET /api/notifications/unread/count - 200 (0ms)","service":"research-mgmt-api","timestamp":"2025-04-16 22:06:06.980"}
{"level":"info","message":"HTTP GET /api/notifications/unread/count - 200 (0ms)","service":"research-mgmt-api","timestamp":"2025-04-16 22:06:06.981"}
{"level":"info","message":"HTTP GET /api/notifications - 200 (0ms)","service":"research-mgmt-api","timestamp":"2025-04-16 22:06:06.987"}
{"level":"warn","message":"MongoDB disconnected","service":"research-mgmt-api","timestamp":"2025-04-16 22:06:14.095"}
{"level":"info","message":"MongoDB reconnected successfully","service":"research-mgmt-api","timestamp":"2025-04-16 22:06:14.250"}
{"external":"23 MB","heapTotal":"31 MB","heapUsed":"43 MB","level":"info","message":"Memory usage stats:","rss":"222 MB","service":"research-mgmt-api","timestamp":"2025-04-16 22:06:22.866"}
{"level":"info","message":"HTTP GET /api/notifications/unread/count - 200 (0ms)","service":"research-mgmt-api","timestamp":"2025-04-16 22:07:06.980"}
{"level":"info","message":"HTTP GET /api/notifications/unread/count - 200 (0ms)","service":"research-mgmt-api","timestamp":"2025-04-16 22:07:06.988"}
{"level":"info","message":"HTTP GET /api/notifications/unread/count - 200 (0ms)","service":"research-mgmt-api","timestamp":"2025-04-16 22:08:06.981"}
{"level":"info","message":"HTTP GET /api/notifications/unread/count - 200 (0ms)","service":"research-mgmt-api","timestamp":"2025-04-16 22:08:06.982"}
{"level":"info","message":"HTTP GET /api/notifications - 200 (0ms)","service":"research-mgmt-api","timestamp":"2025-04-16 22:08:06.987"}
{"level":"info","message":"HTTP GET /api/notifications/unread/count - 200 (0ms)","service":"research-mgmt-api","timestamp":"2025-04-16 22:09:06.982"}
{"level":"info","message":"HTTP GET /api/notifications/unread/count - 200 (0ms)","service":"research-mgmt-api","timestamp":"2025-04-16 22:09:06.983"}
{"level":"info","message":"HTTP GET /api/notifications/unread/count - 200 (0ms)","service":"research-mgmt-api","timestamp":"2025-04-16 22:10:06.982"}
{"level":"info","message":"HTTP GET /api/notifications/unread/count - 200 (0ms)","service":"research-mgmt-api","timestamp":"2025-04-16 22:10:06.983"}
{"level":"info","message":"HTTP GET /api/notifications/unread/count - 200 (0ms)","service":"research-mgmt-api","timestamp":"2025-04-16 22:11:06.980"}
{"level":"info","message":"HTTP GET /api/notifications/unread/count - 200 (0ms)","service":"research-mgmt-api","timestamp":"2025-04-16 22:11:06.982"}
{"level":"info","message":"HTTP GET /api/notifications - 200 (0ms)","service":"research-mgmt-api","timestamp":"2025-04-16 22:11:06.988"}
{"external":"24 MB","heapTotal":"31 MB","heapUsed":"43 MB","level":"info","message":"Memory usage stats:","rss":"221 MB","service":"research-mgmt-api","timestamp":"2025-04-16 22:11:22.866"}
{"level":"info","message":"HTTP GET /api/notifications/unread/count - 200 (0ms)","service":"research-mgmt-api","timestamp":"2025-04-16 22:12:06.982"}
{"level":"info","message":"HTTP GET /api/notifications/unread/count - 200 (0ms)","service":"research-mgmt-api","timestamp":"2025-04-16 22:12:06.985"}
{"level":"info","message":"HTTP GET /api/notifications/unread/count - 200 (0ms)","service":"research-mgmt-api","timestamp":"2025-04-16 22:13:06.981"}
{"level":"info","message":"HTTP GET /api/notifications/unread/count - 200 (0ms)","service":"research-mgmt-api","timestamp":"2025-04-16 22:13:06.982"}
{"level":"info","message":"HTTP GET /api/notifications - 200 (0ms)","service":"research-mgmt-api","timestamp":"2025-04-16 22:13:06.985"}
{"level":"info","message":"HTTP GET /api/notifications/unread/count - 200 (0ms)","service":"research-mgmt-api","timestamp":"2025-04-16 22:14:06.982"}
{"level":"info","message":"HTTP GET /api/notifications/unread/count - 200 (0ms)","service":"research-mgmt-api","timestamp":"2025-04-16 22:14:06.983"}
{"level":"info","message":"HTTP GET /api/notifications/unread/count - 200 (0ms)","service":"research-mgmt-api","timestamp":"2025-04-16 22:15:06.981"}
{"level":"info","message":"HTTP GET /api/notifications/unread/count - 200 (0ms)","service":"research-mgmt-api","timestamp":"2025-04-16 22:15:06.982"}
{"level":"info","message":"HTTP GET /api/notifications/unread/count - 200 (0ms)","service":"research-mgmt-api","timestamp":"2025-04-16 22:16:06.981"}
{"level":"info","message":"HTTP GET /api/notifications/unread/count - 200 (0ms)","service":"research-mgmt-api","timestamp":"2025-04-16 22:16:06.983"}
{"level":"info","message":"HTTP GET /api/notifications - 200 (0ms)","service":"research-mgmt-api","timestamp":"2025-04-16 22:16:06.989"}
{"external":"24 MB","heapTotal":"31 MB","heapUsed":"43 MB","level":"info","message":"Memory usage stats:","rss":"222 MB","service":"research-mgmt-api","timestamp":"2025-04-16 22:16:22.866"}
{"level":"info","message":"HTTP GET /api/notifications/unread/count - 200 (0ms)","service":"research-mgmt-api","timestamp":"2025-04-16 22:17:06.982"}
{"level":"info","message":"HTTP GET /api/notifications/unread/count - 200 (0ms)","service":"research-mgmt-api","timestamp":"2025-04-16 22:17:06.985"}
{"level":"info","message":"HTTP GET /api/notifications/unread/count - 200 (0ms)","service":"research-mgmt-api","timestamp":"2025-04-16 22:18:06.981"}
{"level":"info","message":"HTTP GET /api/notifications/unread/count - 200 (0ms)","service":"research-mgmt-api","timestamp":"2025-04-16 22:18:06.982"}
{"level":"info","message":"HTTP GET /api/notifications - 200 (0ms)","service":"research-mgmt-api","timestamp":"2025-04-16 22:18:06.987"}
{"level":"info","message":"HTTP GET /api/notifications/unread/count - 200 (0ms)","service":"research-mgmt-api","timestamp":"2025-04-16 22:19:06.987"}
{"level":"info","message":"HTTP GET /api/notifications/unread/count - 200 (0ms)","service":"research-mgmt-api","timestamp":"2025-04-16 22:19:06.989"}
{"level":"info","message":"HTTP GET /api/notifications/unread/count - 200 (0ms)","service":"research-mgmt-api","timestamp":"2025-04-16 22:20:06.981"}
{"level":"info","message":"HTTP GET /api/notifications/unread/count - 200 (0ms)","service":"research-mgmt-api","timestamp":"2025-04-16 22:20:06.982"}
{"level":"info","message":"HTTP GET /api/notifications/unread/count - 200 (0ms)","service":"research-mgmt-api","timestamp":"2025-04-16 22:21:06.985"}
{"level":"info","message":"HTTP GET /api/notifications/unread/count - 200 (0ms)","service":"research-mgmt-api","timestamp":"2025-04-16 22:21:06.987"}
{"level":"info","message":"HTTP GET /api/notifications - 200 (0ms)","service":"research-mgmt-api","timestamp":"2025-04-16 22:21:06.989"}
{"external":"24 MB","heapTotal":"31 MB","heapUsed":"43 MB","level":"info","message":"Memory usage stats:","rss":"224 MB","service":"research-mgmt-api","timestamp":"2025-04-16 22:21:22.868"}
{"level":"info","message":"HTTP GET /api/notifications/unread/count - 200 (0ms)","service":"research-mgmt-api","timestamp":"2025-04-16 22:22:06.982"}
{"level":"info","message":"HTTP GET /api/notifications/unread/count - 200 (0ms)","service":"research-mgmt-api","timestamp":"2025-04-16 22:22:06.983"}
{"level":"info","message":"HTTP GET /api/notifications/unread/count - 200 (0ms)","service":"research-mgmt-api","timestamp":"2025-04-16 22:23:06.982"}
{"level":"info","message":"HTTP GET /api/notifications/unread/count - 200 (0ms)","service":"research-mgmt-api","timestamp":"2025-04-16 22:23:06.984"}
{"level":"info","message":"HTTP GET /api/notifications - 200 (0ms)","service":"research-mgmt-api","timestamp":"2025-04-16 22:23:06.987"}
{"level":"info","message":"HTTP GET /api/notifications/unread/count - 200 (0ms)","service":"research-mgmt-api","timestamp":"2025-04-16 22:24:06.981"}
{"level":"info","message":"HTTP GET /api/notifications/unread/count - 200 (0ms)","service":"research-mgmt-api","timestamp":"2025-04-16 22:24:06.982"}
{"level":"info","message":"HTTP GET /api/notifications/unread/count - 200 (0ms)","service":"research-mgmt-api","timestamp":"2025-04-16 22:25:06.982"}
{"level":"info","message":"HTTP GET /api/notifications/unread/count - 200 (0ms)","service":"research-mgmt-api","timestamp":"2025-04-16 22:25:06.988"}
{"level":"info","message":"HTTP GET /api/notifications/unread/count - 200 (0ms)","service":"research-mgmt-api","timestamp":"2025-04-16 22:26:06.981"}
{"level":"info","message":"HTTP GET /api/notifications/unread/count - 200 (0ms)","service":"research-mgmt-api","timestamp":"2025-04-16 22:26:06.983"}
{"level":"info","message":"HTTP GET /api/notifications - 200 (0ms)","service":"research-mgmt-api","timestamp":"2025-04-16 22:26:06.987"}
{"external":"24 MB","heapTotal":"31 MB","heapUsed":"43 MB","level":"info","message":"Memory usage stats:","rss":"224 MB","service":"research-mgmt-api","timestamp":"2025-04-16 22:26:22.867"}
{"level":"info","message":"HTTP GET /api/notifications/unread/count - 200 (0ms)","service":"research-mgmt-api","timestamp":"2025-04-16 22:27:06.983"}
{"level":"info","message":"HTTP GET /api/notifications/unread/count - 200 (0ms)","service":"research-mgmt-api","timestamp":"2025-04-16 22:27:06.984"}
{"level":"info","message":"HTTP GET /api/notifications/unread/count - 200 (0ms)","service":"research-mgmt-api","timestamp":"2025-04-16 22:28:06.981"}
{"level":"info","message":"HTTP GET /api/notifications/unread/count - 200 (0ms)","service":"research-mgmt-api","timestamp":"2025-04-16 22:28:06.982"}
{"level":"info","message":"HTTP GET /api/notifications - 200 (0ms)","service":"research-mgmt-api","timestamp":"2025-04-16 22:28:06.990"}
{"level":"info","message":"HTTP GET /api/notifications/unread/count - 200 (0ms)","service":"research-mgmt-api","timestamp":"2025-04-16 22:29:06.981"}
{"level":"info","message":"HTTP GET /api/notifications/unread/count - 200 (0ms)","service":"research-mgmt-api","timestamp":"2025-04-16 22:29:06.982"}
{"level":"info","message":"HTTP GET /api/notifications/unread/count - 200 (0ms)","service":"research-mgmt-api","timestamp":"2025-04-16 22:30:06.983"}
{"level":"info","message":"HTTP GET /api/notifications/unread/count - 200 (0ms)","service":"research-mgmt-api","timestamp":"2025-04-16 22:30:06.984"}
{"level":"info","message":"HTTP GET /api/notifications/unread/count - 200 (0ms)","service":"research-mgmt-api","timestamp":"2025-04-16 22:31:06.984"}
{"level":"info","message":"HTTP GET /api/notifications/unread/count - 200 (0ms)","service":"research-mgmt-api","timestamp":"2025-04-16 22:31:06.985"}
{"level":"info","message":"HTTP GET /api/notifications - 200 (0ms)","service":"research-mgmt-api","timestamp":"2025-04-16 22:31:06.992"}
{"external":"24 MB","heapTotal":"31 MB","heapUsed":"43 MB","level":"info","message":"Memory usage stats:","rss":"225 MB","service":"research-mgmt-api","timestamp":"2025-04-16 22:31:22.867"}
{"level":"info","message":"HTTP GET /api/notifications/unread/count - 200 (0ms)","service":"research-mgmt-api","timestamp":"2025-04-16 22:32:06.980"}
{"level":"info","message":"HTTP GET /api/notifications/unread/count - 200 (0ms)","service":"research-mgmt-api","timestamp":"2025-04-16 22:32:06.981"}
{"level":"info","message":"HTTP GET /api/notifications/unread/count - 200 (0ms)","service":"research-mgmt-api","timestamp":"2025-04-16 22:33:06.981"}
{"level":"info","message":"HTTP GET /api/notifications/unread/count - 200 (0ms)","service":"research-mgmt-api","timestamp":"2025-04-16 22:33:06.983"}
{"level":"info","message":"HTTP GET /api/notifications - 200 (0ms)","service":"research-mgmt-api","timestamp":"2025-04-16 22:33:06.985"}
{"level":"info","message":"HTTP GET /api/notifications/unread/count - 200 (0ms)","service":"research-mgmt-api","timestamp":"2025-04-16 22:34:06.981"}
{"level":"info","message":"HTTP GET /api/notifications/unread/count - 200 (0ms)","service":"research-mgmt-api","timestamp":"2025-04-16 22:34:06.982"}
{"level":"info","message":"HTTP GET /api/notifications/unread/count - 200 (0ms)","service":"research-mgmt-api","timestamp":"2025-04-16 22:35:06.982"}
{"level":"info","message":"HTTP GET /api/notifications/unread/count - 200 (0ms)","service":"research-mgmt-api","timestamp":"2025-04-16 22:35:06.984"}
{"level":"info","message":"HTTP GET /api/notifications/unread/count - 200 (0ms)","service":"research-mgmt-api","timestamp":"2025-04-16 22:36:06.984"}
{"level":"info","message":"HTTP GET /api/notifications/unread/count - 200 (0ms)","service":"research-mgmt-api","timestamp":"2025-04-16 22:36:06.990"}
{"level":"info","message":"HTTP GET /api/notifications - 200 (0ms)","service":"research-mgmt-api","timestamp":"2025-04-16 22:36:07.001"}
{"external":"24 MB","heapTotal":"31 MB","heapUsed":"43 MB","level":"info","message":"Memory usage stats:","rss":"225 MB","service":"research-mgmt-api","timestamp":"2025-04-16 22:36:22.868"}
{"level":"info","message":"HTTP GET /api/notifications/unread/count - 200 (0ms)","service":"research-mgmt-api","timestamp":"2025-04-16 22:37:06.982"}
{"level":"info","message":"HTTP GET /api/notifications/unread/count - 200 (0ms)","service":"research-mgmt-api","timestamp":"2025-04-16 22:37:06.985"}
{"level":"info","message":"HTTP GET /api/notifications/unread/count - 200 (0ms)","service":"research-mgmt-api","timestamp":"2025-04-16 22:38:06.980"}
{"level":"info","message":"HTTP GET /api/notifications/unread/count - 200 (0ms)","service":"research-mgmt-api","timestamp":"2025-04-16 22:38:06.982"}
{"level":"info","message":"HTTP GET /api/notifications - 200 (0ms)","service":"research-mgmt-api","timestamp":"2025-04-16 22:38:06.988"}
{"level":"info","message":"HTTP GET /api/notifications/unread/count - 200 (0ms)","service":"research-mgmt-api","timestamp":"2025-04-16 22:39:06.981"}
{"level":"info","message":"HTTP GET /api/notifications/unread/count - 200 (0ms)","service":"research-mgmt-api","timestamp":"2025-04-16 22:39:06.982"}
{"level":"info","message":"HTTP GET /api/notifications/unread/count - 200 (0ms)","service":"research-mgmt-api","timestamp":"2025-04-16 22:40:06.981"}
{"level":"info","message":"HTTP GET /api/notifications/unread/count - 200 (0ms)","service":"research-mgmt-api","timestamp":"2025-04-16 22:40:06.983"}
{"level":"info","message":"HTTP GET /api/notifications/unread/count - 200 (0ms)","service":"research-mgmt-api","timestamp":"2025-04-16 22:41:06.980"}
{"level":"info","message":"HTTP GET /api/notifications/unread/count - 200 (0ms)","service":"research-mgmt-api","timestamp":"2025-04-16 22:41:06.983"}
{"level":"info","message":"HTTP GET /api/notifications - 200 (0ms)","service":"research-mgmt-api","timestamp":"2025-04-16 22:41:06.987"}
{"external":"23 MB","heapTotal":"31 MB","heapUsed":"42 MB","level":"info","message":"Memory usage stats:","rss":"226 MB","service":"research-mgmt-api","timestamp":"2025-04-16 22:41:22.869"}
{"level":"info","message":"HTTP GET /api/notifications/unread/count - 200 (0ms)","service":"research-mgmt-api","timestamp":"2025-04-16 22:42:06.988"}
{"level":"info","message":"HTTP GET /api/notifications/unread/count - 200 (0ms)","service":"research-mgmt-api","timestamp":"2025-04-16 22:42:06.990"}
{"level":"info","message":"HTTP GET /api/notifications/unread/count - 200 (0ms)","service":"research-mgmt-api","timestamp":"2025-04-16 22:43:06.982"}
{"level":"info","message":"HTTP GET /api/notifications/unread/count - 200 (0ms)","service":"research-mgmt-api","timestamp":"2025-04-16 22:43:06.990"}
{"level":"info","message":"HTTP GET /api/notifications - 200 (0ms)","service":"research-mgmt-api","timestamp":"2025-04-16 22:43:06.994"}
{"level":"info","message":"HTTP GET /api/notifications/unread/count - 200 (0ms)","service":"research-mgmt-api","timestamp":"2025-04-16 22:44:06.982"}
{"level":"info","message":"HTTP GET /api/notifications/unread/count - 200 (0ms)","service":"research-mgmt-api","timestamp":"2025-04-16 22:44:06.984"}
{"level":"info","message":"HTTP GET /api/notifications/unread/count - 200 (0ms)","service":"research-mgmt-api","timestamp":"2025-04-16 22:45:06.981"}
{"level":"info","message":"HTTP GET /api/notifications/unread/count - 200 (0ms)","service":"research-mgmt-api","timestamp":"2025-04-16 22:45:06.982"}
{"level":"info","message":"HTTP GET /api/notifications/unread/count - 200 (0ms)","service":"research-mgmt-api","timestamp":"2025-04-16 22:46:06.983"}
{"level":"info","message":"HTTP GET /api/notifications/unread/count - 200 (0ms)","service":"research-mgmt-api","timestamp":"2025-04-16 22:46:06.986"}
{"level":"info","message":"HTTP GET /api/notifications - 200 (0ms)","service":"research-mgmt-api","timestamp":"2025-04-16 22:46:06.993"}
{"external":"24 MB","heapTotal":"31 MB","heapUsed":"43 MB","level":"info","message":"Memory usage stats:","rss":"227 MB","service":"research-mgmt-api","timestamp":"2025-04-16 22:46:22.870"}
{"level":"info","message":"HTTP GET /api/notifications/unread/count - 200 (0ms)","service":"research-mgmt-api","timestamp":"2025-04-16 22:47:06.981"}
{"level":"info","message":"HTTP GET /api/notifications/unread/count - 200 (0ms)","service":"research-mgmt-api","timestamp":"2025-04-16 22:47:06.982"}
{"level":"info","message":"HTTP GET /api/notifications/unread/count - 200 (0ms)","service":"research-mgmt-api","timestamp":"2025-04-16 22:48:06.982"}
{"level":"info","message":"HTTP GET /api/notifications/unread/count - 200 (0ms)","service":"research-mgmt-api","timestamp":"2025-04-16 22:48:06.983"}
{"level":"info","message":"HTTP GET /api/notifications - 200 (0ms)","service":"research-mgmt-api","timestamp":"2025-04-16 22:48:06.990"}
{"level":"info","message":"HTTP GET /api/notifications/unread/count - 200 (0ms)","service":"research-mgmt-api","timestamp":"2025-04-16 22:49:06.982"}
{"level":"info","message":"HTTP GET /api/notifications/unread/count - 200 (0ms)","service":"research-mgmt-api","timestamp":"2025-04-16 22:49:06.985"}
{"level":"info","message":"HTTP GET /api/notifications/unread/count - 200 (0ms)","service":"research-mgmt-api","timestamp":"2025-04-16 22:50:06.981"}
{"level":"info","message":"HTTP GET /api/notifications/unread/count - 200 (0ms)","service":"research-mgmt-api","timestamp":"2025-04-16 22:50:06.982"}
{"level":"info","message":"HTTP GET /api/notifications/unread/count - 200 (0ms)","service":"research-mgmt-api","timestamp":"2025-04-16 22:51:06.981"}
{"level":"info","message":"HTTP GET /api/notifications/unread/count - 200 (0ms)","service":"research-mgmt-api","timestamp":"2025-04-16 22:51:06.983"}
{"level":"info","message":"HTTP GET /api/notifications - 200 (0ms)","service":"research-mgmt-api","timestamp":"2025-04-16 22:51:06.991"}
{"external":"22 MB","heapTotal":"31 MB","heapUsed":"41 MB","level":"info","message":"Memory usage stats:","rss":"227 MB","service":"research-mgmt-api","timestamp":"2025-04-16 22:51:22.870"}
{"level":"info","message":"HTTP GET /api/notifications/unread/count - 200 (0ms)","service":"research-mgmt-api","timestamp":"2025-04-16 22:52:06.982"}
{"level":"info","message":"HTTP GET /api/notifications/unread/count - 200 (0ms)","service":"research-mgmt-api","timestamp":"2025-04-16 22:52:06.984"}
{"level":"info","message":"HTTP GET /api/notifications/unread/count - 200 (0ms)","service":"research-mgmt-api","timestamp":"2025-04-16 22:53:06.982"}
{"level":"info","message":"HTTP GET /api/notifications/unread/count - 200 (0ms)","service":"research-mgmt-api","timestamp":"2025-04-16 22:53:06.984"}
{"level":"info","message":"HTTP GET /api/notifications - 200 (0ms)","service":"research-mgmt-api","timestamp":"2025-04-16 22:53:06.989"}
{"level":"info","message":"HTTP GET /api/notifications/unread/count - 200 (0ms)","service":"research-mgmt-api","timestamp":"2025-04-16 22:54:06.981"}
{"level":"info","message":"HTTP GET /api/notifications/unread/count - 200 (0ms)","service":"research-mgmt-api","timestamp":"2025-04-16 22:54:06.986"}
{"level":"info","message":"HTTP GET /api/notifications/unread/count - 200 (0ms)","service":"research-mgmt-api","timestamp":"2025-04-16 22:55:06.981"}
{"level":"info","message":"HTTP GET /api/notifications/unread/count - 200 (0ms)","service":"research-mgmt-api","timestamp":"2025-04-16 22:55:06.982"}
{"level":"info","message":"HTTP GET /api/notifications/unread/count - 200 (0ms)","service":"research-mgmt-api","timestamp":"2025-04-16 22:56:06.983"}
{"level":"info","message":"HTTP GET /api/notifications/unread/count - 200 (0ms)","service":"research-mgmt-api","timestamp":"2025-04-16 22:56:06.985"}
{"level":"info","message":"HTTP GET /api/notifications - 200 (0ms)","service":"research-mgmt-api","timestamp":"2025-04-16 22:56:07.001"}
{"external":"24 MB","heapTotal":"31 MB","heapUsed":"43 MB","level":"info","message":"Memory usage stats:","rss":"229 MB","service":"research-mgmt-api","timestamp":"2025-04-16 22:56:22.870"}
{"level":"info","message":"HTTP GET /api/notifications/unread/count - 200 (1ms)","service":"research-mgmt-api","timestamp":"2025-04-16 22:57:06.984"}
{"level":"info","message":"HTTP GET /api/notifications/unread/count - 200 (0ms)","service":"research-mgmt-api","timestamp":"2025-04-16 22:57:07.013"}
{"level":"info","message":"HTTP GET /api/notifications/unread/count - 200 (0ms)","service":"research-mgmt-api","timestamp":"2025-04-16 22:58:06.981"}
{"level":"info","message":"HTTP GET /api/notifications/unread/count - 200 (0ms)","service":"research-mgmt-api","timestamp":"2025-04-16 22:58:06.982"}
{"level":"info","message":"HTTP GET /api/notifications - 200 (0ms)","service":"research-mgmt-api","timestamp":"2025-04-16 22:58:06.991"}
{"level":"info","message":"HTTP GET /api/notifications/unread/count - 200 (0ms)","service":"research-mgmt-api","timestamp":"2025-04-16 22:59:06.983"}
{"level":"info","message":"HTTP GET /api/notifications/unread/count - 200 (0ms)","service":"research-mgmt-api","timestamp":"2025-04-16 22:59:06.987"}
{"level":"info","message":"HTTP GET /api/notifications/unread/count - 200 (0ms)","service":"research-mgmt-api","timestamp":"2025-04-16 23:00:06.983"}
{"level":"info","message":"HTTP GET /api/notifications/unread/count - 200 (0ms)","service":"research-mgmt-api","timestamp":"2025-04-16 23:00:06.984"}
{"level":"info","message":"HTTP GET /api/notifications/unread/count - 200 (0ms)","service":"research-mgmt-api","timestamp":"2025-04-16 23:01:06.982"}
{"level":"info","message":"HTTP GET /api/notifications/unread/count - 200 (0ms)","service":"research-mgmt-api","timestamp":"2025-04-16 23:01:06.983"}
{"level":"info","message":"HTTP GET /api/notifications - 200 (0ms)","service":"research-mgmt-api","timestamp":"2025-04-16 23:01:06.999"}
{"external":"24 MB","heapTotal":"31 MB","heapUsed":"43 MB","level":"info","message":"Memory usage stats:","rss":"229 MB","service":"research-mgmt-api","timestamp":"2025-04-16 23:01:22.871"}
{"level":"info","message":"HTTP GET /api/notifications/unread/count - 200 (0ms)","service":"research-mgmt-api","timestamp":"2025-04-16 23:02:06.982"}
{"level":"info","message":"HTTP GET /api/notifications/unread/count - 200 (0ms)","service":"research-mgmt-api","timestamp":"2025-04-16 23:02:06.984"}
{"level":"info","message":"HTTP GET /api/notifications/unread/count - 200 (0ms)","service":"research-mgmt-api","timestamp":"2025-04-16 23:03:06.981"}
{"level":"info","message":"HTTP GET /api/notifications/unread/count - 200 (0ms)","service":"research-mgmt-api","timestamp":"2025-04-16 23:03:06.982"}
{"level":"info","message":"HTTP GET /api/notifications - 200 (0ms)","service":"research-mgmt-api","timestamp":"2025-04-16 23:03:07.000"}
{"level":"info","message":"HTTP GET /api/notifications/unread/count - 200 (0ms)","service":"research-mgmt-api","timestamp":"2025-04-16 23:04:06.982"}
{"level":"info","message":"HTTP GET /api/notifications/unread/count - 200 (0ms)","service":"research-mgmt-api","timestamp":"2025-04-16 23:04:06.984"}
{"level":"info","message":"HTTP GET /api/notifications/unread/count - 200 (0ms)","service":"research-mgmt-api","timestamp":"2025-04-16 23:05:06.992"}
{"level":"info","message":"HTTP GET /api/notifications/unread/count - 200 (0ms)","service":"research-mgmt-api","timestamp":"2025-04-16 23:05:06.994"}
{"level":"info","message":"HTTP GET /api/notifications/unread/count - 200 (0ms)","service":"research-mgmt-api","timestamp":"2025-04-16 23:06:06.981"}
{"level":"info","message":"HTTP GET /api/notifications/unread/count - 200 (0ms)","service":"research-mgmt-api","timestamp":"2025-04-16 23:06:06.982"}
{"level":"info","message":"HTTP GET /api/notifications - 200 (0ms)","service":"research-mgmt-api","timestamp":"2025-04-16 23:06:06.990"}
{"external":"23 MB","heapTotal":"31 MB","heapUsed":"42 MB","level":"info","message":"Memory usage stats:","rss":"229 MB","service":"research-mgmt-api","timestamp":"2025-04-16 23:06:22.872"}
{"level":"info","message":"HTTP GET /api/notifications/unread/count - 200 (0ms)","service":"research-mgmt-api","timestamp":"2025-04-16 23:07:06.985"}
{"level":"info","message":"HTTP GET /api/notifications/unread/count - 200 (0ms)","service":"research-mgmt-api","timestamp":"2025-04-16 23:07:06.987"}
{"level":"info","message":"HTTP GET /api/notifications/unread/count - 200 (0ms)","service":"research-mgmt-api","timestamp":"2025-04-16 23:08:06.983"}
{"level":"info","message":"HTTP GET /api/notifications/unread/count - 200 (0ms)","service":"research-mgmt-api","timestamp":"2025-04-16 23:08:06.985"}
{"level":"info","message":"HTTP GET /api/notifications - 200 (0ms)","service":"research-mgmt-api","timestamp":"2025-04-16 23:08:06.997"}
{"level":"info","message":"HTTP GET /api/notifications/unread/count - 200 (0ms)","service":"research-mgmt-api","timestamp":"2025-04-16 23:09:06.981"}
{"level":"info","message":"HTTP GET /api/notifications/unread/count - 200 (0ms)","service":"research-mgmt-api","timestamp":"2025-04-16 23:09:06.982"}
{"level":"info","message":"HTTP GET /api/notifications/unread/count - 200 (0ms)","service":"research-mgmt-api","timestamp":"2025-04-16 23:10:06.981"}
{"level":"info","message":"HTTP GET /api/notifications/unread/count - 200 (0ms)","service":"research-mgmt-api","timestamp":"2025-04-16 23:10:06.986"}
{"level":"info","message":"HTTP GET /api/notifications/unread/count - 200 (0ms)","service":"research-mgmt-api","timestamp":"2025-04-16 23:11:06.983"}
{"level":"info","message":"HTTP GET /api/notifications/unread/count - 200 (0ms)","service":"research-mgmt-api","timestamp":"2025-04-16 23:11:06.985"}
{"level":"info","message":"HTTP GET /api/notifications - 200 (0ms)","service":"research-mgmt-api","timestamp":"2025-04-16 23:11:06.995"}
{"external":"24 MB","heapTotal":"31 MB","heapUsed":"43 MB","level":"info","message":"Memory usage stats:","rss":"230 MB","service":"research-mgmt-api","timestamp":"2025-04-16 23:11:22.872"}
{"level":"info","message":"HTTP GET /api/notifications/unread/count - 200 (0ms)","service":"research-mgmt-api","timestamp":"2025-04-16 23:12:06.982"}
{"level":"info","message":"HTTP GET /api/notifications/unread/count - 200 (0ms)","service":"research-mgmt-api","timestamp":"2025-04-16 23:12:06.984"}
{"level":"info","message":"HTTP GET /api/notifications/unread/count - 200 (0ms)","service":"research-mgmt-api","timestamp":"2025-04-16 23:13:06.983"}
{"level":"info","message":"HTTP GET /api/notifications/unread/count - 200 (0ms)","service":"research-mgmt-api","timestamp":"2025-04-16 23:13:06.984"}
{"level":"info","message":"HTTP GET /api/notifications - 200 (0ms)","service":"research-mgmt-api","timestamp":"2025-04-16 23:13:06.993"}
{"level":"info","message":"HTTP GET /api/notifications/unread/count - 200 (0ms)","service":"research-mgmt-api","timestamp":"2025-04-16 23:14:06.983"}
{"level":"info","message":"HTTP GET /api/notifications/unread/count - 200 (0ms)","service":"research-mgmt-api","timestamp":"2025-04-16 23:14:06.985"}
{"level":"info","message":"HTTP GET /api/notifications/unread/count - 200 (0ms)","service":"research-mgmt-api","timestamp":"2025-04-16 23:15:06.980"}
{"level":"info","message":"HTTP GET /api/notifications/unread/count - 200 (0ms)","service":"research-mgmt-api","timestamp":"2025-04-16 23:15:06.981"}
{"level":"info","message":"HTTP GET /api/notifications/unread/count - 200 (0ms)","service":"research-mgmt-api","timestamp":"2025-04-16 23:16:06.991"}
{"level":"info","message":"HTTP GET /api/notifications/unread/count - 200 (0ms)","service":"research-mgmt-api","timestamp":"2025-04-16 23:16:06.994"}
{"level":"info","message":"HTTP GET /api/notifications - 200 (0ms)","service":"research-mgmt-api","timestamp":"2025-04-16 23:16:07.001"}
{"external":"23 MB","heapTotal":"31 MB","heapUsed":"42 MB","level":"info","message":"Memory usage stats:","rss":"230 MB","service":"research-mgmt-api","timestamp":"2025-04-16 23:16:22.873"}
{"level":"info","message":"HTTP GET /api/notifications/unread/count - 200 (0ms)","service":"research-mgmt-api","timestamp":"2025-04-16 23:17:06.982"}
{"level":"info","message":"HTTP GET /api/notifications/unread/count - 200 (0ms)","service":"research-mgmt-api","timestamp":"2025-04-16 23:17:06.985"}
{"level":"info","message":"HTTP GET /api/notifications/unread/count - 200 (0ms)","service":"research-mgmt-api","timestamp":"2025-04-16 23:18:06.981"}
{"level":"info","message":"HTTP GET /api/notifications/unread/count - 200 (0ms)","service":"research-mgmt-api","timestamp":"2025-04-16 23:18:06.983"}
{"level":"info","message":"HTTP GET /api/notifications - 200 (0ms)","service":"research-mgmt-api","timestamp":"2025-04-16 23:18:06.993"}
{"level":"info","message":"HTTP GET /api/notifications/unread/count - 200 (0ms)","service":"research-mgmt-api","timestamp":"2025-04-16 23:19:06.983"}
{"level":"info","message":"HTTP GET /api/notifications/unread/count - 200 (0ms)","service":"research-mgmt-api","timestamp":"2025-04-16 23:19:06.984"}
{"level":"info","message":"HTTP GET /api/notifications/unread/count - 200 (0ms)","service":"research-mgmt-api","timestamp":"2025-04-16 23:20:06.982"}
{"level":"info","message":"HTTP GET /api/notifications/unread/count - 200 (0ms)","service":"research-mgmt-api","timestamp":"2025-04-16 23:20:06.984"}
{"level":"info","message":"HTTP GET /api/notifications/unread/count - 200 (0ms)","service":"research-mgmt-api","timestamp":"2025-04-16 23:21:06.981"}
{"level":"info","message":"HTTP GET /api/notifications/unread/count - 200 (0ms)","service":"research-mgmt-api","timestamp":"2025-04-16 23:21:06.983"}
{"level":"info","message":"HTTP GET /api/notifications - 200 (0ms)","service":"research-mgmt-api","timestamp":"2025-04-16 23:21:06.990"}
{"external":"24 MB","heapTotal":"31 MB","heapUsed":"43 MB","level":"info","message":"Memory usage stats:","rss":"232 MB","service":"research-mgmt-api","timestamp":"2025-04-16 23:21:22.873"}
{"level":"info","message":"HTTP GET /api/notifications/unread/count - 200 (0ms)","service":"research-mgmt-api","timestamp":"2025-04-16 23:22:06.991"}
{"level":"info","message":"HTTP GET /api/notifications/unread/count - 200 (0ms)","service":"research-mgmt-api","timestamp":"2025-04-16 23:22:06.993"}
{"level":"info","message":"HTTP GET /api/notifications/unread/count - 200 (0ms)","service":"research-mgmt-api","timestamp":"2025-04-16 23:23:06.983"}
{"level":"info","message":"HTTP GET /api/notifications/unread/count - 200 (0ms)","service":"research-mgmt-api","timestamp":"2025-04-16 23:23:06.985"}
{"level":"info","message":"HTTP GET /api/notifications - 200 (0ms)","service":"research-mgmt-api","timestamp":"2025-04-16 23:23:06.993"}
{"level":"info","message":"HTTP GET /api/notifications/unread/count - 200 (0ms)","service":"research-mgmt-api","timestamp":"2025-04-16 23:24:06.993"}
{"level":"info","message":"HTTP GET /api/notifications/unread/count - 200 (0ms)","service":"research-mgmt-api","timestamp":"2025-04-16 23:24:06.995"}
{"level":"info","message":"HTTP GET /api/notifications/unread/count - 200 (0ms)","service":"research-mgmt-api","timestamp":"2025-04-16 23:25:06.980"}
{"level":"info","message":"HTTP GET /api/notifications/unread/count - 200 (0ms)","service":"research-mgmt-api","timestamp":"2025-04-16 23:25:06.982"}
{"level":"info","message":"HTTP GET /api/notifications/unread/count - 200 (0ms)","service":"research-mgmt-api","timestamp":"2025-04-16 23:26:06.981"}
{"level":"info","message":"HTTP GET /api/notifications/unread/count - 200 (0ms)","service":"research-mgmt-api","timestamp":"2025-04-16 23:26:06.983"}
{"level":"info","message":"HTTP GET /api/notifications - 200 (0ms)","service":"research-mgmt-api","timestamp":"2025-04-16 23:26:06.994"}
{"external":"23 MB","heapTotal":"31 MB","heapUsed":"42 MB","level":"info","message":"Memory usage stats:","rss":"232 MB","service":"research-mgmt-api","timestamp":"2025-04-16 23:26:22.873"}
{"level":"info","message":"HTTP GET /api/notifications/unread/count - 200 (0ms)","service":"research-mgmt-api","timestamp":"2025-04-16 23:27:06.982"}
{"level":"info","message":"HTTP GET /api/notifications/unread/count - 200 (0ms)","service":"research-mgmt-api","timestamp":"2025-04-16 23:27:06.988"}
{"level":"info","message":"HTTP GET /api/notifications/unread/count - 200 (0ms)","service":"research-mgmt-api","timestamp":"2025-04-16 23:28:06.981"}
{"level":"info","message":"HTTP GET /api/notifications/unread/count - 200 (0ms)","service":"research-mgmt-api","timestamp":"2025-04-16 23:28:06.982"}
{"level":"info","message":"HTTP GET /api/notifications - 200 (0ms)","service":"research-mgmt-api","timestamp":"2025-04-16 23:28:06.992"}
{"level":"info","message":"HTTP GET /api/notifications/unread/count - 200 (0ms)","service":"research-mgmt-api","timestamp":"2025-04-16 23:29:06.982"}
{"level":"info","message":"HTTP GET /api/notifications/unread/count - 200 (0ms)","service":"research-mgmt-api","timestamp":"2025-04-16 23:29:06.987"}
{"level":"info","message":"HTTP GET /api/notifications/unread/count - 200 (0ms)","service":"research-mgmt-api","timestamp":"2025-04-16 23:30:06.981"}
{"level":"info","message":"HTTP GET /api/notifications/unread/count - 200 (0ms)","service":"research-mgmt-api","timestamp":"2025-04-16 23:30:06.983"}
{"level":"info","message":"HTTP GET /api/notifications/unread/count - 200 (0ms)","service":"research-mgmt-api","timestamp":"2025-04-16 23:31:06.981"}
{"level":"info","message":"HTTP GET /api/notifications/unread/count - 200 (0ms)","service":"research-mgmt-api","timestamp":"2025-04-16 23:31:06.983"}
{"level":"info","message":"HTTP GET /api/notifications - 200 (0ms)","service":"research-mgmt-api","timestamp":"2025-04-16 23:31:06.993"}
{"external":"24 MB","heapTotal":"31 MB","heapUsed":"43 MB","level":"info","message":"Memory usage stats:","rss":"232 MB","service":"research-mgmt-api","timestamp":"2025-04-16 23:31:22.874"}
{"level":"info","message":"HTTP GET /api/notifications/unread/count - 200 (0ms)","service":"research-mgmt-api","timestamp":"2025-04-16 23:32:06.984"}
{"level":"info","message":"HTTP GET /api/notifications/unread/count - 200 (0ms)","service":"research-mgmt-api","timestamp":"2025-04-16 23:32:06.985"}
{"level":"info","message":"HTTP GET /api/notifications/unread/count - 200 (0ms)","service":"research-mgmt-api","timestamp":"2025-04-16 23:33:06.989"}
{"level":"info","message":"HTTP GET /api/notifications/unread/count - 200 (0ms)","service":"research-mgmt-api","timestamp":"2025-04-16 23:33:06.990"}
{"level":"info","message":"HTTP GET /api/notifications - 200 (0ms)","service":"research-mgmt-api","timestamp":"2025-04-16 23:33:07.001"}
{"level":"info","message":"HTTP GET /api/notifications/unread/count - 200 (0ms)","service":"research-mgmt-api","timestamp":"2025-04-16 23:34:06.981"}
{"level":"info","message":"HTTP GET /api/notifications/unread/count - 200 (0ms)","service":"research-mgmt-api","timestamp":"2025-04-16 23:34:06.983"}
{"level":"info","message":"HTTP GET /api/notifications/unread/count - 200 (0ms)","service":"research-mgmt-api","timestamp":"2025-04-16 23:35:06.981"}
{"level":"info","message":"HTTP GET /api/notifications/unread/count - 200 (0ms)","service":"research-mgmt-api","timestamp":"2025-04-16 23:35:06.983"}
{"level":"info","message":"HTTP GET /api/notifications/unread/count - 200 (0ms)","service":"research-mgmt-api","timestamp":"2025-04-16 23:36:06.981"}
{"level":"info","message":"HTTP GET /api/notifications/unread/count - 200 (0ms)","service":"research-mgmt-api","timestamp":"2025-04-16 23:36:06.983"}
{"level":"info","message":"HTTP GET /api/notifications - 200 (0ms)","service":"research-mgmt-api","timestamp":"2025-04-16 23:36:06.996"}
{"external":"24 MB","heapTotal":"31 MB","heapUsed":"43 MB","level":"info","message":"Memory usage stats:","rss":"233 MB","service":"research-mgmt-api","timestamp":"2025-04-16 23:36:22.874"}
{"level":"info","message":"HTTP GET /api/notifications/unread/count - 200 (0ms)","service":"research-mgmt-api","timestamp":"2025-04-16 23:37:06.981"}
{"level":"info","message":"HTTP GET /api/notifications/unread/count - 200 (0ms)","service":"research-mgmt-api","timestamp":"2025-04-16 23:37:06.983"}
{"level":"info","message":"HTTP GET /api/notifications/unread/count - 200 (0ms)","service":"research-mgmt-api","timestamp":"2025-04-16 23:38:06.981"}
{"level":"info","message":"HTTP GET /api/notifications/unread/count - 200 (0ms)","service":"research-mgmt-api","timestamp":"2025-04-16 23:38:06.987"}
{"level":"info","message":"HTTP GET /api/notifications - 200 (0ms)","service":"research-mgmt-api","timestamp":"2025-04-16 23:38:06.995"}
{"level":"info","message":"HTTP GET /api/notifications/unread/count - 200 (0ms)","service":"research-mgmt-api","timestamp":"2025-04-16 23:39:06.981"}
{"level":"info","message":"HTTP GET /api/notifications/unread/count - 200 (0ms)","service":"research-mgmt-api","timestamp":"2025-04-16 23:39:06.983"}
{"level":"info","message":"HTTP GET /api/notifications/unread/count - 200 (0ms)","service":"research-mgmt-api","timestamp":"2025-04-16 23:40:06.991"}
{"level":"info","message":"HTTP GET /api/notifications/unread/count - 200 (0ms)","service":"research-mgmt-api","timestamp":"2025-04-16 23:40:06.992"}
{"level":"info","message":"HTTP GET /api/notifications/unread/count - 200 (0ms)","service":"research-mgmt-api","timestamp":"2025-04-16 23:41:06.981"}
{"level":"info","message":"HTTP GET /api/notifications/unread/count - 200 (0ms)","service":"research-mgmt-api","timestamp":"2025-04-16 23:41:06.982"}
{"level":"info","message":"HTTP GET /api/notifications - 200 (0ms)","service":"research-mgmt-api","timestamp":"2025-04-16 23:41:06.989"}
{"external":"23 MB","heapTotal":"31 MB","heapUsed":"43 MB","level":"info","message":"Memory usage stats:","rss":"233 MB","service":"research-mgmt-api","timestamp":"2025-04-16 23:41:22.875"}
{"level":"info","message":"HTTP GET /api/notifications/unread/count - 200 (0ms)","service":"research-mgmt-api","timestamp":"2025-04-16 23:42:06.981"}
{"level":"info","message":"HTTP GET /api/notifications/unread/count - 200 (0ms)","service":"research-mgmt-api","timestamp":"2025-04-16 23:42:06.983"}
{"level":"info","message":"HTTP GET /api/notifications/unread/count - 200 (0ms)","service":"research-mgmt-api","timestamp":"2025-04-16 23:43:06.982"}
{"level":"info","message":"HTTP GET /api/notifications/unread/count - 200 (0ms)","service":"research-mgmt-api","timestamp":"2025-04-16 23:43:06.987"}
{"level":"info","message":"HTTP GET /api/notifications - 200 (0ms)","service":"research-mgmt-api","timestamp":"2025-04-16 23:43:06.999"}
{"level":"info","message":"HTTP GET /api/notifications/unread/count - 200 (0ms)","service":"research-mgmt-api","timestamp":"2025-04-16 23:44:06.981"}
{"level":"info","message":"HTTP GET /api/notifications/unread/count - 200 (0ms)","service":"research-mgmt-api","timestamp":"2025-04-16 23:44:06.982"}
{"level":"info","message":"HTTP GET /api/notifications/unread/count - 200 (0ms)","service":"research-mgmt-api","timestamp":"2025-04-16 23:45:06.982"}
{"level":"info","message":"HTTP GET /api/notifications/unread/count - 200 (0ms)","service":"research-mgmt-api","timestamp":"2025-04-16 23:45:06.984"}
{"level":"info","message":"HTTP GET /api/notifications/unread/count - 200 (0ms)","service":"research-mgmt-api","timestamp":"2025-04-16 23:46:06.983"}
{"level":"info","message":"HTTP GET /api/notifications/unread/count - 200 (0ms)","service":"research-mgmt-api","timestamp":"2025-04-16 23:46:06.985"}
{"level":"info","message":"HTTP GET /api/notifications - 200 (0ms)","service":"research-mgmt-api","timestamp":"2025-04-16 23:46:06.996"}
{"external":"23 MB","heapTotal":"31 MB","heapUsed":"42 MB","level":"info","message":"Memory usage stats:","rss":"235 MB","service":"research-mgmt-api","timestamp":"2025-04-16 23:46:22.875"}
{"level":"info","message":"HTTP GET /api/notifications/unread/count - 200 (0ms)","service":"research-mgmt-api","timestamp":"2025-04-16 23:47:06.981"}
{"level":"info","message":"HTTP GET /api/notifications/unread/count - 200 (0ms)","service":"research-mgmt-api","timestamp":"2025-04-16 23:47:06.983"}
{"level":"info","message":"HTTP GET /api/notifications/unread/count - 200 (0ms)","service":"research-mgmt-api","timestamp":"2025-04-16 23:48:06.982"}
{"level":"info","message":"HTTP GET /api/notifications/unread/count - 200 (0ms)","service":"research-mgmt-api","timestamp":"2025-04-16 23:48:06.983"}
{"level":"info","message":"HTTP GET /api/notifications - 200 (0ms)","service":"research-mgmt-api","timestamp":"2025-04-16 23:48:06.993"}
{"level":"info","message":"HTTP GET /api/notifications/unread/count - 200 (0ms)","service":"research-mgmt-api","timestamp":"2025-04-16 23:49:06.982"}
{"level":"info","message":"HTTP GET /api/notifications/unread/count - 200 (0ms)","service":"research-mgmt-api","timestamp":"2025-04-16 23:49:06.984"}
{"level":"info","message":"HTTP GET /api/notifications/unread/count - 200 (0ms)","service":"research-mgmt-api","timestamp":"2025-04-16 23:50:06.982"}
{"level":"info","message":"HTTP GET /api/notifications/unread/count - 200 (0ms)","service":"research-mgmt-api","timestamp":"2025-04-16 23:50:06.984"}
{"level":"info","message":"HTTP GET /api/notifications/unread/count - 200 (0ms)","service":"research-mgmt-api","timestamp":"2025-04-16 23:51:06.981"}
{"level":"info","message":"HTTP GET /api/notifications/unread/count - 200 (0ms)","service":"research-mgmt-api","timestamp":"2025-04-16 23:51:06.983"}
{"level":"info","message":"HTTP GET /api/notifications - 200 (0ms)","service":"research-mgmt-api","timestamp":"2025-04-16 23:51:06.998"}
{"external":"24 MB","heapTotal":"31 MB","heapUsed":"43 MB","level":"info","message":"Memory usage stats:","rss":"235 MB","service":"research-mgmt-api","timestamp":"2025-04-16 23:51:22.875"}
{"level":"info","message":"HTTP GET /api/notifications/unread/count - 200 (0ms)","service":"research-mgmt-api","timestamp":"2025-04-16 23:52:06.983"}
{"level":"info","message":"HTTP GET /api/notifications/unread/count - 200 (0ms)","service":"research-mgmt-api","timestamp":"2025-04-16 23:52:06.985"}
{"level":"info","message":"HTTP GET /api/notifications/unread/count - 200 (0ms)","service":"research-mgmt-api","timestamp":"2025-04-16 23:53:06.981"}
{"level":"info","message":"HTTP GET /api/notifications/unread/count - 200 (0ms)","service":"research-mgmt-api","timestamp":"2025-04-16 23:53:06.988"}
{"level":"info","message":"HTTP GET /api/notifications - 200 (0ms)","service":"research-mgmt-api","timestamp":"2025-04-16 23:53:06.990"}
{"level":"info","message":"HTTP GET /api/notifications/unread/count - 200 (0ms)","service":"research-mgmt-api","timestamp":"2025-04-16 23:54:06.982"}
{"level":"info","message":"HTTP GET /api/notifications/unread/count - 200 (0ms)","service":"research-mgmt-api","timestamp":"2025-04-16 23:54:06.984"}
{"level":"info","message":"HTTP GET /api/notifications/unread/count - 200 (0ms)","service":"research-mgmt-api","timestamp":"2025-04-16 23:55:06.981"}
{"level":"info","message":"HTTP GET /api/notifications/unread/count - 200 (0ms)","service":"research-mgmt-api","timestamp":"2025-04-16 23:55:06.983"}
{"level":"info","message":"HTTP GET /api/notifications/unread/count - 200 (0ms)","service":"research-mgmt-api","timestamp":"2025-04-16 23:56:06.984"}
{"level":"info","message":"HTTP GET /api/notifications/unread/count - 200 (0ms)","service":"research-mgmt-api","timestamp":"2025-04-16 23:56:06.986"}
{"level":"info","message":"HTTP GET /api/notifications - 200 (0ms)","service":"research-mgmt-api","timestamp":"2025-04-16 23:56:07.000"}
{"external":"24 MB","heapTotal":"31 MB","heapUsed":"43 MB","level":"info","message":"Memory usage stats:","rss":"236 MB","service":"research-mgmt-api","timestamp":"2025-04-16 23:56:22.875"}
{"level":"info","message":"HTTP GET /api/notifications/unread/count - 200 (0ms)","service":"research-mgmt-api","timestamp":"2025-04-16 23:57:06.981"}
{"level":"info","message":"HTTP GET /api/notifications/unread/count - 200 (0ms)","service":"research-mgmt-api","timestamp":"2025-04-16 23:57:06.982"}
{"level":"info","message":"HTTP GET /api/notifications/unread/count - 200 (0ms)","service":"research-mgmt-api","timestamp":"2025-04-16 23:58:06.981"}
{"level":"info","message":"HTTP GET /api/notifications/unread/count - 200 (0ms)","service":"research-mgmt-api","timestamp":"2025-04-16 23:58:06.983"}
{"level":"info","message":"HTTP GET /api/notifications - 200 (0ms)","service":"research-mgmt-api","timestamp":"2025-04-16 23:58:06.992"}
{"level":"info","message":"HTTP GET /api/notifications/unread/count - 200 (0ms)","service":"research-mgmt-api","timestamp":"2025-04-16 23:59:06.982"}
{"level":"info","message":"HTTP GET /api/notifications/unread/count - 200 (0ms)","service":"research-mgmt-api","timestamp":"2025-04-16 23:59:06.983"}
