{"level":"info","message":"Attempting to connect to MongoDB database","service":"research-mgmt-api","timestamp":"2025-04-09 16:03:06.618"}
{"level":"info","message":"Attempting to connect to MongoDB...","service":"research-mgmt-api","timestamp":"2025-04-09 16:03:06.619"}
{"level":"info","message":"Attempting to connect to MongoDB database","service":"research-mgmt-api","timestamp":"2025-04-09 16:03:07.532"}
{"level":"info","message":"Attempting to connect to MongoDB...","service":"research-mgmt-api","timestamp":"2025-04-09 16:03:07.532"}
{"level":"info","message":"MongoDB Connected: ac-xdpuchx-shard-00-01.tvoe17p.mongodb.net","service":"research-mgmt-api","timestamp":"2025-04-09 16:03:08.127"}
{"level":"info","message":"✅ MongoDB connection established successfully","service":"research-mgmt-api","timestamp":"2025-04-09 16:03:08.127"}
{"level":"info","message":"🚀 Server running on port 300000","service":"research-mgmt-api","timestamp":"2025-04-09 16:03:08.131"}
{"level":"info","message":"MongoDB connection state: 1","service":"research-mgmt-api","timestamp":"2025-04-09 16:03:17.930"}
{"error":"Not authenticated","level":"error","message":"Profile fetch error:","service":"research-mgmt-api","stack":"UnauthorizedError: Not authenticated\n    at new UnauthorizedError (/home/swadhin/r/server/src/utils/errors.js:22:5)\n    at <anonymous> (/home/swadhin/r/server/src/controllers/authController.js:426:17)\n    at processTicksAndRejections (native:7:39)","timestamp":"2025-04-09 16:03:17.930"}
{"level":"error","message":"HTTP GET /api/auth/profile - 401 (2ms) Error: Unauthorized","service":"research-mgmt-api","timestamp":"2025-04-09 16:03:17.931"}
{"level":"info","message":"MongoDB connection state: 1","service":"research-mgmt-api","timestamp":"2025-04-09 16:03:30.817"}
{"level":"info","message":"Login attempt for user: student1@example.com","service":"research-mgmt-api","timestamp":"2025-04-09 16:03:30.818"}
{"level":"info","message":"Verifying password for user: student1@example.com","service":"research-mgmt-api","timestamp":"2025-04-09 16:03:30.874"}
{"level":"info","message":"Login successful for user: student1@example.com","service":"research-mgmt-api","timestamp":"2025-04-09 16:03:30.895"}
{"level":"info","message":"HTTP POST /api/auth/login - 200 (79ms)","service":"research-mgmt-api","timestamp":"2025-04-09 16:03:30.895"}
{"level":"info","message":"MongoDB connection state: 1","service":"research-mgmt-api","timestamp":"2025-04-09 16:03:39.876"}
{"error":"Not authenticated","level":"error","message":"Profile fetch error:","service":"research-mgmt-api","stack":"UnauthorizedError: Not authenticated\n    at new UnauthorizedError (/home/swadhin/r/server/src/utils/errors.js:22:5)\n    at <anonymous> (/home/swadhin/r/server/src/controllers/authController.js:426:17)\n    at processTicksAndRejections (native:7:39)","timestamp":"2025-04-09 16:03:39.876"}
{"level":"error","message":"HTTP GET /api/auth/profile - 401 (1ms) Error: Unauthorized","service":"research-mgmt-api","timestamp":"2025-04-09 16:03:39.877"}
{"level":"info","message":"Attempting to connect to MongoDB database","service":"research-mgmt-api","timestamp":"2025-04-09 16:05:40.198"}
{"level":"info","message":"Attempting to connect to MongoDB...","service":"research-mgmt-api","timestamp":"2025-04-09 16:05:40.199"}
{"level":"info","message":"MongoDB Connected: ac-xdpuchx-shard-00-02.tvoe17p.mongodb.net","service":"research-mgmt-api","timestamp":"2025-04-09 16:05:40.847"}
{"level":"info","message":"✅ MongoDB connection established successfully","service":"research-mgmt-api","timestamp":"2025-04-09 16:05:40.847"}
{"level":"info","message":"🚀 Server running on port 300000","service":"research-mgmt-api","timestamp":"2025-04-09 16:05:40.851"}
{"level":"info","message":"Attempting to connect to MongoDB database","service":"research-mgmt-api","timestamp":"2025-04-09 16:05:44.542"}
{"level":"info","message":"Attempting to connect to MongoDB...","service":"research-mgmt-api","timestamp":"2025-04-09 16:05:44.543"}
{"level":"info","message":"MongoDB Connected: ac-xdpuchx-shard-00-02.tvoe17p.mongodb.net","service":"research-mgmt-api","timestamp":"2025-04-09 16:05:45.192"}
{"level":"info","message":"✅ MongoDB connection established successfully","service":"research-mgmt-api","timestamp":"2025-04-09 16:05:45.192"}
{"level":"info","message":"🚀 Server running on port 300000","service":"research-mgmt-api","timestamp":"2025-04-09 16:05:45.196"}
{"level":"info","message":"Attempting to connect to MongoDB database","service":"research-mgmt-api","timestamp":"2025-04-09 16:05:59.946"}
{"level":"info","message":"Attempting to connect to MongoDB...","service":"research-mgmt-api","timestamp":"2025-04-09 16:05:59.947"}
{"level":"info","message":"MongoDB Connected: ac-xdpuchx-shard-00-01.tvoe17p.mongodb.net","service":"research-mgmt-api","timestamp":"2025-04-09 16:06:00.552"}
{"level":"info","message":"✅ MongoDB connection established successfully","service":"research-mgmt-api","timestamp":"2025-04-09 16:06:00.553"}
{"level":"info","message":"🚀 Server running on port 300000","service":"research-mgmt-api","timestamp":"2025-04-09 16:06:00.557"}
{"level":"info","message":"MongoDB connection state: 1","service":"research-mgmt-api","timestamp":"2025-04-09 16:06:02.092"}
{"level":"info","message":"Login attempt for user: student1@example.com","service":"research-mgmt-api","timestamp":"2025-04-09 16:06:02.093"}
{"level":"info","message":"Verifying password for user: student1@example.com","service":"research-mgmt-api","timestamp":"2025-04-09 16:06:02.148"}
{"level":"info","message":"Login successful for user: student1@example.com","service":"research-mgmt-api","timestamp":"2025-04-09 16:06:02.169"}
{"level":"info","message":"HTTP POST /api/auth/login - 200 (78ms)","service":"research-mgmt-api","timestamp":"2025-04-09 16:06:02.169"}
{"level":"info","message":"MongoDB connection state: 1","service":"research-mgmt-api","timestamp":"2025-04-09 16:06:11.942"}
{"error":"Not authenticated","level":"error","message":"Profile fetch error:","service":"research-mgmt-api","stack":"UnauthorizedError: Not authenticated\n    at new UnauthorizedError (/home/swadhin/r/server/src/utils/errors.js:22:5)\n    at <anonymous> (/home/swadhin/r/server/src/controllers/authController.js:426:17)\n    at processTicksAndRejections (native:7:39)","timestamp":"2025-04-09 16:06:11.943"}
{"level":"error","message":"HTTP GET /api/auth/profile - 401 (1ms) Error: Unauthorized","service":"research-mgmt-api","timestamp":"2025-04-09 16:06:11.943"}
{"level":"info","message":"Attempting to connect to MongoDB database","service":"research-mgmt-api","timestamp":"2025-04-09 16:06:18.805"}
{"level":"info","message":"Attempting to connect to MongoDB...","service":"research-mgmt-api","timestamp":"2025-04-09 16:06:18.806"}
{"level":"info","message":"MongoDB Connected: ac-xdpuchx-shard-00-01.tvoe17p.mongodb.net","service":"research-mgmt-api","timestamp":"2025-04-09 16:06:19.409"}
{"level":"info","message":"✅ MongoDB connection established successfully","service":"research-mgmt-api","timestamp":"2025-04-09 16:06:19.409"}
{"level":"info","message":"🚀 Server running on port 300000","service":"research-mgmt-api","timestamp":"2025-04-09 16:06:19.414"}
{"level":"info","message":"Attempting to connect to MongoDB database","service":"research-mgmt-api","timestamp":"2025-04-09 16:06:20.268"}
{"level":"info","message":"Attempting to connect to MongoDB...","service":"research-mgmt-api","timestamp":"2025-04-09 16:06:20.269"}
{"level":"info","message":"MongoDB Connected: ac-xdpuchx-shard-00-01.tvoe17p.mongodb.net","service":"research-mgmt-api","timestamp":"2025-04-09 16:06:20.883"}
{"level":"info","message":"✅ MongoDB connection established successfully","service":"research-mgmt-api","timestamp":"2025-04-09 16:06:20.883"}
{"level":"info","message":"🚀 Server running on port 300000","service":"research-mgmt-api","timestamp":"2025-04-09 16:06:20.887"}
{"level":"info","message":"Attempting to connect to MongoDB database","service":"research-mgmt-api","timestamp":"2025-04-09 16:06:21.430"}
{"level":"info","message":"Attempting to connect to MongoDB...","service":"research-mgmt-api","timestamp":"2025-04-09 16:06:21.431"}
{"level":"info","message":"MongoDB Connected: ac-xdpuchx-shard-00-00.tvoe17p.mongodb.net","service":"research-mgmt-api","timestamp":"2025-04-09 16:06:22.029"}
{"level":"info","message":"✅ MongoDB connection established successfully","service":"research-mgmt-api","timestamp":"2025-04-09 16:06:22.029"}
{"level":"info","message":"🚀 Server running on port 300000","service":"research-mgmt-api","timestamp":"2025-04-09 16:06:22.033"}
{"level":"info","message":"Attempting to connect to MongoDB database","service":"research-mgmt-api","timestamp":"2025-04-09 16:06:29.643"}
{"level":"info","message":"Attempting to connect to MongoDB...","service":"research-mgmt-api","timestamp":"2025-04-09 16:06:29.644"}
{"level":"info","message":"MongoDB Connected: ac-xdpuchx-shard-00-02.tvoe17p.mongodb.net","service":"research-mgmt-api","timestamp":"2025-04-09 16:06:30.239"}
{"level":"info","message":"✅ MongoDB connection established successfully","service":"research-mgmt-api","timestamp":"2025-04-09 16:06:30.239"}
{"level":"info","message":"🚀 Server running on port 300000","service":"research-mgmt-api","timestamp":"2025-04-09 16:06:30.243"}
{"level":"info","message":"Attempting to connect to MongoDB database","service":"research-mgmt-api","timestamp":"2025-04-09 16:06:33.719"}
{"level":"info","message":"Attempting to connect to MongoDB...","service":"research-mgmt-api","timestamp":"2025-04-09 16:06:33.719"}
{"level":"info","message":"Attempting to connect to MongoDB database","service":"research-mgmt-api","timestamp":"2025-04-09 16:06:34.113"}
{"level":"info","message":"Attempting to connect to MongoDB...","service":"research-mgmt-api","timestamp":"2025-04-09 16:06:34.114"}
{"level":"info","message":"MongoDB Connected: ac-xdpuchx-shard-00-01.tvoe17p.mongodb.net","service":"research-mgmt-api","timestamp":"2025-04-09 16:06:34.707"}
{"level":"info","message":"✅ MongoDB connection established successfully","service":"research-mgmt-api","timestamp":"2025-04-09 16:06:34.707"}
{"level":"info","message":"🚀 Server running on port 300000","service":"research-mgmt-api","timestamp":"2025-04-09 16:06:34.711"}
{"level":"info","message":"Attempting to connect to MongoDB database","service":"research-mgmt-api","timestamp":"2025-04-09 16:06:49.080"}
{"level":"info","message":"Attempting to connect to MongoDB...","service":"research-mgmt-api","timestamp":"2025-04-09 16:06:49.081"}
{"level":"info","message":"MongoDB Connected: ac-xdpuchx-shard-00-02.tvoe17p.mongodb.net","service":"research-mgmt-api","timestamp":"2025-04-09 16:06:49.731"}
{"level":"info","message":"✅ MongoDB connection established successfully","service":"research-mgmt-api","timestamp":"2025-04-09 16:06:49.731"}
{"level":"info","message":"🚀 Server running on port 300000","service":"research-mgmt-api","timestamp":"2025-04-09 16:06:49.735"}
{"level":"info","message":"MongoDB connection state: 1","service":"research-mgmt-api","timestamp":"2025-04-09 16:06:53.652"}
{"level":"info","message":"Login attempt for user: student1@example.com","service":"research-mgmt-api","timestamp":"2025-04-09 16:06:53.652"}
{"level":"info","message":"Verifying password for user: student1@example.com","service":"research-mgmt-api","timestamp":"2025-04-09 16:06:53.709"}
{"level":"info","message":"Login successful for user: student1@example.com","service":"research-mgmt-api","timestamp":"2025-04-09 16:06:53.741"}
{"level":"info","message":"HTTP POST /api/auth/login - 200 (91ms)","service":"research-mgmt-api","timestamp":"2025-04-09 16:06:53.742"}
{"level":"info","message":"MongoDB connection state: 1","service":"research-mgmt-api","timestamp":"2025-04-09 16:07:02.335"}
{"error":"Not authenticated","level":"error","message":"Profile fetch error:","service":"research-mgmt-api","stack":"UnauthorizedError: Not authenticated\n    at new UnauthorizedError (/home/swadhin/r/server/src/utils/errors.js:22:5)\n    at <anonymous> (/home/swadhin/r/server/src/controllers/authController.js:426:17)\n    at processTicksAndRejections (native:7:39)","timestamp":"2025-04-09 16:07:02.335"}
{"level":"error","message":"HTTP GET /api/auth/profile - 401 (1ms) Error: Unauthorized","service":"research-mgmt-api","timestamp":"2025-04-09 16:07:02.335"}
{"level":"info","message":"Attempting to connect to MongoDB database","service":"research-mgmt-api","timestamp":"2025-04-09 16:07:09.027"}
{"level":"info","message":"Attempting to connect to MongoDB...","service":"research-mgmt-api","timestamp":"2025-04-09 16:07:09.028"}
{"level":"info","message":"MongoDB Connected: ac-xdpuchx-shard-00-02.tvoe17p.mongodb.net","service":"research-mgmt-api","timestamp":"2025-04-09 16:07:09.635"}
{"level":"info","message":"✅ MongoDB connection established successfully","service":"research-mgmt-api","timestamp":"2025-04-09 16:07:09.635"}
{"level":"info","message":"🚀 Server running on port 300000","service":"research-mgmt-api","timestamp":"2025-04-09 16:07:09.640"}
{"level":"info","message":"Attempting to connect to MongoDB database","service":"research-mgmt-api","timestamp":"2025-04-09 16:07:12.350"}
{"level":"info","message":"Attempting to connect to MongoDB...","service":"research-mgmt-api","timestamp":"2025-04-09 16:07:12.350"}
{"level":"info","message":"MongoDB Connected: ac-xdpuchx-shard-00-02.tvoe17p.mongodb.net","service":"research-mgmt-api","timestamp":"2025-04-09 16:07:12.944"}
{"level":"info","message":"✅ MongoDB connection established successfully","service":"research-mgmt-api","timestamp":"2025-04-09 16:07:12.945"}
{"level":"info","message":"🚀 Server running on port 300000","service":"research-mgmt-api","timestamp":"2025-04-09 16:07:12.949"}
{"level":"info","message":"Attempting to connect to MongoDB database","service":"research-mgmt-api","timestamp":"2025-04-09 16:08:55.243"}
{"level":"info","message":"Attempting to connect to MongoDB...","service":"research-mgmt-api","timestamp":"2025-04-09 16:08:55.244"}
{"level":"info","message":"MongoDB Connected: ac-xdpuchx-shard-00-00.tvoe17p.mongodb.net","service":"research-mgmt-api","timestamp":"2025-04-09 16:08:55.899"}
{"level":"info","message":"✅ MongoDB connection established successfully","service":"research-mgmt-api","timestamp":"2025-04-09 16:08:55.899"}
{"level":"info","message":"🚀 Server running on port 300000","service":"research-mgmt-api","timestamp":"2025-04-09 16:08:55.903"}
{"level":"info","message":"Attempting to connect to MongoDB database","service":"research-mgmt-api","timestamp":"2025-04-09 16:08:58.948"}
{"level":"info","message":"Attempting to connect to MongoDB...","service":"research-mgmt-api","timestamp":"2025-04-09 16:08:58.949"}
{"level":"info","message":"MongoDB Connected: ac-xdpuchx-shard-00-00.tvoe17p.mongodb.net","service":"research-mgmt-api","timestamp":"2025-04-09 16:08:59.571"}
{"level":"info","message":"✅ MongoDB connection established successfully","service":"research-mgmt-api","timestamp":"2025-04-09 16:08:59.571"}
{"level":"info","message":"🚀 Server running on port 300000","service":"research-mgmt-api","timestamp":"2025-04-09 16:08:59.575"}
{"level":"info","message":"Attempting to connect to MongoDB database","service":"research-mgmt-api","timestamp":"2025-04-09 16:12:13.495"}
{"level":"info","message":"Attempting to connect to MongoDB...","service":"research-mgmt-api","timestamp":"2025-04-09 16:12:13.496"}
{"level":"info","message":"MongoDB Connected: ac-xdpuchx-shard-00-00.tvoe17p.mongodb.net","service":"research-mgmt-api","timestamp":"2025-04-09 16:12:14.232"}
{"level":"info","message":"✅ MongoDB connection established successfully","service":"research-mgmt-api","timestamp":"2025-04-09 16:12:14.232"}
{"level":"info","message":"🚀 Server running on port 300000","service":"research-mgmt-api","timestamp":"2025-04-09 16:12:14.236"}
{"level":"info","message":"Attempting to connect to MongoDB database","service":"research-mgmt-api","timestamp":"2025-04-09 16:13:14.050"}
{"level":"info","message":"Attempting to connect to MongoDB...","service":"research-mgmt-api","timestamp":"2025-04-09 16:13:14.051"}
{"error":"Failed to start server. Is port 30000 in use?","level":"error","location":"uncaughtException handler","message":"Uncaught Exception:","service":"research-mgmt-api","stack":"Error: Failed to start server. Is port 30000 in use?\n    at serve (unknown)\n    at bun:main:25:49\n    at moduleEvaluation (native)\n    at <anonymous> (native:2)\n    at processTicksAndRejections (native:7:39)","timestamp":"2025-04-09 16:13:14.062"}
{"level":"info","message":"Attempting to connect to MongoDB database","service":"research-mgmt-api","timestamp":"2025-04-09 16:13:42.618"}
{"level":"info","message":"Attempting to connect to MongoDB...","service":"research-mgmt-api","timestamp":"2025-04-09 16:13:42.619"}
{"error":"Failed to start server. Is port 30000 in use?","level":"error","location":"uncaughtException handler","message":"Uncaught Exception:","service":"research-mgmt-api","stack":"Error: Failed to start server. Is port 30000 in use?\n    at serve (unknown)\n    at bun:main:12:28\n    at moduleEvaluation (native)\n    at <anonymous> (native:2)\n    at processTicksAndRejections (native:7:39)","timestamp":"2025-04-09 16:13:42.631"}
{"level":"info","message":"MongoDB connection state: 1","service":"research-mgmt-api","timestamp":"2025-04-09 16:13:58.390"}
{"function":"registerUser","level":"info","message":"MongoDB connection verified","service":"research-mgmt-api","state":1,"timestamp":"2025-04-09 16:13:58.390"}
{"function":"registerUser","level":"info","message":"Argon2 hashing verified","service":"research-mgmt-api","success":true,"timestamp":"2025-04-09 16:13:58.408"}
{"level":"info","message":"Checking for existing user with email: teststudent@example.com","service":"research-mgmt-api","timestamp":"2025-04-09 16:13:58.408"}
{"level":"info","message":"No existing user found with email: teststudent@example.com. Proceeding with registration.","service":"research-mgmt-api","timestamp":"2025-04-09 16:13:58.464"}
{"level":"info","message":"Creating new user object for: teststudent@example.com","service":"research-mgmt-api","timestamp":"2025-04-09 16:13:58.465"}
{"level":"info","message":"Saving user to database: teststudent@example.com","service":"research-mgmt-api","timestamp":"2025-04-09 16:13:58.467"}
{"level":"info","message":"User successfully saved. ID: 67f64866be985906aa98fc5e, Email: teststudent@example.com","service":"research-mgmt-api","timestamp":"2025-04-09 16:13:58.546"}
{"level":"info","message":"Creating student profile with ID: STU000123","service":"research-mgmt-api","timestamp":"2025-04-09 16:13:58.546"}
{"level":"info","message":"Student profile created successfully: STU000123","service":"research-mgmt-api","timestamp":"2025-04-09 16:13:58.601"}
{"email":"teststudent@example.com","function":"registerUser","level":"info","message":"New user registered successfully","role":"student","service":"research-mgmt-api","timestamp":"2025-04-09 16:13:58.602","userId":"67f64866be985906aa98fc5e"}
{"level":"info","message":"HTTP POST /api/auth/register - 201 (216ms)","service":"research-mgmt-api","timestamp":"2025-04-09 16:13:58.603"}
{"level":"info","message":"MongoDB connection state: 1","service":"research-mgmt-api","timestamp":"2025-04-09 16:14:12.947"}
{"level":"info","message":"Login attempt for user: teststudent@example.com","service":"research-mgmt-api","timestamp":"2025-04-09 16:14:12.947"}
{"level":"info","message":"Verifying password for user: teststudent@example.com","service":"research-mgmt-api","timestamp":"2025-04-09 16:14:13.000"}
{"level":"info","message":"Login successful for user: teststudent@example.com","service":"research-mgmt-api","timestamp":"2025-04-09 16:14:13.021"}
{"level":"info","message":"HTTP POST /api/auth/login - 200 (74ms)","service":"research-mgmt-api","timestamp":"2025-04-09 16:14:13.021"}
{"level":"error","message":"Application error: Invalid authentication token","name":"UnauthorizedError","service":"research-mgmt-api","stack":"UnauthorizedError: Invalid authentication token\n    at new UnauthorizedError (/home/swadhin/r/server/src/utils/errors.js:22:5)\n    at isAuthenticated (/home/swadhin/r/server/src/routes/authRoutes.js:76:19)\n    at <anonymous> (file:///home/swadhin/r/server/node_modules/elysia/dist/bun/index.js:19:18)\n    at processTicksAndRejections (native:7:39)","status":401,"timestamp":"2025-04-09 16:14:30.013"}
{"level":"info","message":"MongoDB connection state: 1","service":"research-mgmt-api","timestamp":"2025-04-09 16:14:47.362"}
{"level":"info","message":"Login attempt for user: teststudent@example.com","service":"research-mgmt-api","timestamp":"2025-04-09 16:14:47.363"}
{"level":"info","message":"Verifying password for user: teststudent@example.com","service":"research-mgmt-api","timestamp":"2025-04-09 16:14:47.416"}
{"level":"info","message":"Login successful for user: teststudent@example.com","service":"research-mgmt-api","timestamp":"2025-04-09 16:14:47.435"}
{"level":"info","message":"HTTP POST /api/auth/login - 200 (73ms)","service":"research-mgmt-api","timestamp":"2025-04-09 16:14:47.435"}
{"level":"error","message":"Application error: Invalid authentication token","name":"UnauthorizedError","service":"research-mgmt-api","stack":"UnauthorizedError: Invalid authentication token\n    at new UnauthorizedError (/home/swadhin/r/server/src/utils/errors.js:22:5)\n    at isAuthenticated (/home/swadhin/r/server/src/routes/authRoutes.js:76:19)\n    at <anonymous> (file:///home/swadhin/r/server/node_modules/elysia/dist/bun/index.js:19:18)\n    at processTicksAndRejections (native:7:39)","status":401,"timestamp":"2025-04-09 16:14:47.445"}
{"external":"22 MB","heapTotal":"25 MB","heapUsed":"40 MB","level":"info","message":"Memory usage stats:","rss":"252 MB","service":"research-mgmt-api","timestamp":"2025-04-09 16:17:13.503"}
{"level":"info","message":"Attempting to connect to MongoDB database","service":"research-mgmt-api","timestamp":"2025-04-09 16:18:29.662"}
{"level":"info","message":"Attempting to connect to MongoDB...","service":"research-mgmt-api","timestamp":"2025-04-09 16:18:29.662"}
{"level":"info","message":"MongoDB Connected: ac-xdpuchx-shard-00-00.tvoe17p.mongodb.net","service":"research-mgmt-api","timestamp":"2025-04-09 16:18:30.699"}
{"level":"info","message":"✅ MongoDB connection established successfully","service":"research-mgmt-api","timestamp":"2025-04-09 16:18:30.699"}
{"level":"info","message":"🚀 Server running on port 300000","service":"research-mgmt-api","timestamp":"2025-04-09 16:18:30.704"}
{"level":"info","message":"Attempting to connect to MongoDB database","service":"research-mgmt-api","timestamp":"2025-04-09 16:18:43.247"}
{"level":"info","message":"Attempting to connect to MongoDB...","service":"research-mgmt-api","timestamp":"2025-04-09 16:18:43.248"}
{"level":"info","message":"MongoDB Connected: ac-xdpuchx-shard-00-02.tvoe17p.mongodb.net","service":"research-mgmt-api","timestamp":"2025-04-09 16:18:43.853"}
{"level":"info","message":"✅ MongoDB connection established successfully","service":"research-mgmt-api","timestamp":"2025-04-09 16:18:43.853"}
{"level":"info","message":"🚀 Server running on port 300000","service":"research-mgmt-api","timestamp":"2025-04-09 16:18:43.858"}
{"level":"info","message":"Attempting to connect to MongoDB database","service":"research-mgmt-api","timestamp":"2025-04-09 16:20:59.720"}
{"level":"info","message":"Attempting to connect to MongoDB...","service":"research-mgmt-api","timestamp":"2025-04-09 16:20:59.721"}
{"level":"info","message":"MongoDB Connected: ac-xdpuchx-shard-00-01.tvoe17p.mongodb.net","service":"research-mgmt-api","timestamp":"2025-04-09 16:21:00.371"}
{"level":"info","message":"✅ MongoDB connection established successfully","service":"research-mgmt-api","timestamp":"2025-04-09 16:21:00.372"}
{"level":"info","message":"🚀 Server running on port 300000","service":"research-mgmt-api","timestamp":"2025-04-09 16:21:00.376"}
{"level":"info","message":"Attempting to connect to MongoDB database","service":"research-mgmt-api","timestamp":"2025-04-09 16:21:05.856"}
{"level":"info","message":"Attempting to connect to MongoDB...","service":"research-mgmt-api","timestamp":"2025-04-09 16:21:05.856"}
{"level":"info","message":"MongoDB Connected: ac-xdpuchx-shard-00-00.tvoe17p.mongodb.net","service":"research-mgmt-api","timestamp":"2025-04-09 16:21:06.448"}
{"level":"info","message":"✅ MongoDB connection established successfully","service":"research-mgmt-api","timestamp":"2025-04-09 16:21:06.448"}
{"level":"info","message":"🚀 Server running on port 300000","service":"research-mgmt-api","timestamp":"2025-04-09 16:21:06.452"}
{"level":"info","message":"Attempting to connect to MongoDB database","service":"research-mgmt-api","timestamp":"2025-04-09 16:21:09.336"}
{"level":"info","message":"Attempting to connect to MongoDB...","service":"research-mgmt-api","timestamp":"2025-04-09 16:21:09.336"}
{"level":"info","message":"MongoDB Connected: ac-xdpuchx-shard-00-01.tvoe17p.mongodb.net","service":"research-mgmt-api","timestamp":"2025-04-09 16:21:09.942"}
{"level":"info","message":"✅ MongoDB connection established successfully","service":"research-mgmt-api","timestamp":"2025-04-09 16:21:09.942"}
{"level":"info","message":"🚀 Server running on port 300000","service":"research-mgmt-api","timestamp":"2025-04-09 16:21:09.946"}
{"level":"info","message":"MongoDB connection state: 1","service":"research-mgmt-api","timestamp":"2025-04-09 16:21:42.405"}
{"function":"registerUser","level":"info","message":"MongoDB connection verified","service":"research-mgmt-api","state":1,"timestamp":"2025-04-09 16:21:42.405"}
{"function":"registerUser","level":"info","message":"Argon2 hashing verified","service":"research-mgmt-api","success":true,"timestamp":"2025-04-09 16:21:42.423"}
{"level":"info","message":"Checking for existing user with email: teststudent2@example.com","service":"research-mgmt-api","timestamp":"2025-04-09 16:21:42.424"}
{"level":"info","message":"No existing user found with email: teststudent2@example.com. Proceeding with registration.","service":"research-mgmt-api","timestamp":"2025-04-09 16:21:42.480"}
{"level":"info","message":"Creating new user object for: teststudent2@example.com","service":"research-mgmt-api","timestamp":"2025-04-09 16:21:42.480"}
{"level":"info","message":"Saving user to database: teststudent2@example.com","service":"research-mgmt-api","timestamp":"2025-04-09 16:21:42.483"}
{"level":"info","message":"User successfully saved. ID: 67f64a36ebf4d7a721524006, Email: teststudent2@example.com","service":"research-mgmt-api","timestamp":"2025-04-09 16:21:42.561"}
{"level":"info","message":"Creating student profile with ID: STU000456","service":"research-mgmt-api","timestamp":"2025-04-09 16:21:42.561"}
{"level":"info","message":"Student profile created successfully: STU000456","service":"research-mgmt-api","timestamp":"2025-04-09 16:21:42.617"}
{"email":"teststudent2@example.com","function":"registerUser","level":"info","message":"New user registered successfully","role":"student","service":"research-mgmt-api","timestamp":"2025-04-09 16:21:42.619","userId":"67f64a36ebf4d7a721524006"}
{"level":"info","message":"HTTP POST /api/auth/register - 201 (215ms)","service":"research-mgmt-api","timestamp":"2025-04-09 16:21:42.619"}
{"level":"info","message":"MongoDB connection state: 1","service":"research-mgmt-api","timestamp":"2025-04-09 16:21:48.652"}
{"level":"info","message":"Login attempt for user: teststudent2@example.com","service":"research-mgmt-api","timestamp":"2025-04-09 16:21:48.653"}
{"level":"info","message":"Verifying password for user: teststudent2@example.com","service":"research-mgmt-api","timestamp":"2025-04-09 16:21:48.707"}
{"level":"info","message":"Login successful for user: teststudent2@example.com","service":"research-mgmt-api","timestamp":"2025-04-09 16:21:48.727"}
{"level":"info","message":"HTTP POST /api/auth/login - 200 (75ms)","service":"research-mgmt-api","timestamp":"2025-04-09 16:21:48.727"}
{"level":"info","message":"HTTP GET /api/auth/profile - 200 (1ms)","service":"research-mgmt-api","timestamp":"2025-04-09 16:21:57.391"}
{"code":"VALIDATION","level":"error","message":"Application error: {\n  \"type\": \"validation\",\n  \"on\": \"response\",\n  \"summary\": \"Property 'data._id' is missing\",\n  \"property\": \"/data/_id\",\n  \"message\": \"Expected required property\",\n  \"expected\": {\n    \"success\": false,\n    \"timestamp\": \"\"\n  },\n  \"found\": {\n    \"success\": true,\n    \"timestamp\": \"2025-04-09T10:21:57.391Z\",\n    \"data\": {}\n  },\n  \"errors\": [\n    {\n      \"type\": 45,\n      \"schema\": {\n        \"type\": \"string\"\n      },\n      \"path\": \"/data/_id\",\n      \"message\": \"Expected required property\",\n      \"errors\": [],\n      \"summary\": \"Property 'data._id' is missing\"\n    },\n    {\n      \"type\": 45,\n      \"schema\": {\n        \"type\": \"string\"\n      },\n      \"path\": \"/data/fullName\",\n      \"message\": \"Expected required property\",\n      \"errors\": [],\n      \"summary\": \"Property 'data.fullName' is missing\"\n    },\n    {\n      \"type\": 45,\n      \"schema\": {\n        \"type\": \"string\"\n      },\n      \"path\": \"/data/email\",\n      \"message\": \"Expected required property\",\n      \"errors\": [],\n      \"summary\": \"Property 'data.email' is missing\"\n    },\n    {\n      \"type\": 45,\n      \"schema\": {\n        \"type\": \"string\"\n      },\n      \"path\": \"/data/role\",\n      \"message\": \"Expected required property\",\n      \"errors\": [],\n      \"summary\": \"Property 'data.role' is missing\"\n    },\n    {\n      \"type\": 45,\n      \"schema\": {\n        \"type\": \"string\"\n      },\n      \"path\": \"/data/department\",\n      \"message\": \"Expected required property\",\n      \"errors\": [],\n      \"summary\": \"Property 'data.department' is missing\"\n    },\n    {\n      \"type\": 45,\n      \"schema\": {\n        \"type\": \"boolean\"\n      },\n      \"path\": \"/data/isApproved\",\n      \"message\": \"Expected required property\",\n      \"errors\": [],\n      \"summary\": \"Property 'data.isApproved' is missing\"\n    },\n    {\n      \"type\": 54,\n      \"schema\": {\n        \"type\": \"string\"\n      },\n      \"path\": \"/data/_id\",\n      \"message\": \"Expected string\",\n      \"errors\": [],\n      \"summary\": \"Expected  property 'data._id' to be  string but found: undefined\"\n    },\n    {\n      \"type\": 54,\n      \"schema\": {\n        \"type\": \"string\"\n      },\n      \"path\": \"/data/fullName\",\n      \"message\": \"Expected string\",\n      \"errors\": [],\n      \"summary\": \"Expected  property 'data.fullName' to be  string but found: undefined\"\n    },\n    {\n      \"type\": 54,\n      \"schema\": {\n        \"type\": \"string\"\n      },\n      \"path\": \"/data/email\",\n      \"message\": \"Expected string\",\n      \"errors\": [],\n      \"summary\": \"Expected  property 'data.email' to be  string but found: undefined\"\n    },\n    {\n      \"type\": 54,\n      \"schema\": {\n        \"type\": \"string\"\n      },\n      \"path\": \"/data/role\",\n      \"message\": \"Expected string\",\n      \"errors\": [],\n      \"summary\": \"Expected  property 'data.role' to be  string but found: undefined\"\n    },\n    {\n      \"type\": 54,\n      \"schema\": {\n        \"type\": \"string\"\n      },\n      \"path\": \"/data/department\",\n      \"message\": \"Expected string\",\n      \"errors\": [],\n      \"summary\": \"Expected  property 'data.department' to be  string but found: undefined\"\n    },\n    {\n      \"summary\": \"Expected boolean\",\n      \"type\": 14,\n      \"schema\": {\n        \"type\": \"boolean\"\n      },\n      \"path\": \"/data/isApproved\",\n      \"message\": \"Expected boolean\",\n      \"errors\": []\n    }\n  ]\n}","service":"research-mgmt-api","stack":"Error: {\n  \"type\": \"validation\",\n  \"on\": \"response\",\n  \"summary\": \"Property 'data._id' is missing\",\n  \"property\": \"/data/_id\",\n  \"message\": \"Expected required property\",\n  \"expected\": {\n    \"success\": false,\n    \"timestamp\": \"\"\n  },\n  \"found\": {\n    \"success\": true,\n    \"timestamp\": \"2025-04-09T10:21:57.391Z\",\n    \"data\": {}\n  },\n  \"errors\": [\n    {\n      \"type\": 45,\n      \"schema\": {\n        \"type\": \"string\"\n      },\n      \"path\": \"/data/_id\",\n      \"message\": \"Expected required property\",\n      \"errors\": [],\n      \"summary\": \"Property 'data._id' is missing\"\n    },\n    {\n      \"type\": 45,\n      \"schema\": {\n        \"type\": \"string\"\n      },\n      \"path\": \"/data/fullName\",\n      \"message\": \"Expected required property\",\n      \"errors\": [],\n      \"summary\": \"Property 'data.fullName' is missing\"\n    },\n    {\n      \"type\": 45,\n      \"schema\": {\n        \"type\": \"string\"\n      },\n      \"path\": \"/data/email\",\n      \"message\": \"Expected required property\",\n      \"errors\": [],\n      \"summary\": \"Property 'data.email' is missing\"\n    },\n    {\n      \"type\": 45,\n      \"schema\": {\n        \"type\": \"string\"\n      },\n      \"path\": \"/data/role\",\n      \"message\": \"Expected required property\",\n      \"errors\": [],\n      \"summary\": \"Property 'data.role' is missing\"\n    },\n    {\n      \"type\": 45,\n      \"schema\": {\n        \"type\": \"string\"\n      },\n      \"path\": \"/data/department\",\n      \"message\": \"Expected required property\",\n      \"errors\": [],\n      \"summary\": \"Property 'data.department' is missing\"\n    },\n    {\n      \"type\": 45,\n      \"schema\": {\n        \"type\": \"boolean\"\n      },\n      \"path\": \"/data/isApproved\",\n      \"message\": \"Expected required property\",\n      \"errors\": [],\n      \"summary\": \"Property 'data.isApproved' is missing\"\n    },\n    {\n      \"type\": 54,\n      \"schema\": {\n        \"type\": \"string\"\n      },\n      \"path\": \"/data/_id\",\n      \"message\": \"Expected string\",\n      \"errors\": [],\n      \"summary\": \"Expected  property 'data._id' to be  string but found: undefined\"\n    },\n    {\n      \"type\": 54,\n      \"schema\": {\n        \"type\": \"string\"\n      },\n      \"path\": \"/data/fullName\",\n      \"message\": \"Expected string\",\n      \"errors\": [],\n      \"summary\": \"Expected  property 'data.fullName' to be  string but found: undefined\"\n    },\n    {\n      \"type\": 54,\n      \"schema\": {\n        \"type\": \"string\"\n      },\n      \"path\": \"/data/email\",\n      \"message\": \"Expected string\",\n      \"errors\": [],\n      \"summary\": \"Expected  property 'data.email' to be  string but found: undefined\"\n    },\n    {\n      \"type\": 54,\n      \"schema\": {\n        \"type\": \"string\"\n      },\n      \"path\": \"/data/role\",\n      \"message\": \"Expected string\",\n      \"errors\": [],\n      \"summary\": \"Expected  property 'data.role' to be  string but found: undefined\"\n    },\n    {\n      \"type\": 54,\n      \"schema\": {\n        \"type\": \"string\"\n      },\n      \"path\": \"/data/department\",\n      \"message\": \"Expected string\",\n      \"errors\": [],\n      \"summary\": \"Expected  property 'data.department' to be  string but found: undefined\"\n    },\n    {\n      \"summary\": \"Expected boolean\",\n      \"type\": 14,\n      \"schema\": {\n        \"type\": \"boolean\"\n      },\n      \"path\": \"/data/isApproved\",\n      \"message\": \"Expected boolean\",\n      \"errors\": []\n    }\n  ]\n}\n    at new ValidationError (/home/swadhin/r/server/node_modules/elysia/src/error.ts:264:3)\n    at <anonymous> (file:///home/swadhin/r/server/node_modules/elysia/dist/bun/index.js:29:26)\n    at processTicksAndRejections (native:7:39)","status":422,"timestamp":"2025-04-09 16:21:57.393","type":"response","validator":{"code":"return function check(value) {\n  return (\n    (typeof value === 'object' && value !== null && !Array.isArray(value)) &&\n    (typeof value.success === 'boolean') &&\n    (value.data !== undefined ? ((typeof value.data === 'object' && value.data !== null && !Array.isArray(value.data)) && (typeof value.data._id === 'string') && (typeof value.data.fullName === 'string') && (typeof value.data.email === 'string') && (typeof value.data.role === 'string') && (typeof value.data.department === 'string') && (typeof value.data.isApproved === 'boolean') && (value.data.profilePicture !== undefined ? ((typeof value.data.profilePicture === 'string')) : true) && (value.data.studentId !== undefined ? ((typeof value.data.studentId === 'string')) : true) && (value.data.supervisorId !== undefined ? ((typeof value.data.supervisorId === 'string')) : true)) : true) &&\n    (typeof value.timestamp === 'string') &&\n    Object.getOwnPropertyNames(value).every(key => ['success', 'data', 'timestamp'].includes(key))\n  )\n}","hasTransform":false,"references":[],"schema":{"additionalProperties":false,"properties":{"data":{"properties":{"_id":{"type":"string"},"department":{"type":"string"},"email":{"type":"string"},"fullName":{"type":"string"},"isApproved":{"type":"boolean"},"profilePicture":{"type":"string"},"role":{"type":"string"},"studentId":{"type":"string"},"supervisorId":{"type":"string"}},"required":["_id","fullName","email","role","department","isApproved"],"type":"object"},"success":{"type":"boolean"},"timestamp":{"type":"string"}},"required":["success","timestamp"],"type":"object"}},"value":{"data":{},"success":true,"timestamp":"2025-04-09T10:21:57.391Z"}}
{"level":"info","message":"Attempting to connect to MongoDB database","service":"research-mgmt-api","timestamp":"2025-04-09 16:22:17.511"}
{"level":"info","message":"Attempting to connect to MongoDB...","service":"research-mgmt-api","timestamp":"2025-04-09 16:22:17.512"}
{"level":"info","message":"MongoDB Connected: ac-xdpuchx-shard-00-00.tvoe17p.mongodb.net","service":"research-mgmt-api","timestamp":"2025-04-09 16:22:18.168"}
{"level":"info","message":"✅ MongoDB connection established successfully","service":"research-mgmt-api","timestamp":"2025-04-09 16:22:18.168"}
{"level":"info","message":"🚀 Server running on port 300000","service":"research-mgmt-api","timestamp":"2025-04-09 16:22:18.172"}
{"level":"info","message":"Attempting to connect to MongoDB database","service":"research-mgmt-api","timestamp":"2025-04-09 16:22:22.633"}
{"level":"info","message":"Attempting to connect to MongoDB...","service":"research-mgmt-api","timestamp":"2025-04-09 16:22:22.634"}
{"level":"info","message":"MongoDB Connected: ac-xdpuchx-shard-00-00.tvoe17p.mongodb.net","service":"research-mgmt-api","timestamp":"2025-04-09 16:22:23.245"}
{"level":"info","message":"✅ MongoDB connection established successfully","service":"research-mgmt-api","timestamp":"2025-04-09 16:22:23.245"}
{"level":"info","message":"🚀 Server running on port 300000","service":"research-mgmt-api","timestamp":"2025-04-09 16:22:23.249"}
{"level":"info","message":"Attempting to connect to MongoDB database","service":"research-mgmt-api","timestamp":"2025-04-09 16:22:23.925"}
{"level":"info","message":"Attempting to connect to MongoDB...","service":"research-mgmt-api","timestamp":"2025-04-09 16:22:23.926"}
{"level":"info","message":"MongoDB Connected: ac-xdpuchx-shard-00-00.tvoe17p.mongodb.net","service":"research-mgmt-api","timestamp":"2025-04-09 16:22:24.531"}
{"level":"info","message":"✅ MongoDB connection established successfully","service":"research-mgmt-api","timestamp":"2025-04-09 16:22:24.531"}
{"level":"info","message":"🚀 Server running on port 300000","service":"research-mgmt-api","timestamp":"2025-04-09 16:22:24.538"}
{"level":"info","message":"HTTP GET /api/auth/profile - 200 (2ms)","service":"research-mgmt-api","timestamp":"2025-04-09 16:22:35.865"}
{"code":"VALIDATION","level":"error","message":"Application error: {\n  \"type\": \"validation\",\n  \"on\": \"response\",\n  \"summary\": \"Property 'data._id' is missing\",\n  \"property\": \"/data/_id\",\n  \"message\": \"Expected required property\",\n  \"expected\": {\n    \"success\": false,\n    \"timestamp\": \"\"\n  },\n  \"found\": {\n    \"success\": true,\n    \"timestamp\": \"2025-04-09T10:22:35.865Z\",\n    \"data\": {}\n  },\n  \"errors\": [\n    {\n      \"type\": 45,\n      \"schema\": {\n        \"type\": \"string\"\n      },\n      \"path\": \"/data/_id\",\n      \"message\": \"Expected required property\",\n      \"errors\": [],\n      \"summary\": \"Property 'data._id' is missing\"\n    },\n    {\n      \"type\": 45,\n      \"schema\": {\n        \"type\": \"string\"\n      },\n      \"path\": \"/data/fullName\",\n      \"message\": \"Expected required property\",\n      \"errors\": [],\n      \"summary\": \"Property 'data.fullName' is missing\"\n    },\n    {\n      \"type\": 45,\n      \"schema\": {\n        \"type\": \"string\"\n      },\n      \"path\": \"/data/email\",\n      \"message\": \"Expected required property\",\n      \"errors\": [],\n      \"summary\": \"Property 'data.email' is missing\"\n    },\n    {\n      \"type\": 45,\n      \"schema\": {\n        \"type\": \"string\"\n      },\n      \"path\": \"/data/role\",\n      \"message\": \"Expected required property\",\n      \"errors\": [],\n      \"summary\": \"Property 'data.role' is missing\"\n    },\n    {\n      \"type\": 45,\n      \"schema\": {\n        \"type\": \"string\"\n      },\n      \"path\": \"/data/department\",\n      \"message\": \"Expected required property\",\n      \"errors\": [],\n      \"summary\": \"Property 'data.department' is missing\"\n    },\n    {\n      \"type\": 45,\n      \"schema\": {\n        \"type\": \"boolean\"\n      },\n      \"path\": \"/data/isApproved\",\n      \"message\": \"Expected required property\",\n      \"errors\": [],\n      \"summary\": \"Property 'data.isApproved' is missing\"\n    },\n    {\n      \"type\": 54,\n      \"schema\": {\n        \"type\": \"string\"\n      },\n      \"path\": \"/data/_id\",\n      \"message\": \"Expected string\",\n      \"errors\": [],\n      \"summary\": \"Expected  property 'data._id' to be  string but found: undefined\"\n    },\n    {\n      \"type\": 54,\n      \"schema\": {\n        \"type\": \"string\"\n      },\n      \"path\": \"/data/fullName\",\n      \"message\": \"Expected string\",\n      \"errors\": [],\n      \"summary\": \"Expected  property 'data.fullName' to be  string but found: undefined\"\n    },\n    {\n      \"type\": 54,\n      \"schema\": {\n        \"type\": \"string\"\n      },\n      \"path\": \"/data/email\",\n      \"message\": \"Expected string\",\n      \"errors\": [],\n      \"summary\": \"Expected  property 'data.email' to be  string but found: undefined\"\n    },\n    {\n      \"type\": 54,\n      \"schema\": {\n        \"type\": \"string\"\n      },\n      \"path\": \"/data/role\",\n      \"message\": \"Expected string\",\n      \"errors\": [],\n      \"summary\": \"Expected  property 'data.role' to be  string but found: undefined\"\n    },\n    {\n      \"type\": 54,\n      \"schema\": {\n        \"type\": \"string\"\n      },\n      \"path\": \"/data/department\",\n      \"message\": \"Expected string\",\n      \"errors\": [],\n      \"summary\": \"Expected  property 'data.department' to be  string but found: undefined\"\n    },\n    {\n      \"summary\": \"Expected boolean\",\n      \"type\": 14,\n      \"schema\": {\n        \"type\": \"boolean\"\n      },\n      \"path\": \"/data/isApproved\",\n      \"message\": \"Expected boolean\",\n      \"errors\": []\n    }\n  ]\n}","service":"research-mgmt-api","stack":"Error: {\n  \"type\": \"validation\",\n  \"on\": \"response\",\n  \"summary\": \"Property 'data._id' is missing\",\n  \"property\": \"/data/_id\",\n  \"message\": \"Expected required property\",\n  \"expected\": {\n    \"success\": false,\n    \"timestamp\": \"\"\n  },\n  \"found\": {\n    \"success\": true,\n    \"timestamp\": \"2025-04-09T10:22:35.865Z\",\n    \"data\": {}\n  },\n  \"errors\": [\n    {\n      \"type\": 45,\n      \"schema\": {\n        \"type\": \"string\"\n      },\n      \"path\": \"/data/_id\",\n      \"message\": \"Expected required property\",\n      \"errors\": [],\n      \"summary\": \"Property 'data._id' is missing\"\n    },\n    {\n      \"type\": 45,\n      \"schema\": {\n        \"type\": \"string\"\n      },\n      \"path\": \"/data/fullName\",\n      \"message\": \"Expected required property\",\n      \"errors\": [],\n      \"summary\": \"Property 'data.fullName' is missing\"\n    },\n    {\n      \"type\": 45,\n      \"schema\": {\n        \"type\": \"string\"\n      },\n      \"path\": \"/data/email\",\n      \"message\": \"Expected required property\",\n      \"errors\": [],\n      \"summary\": \"Property 'data.email' is missing\"\n    },\n    {\n      \"type\": 45,\n      \"schema\": {\n        \"type\": \"string\"\n      },\n      \"path\": \"/data/role\",\n      \"message\": \"Expected required property\",\n      \"errors\": [],\n      \"summary\": \"Property 'data.role' is missing\"\n    },\n    {\n      \"type\": 45,\n      \"schema\": {\n        \"type\": \"string\"\n      },\n      \"path\": \"/data/department\",\n      \"message\": \"Expected required property\",\n      \"errors\": [],\n      \"summary\": \"Property 'data.department' is missing\"\n    },\n    {\n      \"type\": 45,\n      \"schema\": {\n        \"type\": \"boolean\"\n      },\n      \"path\": \"/data/isApproved\",\n      \"message\": \"Expected required property\",\n      \"errors\": [],\n      \"summary\": \"Property 'data.isApproved' is missing\"\n    },\n    {\n      \"type\": 54,\n      \"schema\": {\n        \"type\": \"string\"\n      },\n      \"path\": \"/data/_id\",\n      \"message\": \"Expected string\",\n      \"errors\": [],\n      \"summary\": \"Expected  property 'data._id' to be  string but found: undefined\"\n    },\n    {\n      \"type\": 54,\n      \"schema\": {\n        \"type\": \"string\"\n      },\n      \"path\": \"/data/fullName\",\n      \"message\": \"Expected string\",\n      \"errors\": [],\n      \"summary\": \"Expected  property 'data.fullName' to be  string but found: undefined\"\n    },\n    {\n      \"type\": 54,\n      \"schema\": {\n        \"type\": \"string\"\n      },\n      \"path\": \"/data/email\",\n      \"message\": \"Expected string\",\n      \"errors\": [],\n      \"summary\": \"Expected  property 'data.email' to be  string but found: undefined\"\n    },\n    {\n      \"type\": 54,\n      \"schema\": {\n        \"type\": \"string\"\n      },\n      \"path\": \"/data/role\",\n      \"message\": \"Expected string\",\n      \"errors\": [],\n      \"summary\": \"Expected  property 'data.role' to be  string but found: undefined\"\n    },\n    {\n      \"type\": 54,\n      \"schema\": {\n        \"type\": \"string\"\n      },\n      \"path\": \"/data/department\",\n      \"message\": \"Expected string\",\n      \"errors\": [],\n      \"summary\": \"Expected  property 'data.department' to be  string but found: undefined\"\n    },\n    {\n      \"summary\": \"Expected boolean\",\n      \"type\": 14,\n      \"schema\": {\n        \"type\": \"boolean\"\n      },\n      \"path\": \"/data/isApproved\",\n      \"message\": \"Expected boolean\",\n      \"errors\": []\n    }\n  ]\n}\n    at new ValidationError (/home/swadhin/r/server/node_modules/elysia/src/error.ts:264:3)\n    at <anonymous> (file:///home/swadhin/r/server/node_modules/elysia/dist/bun/index.js:29:26)\n    at processTicksAndRejections (native:7:39)","status":422,"timestamp":"2025-04-09 16:22:35.868","type":"response","validator":{"code":"return function check(value) {\n  return (\n    (typeof value === 'object' && value !== null && !Array.isArray(value)) &&\n    (typeof value.success === 'boolean') &&\n    (value.data !== undefined ? ((typeof value.data === 'object' && value.data !== null && !Array.isArray(value.data)) && (typeof value.data._id === 'string') && (typeof value.data.fullName === 'string') && (typeof value.data.email === 'string') && (typeof value.data.role === 'string') && (typeof value.data.department === 'string') && (typeof value.data.isApproved === 'boolean') && (value.data.profilePicture !== undefined ? ((typeof value.data.profilePicture === 'string')) : true) && (value.data.studentId !== undefined ? ((typeof value.data.studentId === 'string')) : true) && (value.data.supervisorId !== undefined ? ((typeof value.data.supervisorId === 'string')) : true)) : true) &&\n    (typeof value.timestamp === 'string') &&\n    Object.getOwnPropertyNames(value).every(key => ['success', 'data', 'timestamp'].includes(key))\n  )\n}","hasTransform":false,"references":[],"schema":{"additionalProperties":false,"properties":{"data":{"properties":{"_id":{"type":"string"},"department":{"type":"string"},"email":{"type":"string"},"fullName":{"type":"string"},"isApproved":{"type":"boolean"},"profilePicture":{"type":"string"},"role":{"type":"string"},"studentId":{"type":"string"},"supervisorId":{"type":"string"}},"required":["_id","fullName","email","role","department","isApproved"],"type":"object"},"success":{"type":"boolean"},"timestamp":{"type":"string"}},"required":["success","timestamp"],"type":"object"}},"value":{"data":{},"success":true,"timestamp":"2025-04-09T10:22:35.865Z"}}
{"level":"info","message":"Attempting to connect to MongoDB database","service":"research-mgmt-api","timestamp":"2025-04-09 16:23:23.756"}
{"level":"info","message":"Attempting to connect to MongoDB...","service":"research-mgmt-api","timestamp":"2025-04-09 16:23:23.757"}
{"level":"info","message":"MongoDB Connected: ac-xdpuchx-shard-00-01.tvoe17p.mongodb.net","service":"research-mgmt-api","timestamp":"2025-04-09 16:23:24.414"}
{"level":"info","message":"✅ MongoDB connection established successfully","service":"research-mgmt-api","timestamp":"2025-04-09 16:23:24.414"}
{"level":"info","message":"🚀 Server running on port 300000","service":"research-mgmt-api","timestamp":"2025-04-09 16:23:24.419"}
{"level":"info","message":"Attempting to connect to MongoDB database","service":"research-mgmt-api","timestamp":"2025-04-09 16:23:28.098"}
{"level":"info","message":"Attempting to connect to MongoDB...","service":"research-mgmt-api","timestamp":"2025-04-09 16:23:28.099"}
{"level":"info","message":"MongoDB Connected: ac-xdpuchx-shard-00-01.tvoe17p.mongodb.net","service":"research-mgmt-api","timestamp":"2025-04-09 16:23:28.697"}
{"level":"info","message":"✅ MongoDB connection established successfully","service":"research-mgmt-api","timestamp":"2025-04-09 16:23:28.698"}
{"level":"info","message":"🚀 Server running on port 300000","service":"research-mgmt-api","timestamp":"2025-04-09 16:23:28.703"}
{"level":"info","message":"HTTP GET /api/auth/profile - 200 (2ms)","service":"research-mgmt-api","timestamp":"2025-04-09 16:23:33.341"}
{"code":"VALIDATION","level":"error","message":"Application error: {\n  \"type\": \"validation\",\n  \"on\": \"response\",\n  \"summary\": \"Property 'data._id' is missing\",\n  \"property\": \"/data/_id\",\n  \"message\": \"Expected required property\",\n  \"expected\": {\n    \"success\": false,\n    \"timestamp\": \"\"\n  },\n  \"found\": {\n    \"success\": true,\n    \"timestamp\": \"2025-04-09T10:23:33.341Z\",\n    \"data\": {}\n  },\n  \"errors\": [\n    {\n      \"type\": 45,\n      \"schema\": {\n        \"type\": \"string\"\n      },\n      \"path\": \"/data/_id\",\n      \"message\": \"Expected required property\",\n      \"errors\": [],\n      \"summary\": \"Property 'data._id' is missing\"\n    },\n    {\n      \"type\": 45,\n      \"schema\": {\n        \"type\": \"string\"\n      },\n      \"path\": \"/data/fullName\",\n      \"message\": \"Expected required property\",\n      \"errors\": [],\n      \"summary\": \"Property 'data.fullName' is missing\"\n    },\n    {\n      \"type\": 45,\n      \"schema\": {\n        \"type\": \"string\"\n      },\n      \"path\": \"/data/email\",\n      \"message\": \"Expected required property\",\n      \"errors\": [],\n      \"summary\": \"Property 'data.email' is missing\"\n    },\n    {\n      \"type\": 45,\n      \"schema\": {\n        \"type\": \"string\"\n      },\n      \"path\": \"/data/role\",\n      \"message\": \"Expected required property\",\n      \"errors\": [],\n      \"summary\": \"Property 'data.role' is missing\"\n    },\n    {\n      \"type\": 45,\n      \"schema\": {\n        \"type\": \"string\"\n      },\n      \"path\": \"/data/department\",\n      \"message\": \"Expected required property\",\n      \"errors\": [],\n      \"summary\": \"Property 'data.department' is missing\"\n    },\n    {\n      \"type\": 45,\n      \"schema\": {\n        \"type\": \"boolean\"\n      },\n      \"path\": \"/data/isApproved\",\n      \"message\": \"Expected required property\",\n      \"errors\": [],\n      \"summary\": \"Property 'data.isApproved' is missing\"\n    },\n    {\n      \"type\": 54,\n      \"schema\": {\n        \"type\": \"string\"\n      },\n      \"path\": \"/data/_id\",\n      \"message\": \"Expected string\",\n      \"errors\": [],\n      \"summary\": \"Expected  property 'data._id' to be  string but found: undefined\"\n    },\n    {\n      \"type\": 54,\n      \"schema\": {\n        \"type\": \"string\"\n      },\n      \"path\": \"/data/fullName\",\n      \"message\": \"Expected string\",\n      \"errors\": [],\n      \"summary\": \"Expected  property 'data.fullName' to be  string but found: undefined\"\n    },\n    {\n      \"type\": 54,\n      \"schema\": {\n        \"type\": \"string\"\n      },\n      \"path\": \"/data/email\",\n      \"message\": \"Expected string\",\n      \"errors\": [],\n      \"summary\": \"Expected  property 'data.email' to be  string but found: undefined\"\n    },\n    {\n      \"type\": 54,\n      \"schema\": {\n        \"type\": \"string\"\n      },\n      \"path\": \"/data/role\",\n      \"message\": \"Expected string\",\n      \"errors\": [],\n      \"summary\": \"Expected  property 'data.role' to be  string but found: undefined\"\n    },\n    {\n      \"type\": 54,\n      \"schema\": {\n        \"type\": \"string\"\n      },\n      \"path\": \"/data/department\",\n      \"message\": \"Expected string\",\n      \"errors\": [],\n      \"summary\": \"Expected  property 'data.department' to be  string but found: undefined\"\n    },\n    {\n      \"summary\": \"Expected boolean\",\n      \"type\": 14,\n      \"schema\": {\n        \"type\": \"boolean\"\n      },\n      \"path\": \"/data/isApproved\",\n      \"message\": \"Expected boolean\",\n      \"errors\": []\n    }\n  ]\n}","service":"research-mgmt-api","stack":"Error: {\n  \"type\": \"validation\",\n  \"on\": \"response\",\n  \"summary\": \"Property 'data._id' is missing\",\n  \"property\": \"/data/_id\",\n  \"message\": \"Expected required property\",\n  \"expected\": {\n    \"success\": false,\n    \"timestamp\": \"\"\n  },\n  \"found\": {\n    \"success\": true,\n    \"timestamp\": \"2025-04-09T10:23:33.341Z\",\n    \"data\": {}\n  },\n  \"errors\": [\n    {\n      \"type\": 45,\n      \"schema\": {\n        \"type\": \"string\"\n      },\n      \"path\": \"/data/_id\",\n      \"message\": \"Expected required property\",\n      \"errors\": [],\n      \"summary\": \"Property 'data._id' is missing\"\n    },\n    {\n      \"type\": 45,\n      \"schema\": {\n        \"type\": \"string\"\n      },\n      \"path\": \"/data/fullName\",\n      \"message\": \"Expected required property\",\n      \"errors\": [],\n      \"summary\": \"Property 'data.fullName' is missing\"\n    },\n    {\n      \"type\": 45,\n      \"schema\": {\n        \"type\": \"string\"\n      },\n      \"path\": \"/data/email\",\n      \"message\": \"Expected required property\",\n      \"errors\": [],\n      \"summary\": \"Property 'data.email' is missing\"\n    },\n    {\n      \"type\": 45,\n      \"schema\": {\n        \"type\": \"string\"\n      },\n      \"path\": \"/data/role\",\n      \"message\": \"Expected required property\",\n      \"errors\": [],\n      \"summary\": \"Property 'data.role' is missing\"\n    },\n    {\n      \"type\": 45,\n      \"schema\": {\n        \"type\": \"string\"\n      },\n      \"path\": \"/data/department\",\n      \"message\": \"Expected required property\",\n      \"errors\": [],\n      \"summary\": \"Property 'data.department' is missing\"\n    },\n    {\n      \"type\": 45,\n      \"schema\": {\n        \"type\": \"boolean\"\n      },\n      \"path\": \"/data/isApproved\",\n      \"message\": \"Expected required property\",\n      \"errors\": [],\n      \"summary\": \"Property 'data.isApproved' is missing\"\n    },\n    {\n      \"type\": 54,\n      \"schema\": {\n        \"type\": \"string\"\n      },\n      \"path\": \"/data/_id\",\n      \"message\": \"Expected string\",\n      \"errors\": [],\n      \"summary\": \"Expected  property 'data._id' to be  string but found: undefined\"\n    },\n    {\n      \"type\": 54,\n      \"schema\": {\n        \"type\": \"string\"\n      },\n      \"path\": \"/data/fullName\",\n      \"message\": \"Expected string\",\n      \"errors\": [],\n      \"summary\": \"Expected  property 'data.fullName' to be  string but found: undefined\"\n    },\n    {\n      \"type\": 54,\n      \"schema\": {\n        \"type\": \"string\"\n      },\n      \"path\": \"/data/email\",\n      \"message\": \"Expected string\",\n      \"errors\": [],\n      \"summary\": \"Expected  property 'data.email' to be  string but found: undefined\"\n    },\n    {\n      \"type\": 54,\n      \"schema\": {\n        \"type\": \"string\"\n      },\n      \"path\": \"/data/role\",\n      \"message\": \"Expected string\",\n      \"errors\": [],\n      \"summary\": \"Expected  property 'data.role' to be  string but found: undefined\"\n    },\n    {\n      \"type\": 54,\n      \"schema\": {\n        \"type\": \"string\"\n      },\n      \"path\": \"/data/department\",\n      \"message\": \"Expected string\",\n      \"errors\": [],\n      \"summary\": \"Expected  property 'data.department' to be  string but found: undefined\"\n    },\n    {\n      \"summary\": \"Expected boolean\",\n      \"type\": 14,\n      \"schema\": {\n        \"type\": \"boolean\"\n      },\n      \"path\": \"/data/isApproved\",\n      \"message\": \"Expected boolean\",\n      \"errors\": []\n    }\n  ]\n}\n    at new ValidationError (/home/swadhin/r/server/node_modules/elysia/src/error.ts:264:3)\n    at <anonymous> (file:///home/swadhin/r/server/node_modules/elysia/dist/bun/index.js:29:26)\n    at processTicksAndRejections (native:7:39)","status":422,"timestamp":"2025-04-09 16:23:33.343","type":"response","validator":{"code":"return function check(value) {\n  return (\n    (typeof value === 'object' && value !== null && !Array.isArray(value)) &&\n    (typeof value.success === 'boolean') &&\n    (value.data !== undefined ? ((typeof value.data === 'object' && value.data !== null && !Array.isArray(value.data)) && (typeof value.data._id === 'string') && (typeof value.data.fullName === 'string') && (typeof value.data.email === 'string') && (typeof value.data.role === 'string') && (typeof value.data.department === 'string') && (typeof value.data.isApproved === 'boolean') && (value.data.profilePicture !== undefined ? ((typeof value.data.profilePicture === 'string')) : true) && (value.data.studentId !== undefined ? ((typeof value.data.studentId === 'string')) : true) && (value.data.supervisorId !== undefined ? ((typeof value.data.supervisorId === 'string')) : true)) : true) &&\n    (typeof value.timestamp === 'string') &&\n    Object.getOwnPropertyNames(value).every(key => ['success', 'data', 'timestamp'].includes(key))\n  )\n}","hasTransform":false,"references":[],"schema":{"additionalProperties":false,"properties":{"data":{"properties":{"_id":{"type":"string"},"department":{"type":"string"},"email":{"type":"string"},"fullName":{"type":"string"},"isApproved":{"type":"boolean"},"profilePicture":{"type":"string"},"role":{"type":"string"},"studentId":{"type":"string"},"supervisorId":{"type":"string"}},"required":["_id","fullName","email","role","department","isApproved"],"type":"object"},"success":{"type":"boolean"},"timestamp":{"type":"string"}},"required":["success","timestamp"],"type":"object"}},"value":{"data":{},"success":true,"timestamp":"2025-04-09T10:23:33.341Z"}}
{"level":"info","message":"Attempting to connect to MongoDB database","service":"research-mgmt-api","timestamp":"2025-04-09 16:23:44.709"}
{"level":"info","message":"Attempting to connect to MongoDB...","service":"research-mgmt-api","timestamp":"2025-04-09 16:23:44.710"}
{"level":"info","message":"MongoDB Connected: ac-xdpuchx-shard-00-01.tvoe17p.mongodb.net","service":"research-mgmt-api","timestamp":"2025-04-09 16:23:45.316"}
{"level":"info","message":"✅ MongoDB connection established successfully","service":"research-mgmt-api","timestamp":"2025-04-09 16:23:45.316"}
{"level":"info","message":"🚀 Server running on port 300000","service":"research-mgmt-api","timestamp":"2025-04-09 16:23:45.321"}
{"level":"info","message":"Attempting to connect to MongoDB database","service":"research-mgmt-api","timestamp":"2025-04-09 16:23:50.683"}
{"level":"info","message":"Attempting to connect to MongoDB...","service":"research-mgmt-api","timestamp":"2025-04-09 16:23:50.684"}
{"level":"info","message":"MongoDB Connected: ac-xdpuchx-shard-00-01.tvoe17p.mongodb.net","service":"research-mgmt-api","timestamp":"2025-04-09 16:23:51.297"}
{"level":"info","message":"✅ MongoDB connection established successfully","service":"research-mgmt-api","timestamp":"2025-04-09 16:23:51.297"}
{"level":"info","message":"🚀 Server running on port 300000","service":"research-mgmt-api","timestamp":"2025-04-09 16:23:51.302"}
{"level":"info","message":"HTTP GET /api/auth/test-profile - 200 (1ms)","service":"research-mgmt-api","timestamp":"2025-04-09 16:23:57.438"}
{"code":"VALIDATION","level":"error","message":"Application error: {\n  \"type\": \"validation\",\n  \"on\": \"response\",\n  \"summary\": \"Expected  property 'data.profilePicture' to be  string but found: null\",\n  \"property\": \"/data/profilePicture\",\n  \"message\": \"Expected string\",\n  \"expected\": {\n    \"success\": false,\n    \"timestamp\": \"\"\n  },\n  \"found\": {\n    \"success\": true,\n    \"data\": {\n      \"_id\": \"test-id-123456789\",\n      \"fullName\": \"Test User\",\n      \"email\": \"test@example.com\",\n      \"role\": \"student\",\n      \"department\": \"Computer Science\",\n      \"isApproved\": true,\n      \"profilePicture\": null\n    },\n    \"timestamp\": \"2025-04-09T10:23:57.438Z\"\n  },\n  \"errors\": [\n    {\n      \"type\": 54,\n      \"schema\": {\n        \"type\": \"string\"\n      },\n      \"path\": \"/data/profilePicture\",\n      \"value\": null,\n      \"message\": \"Expected string\",\n      \"errors\": [],\n      \"summary\": \"Expected  property 'data.profilePicture' to be  string but found: null\"\n    }\n  ]\n}","service":"research-mgmt-api","stack":"Error: {\n  \"type\": \"validation\",\n  \"on\": \"response\",\n  \"summary\": \"Expected  property 'data.profilePicture' to be  string but found: null\",\n  \"property\": \"/data/profilePicture\",\n  \"message\": \"Expected string\",\n  \"expected\": {\n    \"success\": false,\n    \"timestamp\": \"\"\n  },\n  \"found\": {\n    \"success\": true,\n    \"data\": {\n      \"_id\": \"test-id-123456789\",\n      \"fullName\": \"Test User\",\n      \"email\": \"test@example.com\",\n      \"role\": \"student\",\n      \"department\": \"Computer Science\",\n      \"isApproved\": true,\n      \"profilePicture\": null\n    },\n    \"timestamp\": \"2025-04-09T10:23:57.438Z\"\n  },\n  \"errors\": [\n    {\n      \"type\": 54,\n      \"schema\": {\n        \"type\": \"string\"\n      },\n      \"path\": \"/data/profilePicture\",\n      \"value\": null,\n      \"message\": \"Expected string\",\n      \"errors\": [],\n      \"summary\": \"Expected  property 'data.profilePicture' to be  string but found: null\"\n    }\n  ]\n}\n    at new ValidationError (/home/swadhin/r/server/node_modules/elysia/src/error.ts:264:3)\n    at <anonymous> (file:///home/swadhin/r/server/node_modules/elysia/dist/bun/index.js:21:26)\n    at processTicksAndRejections (native:7:39)","status":422,"timestamp":"2025-04-09 16:23:57.441","type":"response","validator":{"code":"return function check(value) {\n  return (\n    (typeof value === 'object' && value !== null && !Array.isArray(value)) &&\n    (typeof value.success === 'boolean') &&\n    (value.data !== undefined ? ((typeof value.data === 'object' && value.data !== null && !Array.isArray(value.data)) && (typeof value.data._id === 'string') && (typeof value.data.fullName === 'string') && (typeof value.data.email === 'string') && (typeof value.data.role === 'string') && (typeof value.data.department === 'string') && (typeof value.data.isApproved === 'boolean') && (value.data.profilePicture !== undefined ? ((typeof value.data.profilePicture === 'string')) : true) && (value.data.studentId !== undefined ? ((typeof value.data.studentId === 'string')) : true) && (value.data.supervisorId !== undefined ? ((typeof value.data.supervisorId === 'string')) : true)) : true) &&\n    (typeof value.timestamp === 'string') &&\n    Object.getOwnPropertyNames(value).every(key => ['success', 'data', 'timestamp'].includes(key))\n  )\n}","hasTransform":false,"references":[],"schema":{"additionalProperties":false,"properties":{"data":{"properties":{"_id":{"type":"string"},"department":{"type":"string"},"email":{"type":"string"},"fullName":{"type":"string"},"isApproved":{"type":"boolean"},"profilePicture":{"type":"string"},"role":{"type":"string"},"studentId":{"type":"string"},"supervisorId":{"type":"string"}},"required":["_id","fullName","email","role","department","isApproved"],"type":"object"},"success":{"type":"boolean"},"timestamp":{"type":"string"}},"required":["success","timestamp"],"type":"object"}},"value":{"data":{"_id":"test-id-123456789","department":"Computer Science","email":"test@example.com","fullName":"Test User","isApproved":true,"profilePicture":null,"role":"student"},"success":true,"timestamp":"2025-04-09T10:23:57.438Z"}}
{"level":"info","message":"Attempting to connect to MongoDB database","service":"research-mgmt-api","timestamp":"2025-04-09 16:24:08.275"}
{"level":"info","message":"Attempting to connect to MongoDB...","service":"research-mgmt-api","timestamp":"2025-04-09 16:24:08.276"}
{"level":"info","message":"MongoDB Connected: ac-xdpuchx-shard-00-00.tvoe17p.mongodb.net","service":"research-mgmt-api","timestamp":"2025-04-09 16:24:08.893"}
{"level":"info","message":"✅ MongoDB connection established successfully","service":"research-mgmt-api","timestamp":"2025-04-09 16:24:08.894"}
{"level":"info","message":"🚀 Server running on port 300000","service":"research-mgmt-api","timestamp":"2025-04-09 16:24:08.898"}
{"level":"info","message":"Attempting to connect to MongoDB database","service":"research-mgmt-api","timestamp":"2025-04-09 16:24:13.252"}
{"level":"info","message":"Attempting to connect to MongoDB...","service":"research-mgmt-api","timestamp":"2025-04-09 16:24:13.253"}
{"level":"info","message":"MongoDB Connected: ac-xdpuchx-shard-00-02.tvoe17p.mongodb.net","service":"research-mgmt-api","timestamp":"2025-04-09 16:24:13.852"}
{"level":"info","message":"✅ MongoDB connection established successfully","service":"research-mgmt-api","timestamp":"2025-04-09 16:24:13.853"}
{"level":"info","message":"🚀 Server running on port 300000","service":"research-mgmt-api","timestamp":"2025-04-09 16:24:13.857"}
{"level":"info","message":"Attempting to connect to MongoDB database","service":"research-mgmt-api","timestamp":"2025-04-09 16:24:25.186"}
{"level":"info","message":"Attempting to connect to MongoDB...","service":"research-mgmt-api","timestamp":"2025-04-09 16:24:25.187"}
{"level":"info","message":"MongoDB Connected: ac-xdpuchx-shard-00-02.tvoe17p.mongodb.net","service":"research-mgmt-api","timestamp":"2025-04-09 16:24:25.883"}
{"level":"info","message":"✅ MongoDB connection established successfully","service":"research-mgmt-api","timestamp":"2025-04-09 16:24:25.884"}
{"level":"info","message":"🚀 Server running on port 300000","service":"research-mgmt-api","timestamp":"2025-04-09 16:24:25.888"}
{"level":"info","message":"HTTP GET /api/auth/test-profile - 200 (0ms)","service":"research-mgmt-api","timestamp":"2025-04-09 16:24:35.668"}
{"level":"info","message":"HTTP GET /api/auth/profile - 200 (2ms)","service":"research-mgmt-api","timestamp":"2025-04-09 16:24:46.661"}
{"code":"VALIDATION","level":"error","message":"Application error: {\n  \"type\": \"validation\",\n  \"on\": \"response\",\n  \"summary\": \"Property 'data._id' is missing\",\n  \"property\": \"/data/_id\",\n  \"message\": \"Expected required property\",\n  \"expected\": {\n    \"success\": false,\n    \"timestamp\": \"\"\n  },\n  \"found\": {\n    \"success\": true,\n    \"timestamp\": \"2025-04-09T10:24:46.661Z\",\n    \"data\": {}\n  },\n  \"errors\": [\n    {\n      \"type\": 45,\n      \"schema\": {\n        \"type\": \"string\"\n      },\n      \"path\": \"/data/_id\",\n      \"message\": \"Expected required property\",\n      \"errors\": [],\n      \"summary\": \"Property 'data._id' is missing\"\n    },\n    {\n      \"type\": 45,\n      \"schema\": {\n        \"type\": \"string\"\n      },\n      \"path\": \"/data/fullName\",\n      \"message\": \"Expected required property\",\n      \"errors\": [],\n      \"summary\": \"Property 'data.fullName' is missing\"\n    },\n    {\n      \"type\": 45,\n      \"schema\": {\n        \"type\": \"string\"\n      },\n      \"path\": \"/data/email\",\n      \"message\": \"Expected required property\",\n      \"errors\": [],\n      \"summary\": \"Property 'data.email' is missing\"\n    },\n    {\n      \"type\": 45,\n      \"schema\": {\n        \"type\": \"string\"\n      },\n      \"path\": \"/data/role\",\n      \"message\": \"Expected required property\",\n      \"errors\": [],\n      \"summary\": \"Property 'data.role' is missing\"\n    },\n    {\n      \"type\": 45,\n      \"schema\": {\n        \"type\": \"string\"\n      },\n      \"path\": \"/data/department\",\n      \"message\": \"Expected required property\",\n      \"errors\": [],\n      \"summary\": \"Property 'data.department' is missing\"\n    },\n    {\n      \"type\": 45,\n      \"schema\": {\n        \"type\": \"boolean\"\n      },\n      \"path\": \"/data/isApproved\",\n      \"message\": \"Expected required property\",\n      \"errors\": [],\n      \"summary\": \"Property 'data.isApproved' is missing\"\n    },\n    {\n      \"type\": 54,\n      \"schema\": {\n        \"type\": \"string\"\n      },\n      \"path\": \"/data/_id\",\n      \"message\": \"Expected string\",\n      \"errors\": [],\n      \"summary\": \"Expected  property 'data._id' to be  string but found: undefined\"\n    },\n    {\n      \"type\": 54,\n      \"schema\": {\n        \"type\": \"string\"\n      },\n      \"path\": \"/data/fullName\",\n      \"message\": \"Expected string\",\n      \"errors\": [],\n      \"summary\": \"Expected  property 'data.fullName' to be  string but found: undefined\"\n    },\n    {\n      \"type\": 54,\n      \"schema\": {\n        \"type\": \"string\"\n      },\n      \"path\": \"/data/email\",\n      \"message\": \"Expected string\",\n      \"errors\": [],\n      \"summary\": \"Expected  property 'data.email' to be  string but found: undefined\"\n    },\n    {\n      \"type\": 54,\n      \"schema\": {\n        \"type\": \"string\"\n      },\n      \"path\": \"/data/role\",\n      \"message\": \"Expected string\",\n      \"errors\": [],\n      \"summary\": \"Expected  property 'data.role' to be  string but found: undefined\"\n    },\n    {\n      \"type\": 54,\n      \"schema\": {\n        \"type\": \"string\"\n      },\n      \"path\": \"/data/department\",\n      \"message\": \"Expected string\",\n      \"errors\": [],\n      \"summary\": \"Expected  property 'data.department' to be  string but found: undefined\"\n    },\n    {\n      \"summary\": \"Expected boolean\",\n      \"type\": 14,\n      \"schema\": {\n        \"type\": \"boolean\"\n      },\n      \"path\": \"/data/isApproved\",\n      \"message\": \"Expected boolean\",\n      \"errors\": []\n    }\n  ]\n}","service":"research-mgmt-api","stack":"Error: {\n  \"type\": \"validation\",\n  \"on\": \"response\",\n  \"summary\": \"Property 'data._id' is missing\",\n  \"property\": \"/data/_id\",\n  \"message\": \"Expected required property\",\n  \"expected\": {\n    \"success\": false,\n    \"timestamp\": \"\"\n  },\n  \"found\": {\n    \"success\": true,\n    \"timestamp\": \"2025-04-09T10:24:46.661Z\",\n    \"data\": {}\n  },\n  \"errors\": [\n    {\n      \"type\": 45,\n      \"schema\": {\n        \"type\": \"string\"\n      },\n      \"path\": \"/data/_id\",\n      \"message\": \"Expected required property\",\n      \"errors\": [],\n      \"summary\": \"Property 'data._id' is missing\"\n    },\n    {\n      \"type\": 45,\n      \"schema\": {\n        \"type\": \"string\"\n      },\n      \"path\": \"/data/fullName\",\n      \"message\": \"Expected required property\",\n      \"errors\": [],\n      \"summary\": \"Property 'data.fullName' is missing\"\n    },\n    {\n      \"type\": 45,\n      \"schema\": {\n        \"type\": \"string\"\n      },\n      \"path\": \"/data/email\",\n      \"message\": \"Expected required property\",\n      \"errors\": [],\n      \"summary\": \"Property 'data.email' is missing\"\n    },\n    {\n      \"type\": 45,\n      \"schema\": {\n        \"type\": \"string\"\n      },\n      \"path\": \"/data/role\",\n      \"message\": \"Expected required property\",\n      \"errors\": [],\n      \"summary\": \"Property 'data.role' is missing\"\n    },\n    {\n      \"type\": 45,\n      \"schema\": {\n        \"type\": \"string\"\n      },\n      \"path\": \"/data/department\",\n      \"message\": \"Expected required property\",\n      \"errors\": [],\n      \"summary\": \"Property 'data.department' is missing\"\n    },\n    {\n      \"type\": 45,\n      \"schema\": {\n        \"type\": \"boolean\"\n      },\n      \"path\": \"/data/isApproved\",\n      \"message\": \"Expected required property\",\n      \"errors\": [],\n      \"summary\": \"Property 'data.isApproved' is missing\"\n    },\n    {\n      \"type\": 54,\n      \"schema\": {\n        \"type\": \"string\"\n      },\n      \"path\": \"/data/_id\",\n      \"message\": \"Expected string\",\n      \"errors\": [],\n      \"summary\": \"Expected  property 'data._id' to be  string but found: undefined\"\n    },\n    {\n      \"type\": 54,\n      \"schema\": {\n        \"type\": \"string\"\n      },\n      \"path\": \"/data/fullName\",\n      \"message\": \"Expected string\",\n      \"errors\": [],\n      \"summary\": \"Expected  property 'data.fullName' to be  string but found: undefined\"\n    },\n    {\n      \"type\": 54,\n      \"schema\": {\n        \"type\": \"string\"\n      },\n      \"path\": \"/data/email\",\n      \"message\": \"Expected string\",\n      \"errors\": [],\n      \"summary\": \"Expected  property 'data.email' to be  string but found: undefined\"\n    },\n    {\n      \"type\": 54,\n      \"schema\": {\n        \"type\": \"string\"\n      },\n      \"path\": \"/data/role\",\n      \"message\": \"Expected string\",\n      \"errors\": [],\n      \"summary\": \"Expected  property 'data.role' to be  string but found: undefined\"\n    },\n    {\n      \"type\": 54,\n      \"schema\": {\n        \"type\": \"string\"\n      },\n      \"path\": \"/data/department\",\n      \"message\": \"Expected string\",\n      \"errors\": [],\n      \"summary\": \"Expected  property 'data.department' to be  string but found: undefined\"\n    },\n    {\n      \"summary\": \"Expected boolean\",\n      \"type\": 14,\n      \"schema\": {\n        \"type\": \"boolean\"\n      },\n      \"path\": \"/data/isApproved\",\n      \"message\": \"Expected boolean\",\n      \"errors\": []\n    }\n  ]\n}\n    at new ValidationError (/home/swadhin/r/server/node_modules/elysia/src/error.ts:264:3)\n    at <anonymous> (file:///home/swadhin/r/server/node_modules/elysia/dist/bun/index.js:29:26)\n    at processTicksAndRejections (native:7:39)","status":422,"timestamp":"2025-04-09 16:24:46.664","type":"response","validator":{"code":"return function check(value) {\n  return (\n    (typeof value === 'object' && value !== null && !Array.isArray(value)) &&\n    (typeof value.success === 'boolean') &&\n    (value.data !== undefined ? ((typeof value.data === 'object' && value.data !== null && !Array.isArray(value.data)) && (typeof value.data._id === 'string') && (typeof value.data.fullName === 'string') && (typeof value.data.email === 'string') && (typeof value.data.role === 'string') && (typeof value.data.department === 'string') && (typeof value.data.isApproved === 'boolean') && (value.data.profilePicture !== undefined ? ((((typeof value.data.profilePicture === 'string')) || ((value.data.profilePicture === null)))) : true) && (value.data.studentId !== undefined ? ((typeof value.data.studentId === 'string')) : true) && (value.data.supervisorId !== undefined ? ((typeof value.data.supervisorId === 'string')) : true)) : true) &&\n    (typeof value.timestamp === 'string') &&\n    Object.getOwnPropertyNames(value).every(key => ['success', 'data', 'timestamp'].includes(key))\n  )\n}","hasTransform":false,"references":[],"schema":{"additionalProperties":false,"properties":{"data":{"properties":{"_id":{"type":"string"},"department":{"type":"string"},"email":{"type":"string"},"fullName":{"type":"string"},"isApproved":{"type":"boolean"},"profilePicture":{"anyOf":[{"type":"string"},{"type":"null"}]},"role":{"type":"string"},"studentId":{"type":"string"},"supervisorId":{"type":"string"}},"required":["_id","fullName","email","role","department","isApproved"],"type":"object"},"success":{"type":"boolean"},"timestamp":{"type":"string"}},"required":["success","timestamp"],"type":"object"}},"value":{"data":{},"success":true,"timestamp":"2025-04-09T10:24:46.661Z"}}
{"level":"info","message":"Attempting to connect to MongoDB database","service":"research-mgmt-api","timestamp":"2025-04-09 16:25:12.946"}
{"level":"info","message":"Attempting to connect to MongoDB...","service":"research-mgmt-api","timestamp":"2025-04-09 16:25:12.946"}
{"level":"info","message":"MongoDB Connected: ac-xdpuchx-shard-00-01.tvoe17p.mongodb.net","service":"research-mgmt-api","timestamp":"2025-04-09 16:25:13.557"}
{"level":"info","message":"✅ MongoDB connection established successfully","service":"research-mgmt-api","timestamp":"2025-04-09 16:25:13.557"}
{"level":"info","message":"🚀 Server running on port 300000","service":"research-mgmt-api","timestamp":"2025-04-09 16:25:13.561"}
{"level":"info","message":"Attempting to connect to MongoDB database","service":"research-mgmt-api","timestamp":"2025-04-09 16:25:17.736"}
{"level":"info","message":"Attempting to connect to MongoDB...","service":"research-mgmt-api","timestamp":"2025-04-09 16:25:17.737"}
{"level":"info","message":"MongoDB Connected: ac-xdpuchx-shard-00-01.tvoe17p.mongodb.net","service":"research-mgmt-api","timestamp":"2025-04-09 16:25:18.347"}
{"level":"info","message":"✅ MongoDB connection established successfully","service":"research-mgmt-api","timestamp":"2025-04-09 16:25:18.347"}
{"level":"info","message":"🚀 Server running on port 300000","service":"research-mgmt-api","timestamp":"2025-04-09 16:25:18.351"}
{"level":"info","message":"HTTP GET /api/auth/profile - 200 (3ms)","service":"research-mgmt-api","timestamp":"2025-04-09 16:25:29.430"}
{"code":"VALIDATION","level":"error","message":"Application error: {\n  \"type\": \"validation\",\n  \"on\": \"response\",\n  \"summary\": \"Property 'data._id' is missing\",\n  \"property\": \"/data/_id\",\n  \"message\": \"Expected required property\",\n  \"expected\": {\n    \"success\": false,\n    \"timestamp\": \"\"\n  },\n  \"found\": {\n    \"success\": true,\n    \"timestamp\": \"2025-04-09T10:25:29.430Z\",\n    \"data\": {}\n  },\n  \"errors\": [\n    {\n      \"type\": 45,\n      \"schema\": {\n        \"type\": \"string\"\n      },\n      \"path\": \"/data/_id\",\n      \"message\": \"Expected required property\",\n      \"errors\": [],\n      \"summary\": \"Property 'data._id' is missing\"\n    },\n    {\n      \"type\": 45,\n      \"schema\": {\n        \"type\": \"string\"\n      },\n      \"path\": \"/data/fullName\",\n      \"message\": \"Expected required property\",\n      \"errors\": [],\n      \"summary\": \"Property 'data.fullName' is missing\"\n    },\n    {\n      \"type\": 45,\n      \"schema\": {\n        \"type\": \"string\"\n      },\n      \"path\": \"/data/email\",\n      \"message\": \"Expected required property\",\n      \"errors\": [],\n      \"summary\": \"Property 'data.email' is missing\"\n    },\n    {\n      \"type\": 45,\n      \"schema\": {\n        \"type\": \"string\"\n      },\n      \"path\": \"/data/role\",\n      \"message\": \"Expected required property\",\n      \"errors\": [],\n      \"summary\": \"Property 'data.role' is missing\"\n    },\n    {\n      \"type\": 45,\n      \"schema\": {\n        \"type\": \"string\"\n      },\n      \"path\": \"/data/department\",\n      \"message\": \"Expected required property\",\n      \"errors\": [],\n      \"summary\": \"Property 'data.department' is missing\"\n    },\n    {\n      \"type\": 45,\n      \"schema\": {\n        \"type\": \"boolean\"\n      },\n      \"path\": \"/data/isApproved\",\n      \"message\": \"Expected required property\",\n      \"errors\": [],\n      \"summary\": \"Property 'data.isApproved' is missing\"\n    },\n    {\n      \"type\": 54,\n      \"schema\": {\n        \"type\": \"string\"\n      },\n      \"path\": \"/data/_id\",\n      \"message\": \"Expected string\",\n      \"errors\": [],\n      \"summary\": \"Expected  property 'data._id' to be  string but found: undefined\"\n    },\n    {\n      \"type\": 54,\n      \"schema\": {\n        \"type\": \"string\"\n      },\n      \"path\": \"/data/fullName\",\n      \"message\": \"Expected string\",\n      \"errors\": [],\n      \"summary\": \"Expected  property 'data.fullName' to be  string but found: undefined\"\n    },\n    {\n      \"type\": 54,\n      \"schema\": {\n        \"type\": \"string\"\n      },\n      \"path\": \"/data/email\",\n      \"message\": \"Expected string\",\n      \"errors\": [],\n      \"summary\": \"Expected  property 'data.email' to be  string but found: undefined\"\n    },\n    {\n      \"type\": 54,\n      \"schema\": {\n        \"type\": \"string\"\n      },\n      \"path\": \"/data/role\",\n      \"message\": \"Expected string\",\n      \"errors\": [],\n      \"summary\": \"Expected  property 'data.role' to be  string but found: undefined\"\n    },\n    {\n      \"type\": 54,\n      \"schema\": {\n        \"type\": \"string\"\n      },\n      \"path\": \"/data/department\",\n      \"message\": \"Expected string\",\n      \"errors\": [],\n      \"summary\": \"Expected  property 'data.department' to be  string but found: undefined\"\n    },\n    {\n      \"summary\": \"Expected boolean\",\n      \"type\": 14,\n      \"schema\": {\n        \"type\": \"boolean\"\n      },\n      \"path\": \"/data/isApproved\",\n      \"message\": \"Expected boolean\",\n      \"errors\": []\n    }\n  ]\n}","service":"research-mgmt-api","stack":"Error: {\n  \"type\": \"validation\",\n  \"on\": \"response\",\n  \"summary\": \"Property 'data._id' is missing\",\n  \"property\": \"/data/_id\",\n  \"message\": \"Expected required property\",\n  \"expected\": {\n    \"success\": false,\n    \"timestamp\": \"\"\n  },\n  \"found\": {\n    \"success\": true,\n    \"timestamp\": \"2025-04-09T10:25:29.430Z\",\n    \"data\": {}\n  },\n  \"errors\": [\n    {\n      \"type\": 45,\n      \"schema\": {\n        \"type\": \"string\"\n      },\n      \"path\": \"/data/_id\",\n      \"message\": \"Expected required property\",\n      \"errors\": [],\n      \"summary\": \"Property 'data._id' is missing\"\n    },\n    {\n      \"type\": 45,\n      \"schema\": {\n        \"type\": \"string\"\n      },\n      \"path\": \"/data/fullName\",\n      \"message\": \"Expected required property\",\n      \"errors\": [],\n      \"summary\": \"Property 'data.fullName' is missing\"\n    },\n    {\n      \"type\": 45,\n      \"schema\": {\n        \"type\": \"string\"\n      },\n      \"path\": \"/data/email\",\n      \"message\": \"Expected required property\",\n      \"errors\": [],\n      \"summary\": \"Property 'data.email' is missing\"\n    },\n    {\n      \"type\": 45,\n      \"schema\": {\n        \"type\": \"string\"\n      },\n      \"path\": \"/data/role\",\n      \"message\": \"Expected required property\",\n      \"errors\": [],\n      \"summary\": \"Property 'data.role' is missing\"\n    },\n    {\n      \"type\": 45,\n      \"schema\": {\n        \"type\": \"string\"\n      },\n      \"path\": \"/data/department\",\n      \"message\": \"Expected required property\",\n      \"errors\": [],\n      \"summary\": \"Property 'data.department' is missing\"\n    },\n    {\n      \"type\": 45,\n      \"schema\": {\n        \"type\": \"boolean\"\n      },\n      \"path\": \"/data/isApproved\",\n      \"message\": \"Expected required property\",\n      \"errors\": [],\n      \"summary\": \"Property 'data.isApproved' is missing\"\n    },\n    {\n      \"type\": 54,\n      \"schema\": {\n        \"type\": \"string\"\n      },\n      \"path\": \"/data/_id\",\n      \"message\": \"Expected string\",\n      \"errors\": [],\n      \"summary\": \"Expected  property 'data._id' to be  string but found: undefined\"\n    },\n    {\n      \"type\": 54,\n      \"schema\": {\n        \"type\": \"string\"\n      },\n      \"path\": \"/data/fullName\",\n      \"message\": \"Expected string\",\n      \"errors\": [],\n      \"summary\": \"Expected  property 'data.fullName' to be  string but found: undefined\"\n    },\n    {\n      \"type\": 54,\n      \"schema\": {\n        \"type\": \"string\"\n      },\n      \"path\": \"/data/email\",\n      \"message\": \"Expected string\",\n      \"errors\": [],\n      \"summary\": \"Expected  property 'data.email' to be  string but found: undefined\"\n    },\n    {\n      \"type\": 54,\n      \"schema\": {\n        \"type\": \"string\"\n      },\n      \"path\": \"/data/role\",\n      \"message\": \"Expected string\",\n      \"errors\": [],\n      \"summary\": \"Expected  property 'data.role' to be  string but found: undefined\"\n    },\n    {\n      \"type\": 54,\n      \"schema\": {\n        \"type\": \"string\"\n      },\n      \"path\": \"/data/department\",\n      \"message\": \"Expected string\",\n      \"errors\": [],\n      \"summary\": \"Expected  property 'data.department' to be  string but found: undefined\"\n    },\n    {\n      \"summary\": \"Expected boolean\",\n      \"type\": 14,\n      \"schema\": {\n        \"type\": \"boolean\"\n      },\n      \"path\": \"/data/isApproved\",\n      \"message\": \"Expected boolean\",\n      \"errors\": []\n    }\n  ]\n}\n    at new ValidationError (/home/swadhin/r/server/node_modules/elysia/src/error.ts:264:3)\n    at <anonymous> (file:///home/swadhin/r/server/node_modules/elysia/dist/bun/index.js:29:26)\n    at processTicksAndRejections (native:7:39)","status":422,"timestamp":"2025-04-09 16:25:29.433","type":"response","validator":{"code":"return function check(value) {\n  return (\n    (typeof value === 'object' && value !== null && !Array.isArray(value)) &&\n    (typeof value.success === 'boolean') &&\n    (value.data !== undefined ? ((typeof value.data === 'object' && value.data !== null && !Array.isArray(value.data)) && (typeof value.data._id === 'string') && (typeof value.data.fullName === 'string') && (typeof value.data.email === 'string') && (typeof value.data.role === 'string') && (typeof value.data.department === 'string') && (typeof value.data.isApproved === 'boolean') && (value.data.profilePicture !== undefined ? ((((typeof value.data.profilePicture === 'string')) || ((value.data.profilePicture === null)))) : true) && (value.data.studentId !== undefined ? ((typeof value.data.studentId === 'string')) : true) && (value.data.supervisorId !== undefined ? ((typeof value.data.supervisorId === 'string')) : true)) : true) &&\n    (typeof value.timestamp === 'string') &&\n    Object.getOwnPropertyNames(value).every(key => ['success', 'data', 'timestamp'].includes(key))\n  )\n}","hasTransform":false,"references":[],"schema":{"additionalProperties":false,"properties":{"data":{"properties":{"_id":{"type":"string"},"department":{"type":"string"},"email":{"type":"string"},"fullName":{"type":"string"},"isApproved":{"type":"boolean"},"profilePicture":{"anyOf":[{"type":"string"},{"type":"null"}]},"role":{"type":"string"},"studentId":{"type":"string"},"supervisorId":{"type":"string"}},"required":["_id","fullName","email","role","department","isApproved"],"type":"object"},"success":{"type":"boolean"},"timestamp":{"type":"string"}},"required":["success","timestamp"],"type":"object"}},"value":{"data":{},"success":true,"timestamp":"2025-04-09T10:25:29.430Z"}}
{"level":"info","message":"Attempting to connect to MongoDB database","service":"research-mgmt-api","timestamp":"2025-04-09 16:26:09.278"}
{"level":"info","message":"Attempting to connect to MongoDB...","service":"research-mgmt-api","timestamp":"2025-04-09 16:26:09.279"}
{"level":"info","message":"MongoDB Connected: ac-xdpuchx-shard-00-00.tvoe17p.mongodb.net","service":"research-mgmt-api","timestamp":"2025-04-09 16:26:10.001"}
{"level":"info","message":"✅ MongoDB connection established successfully","service":"research-mgmt-api","timestamp":"2025-04-09 16:26:10.001"}
{"level":"info","message":"🚀 Server running on port 300000","service":"research-mgmt-api","timestamp":"2025-04-09 16:26:10.006"}
{"level":"info","message":"Attempting to connect to MongoDB database","service":"research-mgmt-api","timestamp":"2025-04-09 16:26:15.213"}
{"level":"info","message":"Attempting to connect to MongoDB...","service":"research-mgmt-api","timestamp":"2025-04-09 16:26:15.213"}
{"level":"info","message":"MongoDB Connected: ac-xdpuchx-shard-00-02.tvoe17p.mongodb.net","service":"research-mgmt-api","timestamp":"2025-04-09 16:26:15.834"}
{"level":"info","message":"✅ MongoDB connection established successfully","service":"research-mgmt-api","timestamp":"2025-04-09 16:26:15.834"}
{"level":"info","message":"🚀 Server running on port 300000","service":"research-mgmt-api","timestamp":"2025-04-09 16:26:15.839"}
{"level":"info","message":"Attempting to connect to MongoDB database","service":"research-mgmt-api","timestamp":"2025-04-09 16:26:17.224"}
{"level":"info","message":"Attempting to connect to MongoDB...","service":"research-mgmt-api","timestamp":"2025-04-09 16:26:17.224"}
{"level":"info","message":"MongoDB Connected: ac-xdpuchx-shard-00-01.tvoe17p.mongodb.net","service":"research-mgmt-api","timestamp":"2025-04-09 16:26:17.838"}
{"level":"info","message":"✅ MongoDB connection established successfully","service":"research-mgmt-api","timestamp":"2025-04-09 16:26:17.839"}
{"level":"info","message":"🚀 Server running on port 300000","service":"research-mgmt-api","timestamp":"2025-04-09 16:26:17.843"}
{"level":"info","message":"Attempting to connect to MongoDB database","service":"research-mgmt-api","timestamp":"2025-04-09 16:26:27.398"}
{"level":"info","message":"Attempting to connect to MongoDB...","service":"research-mgmt-api","timestamp":"2025-04-09 16:26:27.399"}
{"level":"info","message":"MongoDB Connected: ac-xdpuchx-shard-00-00.tvoe17p.mongodb.net","service":"research-mgmt-api","timestamp":"2025-04-09 16:26:28.010"}
{"level":"info","message":"✅ MongoDB connection established successfully","service":"research-mgmt-api","timestamp":"2025-04-09 16:26:28.010"}
{"level":"info","message":"🚀 Server running on port 300000","service":"research-mgmt-api","timestamp":"2025-04-09 16:26:28.014"}
{"level":"info","message":"Attempting to connect to MongoDB database","service":"research-mgmt-api","timestamp":"2025-04-09 16:26:37.579"}
{"level":"info","message":"Attempting to connect to MongoDB...","service":"research-mgmt-api","timestamp":"2025-04-09 16:26:37.580"}
{"level":"info","message":"MongoDB Connected: ac-xdpuchx-shard-00-01.tvoe17p.mongodb.net","service":"research-mgmt-api","timestamp":"2025-04-09 16:26:38.191"}
{"level":"info","message":"✅ MongoDB connection established successfully","service":"research-mgmt-api","timestamp":"2025-04-09 16:26:38.191"}
{"level":"info","message":"🚀 Server running on port 300000","service":"research-mgmt-api","timestamp":"2025-04-09 16:26:38.195"}
{"level":"info","message":"Attempting to connect to MongoDB database","service":"research-mgmt-api","timestamp":"2025-04-09 16:27:19.436"}
{"level":"info","message":"Attempting to connect to MongoDB...","service":"research-mgmt-api","timestamp":"2025-04-09 16:27:19.437"}
{"level":"info","message":"MongoDB Connected: ac-xdpuchx-shard-00-02.tvoe17p.mongodb.net","service":"research-mgmt-api","timestamp":"2025-04-09 16:27:20.087"}
{"level":"info","message":"✅ MongoDB connection established successfully","service":"research-mgmt-api","timestamp":"2025-04-09 16:27:20.087"}
{"level":"info","message":"🚀 Server running on port 300000","service":"research-mgmt-api","timestamp":"2025-04-09 16:27:20.092"}
{"code":"ERR_JWS_SIGNATURE_VERIFICATION_FAILED","level":"error","message":"Error verifying JWT token: signature verification failed","name":"JWSSignatureVerificationFailed","service":"research-mgmt-api","stack":"JWSSignatureVerificationFailed: signature verification failed\n    at <anonymous> (/home/swadhin/r/server/node_modules/jose/dist/webapi/jws/flattened/verify.js:88:15)\n    at processTicksAndRejections (native:7:39)","timestamp":"2025-04-09 16:27:27.034"}
{"level":"error","message":"Authentication error: Invalid authentication token","service":"research-mgmt-api","stack":"Error: Invalid authentication token\n    at <anonymous> (/home/swadhin/r/server/src/utils/jwt.js:61:15)\n    at processTicksAndRejections (native:7:39)","timestamp":"2025-04-09 16:27:27.034"}
{"level":"error","message":"Application error: Invalid authentication token","name":"UnauthorizedError","service":"research-mgmt-api","stack":"UnauthorizedError: Invalid authentication token\n    at new UnauthorizedError (/home/swadhin/r/server/src/utils/errors.js:22:5)\n    at <anonymous> (/home/swadhin/r/server/src/routes/authRoutes.js:105:19)\n    at processTicksAndRejections (native:7:39)","status":401,"timestamp":"2025-04-09 16:27:27.035"}
{"level":"info","message":"MongoDB connection state: 1","service":"research-mgmt-api","timestamp":"2025-04-09 16:27:33.631"}
{"level":"info","message":"Login attempt for user: teststudent2@example.com","service":"research-mgmt-api","timestamp":"2025-04-09 16:27:33.631"}
{"level":"info","message":"Verifying password for user: teststudent2@example.com","service":"research-mgmt-api","timestamp":"2025-04-09 16:27:33.690"}
{"level":"warn","message":"Login failed: Invalid password for user teststudent2@example.com","service":"research-mgmt-api","timestamp":"2025-04-09 16:27:33.708"}
{"level":"error","message":"Login error: Invalid email or password","name":"UnauthorizedError","service":"research-mgmt-api","stack":"UnauthorizedError: Invalid email or password\n    at new UnauthorizedError (/home/swadhin/r/server/src/utils/errors.js:22:5)\n    at <anonymous> (/home/swadhin/r/server/src/controllers/authController.js:317:17)\n    at processTicksAndRejections (native:7:39)","status":401,"timestamp":"2025-04-09 16:27:33.709"}
{"level":"error","message":"HTTP POST /api/auth/login - 401 (79ms) Error: Invalid email or password","service":"research-mgmt-api","timestamp":"2025-04-09 16:27:33.709"}
{"level":"info","message":"MongoDB connection state: 1","service":"research-mgmt-api","timestamp":"2025-04-09 16:27:43.541"}
{"function":"registerUser","level":"info","message":"MongoDB connection verified","service":"research-mgmt-api","state":1,"timestamp":"2025-04-09 16:27:43.541"}
{"function":"registerUser","level":"info","message":"Argon2 hashing verified","service":"research-mgmt-api","success":true,"timestamp":"2025-04-09 16:27:43.555"}
{"level":"info","message":"Checking for existing user with email: teststudent3@example.com","service":"research-mgmt-api","timestamp":"2025-04-09 16:27:43.556"}
{"level":"info","message":"No existing user found with email: teststudent3@example.com. Proceeding with registration.","service":"research-mgmt-api","timestamp":"2025-04-09 16:27:43.608"}
{"level":"info","message":"Creating new user object for: teststudent3@example.com","service":"research-mgmt-api","timestamp":"2025-04-09 16:27:43.608"}
{"level":"info","message":"Saving user to database: teststudent3@example.com","service":"research-mgmt-api","timestamp":"2025-04-09 16:27:43.610"}
{"level":"info","message":"User successfully saved. ID: 67f64b9f539309c6cd4e1532, Email: teststudent3@example.com","service":"research-mgmt-api","timestamp":"2025-04-09 16:27:43.687"}
{"level":"info","message":"Creating student profile with ID: STU000004","service":"research-mgmt-api","timestamp":"2025-04-09 16:27:43.743"}
{"level":"info","message":"Student profile created successfully: STU000004","service":"research-mgmt-api","timestamp":"2025-04-09 16:27:43.797"}
{"email":"teststudent3@example.com","function":"registerUser","level":"info","message":"New user registered successfully","role":"student","service":"research-mgmt-api","timestamp":"2025-04-09 16:27:43.799","userId":"67f64b9f539309c6cd4e1532"}
{"level":"info","message":"HTTP POST /api/auth/register - 201 (259ms)","service":"research-mgmt-api","timestamp":"2025-04-09 16:27:43.799"}
{"level":"info","message":"HTTP GET /api/auth/profile - 200 (2ms)","service":"research-mgmt-api","timestamp":"2025-04-09 16:27:51.232"}
{"code":"VALIDATION","level":"error","message":"Application error: {\n  \"type\": \"validation\",\n  \"on\": \"response\",\n  \"summary\": \"Property 'data._id' is missing\",\n  \"property\": \"/data/_id\",\n  \"message\": \"Expected required property\",\n  \"expected\": {\n    \"success\": false,\n    \"timestamp\": \"\"\n  },\n  \"found\": {\n    \"success\": true,\n    \"timestamp\": \"2025-04-09T10:27:51.232Z\",\n    \"data\": {}\n  },\n  \"errors\": [\n    {\n      \"type\": 45,\n      \"schema\": {\n        \"type\": \"string\"\n      },\n      \"path\": \"/data/_id\",\n      \"message\": \"Expected required property\",\n      \"errors\": [],\n      \"summary\": \"Property 'data._id' is missing\"\n    },\n    {\n      \"type\": 45,\n      \"schema\": {\n        \"type\": \"string\"\n      },\n      \"path\": \"/data/fullName\",\n      \"message\": \"Expected required property\",\n      \"errors\": [],\n      \"summary\": \"Property 'data.fullName' is missing\"\n    },\n    {\n      \"type\": 45,\n      \"schema\": {\n        \"type\": \"string\"\n      },\n      \"path\": \"/data/email\",\n      \"message\": \"Expected required property\",\n      \"errors\": [],\n      \"summary\": \"Property 'data.email' is missing\"\n    },\n    {\n      \"type\": 45,\n      \"schema\": {\n        \"type\": \"string\"\n      },\n      \"path\": \"/data/role\",\n      \"message\": \"Expected required property\",\n      \"errors\": [],\n      \"summary\": \"Property 'data.role' is missing\"\n    },\n    {\n      \"type\": 45,\n      \"schema\": {\n        \"type\": \"string\"\n      },\n      \"path\": \"/data/department\",\n      \"message\": \"Expected required property\",\n      \"errors\": [],\n      \"summary\": \"Property 'data.department' is missing\"\n    },\n    {\n      \"type\": 45,\n      \"schema\": {\n        \"type\": \"boolean\"\n      },\n      \"path\": \"/data/isApproved\",\n      \"message\": \"Expected required property\",\n      \"errors\": [],\n      \"summary\": \"Property 'data.isApproved' is missing\"\n    },\n    {\n      \"type\": 54,\n      \"schema\": {\n        \"type\": \"string\"\n      },\n      \"path\": \"/data/_id\",\n      \"message\": \"Expected string\",\n      \"errors\": [],\n      \"summary\": \"Expected  property 'data._id' to be  string but found: undefined\"\n    },\n    {\n      \"type\": 54,\n      \"schema\": {\n        \"type\": \"string\"\n      },\n      \"path\": \"/data/fullName\",\n      \"message\": \"Expected string\",\n      \"errors\": [],\n      \"summary\": \"Expected  property 'data.fullName' to be  string but found: undefined\"\n    },\n    {\n      \"type\": 54,\n      \"schema\": {\n        \"type\": \"string\"\n      },\n      \"path\": \"/data/email\",\n      \"message\": \"Expected string\",\n      \"errors\": [],\n      \"summary\": \"Expected  property 'data.email' to be  string but found: undefined\"\n    },\n    {\n      \"type\": 54,\n      \"schema\": {\n        \"type\": \"string\"\n      },\n      \"path\": \"/data/role\",\n      \"message\": \"Expected string\",\n      \"errors\": [],\n      \"summary\": \"Expected  property 'data.role' to be  string but found: undefined\"\n    },\n    {\n      \"type\": 54,\n      \"schema\": {\n        \"type\": \"string\"\n      },\n      \"path\": \"/data/department\",\n      \"message\": \"Expected string\",\n      \"errors\": [],\n      \"summary\": \"Expected  property 'data.department' to be  string but found: undefined\"\n    },\n    {\n      \"summary\": \"Expected boolean\",\n      \"type\": 14,\n      \"schema\": {\n        \"type\": \"boolean\"\n      },\n      \"path\": \"/data/isApproved\",\n      \"message\": \"Expected boolean\",\n      \"errors\": []\n    }\n  ]\n}","service":"research-mgmt-api","stack":"Error: {\n  \"type\": \"validation\",\n  \"on\": \"response\",\n  \"summary\": \"Property 'data._id' is missing\",\n  \"property\": \"/data/_id\",\n  \"message\": \"Expected required property\",\n  \"expected\": {\n    \"success\": false,\n    \"timestamp\": \"\"\n  },\n  \"found\": {\n    \"success\": true,\n    \"timestamp\": \"2025-04-09T10:27:51.232Z\",\n    \"data\": {}\n  },\n  \"errors\": [\n    {\n      \"type\": 45,\n      \"schema\": {\n        \"type\": \"string\"\n      },\n      \"path\": \"/data/_id\",\n      \"message\": \"Expected required property\",\n      \"errors\": [],\n      \"summary\": \"Property 'data._id' is missing\"\n    },\n    {\n      \"type\": 45,\n      \"schema\": {\n        \"type\": \"string\"\n      },\n      \"path\": \"/data/fullName\",\n      \"message\": \"Expected required property\",\n      \"errors\": [],\n      \"summary\": \"Property 'data.fullName' is missing\"\n    },\n    {\n      \"type\": 45,\n      \"schema\": {\n        \"type\": \"string\"\n      },\n      \"path\": \"/data/email\",\n      \"message\": \"Expected required property\",\n      \"errors\": [],\n      \"summary\": \"Property 'data.email' is missing\"\n    },\n    {\n      \"type\": 45,\n      \"schema\": {\n        \"type\": \"string\"\n      },\n      \"path\": \"/data/role\",\n      \"message\": \"Expected required property\",\n      \"errors\": [],\n      \"summary\": \"Property 'data.role' is missing\"\n    },\n    {\n      \"type\": 45,\n      \"schema\": {\n        \"type\": \"string\"\n      },\n      \"path\": \"/data/department\",\n      \"message\": \"Expected required property\",\n      \"errors\": [],\n      \"summary\": \"Property 'data.department' is missing\"\n    },\n    {\n      \"type\": 45,\n      \"schema\": {\n        \"type\": \"boolean\"\n      },\n      \"path\": \"/data/isApproved\",\n      \"message\": \"Expected required property\",\n      \"errors\": [],\n      \"summary\": \"Property 'data.isApproved' is missing\"\n    },\n    {\n      \"type\": 54,\n      \"schema\": {\n        \"type\": \"string\"\n      },\n      \"path\": \"/data/_id\",\n      \"message\": \"Expected string\",\n      \"errors\": [],\n      \"summary\": \"Expected  property 'data._id' to be  string but found: undefined\"\n    },\n    {\n      \"type\": 54,\n      \"schema\": {\n        \"type\": \"string\"\n      },\n      \"path\": \"/data/fullName\",\n      \"message\": \"Expected string\",\n      \"errors\": [],\n      \"summary\": \"Expected  property 'data.fullName' to be  string but found: undefined\"\n    },\n    {\n      \"type\": 54,\n      \"schema\": {\n        \"type\": \"string\"\n      },\n      \"path\": \"/data/email\",\n      \"message\": \"Expected string\",\n      \"errors\": [],\n      \"summary\": \"Expected  property 'data.email' to be  string but found: undefined\"\n    },\n    {\n      \"type\": 54,\n      \"schema\": {\n        \"type\": \"string\"\n      },\n      \"path\": \"/data/role\",\n      \"message\": \"Expected string\",\n      \"errors\": [],\n      \"summary\": \"Expected  property 'data.role' to be  string but found: undefined\"\n    },\n    {\n      \"type\": 54,\n      \"schema\": {\n        \"type\": \"string\"\n      },\n      \"path\": \"/data/department\",\n      \"message\": \"Expected string\",\n      \"errors\": [],\n      \"summary\": \"Expected  property 'data.department' to be  string but found: undefined\"\n    },\n    {\n      \"summary\": \"Expected boolean\",\n      \"type\": 14,\n      \"schema\": {\n        \"type\": \"boolean\"\n      },\n      \"path\": \"/data/isApproved\",\n      \"message\": \"Expected boolean\",\n      \"errors\": []\n    }\n  ]\n}\n    at new ValidationError (/home/swadhin/r/server/node_modules/elysia/src/error.ts:264:3)\n    at <anonymous> (file:///home/swadhin/r/server/node_modules/elysia/dist/bun/index.js:29:26)\n    at processTicksAndRejections (native:7:39)","status":422,"timestamp":"2025-04-09 16:27:51.234","type":"response","validator":{"code":"return function check(value) {\n  return (\n    (typeof value === 'object' && value !== null && !Array.isArray(value)) &&\n    (typeof value.success === 'boolean') &&\n    (value.data !== undefined ? ((typeof value.data === 'object' && value.data !== null && !Array.isArray(value.data)) && (typeof value.data._id === 'string') && (typeof value.data.fullName === 'string') && (typeof value.data.email === 'string') && (typeof value.data.role === 'string') && (typeof value.data.department === 'string') && (typeof value.data.isApproved === 'boolean') && (value.data.profilePicture !== undefined ? ((((typeof value.data.profilePicture === 'string')) || ((value.data.profilePicture === null)))) : true) && (value.data.studentId !== undefined ? ((typeof value.data.studentId === 'string')) : true) && (value.data.supervisorId !== undefined ? ((typeof value.data.supervisorId === 'string')) : true)) : true) &&\n    (typeof value.timestamp === 'string') &&\n    Object.getOwnPropertyNames(value).every(key => ['success', 'data', 'timestamp'].includes(key))\n  )\n}","hasTransform":false,"references":[],"schema":{"additionalProperties":false,"properties":{"data":{"properties":{"_id":{"type":"string"},"department":{"type":"string"},"email":{"type":"string"},"fullName":{"type":"string"},"isApproved":{"type":"boolean"},"profilePicture":{"anyOf":[{"type":"string"},{"type":"null"}]},"role":{"type":"string"},"studentId":{"type":"string"},"supervisorId":{"type":"string"}},"required":["_id","fullName","email","role","department","isApproved"],"type":"object"},"success":{"type":"boolean"},"timestamp":{"type":"string"}},"required":["success","timestamp"],"type":"object"}},"value":{"data":{},"success":true,"timestamp":"2025-04-09T10:27:51.232Z"}}
{"level":"info","message":"Attempting to connect to MongoDB database","service":"research-mgmt-api","timestamp":"2025-04-09 16:28:24.280"}
{"level":"info","message":"Attempting to connect to MongoDB...","service":"research-mgmt-api","timestamp":"2025-04-09 16:28:24.281"}
{"level":"info","message":"MongoDB Connected: ac-xdpuchx-shard-00-00.tvoe17p.mongodb.net","service":"research-mgmt-api","timestamp":"2025-04-09 16:28:24.960"}
{"level":"info","message":"✅ MongoDB connection established successfully","service":"research-mgmt-api","timestamp":"2025-04-09 16:28:24.961"}
{"level":"info","message":"🚀 Server running on port 300000","service":"research-mgmt-api","timestamp":"2025-04-09 16:28:24.965"}
{"level":"info","message":"Attempting to connect to MongoDB database","service":"research-mgmt-api","timestamp":"2025-04-09 16:28:30.357"}
{"level":"info","message":"Attempting to connect to MongoDB...","service":"research-mgmt-api","timestamp":"2025-04-09 16:28:30.358"}
{"level":"info","message":"MongoDB Connected: ac-xdpuchx-shard-00-00.tvoe17p.mongodb.net","service":"research-mgmt-api","timestamp":"2025-04-09 16:28:31.010"}
{"level":"info","message":"✅ MongoDB connection established successfully","service":"research-mgmt-api","timestamp":"2025-04-09 16:28:31.010"}
{"level":"info","message":"🚀 Server running on port 300000","service":"research-mgmt-api","timestamp":"2025-04-09 16:28:31.019"}
{"level":"info","message":"Attempting to connect to MongoDB database","service":"research-mgmt-api","timestamp":"2025-04-09 16:28:42.117"}
{"level":"info","message":"Attempting to connect to MongoDB...","service":"research-mgmt-api","timestamp":"2025-04-09 16:28:42.118"}
{"level":"info","message":"MongoDB Connected: ac-xdpuchx-shard-00-02.tvoe17p.mongodb.net","service":"research-mgmt-api","timestamp":"2025-04-09 16:28:42.720"}
{"level":"info","message":"✅ MongoDB connection established successfully","service":"research-mgmt-api","timestamp":"2025-04-09 16:28:42.720"}
{"level":"info","message":"🚀 Server running on port 300000","service":"research-mgmt-api","timestamp":"2025-04-09 16:28:42.725"}
{"level":"info","message":"HTTP GET /api/auth/profile - 200 (3ms)","service":"research-mgmt-api","timestamp":"2025-04-09 16:28:50.456"}
{"code":"VALIDATION","level":"error","message":"Application error: {\n  \"type\": \"validation\",\n  \"on\": \"response\",\n  \"summary\": \"Property 'data._id' is missing\",\n  \"property\": \"/data/_id\",\n  \"message\": \"Expected required property\",\n  \"expected\": {\n    \"success\": false,\n    \"timestamp\": \"\"\n  },\n  \"found\": {\n    \"success\": true,\n    \"timestamp\": \"2025-04-09T10:28:50.456Z\",\n    \"data\": {}\n  },\n  \"errors\": [\n    {\n      \"type\": 45,\n      \"schema\": {\n        \"type\": \"string\"\n      },\n      \"path\": \"/data/_id\",\n      \"message\": \"Expected required property\",\n      \"errors\": [],\n      \"summary\": \"Property 'data._id' is missing\"\n    },\n    {\n      \"type\": 45,\n      \"schema\": {\n        \"type\": \"string\"\n      },\n      \"path\": \"/data/fullName\",\n      \"message\": \"Expected required property\",\n      \"errors\": [],\n      \"summary\": \"Property 'data.fullName' is missing\"\n    },\n    {\n      \"type\": 45,\n      \"schema\": {\n        \"type\": \"string\"\n      },\n      \"path\": \"/data/email\",\n      \"message\": \"Expected required property\",\n      \"errors\": [],\n      \"summary\": \"Property 'data.email' is missing\"\n    },\n    {\n      \"type\": 45,\n      \"schema\": {\n        \"type\": \"string\"\n      },\n      \"path\": \"/data/role\",\n      \"message\": \"Expected required property\",\n      \"errors\": [],\n      \"summary\": \"Property 'data.role' is missing\"\n    },\n    {\n      \"type\": 45,\n      \"schema\": {\n        \"type\": \"string\"\n      },\n      \"path\": \"/data/department\",\n      \"message\": \"Expected required property\",\n      \"errors\": [],\n      \"summary\": \"Property 'data.department' is missing\"\n    },\n    {\n      \"type\": 45,\n      \"schema\": {\n        \"type\": \"boolean\"\n      },\n      \"path\": \"/data/isApproved\",\n      \"message\": \"Expected required property\",\n      \"errors\": [],\n      \"summary\": \"Property 'data.isApproved' is missing\"\n    },\n    {\n      \"type\": 54,\n      \"schema\": {\n        \"type\": \"string\"\n      },\n      \"path\": \"/data/_id\",\n      \"message\": \"Expected string\",\n      \"errors\": [],\n      \"summary\": \"Expected  property 'data._id' to be  string but found: undefined\"\n    },\n    {\n      \"type\": 54,\n      \"schema\": {\n        \"type\": \"string\"\n      },\n      \"path\": \"/data/fullName\",\n      \"message\": \"Expected string\",\n      \"errors\": [],\n      \"summary\": \"Expected  property 'data.fullName' to be  string but found: undefined\"\n    },\n    {\n      \"type\": 54,\n      \"schema\": {\n        \"type\": \"string\"\n      },\n      \"path\": \"/data/email\",\n      \"message\": \"Expected string\",\n      \"errors\": [],\n      \"summary\": \"Expected  property 'data.email' to be  string but found: undefined\"\n    },\n    {\n      \"type\": 54,\n      \"schema\": {\n        \"type\": \"string\"\n      },\n      \"path\": \"/data/role\",\n      \"message\": \"Expected string\",\n      \"errors\": [],\n      \"summary\": \"Expected  property 'data.role' to be  string but found: undefined\"\n    },\n    {\n      \"type\": 54,\n      \"schema\": {\n        \"type\": \"string\"\n      },\n      \"path\": \"/data/department\",\n      \"message\": \"Expected string\",\n      \"errors\": [],\n      \"summary\": \"Expected  property 'data.department' to be  string but found: undefined\"\n    },\n    {\n      \"summary\": \"Expected boolean\",\n      \"type\": 14,\n      \"schema\": {\n        \"type\": \"boolean\"\n      },\n      \"path\": \"/data/isApproved\",\n      \"message\": \"Expected boolean\",\n      \"errors\": []\n    }\n  ]\n}","service":"research-mgmt-api","stack":"Error: {\n  \"type\": \"validation\",\n  \"on\": \"response\",\n  \"summary\": \"Property 'data._id' is missing\",\n  \"property\": \"/data/_id\",\n  \"message\": \"Expected required property\",\n  \"expected\": {\n    \"success\": false,\n    \"timestamp\": \"\"\n  },\n  \"found\": {\n    \"success\": true,\n    \"timestamp\": \"2025-04-09T10:28:50.456Z\",\n    \"data\": {}\n  },\n  \"errors\": [\n    {\n      \"type\": 45,\n      \"schema\": {\n        \"type\": \"string\"\n      },\n      \"path\": \"/data/_id\",\n      \"message\": \"Expected required property\",\n      \"errors\": [],\n      \"summary\": \"Property 'data._id' is missing\"\n    },\n    {\n      \"type\": 45,\n      \"schema\": {\n        \"type\": \"string\"\n      },\n      \"path\": \"/data/fullName\",\n      \"message\": \"Expected required property\",\n      \"errors\": [],\n      \"summary\": \"Property 'data.fullName' is missing\"\n    },\n    {\n      \"type\": 45,\n      \"schema\": {\n        \"type\": \"string\"\n      },\n      \"path\": \"/data/email\",\n      \"message\": \"Expected required property\",\n      \"errors\": [],\n      \"summary\": \"Property 'data.email' is missing\"\n    },\n    {\n      \"type\": 45,\n      \"schema\": {\n        \"type\": \"string\"\n      },\n      \"path\": \"/data/role\",\n      \"message\": \"Expected required property\",\n      \"errors\": [],\n      \"summary\": \"Property 'data.role' is missing\"\n    },\n    {\n      \"type\": 45,\n      \"schema\": {\n        \"type\": \"string\"\n      },\n      \"path\": \"/data/department\",\n      \"message\": \"Expected required property\",\n      \"errors\": [],\n      \"summary\": \"Property 'data.department' is missing\"\n    },\n    {\n      \"type\": 45,\n      \"schema\": {\n        \"type\": \"boolean\"\n      },\n      \"path\": \"/data/isApproved\",\n      \"message\": \"Expected required property\",\n      \"errors\": [],\n      \"summary\": \"Property 'data.isApproved' is missing\"\n    },\n    {\n      \"type\": 54,\n      \"schema\": {\n        \"type\": \"string\"\n      },\n      \"path\": \"/data/_id\",\n      \"message\": \"Expected string\",\n      \"errors\": [],\n      \"summary\": \"Expected  property 'data._id' to be  string but found: undefined\"\n    },\n    {\n      \"type\": 54,\n      \"schema\": {\n        \"type\": \"string\"\n      },\n      \"path\": \"/data/fullName\",\n      \"message\": \"Expected string\",\n      \"errors\": [],\n      \"summary\": \"Expected  property 'data.fullName' to be  string but found: undefined\"\n    },\n    {\n      \"type\": 54,\n      \"schema\": {\n        \"type\": \"string\"\n      },\n      \"path\": \"/data/email\",\n      \"message\": \"Expected string\",\n      \"errors\": [],\n      \"summary\": \"Expected  property 'data.email' to be  string but found: undefined\"\n    },\n    {\n      \"type\": 54,\n      \"schema\": {\n        \"type\": \"string\"\n      },\n      \"path\": \"/data/role\",\n      \"message\": \"Expected string\",\n      \"errors\": [],\n      \"summary\": \"Expected  property 'data.role' to be  string but found: undefined\"\n    },\n    {\n      \"type\": 54,\n      \"schema\": {\n        \"type\": \"string\"\n      },\n      \"path\": \"/data/department\",\n      \"message\": \"Expected string\",\n      \"errors\": [],\n      \"summary\": \"Expected  property 'data.department' to be  string but found: undefined\"\n    },\n    {\n      \"summary\": \"Expected boolean\",\n      \"type\": 14,\n      \"schema\": {\n        \"type\": \"boolean\"\n      },\n      \"path\": \"/data/isApproved\",\n      \"message\": \"Expected boolean\",\n      \"errors\": []\n    }\n  ]\n}\n    at new ValidationError (/home/swadhin/r/server/node_modules/elysia/src/error.ts:264:3)\n    at <anonymous> (file:///home/swadhin/r/server/node_modules/elysia/dist/bun/index.js:29:26)\n    at processTicksAndRejections (native:7:39)","status":422,"timestamp":"2025-04-09 16:28:50.459","type":"response","validator":{"code":"return function check(value) {\n  return (\n    (typeof value === 'object' && value !== null && !Array.isArray(value)) &&\n    (typeof value.success === 'boolean') &&\n    (value.data !== undefined ? ((typeof value.data === 'object' && value.data !== null && !Array.isArray(value.data)) && (typeof value.data._id === 'string') && (typeof value.data.fullName === 'string') && (typeof value.data.email === 'string') && (typeof value.data.role === 'string') && (typeof value.data.department === 'string') && (typeof value.data.isApproved === 'boolean') && (value.data.profilePicture !== undefined ? ((((typeof value.data.profilePicture === 'string')) || ((value.data.profilePicture === null)))) : true) && (value.data.studentId !== undefined ? ((typeof value.data.studentId === 'string')) : true) && (value.data.supervisorId !== undefined ? ((typeof value.data.supervisorId === 'string')) : true)) : true) &&\n    (typeof value.timestamp === 'string') &&\n    Object.getOwnPropertyNames(value).every(key => ['success', 'data', 'timestamp'].includes(key))\n  )\n}","hasTransform":false,"references":[],"schema":{"additionalProperties":false,"properties":{"data":{"properties":{"_id":{"type":"string"},"department":{"type":"string"},"email":{"type":"string"},"fullName":{"type":"string"},"isApproved":{"type":"boolean"},"profilePicture":{"anyOf":[{"type":"string"},{"type":"null"}]},"role":{"type":"string"},"studentId":{"type":"string"},"supervisorId":{"type":"string"}},"required":["_id","fullName","email","role","department","isApproved"],"type":"object"},"success":{"type":"boolean"},"timestamp":{"type":"string"}},"required":["success","timestamp"],"type":"object"}},"value":{"data":{},"success":true,"timestamp":"2025-04-09T10:28:50.456Z"}}
{"level":"info","message":"Attempting to connect to MongoDB database","service":"research-mgmt-api","timestamp":"2025-04-09 16:29:13.836"}
{"level":"info","message":"Attempting to connect to MongoDB...","service":"research-mgmt-api","timestamp":"2025-04-09 16:29:13.836"}
{"level":"info","message":"MongoDB Connected: ac-xdpuchx-shard-00-00.tvoe17p.mongodb.net","service":"research-mgmt-api","timestamp":"2025-04-09 16:29:14.476"}
{"level":"info","message":"✅ MongoDB connection established successfully","service":"research-mgmt-api","timestamp":"2025-04-09 16:29:14.476"}
{"level":"info","message":"🚀 Server running on port 300000","service":"research-mgmt-api","timestamp":"2025-04-09 16:29:14.481"}
{"level":"info","message":"Attempting to connect to MongoDB database","service":"research-mgmt-api","timestamp":"2025-04-09 16:29:17.596"}
{"level":"info","message":"Attempting to connect to MongoDB...","service":"research-mgmt-api","timestamp":"2025-04-09 16:29:17.596"}
{"level":"info","message":"MongoDB Connected: ac-xdpuchx-shard-00-01.tvoe17p.mongodb.net","service":"research-mgmt-api","timestamp":"2025-04-09 16:29:18.213"}
{"level":"info","message":"✅ MongoDB connection established successfully","service":"research-mgmt-api","timestamp":"2025-04-09 16:29:18.214"}
{"level":"info","message":"🚀 Server running on port 300000","service":"research-mgmt-api","timestamp":"2025-04-09 16:29:18.218"}
{"level":"info","message":"Attempting to connect to MongoDB database","service":"research-mgmt-api","timestamp":"2025-04-09 16:29:29.994"}
{"level":"info","message":"Attempting to connect to MongoDB...","service":"research-mgmt-api","timestamp":"2025-04-09 16:29:29.995"}
{"level":"info","message":"MongoDB Connected: ac-xdpuchx-shard-00-02.tvoe17p.mongodb.net","service":"research-mgmt-api","timestamp":"2025-04-09 16:29:30.653"}
{"level":"info","message":"✅ MongoDB connection established successfully","service":"research-mgmt-api","timestamp":"2025-04-09 16:29:30.653"}
{"level":"info","message":"🚀 Server running on port 300000","service":"research-mgmt-api","timestamp":"2025-04-09 16:29:30.657"}
{"level":"info","message":"HTTP GET /api/auth/profile - 200 (2ms)","service":"research-mgmt-api","timestamp":"2025-04-09 16:29:38.239"}
{"code":"VALIDATION","level":"error","message":"Application error: {\n  \"type\": \"validation\",\n  \"on\": \"response\",\n  \"summary\": \"Property 'data._id' is missing\",\n  \"property\": \"/data/_id\",\n  \"message\": \"Expected required property\",\n  \"expected\": {\n    \"success\": false,\n    \"timestamp\": \"\"\n  },\n  \"found\": {\n    \"success\": true,\n    \"timestamp\": \"2025-04-09T10:29:38.239Z\",\n    \"data\": {}\n  },\n  \"errors\": [\n    {\n      \"type\": 45,\n      \"schema\": {\n        \"type\": \"string\"\n      },\n      \"path\": \"/data/_id\",\n      \"message\": \"Expected required property\",\n      \"errors\": [],\n      \"summary\": \"Property 'data._id' is missing\"\n    },\n    {\n      \"type\": 45,\n      \"schema\": {\n        \"type\": \"string\"\n      },\n      \"path\": \"/data/fullName\",\n      \"message\": \"Expected required property\",\n      \"errors\": [],\n      \"summary\": \"Property 'data.fullName' is missing\"\n    },\n    {\n      \"type\": 45,\n      \"schema\": {\n        \"type\": \"string\"\n      },\n      \"path\": \"/data/email\",\n      \"message\": \"Expected required property\",\n      \"errors\": [],\n      \"summary\": \"Property 'data.email' is missing\"\n    },\n    {\n      \"type\": 45,\n      \"schema\": {\n        \"type\": \"string\"\n      },\n      \"path\": \"/data/role\",\n      \"message\": \"Expected required property\",\n      \"errors\": [],\n      \"summary\": \"Property 'data.role' is missing\"\n    },\n    {\n      \"type\": 45,\n      \"schema\": {\n        \"type\": \"string\"\n      },\n      \"path\": \"/data/department\",\n      \"message\": \"Expected required property\",\n      \"errors\": [],\n      \"summary\": \"Property 'data.department' is missing\"\n    },\n    {\n      \"type\": 45,\n      \"schema\": {\n        \"type\": \"boolean\"\n      },\n      \"path\": \"/data/isApproved\",\n      \"message\": \"Expected required property\",\n      \"errors\": [],\n      \"summary\": \"Property 'data.isApproved' is missing\"\n    },\n    {\n      \"type\": 54,\n      \"schema\": {\n        \"type\": \"string\"\n      },\n      \"path\": \"/data/_id\",\n      \"message\": \"Expected string\",\n      \"errors\": [],\n      \"summary\": \"Expected  property 'data._id' to be  string but found: undefined\"\n    },\n    {\n      \"type\": 54,\n      \"schema\": {\n        \"type\": \"string\"\n      },\n      \"path\": \"/data/fullName\",\n      \"message\": \"Expected string\",\n      \"errors\": [],\n      \"summary\": \"Expected  property 'data.fullName' to be  string but found: undefined\"\n    },\n    {\n      \"type\": 54,\n      \"schema\": {\n        \"type\": \"string\"\n      },\n      \"path\": \"/data/email\",\n      \"message\": \"Expected string\",\n      \"errors\": [],\n      \"summary\": \"Expected  property 'data.email' to be  string but found: undefined\"\n    },\n    {\n      \"type\": 54,\n      \"schema\": {\n        \"type\": \"string\"\n      },\n      \"path\": \"/data/role\",\n      \"message\": \"Expected string\",\n      \"errors\": [],\n      \"summary\": \"Expected  property 'data.role' to be  string but found: undefined\"\n    },\n    {\n      \"type\": 54,\n      \"schema\": {\n        \"type\": \"string\"\n      },\n      \"path\": \"/data/department\",\n      \"message\": \"Expected string\",\n      \"errors\": [],\n      \"summary\": \"Expected  property 'data.department' to be  string but found: undefined\"\n    },\n    {\n      \"summary\": \"Expected boolean\",\n      \"type\": 14,\n      \"schema\": {\n        \"type\": \"boolean\"\n      },\n      \"path\": \"/data/isApproved\",\n      \"message\": \"Expected boolean\",\n      \"errors\": []\n    }\n  ]\n}","service":"research-mgmt-api","stack":"Error: {\n  \"type\": \"validation\",\n  \"on\": \"response\",\n  \"summary\": \"Property 'data._id' is missing\",\n  \"property\": \"/data/_id\",\n  \"message\": \"Expected required property\",\n  \"expected\": {\n    \"success\": false,\n    \"timestamp\": \"\"\n  },\n  \"found\": {\n    \"success\": true,\n    \"timestamp\": \"2025-04-09T10:29:38.239Z\",\n    \"data\": {}\n  },\n  \"errors\": [\n    {\n      \"type\": 45,\n      \"schema\": {\n        \"type\": \"string\"\n      },\n      \"path\": \"/data/_id\",\n      \"message\": \"Expected required property\",\n      \"errors\": [],\n      \"summary\": \"Property 'data._id' is missing\"\n    },\n    {\n      \"type\": 45,\n      \"schema\": {\n        \"type\": \"string\"\n      },\n      \"path\": \"/data/fullName\",\n      \"message\": \"Expected required property\",\n      \"errors\": [],\n      \"summary\": \"Property 'data.fullName' is missing\"\n    },\n    {\n      \"type\": 45,\n      \"schema\": {\n        \"type\": \"string\"\n      },\n      \"path\": \"/data/email\",\n      \"message\": \"Expected required property\",\n      \"errors\": [],\n      \"summary\": \"Property 'data.email' is missing\"\n    },\n    {\n      \"type\": 45,\n      \"schema\": {\n        \"type\": \"string\"\n      },\n      \"path\": \"/data/role\",\n      \"message\": \"Expected required property\",\n      \"errors\": [],\n      \"summary\": \"Property 'data.role' is missing\"\n    },\n    {\n      \"type\": 45,\n      \"schema\": {\n        \"type\": \"string\"\n      },\n      \"path\": \"/data/department\",\n      \"message\": \"Expected required property\",\n      \"errors\": [],\n      \"summary\": \"Property 'data.department' is missing\"\n    },\n    {\n      \"type\": 45,\n      \"schema\": {\n        \"type\": \"boolean\"\n      },\n      \"path\": \"/data/isApproved\",\n      \"message\": \"Expected required property\",\n      \"errors\": [],\n      \"summary\": \"Property 'data.isApproved' is missing\"\n    },\n    {\n      \"type\": 54,\n      \"schema\": {\n        \"type\": \"string\"\n      },\n      \"path\": \"/data/_id\",\n      \"message\": \"Expected string\",\n      \"errors\": [],\n      \"summary\": \"Expected  property 'data._id' to be  string but found: undefined\"\n    },\n    {\n      \"type\": 54,\n      \"schema\": {\n        \"type\": \"string\"\n      },\n      \"path\": \"/data/fullName\",\n      \"message\": \"Expected string\",\n      \"errors\": [],\n      \"summary\": \"Expected  property 'data.fullName' to be  string but found: undefined\"\n    },\n    {\n      \"type\": 54,\n      \"schema\": {\n        \"type\": \"string\"\n      },\n      \"path\": \"/data/email\",\n      \"message\": \"Expected string\",\n      \"errors\": [],\n      \"summary\": \"Expected  property 'data.email' to be  string but found: undefined\"\n    },\n    {\n      \"type\": 54,\n      \"schema\": {\n        \"type\": \"string\"\n      },\n      \"path\": \"/data/role\",\n      \"message\": \"Expected string\",\n      \"errors\": [],\n      \"summary\": \"Expected  property 'data.role' to be  string but found: undefined\"\n    },\n    {\n      \"type\": 54,\n      \"schema\": {\n        \"type\": \"string\"\n      },\n      \"path\": \"/data/department\",\n      \"message\": \"Expected string\",\n      \"errors\": [],\n      \"summary\": \"Expected  property 'data.department' to be  string but found: undefined\"\n    },\n    {\n      \"summary\": \"Expected boolean\",\n      \"type\": 14,\n      \"schema\": {\n        \"type\": \"boolean\"\n      },\n      \"path\": \"/data/isApproved\",\n      \"message\": \"Expected boolean\",\n      \"errors\": []\n    }\n  ]\n}\n    at new ValidationError (/home/swadhin/r/server/node_modules/elysia/src/error.ts:264:3)\n    at <anonymous> (file:///home/swadhin/r/server/node_modules/elysia/dist/bun/index.js:29:26)\n    at processTicksAndRejections (native:7:39)","status":422,"timestamp":"2025-04-09 16:29:38.241","type":"response","validator":{"code":"return function check(value) {\n  return (\n    (typeof value === 'object' && value !== null && !Array.isArray(value)) &&\n    (typeof value.success === 'boolean') &&\n    (value.data !== undefined ? ((typeof value.data === 'object' && value.data !== null && !Array.isArray(value.data)) && (typeof value.data._id === 'string') && (typeof value.data.fullName === 'string') && (typeof value.data.email === 'string') && (typeof value.data.role === 'string') && (typeof value.data.department === 'string') && (typeof value.data.isApproved === 'boolean') && (value.data.profilePicture !== undefined ? ((((typeof value.data.profilePicture === 'string')) || ((value.data.profilePicture === null)))) : true) && (value.data.studentId !== undefined ? ((typeof value.data.studentId === 'string')) : true) && (value.data.supervisorId !== undefined ? ((typeof value.data.supervisorId === 'string')) : true)) : true) &&\n    (typeof value.timestamp === 'string') &&\n    Object.getOwnPropertyNames(value).every(key => ['success', 'data', 'timestamp'].includes(key))\n  )\n}","hasTransform":false,"references":[],"schema":{"additionalProperties":false,"properties":{"data":{"properties":{"_id":{"type":"string"},"department":{"type":"string"},"email":{"type":"string"},"fullName":{"type":"string"},"isApproved":{"type":"boolean"},"profilePicture":{"anyOf":[{"type":"string"},{"type":"null"}]},"role":{"type":"string"},"studentId":{"type":"string"},"supervisorId":{"type":"string"}},"required":["_id","fullName","email","role","department","isApproved"],"type":"object"},"success":{"type":"boolean"},"timestamp":{"type":"string"}},"required":["success","timestamp"],"type":"object"}},"value":{"data":{},"success":true,"timestamp":"2025-04-09T10:29:38.239Z"}}
{"level":"info","message":"Attempting to connect to MongoDB database","service":"research-mgmt-api","timestamp":"2025-04-09 16:29:49.284"}
{"level":"info","message":"Attempting to connect to MongoDB...","service":"research-mgmt-api","timestamp":"2025-04-09 16:29:49.285"}
{"level":"info","message":"MongoDB Connected: ac-xdpuchx-shard-00-02.tvoe17p.mongodb.net","service":"research-mgmt-api","timestamp":"2025-04-09 16:29:49.903"}
{"level":"info","message":"✅ MongoDB connection established successfully","service":"research-mgmt-api","timestamp":"2025-04-09 16:29:49.903"}
{"level":"info","message":"🚀 Server running on port 300000","service":"research-mgmt-api","timestamp":"2025-04-09 16:29:49.907"}
{"level":"info","message":"Attempting to connect to MongoDB database","service":"research-mgmt-api","timestamp":"2025-04-09 16:29:52.900"}
{"level":"info","message":"Attempting to connect to MongoDB...","service":"research-mgmt-api","timestamp":"2025-04-09 16:29:52.901"}
{"level":"info","message":"MongoDB Connected: ac-xdpuchx-shard-00-02.tvoe17p.mongodb.net","service":"research-mgmt-api","timestamp":"2025-04-09 16:29:53.524"}
{"level":"info","message":"✅ MongoDB connection established successfully","service":"research-mgmt-api","timestamp":"2025-04-09 16:29:53.525"}
{"level":"info","message":"🚀 Server running on port 300000","service":"research-mgmt-api","timestamp":"2025-04-09 16:29:53.531"}
{"level":"info","message":"Attempting to connect to MongoDB database","service":"research-mgmt-api","timestamp":"2025-04-09 16:30:05.950"}
{"level":"info","message":"Attempting to connect to MongoDB...","service":"research-mgmt-api","timestamp":"2025-04-09 16:30:05.951"}
{"level":"info","message":"MongoDB Connected: ac-xdpuchx-shard-00-02.tvoe17p.mongodb.net","service":"research-mgmt-api","timestamp":"2025-04-09 16:30:06.574"}
{"level":"info","message":"✅ MongoDB connection established successfully","service":"research-mgmt-api","timestamp":"2025-04-09 16:30:06.574"}
{"level":"info","message":"🚀 Server running on port 300000","service":"research-mgmt-api","timestamp":"2025-04-09 16:30:06.578"}
{"level":"info","message":"Attempting to connect to MongoDB database","service":"research-mgmt-api","timestamp":"2025-04-09 16:30:10.004"}
{"level":"info","message":"Attempting to connect to MongoDB...","service":"research-mgmt-api","timestamp":"2025-04-09 16:30:10.005"}
{"level":"info","message":"MongoDB Connected: ac-xdpuchx-shard-00-01.tvoe17p.mongodb.net","service":"research-mgmt-api","timestamp":"2025-04-09 16:30:10.635"}
{"level":"info","message":"✅ MongoDB connection established successfully","service":"research-mgmt-api","timestamp":"2025-04-09 16:30:10.635"}
{"level":"info","message":"🚀 Server running on port 300000","service":"research-mgmt-api","timestamp":"2025-04-09 16:30:10.640"}
{"level":"info","message":"Attempting to connect to MongoDB database","service":"research-mgmt-api","timestamp":"2025-04-09 16:30:46.524"}
{"level":"info","message":"Attempting to connect to MongoDB...","service":"research-mgmt-api","timestamp":"2025-04-09 16:30:46.525"}
{"level":"info","message":"MongoDB Connected: ac-xdpuchx-shard-00-01.tvoe17p.mongodb.net","service":"research-mgmt-api","timestamp":"2025-04-09 16:30:47.198"}
{"level":"info","message":"✅ MongoDB connection established successfully","service":"research-mgmt-api","timestamp":"2025-04-09 16:30:47.198"}
{"level":"info","message":"🚀 Server running on port 300000","service":"research-mgmt-api","timestamp":"2025-04-09 16:30:47.203"}
{"level":"info","message":"HTTP GET /api/auth/profile-direct - 200 (2ms)","service":"research-mgmt-api","timestamp":"2025-04-09 16:30:55.853"}
{"level":"info","message":"HTTP GET /api/auth/test-profile - 200 (1ms)","service":"research-mgmt-api","timestamp":"2025-04-09 16:31:09.379"}
{"level":"info","message":"Attempting to connect to MongoDB database","service":"research-mgmt-api","timestamp":"2025-04-09 16:31:26.010"}
{"level":"info","message":"Attempting to connect to MongoDB...","service":"research-mgmt-api","timestamp":"2025-04-09 16:31:26.011"}
{"level":"info","message":"MongoDB Connected: ac-xdpuchx-shard-00-02.tvoe17p.mongodb.net","service":"research-mgmt-api","timestamp":"2025-04-09 16:31:26.617"}
{"level":"info","message":"✅ MongoDB connection established successfully","service":"research-mgmt-api","timestamp":"2025-04-09 16:31:26.617"}
{"level":"info","message":"🚀 Server running on port 300000","service":"research-mgmt-api","timestamp":"2025-04-09 16:31:26.621"}
{"level":"info","message":"Attempting to connect to MongoDB database","service":"research-mgmt-api","timestamp":"2025-04-09 16:31:29.859"}
{"level":"info","message":"Attempting to connect to MongoDB...","service":"research-mgmt-api","timestamp":"2025-04-09 16:31:29.860"}
{"level":"info","message":"MongoDB Connected: ac-xdpuchx-shard-00-02.tvoe17p.mongodb.net","service":"research-mgmt-api","timestamp":"2025-04-09 16:31:30.465"}
{"level":"info","message":"✅ MongoDB connection established successfully","service":"research-mgmt-api","timestamp":"2025-04-09 16:31:30.465"}
{"level":"info","message":"🚀 Server running on port 300000","service":"research-mgmt-api","timestamp":"2025-04-09 16:31:30.470"}
{"level":"info","message":"Attempting to connect to MongoDB database","service":"research-mgmt-api","timestamp":"2025-04-09 16:31:39.821"}
{"level":"info","message":"Attempting to connect to MongoDB...","service":"research-mgmt-api","timestamp":"2025-04-09 16:31:39.821"}
{"level":"info","message":"MongoDB Connected: ac-xdpuchx-shard-00-01.tvoe17p.mongodb.net","service":"research-mgmt-api","timestamp":"2025-04-09 16:31:40.418"}
{"level":"info","message":"✅ MongoDB connection established successfully","service":"research-mgmt-api","timestamp":"2025-04-09 16:31:40.418"}
{"level":"info","message":"🚀 Server running on port 300000","service":"research-mgmt-api","timestamp":"2025-04-09 16:31:40.422"}
{"level":"info","message":"Attempting to connect to MongoDB database","service":"research-mgmt-api","timestamp":"2025-04-09 16:31:42.291"}
{"level":"info","message":"Attempting to connect to MongoDB...","service":"research-mgmt-api","timestamp":"2025-04-09 16:31:42.292"}
{"level":"info","message":"MongoDB Connected: ac-xdpuchx-shard-00-00.tvoe17p.mongodb.net","service":"research-mgmt-api","timestamp":"2025-04-09 16:31:42.921"}
{"level":"info","message":"✅ MongoDB connection established successfully","service":"research-mgmt-api","timestamp":"2025-04-09 16:31:42.922"}
{"level":"info","message":"🚀 Server running on port 300000","service":"research-mgmt-api","timestamp":"2025-04-09 16:31:42.926"}
{"level":"info","message":"HTTP GET /api/auth/profile - 200 (3ms)","service":"research-mgmt-api","timestamp":"2025-04-09 16:32:03.612"}
{"level":"info","message":"Attempting to connect to MongoDB database","service":"research-mgmt-api","timestamp":"2025-04-09 16:32:21.488"}
{"level":"info","message":"Attempting to connect to MongoDB...","service":"research-mgmt-api","timestamp":"2025-04-09 16:32:21.488"}
{"level":"info","message":"MongoDB Connected: ac-xdpuchx-shard-00-02.tvoe17p.mongodb.net","service":"research-mgmt-api","timestamp":"2025-04-09 16:32:22.128"}
{"level":"info","message":"✅ MongoDB connection established successfully","service":"research-mgmt-api","timestamp":"2025-04-09 16:32:22.128"}
{"level":"info","message":"🚀 Server running on port 300000","service":"research-mgmt-api","timestamp":"2025-04-09 16:32:22.132"}
{"level":"info","message":"Attempting to connect to MongoDB database","service":"research-mgmt-api","timestamp":"2025-04-09 16:32:24.898"}
{"level":"info","message":"Attempting to connect to MongoDB...","service":"research-mgmt-api","timestamp":"2025-04-09 16:32:24.899"}
{"level":"info","message":"MongoDB Connected: ac-xdpuchx-shard-00-02.tvoe17p.mongodb.net","service":"research-mgmt-api","timestamp":"2025-04-09 16:32:25.518"}
{"level":"info","message":"✅ MongoDB connection established successfully","service":"research-mgmt-api","timestamp":"2025-04-09 16:32:25.518"}
{"level":"info","message":"🚀 Server running on port 300000","service":"research-mgmt-api","timestamp":"2025-04-09 16:32:25.525"}
{"level":"info","message":"HTTP GET /api/auth/simple-profile - 200 (2ms)","service":"research-mgmt-api","timestamp":"2025-04-09 16:32:44.691"}
{"level":"info","message":"Attempting to connect to MongoDB database","service":"research-mgmt-api","timestamp":"2025-04-09 16:32:56.114"}
{"level":"info","message":"Attempting to connect to MongoDB...","service":"research-mgmt-api","timestamp":"2025-04-09 16:32:56.114"}
{"level":"info","message":"MongoDB Connected: ac-xdpuchx-shard-00-02.tvoe17p.mongodb.net","service":"research-mgmt-api","timestamp":"2025-04-09 16:32:56.705"}
{"level":"info","message":"✅ MongoDB connection established successfully","service":"research-mgmt-api","timestamp":"2025-04-09 16:32:56.705"}
{"level":"info","message":"🚀 Server running on port 300000","service":"research-mgmt-api","timestamp":"2025-04-09 16:32:56.710"}
{"level":"info","message":"Attempting to connect to MongoDB database","service":"research-mgmt-api","timestamp":"2025-04-09 16:33:00.290"}
{"level":"info","message":"Attempting to connect to MongoDB...","service":"research-mgmt-api","timestamp":"2025-04-09 16:33:00.291"}
{"level":"info","message":"Attempting to connect to MongoDB database","service":"research-mgmt-api","timestamp":"2025-04-09 16:33:00.991"}
{"level":"info","message":"Attempting to connect to MongoDB...","service":"research-mgmt-api","timestamp":"2025-04-09 16:33:00.992"}
{"level":"info","message":"MongoDB Connected: ac-xdpuchx-shard-00-00.tvoe17p.mongodb.net","service":"research-mgmt-api","timestamp":"2025-04-09 16:33:01.611"}
{"level":"info","message":"✅ MongoDB connection established successfully","service":"research-mgmt-api","timestamp":"2025-04-09 16:33:01.612"}
{"level":"info","message":"🚀 Server running on port 300000","service":"research-mgmt-api","timestamp":"2025-04-09 16:33:01.616"}
{"level":"info","message":"HTTP GET /api/auth/raw-profile - 200 (1ms)","service":"research-mgmt-api","timestamp":"2025-04-09 16:33:35.093"}
{"level":"info","message":"Attempting to connect to MongoDB database","service":"research-mgmt-api","timestamp":"2025-04-09 16:33:50.189"}
{"level":"info","message":"Attempting to connect to MongoDB...","service":"research-mgmt-api","timestamp":"2025-04-09 16:33:50.190"}
{"level":"info","message":"MongoDB Connected: ac-xdpuchx-shard-00-02.tvoe17p.mongodb.net","service":"research-mgmt-api","timestamp":"2025-04-09 16:33:50.907"}
{"level":"info","message":"✅ MongoDB connection established successfully","service":"research-mgmt-api","timestamp":"2025-04-09 16:33:50.907"}
{"level":"info","message":"🚀 Server running on port 300000","service":"research-mgmt-api","timestamp":"2025-04-09 16:33:50.911"}
{"level":"info","message":"Attempting to connect to MongoDB database","service":"research-mgmt-api","timestamp":"2025-04-09 16:33:52.902"}
{"level":"info","message":"Attempting to connect to MongoDB...","service":"research-mgmt-api","timestamp":"2025-04-09 16:33:52.903"}
{"level":"info","message":"Attempting to connect to MongoDB database","service":"research-mgmt-api","timestamp":"2025-04-09 16:33:53.721"}
{"level":"info","message":"Attempting to connect to MongoDB...","service":"research-mgmt-api","timestamp":"2025-04-09 16:33:53.722"}
{"level":"info","message":"MongoDB Connected: ac-xdpuchx-shard-00-00.tvoe17p.mongodb.net","service":"research-mgmt-api","timestamp":"2025-04-09 16:33:54.438"}
{"level":"info","message":"✅ MongoDB connection established successfully","service":"research-mgmt-api","timestamp":"2025-04-09 16:33:54.439"}
{"level":"info","message":"🚀 Server running on port 300000","service":"research-mgmt-api","timestamp":"2025-04-09 16:33:54.443"}
{"level":"info","message":"HTTP GET /api/auth/profile - 200 (2ms)","service":"research-mgmt-api","timestamp":"2025-04-09 16:34:23.121"}
{"level":"error","message":"HTTP GET /placeholder/500/300 - 404 (0ms) Error: Route not found","service":"research-mgmt-api","timestamp":"2025-04-09 16:36:10.875"}
{"level":"error","message":"HTTP GET /placeholder/400/250 - 404 (0ms) Error: Route not found","service":"research-mgmt-api","timestamp":"2025-04-09 16:36:10.876"}
{"level":"error","message":"HTTP GET /placeholder/500/300 - 404 (0ms) Error: Route not found","service":"research-mgmt-api","timestamp":"2025-04-09 16:36:10.984"}
{"level":"error","message":"HTTP GET /placeholder/400/250 - 404 (0ms) Error: Route not found","service":"research-mgmt-api","timestamp":"2025-04-09 16:36:10.984"}
{"level":"info","message":"Attempting to connect to MongoDB database","service":"research-mgmt-api","timestamp":"2025-04-09 16:38:29.064"}
{"level":"info","message":"Attempting to connect to MongoDB...","service":"research-mgmt-api","timestamp":"2025-04-09 16:38:29.065"}
{"level":"info","message":"MongoDB Connected: ac-xdpuchx-shard-00-00.tvoe17p.mongodb.net","service":"research-mgmt-api","timestamp":"2025-04-09 16:38:29.708"}
{"level":"info","message":"✅ MongoDB connection established successfully","service":"research-mgmt-api","timestamp":"2025-04-09 16:38:29.708"}
{"level":"info","message":"🚀 Server running on port 300000","service":"research-mgmt-api","timestamp":"2025-04-09 16:38:29.712"}
{"external":"28 MB","heapTotal":"28 MB","heapUsed":"50 MB","level":"info","message":"Memory usage stats:","rss":"208 MB","service":"research-mgmt-api","timestamp":"2025-04-09 16:43:29.071"}
{"level":"info","message":"MongoDB connection state: 1","service":"research-mgmt-api","timestamp":"2025-04-09 16:44:38.176"}
{"level":"info","message":"Login attempt for user: teststudent@example.com","service":"research-mgmt-api","timestamp":"2025-04-09 16:44:38.176"}
{"level":"info","message":"Verifying password for user: teststudent@example.com","service":"research-mgmt-api","timestamp":"2025-04-09 16:44:38.233"}
{"level":"warn","message":"Login failed: Invalid password for user teststudent@example.com","service":"research-mgmt-api","timestamp":"2025-04-09 16:44:38.249"}
{"level":"error","message":"Login error: Invalid email or password","name":"UnauthorizedError","service":"research-mgmt-api","stack":"UnauthorizedError: Invalid email or password\n    at new UnauthorizedError (/home/swadhin/r/server/src/utils/errors.js:22:5)\n    at <anonymous> (/home/swadhin/r/server/src/controllers/authController.js:317:17)\n    at processTicksAndRejections (native:7:39)","status":401,"timestamp":"2025-04-09 16:44:38.250"}
{"level":"error","message":"HTTP POST /api/auth/login - 401 (75ms) Error: Invalid email or password","service":"research-mgmt-api","timestamp":"2025-04-09 16:44:38.250"}
{"level":"info","message":"MongoDB connection state: 1","service":"research-mgmt-api","timestamp":"2025-04-09 16:44:47.418"}
{"function":"registerUser","level":"info","message":"MongoDB connection verified","service":"research-mgmt-api","state":1,"timestamp":"2025-04-09 16:44:47.418"}
{"function":"registerUser","level":"info","message":"Argon2 hashing verified","service":"research-mgmt-api","success":true,"timestamp":"2025-04-09 16:44:47.434"}
{"level":"info","message":"Checking for existing user with email: teststudent3@example.com","service":"research-mgmt-api","timestamp":"2025-04-09 16:44:47.434"}
{"level":"warn","message":"Email already registered: teststudent3@example.com","service":"research-mgmt-api","timestamp":"2025-04-09 16:44:47.486"}
{"error":"Email already registered","function":"registerUser","level":"error","message":"Registration error","requestBody":{"department":"Computer Science","email":"teststudent3@example.com","fullName":"Test User","password":"Test@123","role":"student"},"service":"research-mgmt-api","stack":"ConflictError: Email already registered\n    at new ConflictError (/home/swadhin/r/server/src/utils/errors.js:58:5)\n    at <anonymous> (/home/swadhin/r/server/src/controllers/authController.js:107:17)\n    at processTicksAndRejections (native:7:39)","timestamp":"2025-04-09 16:44:47.486"}
{"level":"error","message":"HTTP POST /api/auth/register - 409 (70ms) Error: Email already registered","service":"research-mgmt-api","timestamp":"2025-04-09 16:44:47.487"}
{"level":"info","message":"MongoDB connection state: 1","service":"research-mgmt-api","timestamp":"2025-04-09 16:44:53.240"}
{"level":"info","message":"Login attempt for user: teststudent2@example.com","service":"research-mgmt-api","timestamp":"2025-04-09 16:44:53.240"}
{"level":"info","message":"Verifying password for user: teststudent2@example.com","service":"research-mgmt-api","timestamp":"2025-04-09 16:44:53.291"}
{"level":"warn","message":"Login failed: Invalid password for user teststudent2@example.com","service":"research-mgmt-api","timestamp":"2025-04-09 16:44:53.308"}
{"level":"error","message":"Login error: Invalid email or password","name":"UnauthorizedError","service":"research-mgmt-api","stack":"UnauthorizedError: Invalid email or password\n    at new UnauthorizedError (/home/swadhin/r/server/src/utils/errors.js:22:5)\n    at <anonymous> (/home/swadhin/r/server/src/controllers/authController.js:317:17)\n    at processTicksAndRejections (native:7:39)","status":401,"timestamp":"2025-04-09 16:44:53.308"}
{"level":"error","message":"HTTP POST /api/auth/login - 401 (68ms) Error: Invalid email or password","service":"research-mgmt-api","timestamp":"2025-04-09 16:44:53.308"}
{"level":"info","message":"MongoDB connection state: 1","service":"research-mgmt-api","timestamp":"2025-04-09 16:44:59.814"}
{"function":"registerUser","level":"info","message":"MongoDB connection verified","service":"research-mgmt-api","state":1,"timestamp":"2025-04-09 16:44:59.814"}
{"function":"registerUser","level":"info","message":"Argon2 hashing verified","service":"research-mgmt-api","success":true,"timestamp":"2025-04-09 16:44:59.829"}
{"level":"info","message":"Checking for existing user with email: teststudent4@example.com","service":"research-mgmt-api","timestamp":"2025-04-09 16:44:59.830"}
{"level":"info","message":"No existing user found with email: teststudent4@example.com. Proceeding with registration.","service":"research-mgmt-api","timestamp":"2025-04-09 16:44:59.880"}
{"level":"info","message":"Creating new user object for: teststudent4@example.com","service":"research-mgmt-api","timestamp":"2025-04-09 16:44:59.880"}
{"level":"info","message":"Saving user to database: teststudent4@example.com","service":"research-mgmt-api","timestamp":"2025-04-09 16:44:59.883"}
{"level":"info","message":"User successfully saved. ID: 67f64fab0af00c1d2fd7c3c5, Email: teststudent4@example.com","service":"research-mgmt-api","timestamp":"2025-04-09 16:44:59.973"}
{"level":"info","message":"Creating student profile with ID: STU000005","service":"research-mgmt-api","timestamp":"2025-04-09 16:45:00.024"}
{"level":"info","message":"Student profile created successfully: STU000005","service":"research-mgmt-api","timestamp":"2025-04-09 16:45:00.079"}
{"email":"teststudent4@example.com","function":"registerUser","level":"info","message":"New user registered successfully","role":"student","service":"research-mgmt-api","timestamp":"2025-04-09 16:45:00.081","userId":"67f64fab0af00c1d2fd7c3c5"}
{"level":"info","message":"HTTP POST /api/auth/register - 201 (267ms)","service":"research-mgmt-api","timestamp":"2025-04-09 16:45:00.081"}
{"level":"info","message":"HTTP GET /api/auth/profile - 200 (2ms)","service":"research-mgmt-api","timestamp":"2025-04-09 16:45:07.596"}
{"level":"info","message":"Attempting to connect to MongoDB database","service":"research-mgmt-api","timestamp":"2025-04-09 16:50:30.880"}
{"level":"info","message":"Attempting to connect to MongoDB...","service":"research-mgmt-api","timestamp":"2025-04-09 16:50:30.881"}
{"level":"info","message":"MongoDB Connected: ac-xdpuchx-shard-00-00.tvoe17p.mongodb.net","service":"research-mgmt-api","timestamp":"2025-04-09 16:50:31.598"}
{"level":"info","message":"✅ MongoDB connection established successfully","service":"research-mgmt-api","timestamp":"2025-04-09 16:50:31.598"}
{"level":"info","message":"🚀 Server running on port 300000","service":"research-mgmt-api","timestamp":"2025-04-09 16:50:31.604"}
{"level":"info","message":"HTTP GET / - 200 (0ms)","service":"research-mgmt-api","timestamp":"2025-04-09 16:50:42.212"}
{"level":"error","message":"HTTP GET /favicon.ico - 404 (0ms) Error: Route not found","service":"research-mgmt-api","timestamp":"2025-04-09 16:50:42.518"}
{"level":"info","message":"MongoDB connection state: 1","service":"research-mgmt-api","timestamp":"2025-04-09 16:50:57.126"}
{"level":"info","message":"Login attempt for user: teststudent4@example.com","service":"research-mgmt-api","timestamp":"2025-04-09 16:50:57.126"}
{"level":"info","message":"Verifying password for user: teststudent4@example.com","service":"research-mgmt-api","timestamp":"2025-04-09 16:50:57.182"}
{"level":"warn","message":"Login failed: Invalid password for user teststudent4@example.com","service":"research-mgmt-api","timestamp":"2025-04-09 16:50:57.201"}
{"level":"error","message":"Login error: Invalid email or password","name":"UnauthorizedError","service":"research-mgmt-api","stack":"UnauthorizedError: Invalid email or password\n    at new UnauthorizedError (/home/swadhin/r/server/src/utils/errors.js:22:5)\n    at <anonymous> (/home/swadhin/r/server/src/controllers/authController.js:317:17)\n    at processTicksAndRejections (native:7:39)","status":401,"timestamp":"2025-04-09 16:50:57.201"}
{"level":"error","message":"HTTP POST /api/auth/login - 401 (77ms) Error: Invalid email or password","service":"research-mgmt-api","timestamp":"2025-04-09 16:50:57.201"}
{"level":"info","message":"MongoDB connection state: 1","service":"research-mgmt-api","timestamp":"2025-04-09 16:51:18.472"}
{"level":"info","message":"Login attempt for user: teststudent4@example.com","service":"research-mgmt-api","timestamp":"2025-04-09 16:51:18.473"}
{"level":"info","message":"Verifying password for user: teststudent4@example.com","service":"research-mgmt-api","timestamp":"2025-04-09 16:51:18.525"}
{"level":"warn","message":"Login failed: Invalid password for user teststudent4@example.com","service":"research-mgmt-api","timestamp":"2025-04-09 16:51:18.541"}
{"level":"error","message":"Login error: Invalid email or password","name":"UnauthorizedError","service":"research-mgmt-api","stack":"UnauthorizedError: Invalid email or password\n    at new UnauthorizedError (/home/swadhin/r/server/src/utils/errors.js:22:5)\n    at <anonymous> (/home/swadhin/r/server/src/controllers/authController.js:317:17)\n    at processTicksAndRejections (native:7:39)","status":401,"timestamp":"2025-04-09 16:51:18.542"}
{"level":"error","message":"HTTP POST /api/auth/login - 401 (70ms) Error: Invalid email or password","service":"research-mgmt-api","timestamp":"2025-04-09 16:51:18.542"}
{"level":"info","message":"MongoDB connection state: 1","service":"research-mgmt-api","timestamp":"2025-04-09 16:51:35.971"}
{"level":"info","message":"Login attempt for user: teststudent4@example.com","service":"research-mgmt-api","timestamp":"2025-04-09 16:51:35.971"}
{"level":"info","message":"Verifying password for user: teststudent4@example.com","service":"research-mgmt-api","timestamp":"2025-04-09 16:51:36.023"}
{"level":"warn","message":"Login failed: Invalid password for user teststudent4@example.com","service":"research-mgmt-api","timestamp":"2025-04-09 16:51:36.039"}
{"level":"error","message":"Login error: Invalid email or password","name":"UnauthorizedError","service":"research-mgmt-api","stack":"UnauthorizedError: Invalid email or password\n    at new UnauthorizedError (/home/swadhin/r/server/src/utils/errors.js:22:5)\n    at <anonymous> (/home/swadhin/r/server/src/controllers/authController.js:317:17)\n    at processTicksAndRejections (native:7:39)","status":401,"timestamp":"2025-04-09 16:51:36.039"}
{"level":"error","message":"HTTP POST /api/auth/login - 401 (68ms) Error: Invalid email or password","service":"research-mgmt-api","timestamp":"2025-04-09 16:51:36.039"}
{"level":"info","message":"MongoDB connection state: 1","service":"research-mgmt-api","timestamp":"2025-04-09 16:54:03.072"}
{"level":"info","message":"Login attempt for user: teststudent4@example.com","service":"research-mgmt-api","timestamp":"2025-04-09 16:54:03.072"}
{"level":"info","message":"Verifying password for user: teststudent4@example.com","service":"research-mgmt-api","timestamp":"2025-04-09 16:54:03.124"}
{"level":"warn","message":"Login failed: Invalid password for user teststudent4@example.com","service":"research-mgmt-api","timestamp":"2025-04-09 16:54:03.140"}
{"level":"error","message":"Login error: Invalid email or password","name":"UnauthorizedError","service":"research-mgmt-api","stack":"UnauthorizedError: Invalid email or password\n    at new UnauthorizedError (/home/swadhin/r/server/src/utils/errors.js:22:5)\n    at <anonymous> (/home/swadhin/r/server/src/controllers/authController.js:317:17)\n    at processTicksAndRejections (native:7:39)","status":401,"timestamp":"2025-04-09 16:54:03.140"}
{"level":"error","message":"HTTP POST /api/auth/login - 401 (69ms) Error: Invalid email or password","service":"research-mgmt-api","timestamp":"2025-04-09 16:54:03.141"}
{"external":"29 MB","heapTotal":"28 MB","heapUsed":"52 MB","level":"info","message":"Memory usage stats:","rss":"212 MB","service":"research-mgmt-api","timestamp":"2025-04-09 16:55:30.889"}
{"level":"info","message":"MongoDB connection state: 1","service":"research-mgmt-api","timestamp":"2025-04-09 16:56:22.606"}
{"level":"info","message":"Login attempt for user: teststudent4@example.com","service":"research-mgmt-api","timestamp":"2025-04-09 16:56:22.606"}
{"level":"info","message":"Verifying password for user: teststudent4@example.com","service":"research-mgmt-api","timestamp":"2025-04-09 16:56:22.658"}
{"level":"warn","message":"Login failed: Invalid password for user teststudent4@example.com","service":"research-mgmt-api","timestamp":"2025-04-09 16:56:22.677"}
{"level":"error","message":"Login error: Invalid email or password","name":"UnauthorizedError","service":"research-mgmt-api","stack":"UnauthorizedError: Invalid email or password\n    at new UnauthorizedError (/home/swadhin/r/server/src/utils/errors.js:22:5)\n    at <anonymous> (/home/swadhin/r/server/src/controllers/authController.js:317:17)\n    at processTicksAndRejections (native:7:39)","status":401,"timestamp":"2025-04-09 16:56:22.677"}
{"level":"error","message":"HTTP POST /api/auth/login - 401 (71ms) Error: Invalid email or password","service":"research-mgmt-api","timestamp":"2025-04-09 16:56:22.677"}
{"level":"info","message":"MongoDB connection state: 1","service":"research-mgmt-api","timestamp":"2025-04-09 16:57:00.206"}
{"function":"registerUser","level":"info","message":"MongoDB connection verified","service":"research-mgmt-api","state":1,"timestamp":"2025-04-09 16:57:00.206"}
{"function":"registerUser","level":"info","message":"Argon2 hashing verified","service":"research-mgmt-api","success":true,"timestamp":"2025-04-09 16:57:00.225"}
{"level":"info","message":"Checking for existing user with email: teststudent1@gmail.com","service":"research-mgmt-api","timestamp":"2025-04-09 16:57:00.225"}
{"level":"info","message":"No existing user found with email: teststudent1@gmail.com. Proceeding with registration.","service":"research-mgmt-api","timestamp":"2025-04-09 16:57:00.276"}
{"level":"info","message":"Creating new user object for: teststudent1@gmail.com","service":"research-mgmt-api","timestamp":"2025-04-09 16:57:00.277"}
{"level":"info","message":"Saving user to database: teststudent1@gmail.com","service":"research-mgmt-api","timestamp":"2025-04-09 16:57:00.278"}
{"level":"info","message":"User successfully saved. ID: 67f6527cb735cb94e0ca95b4, Email: teststudent1@gmail.com","service":"research-mgmt-api","timestamp":"2025-04-09 16:57:00.356"}
{"level":"info","message":"Creating student profile with ID: STU000006","service":"research-mgmt-api","timestamp":"2025-04-09 16:57:00.408"}
{"level":"info","message":"Student profile created successfully: STU000006","service":"research-mgmt-api","timestamp":"2025-04-09 16:57:00.462"}
{"email":"teststudent1@gmail.com","function":"registerUser","level":"info","message":"New user registered successfully","role":"student","service":"research-mgmt-api","timestamp":"2025-04-09 16:57:00.463","userId":"67f6527cb735cb94e0ca95b4"}
{"level":"info","message":"HTTP POST /api/auth/register - 201 (259ms)","service":"research-mgmt-api","timestamp":"2025-04-09 16:57:00.463"}
{"level":"info","message":"HTTP GET /notifications - 200 (0ms)","service":"research-mgmt-api","timestamp":"2025-04-09 16:57:00.502"}
{"level":"info","message":"HTTP GET /notifications/unread/count - 200 (0ms)","service":"research-mgmt-api","timestamp":"2025-04-09 16:57:00.504"}
{"level":"info","message":"HTTP GET /api/dashboard/student - 200 (0ms)","service":"research-mgmt-api","timestamp":"2025-04-09 16:57:00.605"}
{"level":"info","message":"MongoDB connection state: 1","service":"research-mgmt-api","timestamp":"2025-04-09 16:57:15.079"}
{"level":"info","message":"Login attempt for user: teststudent1@gmail.com","service":"research-mgmt-api","timestamp":"2025-04-09 16:57:15.080"}
{"level":"info","message":"Verifying password for user: teststudent1@gmail.com","service":"research-mgmt-api","timestamp":"2025-04-09 16:57:15.131"}
{"level":"info","message":"Login successful for user: teststudent1@gmail.com","service":"research-mgmt-api","timestamp":"2025-04-09 16:57:15.150"}
{"level":"info","message":"HTTP POST /api/auth/login - 200 (71ms)","service":"research-mgmt-api","timestamp":"2025-04-09 16:57:15.151"}
{"level":"info","message":"HTTP GET /notifications - 200 (0ms)","service":"research-mgmt-api","timestamp":"2025-04-09 16:57:15.182"}
{"level":"info","message":"HTTP GET /notifications/unread/count - 200 (0ms)","service":"research-mgmt-api","timestamp":"2025-04-09 16:57:15.184"}
{"level":"info","message":"HTTP GET /notifications - 200 (0ms)","service":"research-mgmt-api","timestamp":"2025-04-09 16:57:18.633"}
{"level":"info","message":"HTTP GET /notifications/unread/count - 200 (0ms)","service":"research-mgmt-api","timestamp":"2025-04-09 16:57:18.634"}
{"level":"info","message":"HTTP GET /api/dashboard/student - 200 (0ms)","service":"research-mgmt-api","timestamp":"2025-04-09 16:57:18.929"}
{"level":"info","message":"HTTP GET /notifications - 200 (0ms)","service":"research-mgmt-api","timestamp":"2025-04-09 16:58:24.178"}
{"level":"info","message":"HTTP GET /notifications/unread/count - 200 (0ms)","service":"research-mgmt-api","timestamp":"2025-04-09 16:58:24.179"}
{"external":"23 MB","heapTotal":"27 MB","heapUsed":"42 MB","level":"info","message":"Memory usage stats:","rss":"229 MB","service":"research-mgmt-api","timestamp":"2025-04-09 17:00:30.889"}
{"level":"info","message":"HTTP GET /notifications - 200 (0ms)","service":"research-mgmt-api","timestamp":"2025-04-09 17:01:15.539"}
{"level":"info","message":"HTTP GET /notifications/unread/count - 200 (0ms)","service":"research-mgmt-api","timestamp":"2025-04-09 17:01:15.542"}
{"level":"info","message":"HTTP GET /notifications - 200 (0ms)","service":"research-mgmt-api","timestamp":"2025-04-09 17:02:22.061"}
{"level":"info","message":"HTTP GET /notifications/unread/count - 200 (0ms)","service":"research-mgmt-api","timestamp":"2025-04-09 17:02:22.062"}
{"level":"info","message":"HTTP GET /notifications - 200 (0ms)","service":"research-mgmt-api","timestamp":"2025-04-09 17:03:01.589"}
{"level":"info","message":"HTTP GET /notifications/unread/count - 200 (0ms)","service":"research-mgmt-api","timestamp":"2025-04-09 17:03:01.590"}
{"level":"error","message":"HTTP GET /api/student/teams - 404 (0ms) Error: Route not found","service":"research-mgmt-api","timestamp":"2025-04-09 17:03:01.881"}
{"level":"error","message":"HTTP GET /api/student/invitations - 404 (0ms) Error: Route not found","service":"research-mgmt-api","timestamp":"2025-04-09 17:03:01.882"}
{"level":"error","message":"HTTP GET /api/student/teams - 404 (0ms) Error: Route not found","service":"research-mgmt-api","timestamp":"2025-04-09 17:03:02.897"}
{"level":"error","message":"HTTP GET /api/student/invitations - 404 (0ms) Error: Route not found","service":"research-mgmt-api","timestamp":"2025-04-09 17:03:02.908"}
{"level":"error","message":"HTTP GET /api/student/teams - 404 (0ms) Error: Route not found","service":"research-mgmt-api","timestamp":"2025-04-09 17:03:04.901"}
{"level":"error","message":"HTTP GET /api/student/invitations - 404 (0ms) Error: Route not found","service":"research-mgmt-api","timestamp":"2025-04-09 17:03:04.912"}
{"level":"info","message":"HTTP GET /notifications - 200 (0ms)","service":"research-mgmt-api","timestamp":"2025-04-09 17:03:14.588"}
{"level":"info","message":"HTTP GET /notifications/unread/count - 200 (0ms)","service":"research-mgmt-api","timestamp":"2025-04-09 17:03:14.589"}
{"level":"error","message":"HTTP GET /api/student/teams - 404 (0ms) Error: Route not found","service":"research-mgmt-api","timestamp":"2025-04-09 17:03:14.881"}
{"level":"error","message":"HTTP GET /api/student/invitations - 404 (0ms) Error: Route not found","service":"research-mgmt-api","timestamp":"2025-04-09 17:03:14.882"}
{"level":"error","message":"HTTP GET /api/student/teams - 404 (0ms) Error: Route not found","service":"research-mgmt-api","timestamp":"2025-04-09 17:03:15.899"}
{"level":"error","message":"HTTP GET /api/student/invitations - 404 (0ms) Error: Route not found","service":"research-mgmt-api","timestamp":"2025-04-09 17:03:15.909"}
{"level":"error","message":"HTTP GET /api/student/teams - 404 (0ms) Error: Route not found","service":"research-mgmt-api","timestamp":"2025-04-09 17:03:17.904"}
{"level":"error","message":"HTTP GET /api/student/invitations - 404 (0ms) Error: Route not found","service":"research-mgmt-api","timestamp":"2025-04-09 17:03:17.914"}
{"level":"info","message":"HTTP GET /notifications - 200 (0ms)","service":"research-mgmt-api","timestamp":"2025-04-09 17:04:37.953"}
{"level":"info","message":"HTTP GET /notifications/unread/count - 200 (0ms)","service":"research-mgmt-api","timestamp":"2025-04-09 17:04:37.954"}
{"level":"error","message":"HTTP GET /api/student/teams - 404 (0ms) Error: Route not found","service":"research-mgmt-api","timestamp":"2025-04-09 17:04:38.185"}
{"level":"error","message":"HTTP GET /api/student/invitations - 404 (0ms) Error: Route not found","service":"research-mgmt-api","timestamp":"2025-04-09 17:04:38.187"}
{"level":"error","message":"HTTP GET /api/student/teams - 404 (0ms) Error: Route not found","service":"research-mgmt-api","timestamp":"2025-04-09 17:04:39.202"}
{"level":"error","message":"HTTP GET /api/student/invitations - 404 (0ms) Error: Route not found","service":"research-mgmt-api","timestamp":"2025-04-09 17:04:39.222"}
{"level":"error","message":"HTTP GET /api/student/teams - 404 (0ms) Error: Route not found","service":"research-mgmt-api","timestamp":"2025-04-09 17:04:41.208"}
{"level":"error","message":"HTTP GET /api/student/invitations - 404 (0ms) Error: Route not found","service":"research-mgmt-api","timestamp":"2025-04-09 17:04:41.226"}
{"level":"error","message":"HTTP POST /api/student/teams - 404 (0ms) Error: Route not found","service":"research-mgmt-api","timestamp":"2025-04-09 17:04:47.343"}
{"level":"error","message":"HTTP GET /student/team-chat - 404 (0ms) Error: Route not found","service":"research-mgmt-api","timestamp":"2025-04-09 17:05:12.242"}
{"level":"error","message":"HTTP GET /student/team-chat - 404 (0ms) Error: Route not found","service":"research-mgmt-api","timestamp":"2025-04-09 17:05:13.248"}
{"level":"error","message":"HTTP GET /api/students/results - 404 (0ms) Error: Route not found","service":"research-mgmt-api","timestamp":"2025-04-09 17:05:14.770"}
{"level":"info","message":"HTTP GET /api/dashboard/student - 200 (0ms)","service":"research-mgmt-api","timestamp":"2025-04-09 17:05:16.496"}
{"external":"24 MB","heapTotal":"27 MB","heapUsed":"43 MB","level":"info","message":"Memory usage stats:","rss":"231 MB","service":"research-mgmt-api","timestamp":"2025-04-09 17:05:30.890"}
{"level":"error","message":"HTTP GET /api/student/teams - 404 (0ms) Error: Route not found","service":"research-mgmt-api","timestamp":"2025-04-09 17:08:00.552"}
{"level":"error","message":"HTTP GET /api/student/invitations - 404 (0ms) Error: Route not found","service":"research-mgmt-api","timestamp":"2025-04-09 17:08:00.554"}
{"level":"error","message":"HTTP GET /api/student/teams - 404 (0ms) Error: Route not found","service":"research-mgmt-api","timestamp":"2025-04-09 17:08:01.566"}
{"level":"error","message":"HTTP GET /api/student/invitations - 404 (0ms) Error: Route not found","service":"research-mgmt-api","timestamp":"2025-04-09 17:08:01.567"}
{"level":"error","message":"HTTP GET /api/student/teams - 404 (0ms) Error: Route not found","service":"research-mgmt-api","timestamp":"2025-04-09 17:08:03.571"}
{"level":"error","message":"HTTP GET /api/student/invitations - 404 (0ms) Error: Route not found","service":"research-mgmt-api","timestamp":"2025-04-09 17:08:03.581"}
{"level":"info","message":"Attempting to connect to MongoDB database","service":"research-mgmt-api","timestamp":"2025-04-09 17:08:09.864"}
{"level":"info","message":"Attempting to connect to MongoDB...","service":"research-mgmt-api","timestamp":"2025-04-09 17:08:09.865"}
{"level":"info","message":"MongoDB Connected: ac-xdpuchx-shard-00-01.tvoe17p.mongodb.net","service":"research-mgmt-api","timestamp":"2025-04-09 17:08:10.668"}
{"level":"info","message":"✅ MongoDB connection established successfully","service":"research-mgmt-api","timestamp":"2025-04-09 17:08:10.669"}
{"level":"info","message":"🚀 Server running on port 300000","service":"research-mgmt-api","timestamp":"2025-04-09 17:08:10.673"}
{"level":"info","message":"Attempting to connect to MongoDB database","service":"research-mgmt-api","timestamp":"2025-04-09 17:08:39.482"}
{"level":"info","message":"Attempting to connect to MongoDB...","service":"research-mgmt-api","timestamp":"2025-04-09 17:08:39.483"}
{"level":"info","message":"MongoDB Connected: ac-xdpuchx-shard-00-01.tvoe17p.mongodb.net","service":"research-mgmt-api","timestamp":"2025-04-09 17:08:40.090"}
{"level":"info","message":"✅ MongoDB connection established successfully","service":"research-mgmt-api","timestamp":"2025-04-09 17:08:40.090"}
{"level":"info","message":"🚀 Server running on port 300000","service":"research-mgmt-api","timestamp":"2025-04-09 17:08:40.095"}
{"level":"info","message":"Attempting to connect to MongoDB database","service":"research-mgmt-api","timestamp":"2025-04-09 17:08:40.621"}
{"level":"info","message":"Attempting to connect to MongoDB...","service":"research-mgmt-api","timestamp":"2025-04-09 17:08:40.622"}
{"level":"info","message":"MongoDB Connected: ac-xdpuchx-shard-00-00.tvoe17p.mongodb.net","service":"research-mgmt-api","timestamp":"2025-04-09 17:08:41.237"}
{"level":"info","message":"✅ MongoDB connection established successfully","service":"research-mgmt-api","timestamp":"2025-04-09 17:08:41.237"}
{"level":"info","message":"🚀 Server running on port 300000","service":"research-mgmt-api","timestamp":"2025-04-09 17:08:41.241"}
{"level":"info","message":"HTTP GET /notifications - 200 (0ms)","service":"research-mgmt-api","timestamp":"2025-04-09 17:09:27.973"}
{"level":"info","message":"HTTP GET /notifications/unread/count - 200 (0ms)","service":"research-mgmt-api","timestamp":"2025-04-09 17:09:27.975"}
{"level":"info","message":"HTTP GET /notifications - 200 (0ms)","service":"research-mgmt-api","timestamp":"2025-04-09 17:09:28.702"}
{"level":"info","message":"HTTP GET /notifications/unread/count - 200 (0ms)","service":"research-mgmt-api","timestamp":"2025-04-09 17:09:28.703"}
{"level":"error","message":"HTTP GET /api/student/teams - 404 (0ms) Error: Route not found","service":"research-mgmt-api","timestamp":"2025-04-09 17:09:28.991"}
{"level":"error","message":"HTTP GET /api/student/invitations - 404 (0ms) Error: Route not found","service":"research-mgmt-api","timestamp":"2025-04-09 17:09:28.992"}
{"level":"error","message":"HTTP GET /api/student/teams - 404 (0ms) Error: Route not found","service":"research-mgmt-api","timestamp":"2025-04-09 17:09:30.007"}
{"level":"error","message":"HTTP GET /api/student/invitations - 404 (0ms) Error: Route not found","service":"research-mgmt-api","timestamp":"2025-04-09 17:09:30.008"}
{"level":"error","message":"HTTP GET /api/student/teams - 404 (0ms) Error: Route not found","service":"research-mgmt-api","timestamp":"2025-04-09 17:09:32.012"}
{"level":"error","message":"HTTP GET /api/student/invitations - 404 (0ms) Error: Route not found","service":"research-mgmt-api","timestamp":"2025-04-09 17:09:32.022"}
{"level":"info","message":"HTTP GET /notifications - 200 (0ms)","service":"research-mgmt-api","timestamp":"2025-04-09 17:13:34.700"}
{"level":"info","message":"HTTP GET /notifications/unread/count - 200 (0ms)","service":"research-mgmt-api","timestamp":"2025-04-09 17:13:34.700"}
{"level":"error","message":"HTTP GET /api/student/teams - 404 (0ms) Error: Route not found","service":"research-mgmt-api","timestamp":"2025-04-09 17:13:34.912"}
{"level":"error","message":"HTTP GET /api/student/invitations - 404 (0ms) Error: Route not found","service":"research-mgmt-api","timestamp":"2025-04-09 17:13:34.913"}
{"level":"info","message":"HTTP GET /notifications - 200 (0ms)","service":"research-mgmt-api","timestamp":"2025-04-09 17:13:36.053"}
{"level":"info","message":"HTTP GET /notifications/unread/count - 200 (0ms)","service":"research-mgmt-api","timestamp":"2025-04-09 17:13:36.054"}
{"level":"error","message":"HTTP GET /api/student/teams - 404 (0ms) Error: Route not found","service":"research-mgmt-api","timestamp":"2025-04-09 17:13:36.344"}
{"level":"error","message":"HTTP GET /api/student/invitations - 404 (0ms) Error: Route not found","service":"research-mgmt-api","timestamp":"2025-04-09 17:13:36.345"}
{"level":"error","message":"HTTP GET /api/student/teams - 404 (0ms) Error: Route not found","service":"research-mgmt-api","timestamp":"2025-04-09 17:13:37.357"}
{"level":"error","message":"HTTP GET /api/student/invitations - 404 (0ms) Error: Route not found","service":"research-mgmt-api","timestamp":"2025-04-09 17:13:37.383"}
{"level":"error","message":"HTTP GET /api/student/teams - 404 (0ms) Error: Route not found","service":"research-mgmt-api","timestamp":"2025-04-09 17:13:39.362"}
{"level":"error","message":"HTTP GET /api/student/invitations - 404 (0ms) Error: Route not found","service":"research-mgmt-api","timestamp":"2025-04-09 17:13:39.401"}
{"external":"29 MB","heapTotal":"28 MB","heapUsed":"51 MB","level":"info","message":"Memory usage stats:","rss":"207 MB","service":"research-mgmt-api","timestamp":"2025-04-09 17:13:40.629"}
{"level":"info","message":"HTTP GET /notifications - 200 (0ms)","service":"research-mgmt-api","timestamp":"2025-04-09 17:13:57.529"}
{"level":"info","message":"HTTP GET /notifications/unread/count - 200 (0ms)","service":"research-mgmt-api","timestamp":"2025-04-09 17:13:57.530"}
{"level":"error","message":"HTTP GET /api/student/teams - 404 (0ms) Error: Route not found","service":"research-mgmt-api","timestamp":"2025-04-09 17:13:57.823"}
{"level":"error","message":"HTTP GET /api/student/invitations - 404 (0ms) Error: Route not found","service":"research-mgmt-api","timestamp":"2025-04-09 17:13:57.824"}
{"level":"error","message":"HTTP GET /api/student/teams - 404 (0ms) Error: Route not found","service":"research-mgmt-api","timestamp":"2025-04-09 17:13:58.836"}
{"level":"error","message":"HTTP GET /api/student/invitations - 404 (0ms) Error: Route not found","service":"research-mgmt-api","timestamp":"2025-04-09 17:13:58.846"}
{"level":"error","message":"HTTP GET /api/student/teams - 404 (0ms) Error: Route not found","service":"research-mgmt-api","timestamp":"2025-04-09 17:14:00.841"}
{"level":"error","message":"HTTP GET /api/student/invitations - 404 (0ms) Error: Route not found","service":"research-mgmt-api","timestamp":"2025-04-09 17:14:00.857"}
{"level":"info","message":"HTTP GET /notifications - 200 (0ms)","service":"research-mgmt-api","timestamp":"2025-04-09 17:14:01.447"}
{"level":"info","message":"HTTP GET /notifications/unread/count - 200 (0ms)","service":"research-mgmt-api","timestamp":"2025-04-09 17:14:01.448"}
{"level":"error","message":"HTTP GET /api/student/teams - 404 (0ms) Error: Route not found","service":"research-mgmt-api","timestamp":"2025-04-09 17:14:01.734"}
{"level":"error","message":"HTTP GET /api/student/invitations - 404 (0ms) Error: Route not found","service":"research-mgmt-api","timestamp":"2025-04-09 17:14:01.736"}
{"level":"info","message":"HTTP GET /notifications - 200 (0ms)","service":"research-mgmt-api","timestamp":"2025-04-09 17:14:02.971"}
{"level":"info","message":"HTTP GET /notifications/unread/count - 200 (0ms)","service":"research-mgmt-api","timestamp":"2025-04-09 17:14:02.972"}
{"level":"error","message":"HTTP GET /api/student/teams - 404 (0ms) Error: Route not found","service":"research-mgmt-api","timestamp":"2025-04-09 17:14:03.259"}
{"level":"error","message":"HTTP GET /api/student/invitations - 404 (0ms) Error: Route not found","service":"research-mgmt-api","timestamp":"2025-04-09 17:14:03.260"}
{"level":"error","message":"HTTP GET /api/student/teams - 404 (0ms) Error: Route not found","service":"research-mgmt-api","timestamp":"2025-04-09 17:14:04.281"}
{"level":"error","message":"HTTP GET /api/student/invitations - 404 (0ms) Error: Route not found","service":"research-mgmt-api","timestamp":"2025-04-09 17:14:04.282"}
{"level":"error","message":"HTTP GET /api/student/teams - 404 (0ms) Error: Route not found","service":"research-mgmt-api","timestamp":"2025-04-09 17:14:06.287"}
{"level":"error","message":"HTTP GET /api/student/invitations - 404 (0ms) Error: Route not found","service":"research-mgmt-api","timestamp":"2025-04-09 17:14:06.288"}
{"level":"info","message":"HTTP GET /notifications - 200 (0ms)","service":"research-mgmt-api","timestamp":"2025-04-09 17:15:00.008"}
{"level":"info","message":"HTTP GET /notifications/unread/count - 200 (0ms)","service":"research-mgmt-api","timestamp":"2025-04-09 17:15:00.010"}
{"level":"error","message":"HTTP GET /api/student/teams - 404 (0ms) Error: Route not found","service":"research-mgmt-api","timestamp":"2025-04-09 17:15:00.303"}
{"level":"error","message":"HTTP GET /api/student/invitations - 404 (0ms) Error: Route not found","service":"research-mgmt-api","timestamp":"2025-04-09 17:15:00.305"}
{"level":"error","message":"HTTP GET /api/student/teams - 404 (0ms) Error: Route not found","service":"research-mgmt-api","timestamp":"2025-04-09 17:15:01.338"}
{"level":"error","message":"HTTP GET /api/student/invitations - 404 (0ms) Error: Route not found","service":"research-mgmt-api","timestamp":"2025-04-09 17:15:01.348"}
{"level":"info","message":"HTTP GET /notifications - 200 (0ms)","service":"research-mgmt-api","timestamp":"2025-04-09 17:15:02.775"}
{"level":"info","message":"HTTP GET /notifications/unread/count - 200 (0ms)","service":"research-mgmt-api","timestamp":"2025-04-09 17:15:02.775"}
{"level":"error","message":"HTTP GET /api/student/teams - 404 (0ms) Error: Route not found","service":"research-mgmt-api","timestamp":"2025-04-09 17:15:03.064"}
{"level":"error","message":"HTTP GET /api/student/invitations - 404 (0ms) Error: Route not found","service":"research-mgmt-api","timestamp":"2025-04-09 17:15:03.065"}
{"level":"error","message":"HTTP GET /api/student/teams - 404 (0ms) Error: Route not found","service":"research-mgmt-api","timestamp":"2025-04-09 17:15:04.082"}
{"level":"error","message":"HTTP GET /api/student/invitations - 404 (0ms) Error: Route not found","service":"research-mgmt-api","timestamp":"2025-04-09 17:15:04.083"}
{"level":"error","message":"HTTP GET /api/student/teams - 404 (0ms) Error: Route not found","service":"research-mgmt-api","timestamp":"2025-04-09 17:15:06.088"}
{"level":"error","message":"HTTP GET /api/student/invitations - 404 (0ms) Error: Route not found","service":"research-mgmt-api","timestamp":"2025-04-09 17:15:06.088"}
{"level":"info","message":"HTTP GET /notifications - 200 (0ms)","service":"research-mgmt-api","timestamp":"2025-04-09 17:15:12.399"}
{"level":"info","message":"HTTP GET /notifications/unread/count - 200 (0ms)","service":"research-mgmt-api","timestamp":"2025-04-09 17:15:12.400"}
{"level":"error","message":"HTTP GET /api/student/teams - 404 (0ms) Error: Route not found","service":"research-mgmt-api","timestamp":"2025-04-09 17:15:12.687"}
{"level":"error","message":"HTTP GET /api/student/invitations - 404 (0ms) Error: Route not found","service":"research-mgmt-api","timestamp":"2025-04-09 17:15:12.688"}
{"level":"error","message":"HTTP GET /api/student/teams - 404 (0ms) Error: Route not found","service":"research-mgmt-api","timestamp":"2025-04-09 17:15:13.705"}
{"level":"error","message":"HTTP GET /api/student/invitations - 404 (0ms) Error: Route not found","service":"research-mgmt-api","timestamp":"2025-04-09 17:15:13.705"}
{"level":"error","message":"HTTP GET /api/student/teams - 404 (0ms) Error: Route not found","service":"research-mgmt-api","timestamp":"2025-04-09 17:15:15.709"}
{"level":"error","message":"HTTP GET /api/student/invitations - 404 (0ms) Error: Route not found","service":"research-mgmt-api","timestamp":"2025-04-09 17:15:15.721"}
{"level":"info","message":"HTTP GET /notifications - 200 (0ms)","service":"research-mgmt-api","timestamp":"2025-04-09 17:15:17.788"}
{"level":"info","message":"HTTP GET /notifications/unread/count - 200 (0ms)","service":"research-mgmt-api","timestamp":"2025-04-09 17:15:17.788"}
{"level":"info","message":"HTTP GET /notifications - 200 (0ms)","service":"research-mgmt-api","timestamp":"2025-04-09 17:15:18.417"}
{"level":"info","message":"HTTP GET /notifications/unread/count - 200 (0ms)","service":"research-mgmt-api","timestamp":"2025-04-09 17:15:18.418"}
{"level":"error","message":"HTTP GET /api/student/teams - 404 (0ms) Error: Route not found","service":"research-mgmt-api","timestamp":"2025-04-09 17:15:18.709"}
{"level":"error","message":"HTTP GET /api/student/invitations - 404 (0ms) Error: Route not found","service":"research-mgmt-api","timestamp":"2025-04-09 17:15:18.710"}
{"level":"error","message":"HTTP GET /api/student/teams - 404 (0ms) Error: Route not found","service":"research-mgmt-api","timestamp":"2025-04-09 17:15:19.733"}
{"level":"error","message":"HTTP GET /api/student/invitations - 404 (0ms) Error: Route not found","service":"research-mgmt-api","timestamp":"2025-04-09 17:15:19.733"}
{"level":"error","message":"HTTP GET /api/student/teams - 404 (0ms) Error: Route not found","service":"research-mgmt-api","timestamp":"2025-04-09 17:15:21.737"}
{"level":"error","message":"HTTP GET /api/student/invitations - 404 (0ms) Error: Route not found","service":"research-mgmt-api","timestamp":"2025-04-09 17:15:21.753"}
{"error":"undefined is not an object (evaluating 'sandbox.event')","level":"error","location":"uncaughtException handler","message":"Uncaught Exception:","service":"research-mgmt-api","stack":"TypeError: undefined is not an object (evaluating 'sandbox.event')\n    at group (/home/swadhin/r/server/node_modules/elysia/src/index.ts:2923:7)\n    at group (/home/swadhin/r/server/node_modules/elysia/src/index.ts:2919:38)\n    at _use (/home/swadhin/r/server/node_modules/elysia/src/index.ts:3748:21)\n    at /home/swadhin/r/server/src/index.js:400:4\n    at moduleEvaluation (native)\n    at moduleEvaluation (native)\n    at <anonymous> (native:2)\n    at processTicksAndRejections (native:7:39)","timestamp":"2025-04-09 17:29:18.927"}
{"error":"undefined is not an object (evaluating 'sandbox.event')","level":"error","location":"uncaughtException handler","message":"Uncaught Exception:","service":"research-mgmt-api","stack":"TypeError: undefined is not an object (evaluating 'sandbox.event')\n    at group (/home/swadhin/r/server/node_modules/elysia/src/index.ts:2923:7)\n    at group (/home/swadhin/r/server/node_modules/elysia/src/index.ts:2919:38)\n    at _use (/home/swadhin/r/server/node_modules/elysia/src/index.ts:3748:21)\n    at /home/swadhin/r/server/src/index.js:400:4\n    at moduleEvaluation (native)\n    at moduleEvaluation (native)\n    at <anonymous> (native:2)\n    at processTicksAndRejections (native:7:39)","timestamp":"2025-04-09 17:30:43.137"}
{"level":"info","message":"Attempting to connect to MongoDB database","service":"research-mgmt-api","timestamp":"2025-04-09 17:32:55.836"}
{"level":"info","message":"Attempting to connect to MongoDB...","service":"research-mgmt-api","timestamp":"2025-04-09 17:32:55.837"}
{"level":"info","message":"MongoDB Connected: ac-xdpuchx-shard-00-00.tvoe17p.mongodb.net","service":"research-mgmt-api","timestamp":"2025-04-09 17:32:56.550"}
{"level":"info","message":"✅ MongoDB connection established successfully","service":"research-mgmt-api","timestamp":"2025-04-09 17:32:56.551"}
{"level":"info","message":"🚀 Server running on port 300000","service":"research-mgmt-api","timestamp":"2025-04-09 17:32:56.555"}
{"level":"info","message":"Attempting to connect to MongoDB database","service":"research-mgmt-api","timestamp":"2025-04-09 17:34:02.431"}
{"level":"info","message":"Attempting to connect to MongoDB...","service":"research-mgmt-api","timestamp":"2025-04-09 17:34:02.432"}
{"level":"info","message":"MongoDB Connected: ac-xdpuchx-shard-00-02.tvoe17p.mongodb.net","service":"research-mgmt-api","timestamp":"2025-04-09 17:34:03.088"}
{"level":"info","message":"✅ MongoDB connection established successfully","service":"research-mgmt-api","timestamp":"2025-04-09 17:34:03.088"}
{"level":"info","message":"🚀 Server running on port 300000","service":"research-mgmt-api","timestamp":"2025-04-09 17:34:03.092"}
{"level":"info","message":"Attempting to connect to MongoDB database","service":"research-mgmt-api","timestamp":"2025-04-09 17:35:15.148"}
{"level":"info","message":"Attempting to connect to MongoDB...","service":"research-mgmt-api","timestamp":"2025-04-09 17:35:15.149"}
{"level":"info","message":"MongoDB Connected: ac-xdpuchx-shard-00-01.tvoe17p.mongodb.net","service":"research-mgmt-api","timestamp":"2025-04-09 17:35:15.800"}
{"level":"info","message":"✅ MongoDB connection established successfully","service":"research-mgmt-api","timestamp":"2025-04-09 17:35:15.800"}
{"level":"info","message":"🚀 Server running on port 300000","service":"research-mgmt-api","timestamp":"2025-04-09 17:35:15.804"}
{"level":"info","message":"Attempting to connect to MongoDB database","service":"research-mgmt-api","timestamp":"2025-04-09 17:35:22.857"}
{"level":"info","message":"Attempting to connect to MongoDB...","service":"research-mgmt-api","timestamp":"2025-04-09 17:35:22.857"}
{"level":"info","message":"MongoDB Connected: ac-xdpuchx-shard-00-02.tvoe17p.mongodb.net","service":"research-mgmt-api","timestamp":"2025-04-09 17:35:23.463"}
{"level":"info","message":"✅ MongoDB connection established successfully","service":"research-mgmt-api","timestamp":"2025-04-09 17:35:23.464"}
{"level":"info","message":"🚀 Server running on port 300000","service":"research-mgmt-api","timestamp":"2025-04-09 17:35:23.471"}
{"level":"info","message":"Attempting to connect to MongoDB database","service":"research-mgmt-api","timestamp":"2025-04-09 17:35:30.360"}
{"level":"info","message":"Attempting to connect to MongoDB...","service":"research-mgmt-api","timestamp":"2025-04-09 17:35:30.361"}
{"level":"info","message":"MongoDB Connected: ac-xdpuchx-shard-00-00.tvoe17p.mongodb.net","service":"research-mgmt-api","timestamp":"2025-04-09 17:35:30.961"}
{"level":"info","message":"✅ MongoDB connection established successfully","service":"research-mgmt-api","timestamp":"2025-04-09 17:35:30.961"}
{"level":"info","message":"🚀 Server running on port 300000","service":"research-mgmt-api","timestamp":"2025-04-09 17:35:30.967"}
{"level":"info","message":"Attempting to connect to MongoDB database","service":"research-mgmt-api","timestamp":"2025-04-09 17:35:42.304"}
{"level":"info","message":"Attempting to connect to MongoDB...","service":"research-mgmt-api","timestamp":"2025-04-09 17:35:42.304"}
{"level":"info","message":"MongoDB Connected: ac-xdpuchx-shard-00-01.tvoe17p.mongodb.net","service":"research-mgmt-api","timestamp":"2025-04-09 17:35:42.918"}
{"level":"info","message":"✅ MongoDB connection established successfully","service":"research-mgmt-api","timestamp":"2025-04-09 17:35:42.918"}
{"level":"info","message":"🚀 Server running on port 300000","service":"research-mgmt-api","timestamp":"2025-04-09 17:35:42.923"}
{"level":"info","message":"Attempting to connect to MongoDB database","service":"research-mgmt-api","timestamp":"2025-04-09 17:36:40.318"}
{"level":"info","message":"Attempting to connect to MongoDB...","service":"research-mgmt-api","timestamp":"2025-04-09 17:36:40.319"}
{"level":"info","message":"MongoDB Connected: ac-xdpuchx-shard-00-02.tvoe17p.mongodb.net","service":"research-mgmt-api","timestamp":"2025-04-09 17:36:40.984"}
{"level":"info","message":"✅ MongoDB connection established successfully","service":"research-mgmt-api","timestamp":"2025-04-09 17:36:40.984"}
{"level":"info","message":"🚀 Server running on port 300000","service":"research-mgmt-api","timestamp":"2025-04-09 17:36:40.988"}
{"level":"info","message":"Attempting to connect to MongoDB database","service":"research-mgmt-api","timestamp":"2025-04-09 17:36:43.450"}
{"level":"info","message":"Attempting to connect to MongoDB...","service":"research-mgmt-api","timestamp":"2025-04-09 17:36:43.451"}
{"level":"info","message":"Attempting to connect to MongoDB database","service":"research-mgmt-api","timestamp":"2025-04-09 17:36:43.910"}
{"level":"info","message":"Attempting to connect to MongoDB...","service":"research-mgmt-api","timestamp":"2025-04-09 17:36:43.911"}
{"level":"info","message":"MongoDB Connected: ac-xdpuchx-shard-00-00.tvoe17p.mongodb.net","service":"research-mgmt-api","timestamp":"2025-04-09 17:36:44.796"}
{"level":"info","message":"✅ MongoDB connection established successfully","service":"research-mgmt-api","timestamp":"2025-04-09 17:36:44.797"}
{"level":"info","message":"🚀 Server running on port 300000","service":"research-mgmt-api","timestamp":"2025-04-09 17:36:44.801"}
{"level":"info","message":"Attempting to connect to MongoDB database","service":"research-mgmt-api","timestamp":"2025-04-09 17:40:11.215"}
{"level":"info","message":"Attempting to connect to MongoDB...","service":"research-mgmt-api","timestamp":"2025-04-09 17:40:11.215"}
{"level":"info","message":"MongoDB Connected: ac-xdpuchx-shard-00-01.tvoe17p.mongodb.net","service":"research-mgmt-api","timestamp":"2025-04-09 17:40:11.918"}
{"level":"info","message":"✅ MongoDB connection established successfully","service":"research-mgmt-api","timestamp":"2025-04-09 17:40:11.918"}
{"level":"info","message":"🚀 Server running on port 300000","service":"research-mgmt-api","timestamp":"2025-04-09 17:40:11.923"}
{"level":"info","message":"Attempting to connect to MongoDB database","service":"research-mgmt-api","timestamp":"2025-04-09 17:40:14.904"}
{"level":"info","message":"Attempting to connect to MongoDB...","service":"research-mgmt-api","timestamp":"2025-04-09 17:40:14.905"}
{"level":"info","message":"MongoDB Connected: ac-xdpuchx-shard-00-02.tvoe17p.mongodb.net","service":"research-mgmt-api","timestamp":"2025-04-09 17:40:15.513"}
{"level":"info","message":"✅ MongoDB connection established successfully","service":"research-mgmt-api","timestamp":"2025-04-09 17:40:15.513"}
{"level":"info","message":"🚀 Server running on port 300000","service":"research-mgmt-api","timestamp":"2025-04-09 17:40:15.517"}
{"level":"info","message":"Attempting to connect to MongoDB database","service":"research-mgmt-api","timestamp":"2025-04-09 17:40:28.637"}
{"level":"info","message":"Attempting to connect to MongoDB...","service":"research-mgmt-api","timestamp":"2025-04-09 17:40:28.638"}
{"level":"info","message":"MongoDB Connected: ac-xdpuchx-shard-00-00.tvoe17p.mongodb.net","service":"research-mgmt-api","timestamp":"2025-04-09 17:40:29.239"}
{"level":"info","message":"✅ MongoDB connection established successfully","service":"research-mgmt-api","timestamp":"2025-04-09 17:40:29.239"}
{"level":"info","message":"🚀 Server running on port 300000","service":"research-mgmt-api","timestamp":"2025-04-09 17:40:29.244"}
{"level":"info","message":"Attempting to connect to MongoDB database","service":"research-mgmt-api","timestamp":"2025-04-09 17:40:29.813"}
{"level":"info","message":"Attempting to connect to MongoDB...","service":"research-mgmt-api","timestamp":"2025-04-09 17:40:29.814"}
{"level":"info","message":"MongoDB Connected: ac-xdpuchx-shard-00-02.tvoe17p.mongodb.net","service":"research-mgmt-api","timestamp":"2025-04-09 17:40:30.422"}
{"level":"info","message":"✅ MongoDB connection established successfully","service":"research-mgmt-api","timestamp":"2025-04-09 17:40:30.422"}
{"level":"info","message":"🚀 Server running on port 300000","service":"research-mgmt-api","timestamp":"2025-04-09 17:40:30.426"}
{"level":"info","message":"Attempting to connect to MongoDB database","service":"research-mgmt-api","timestamp":"2025-04-09 17:42:50.302"}
{"level":"info","message":"Attempting to connect to MongoDB...","service":"research-mgmt-api","timestamp":"2025-04-09 17:42:50.302"}
{"level":"info","message":"MongoDB Connected: ac-xdpuchx-shard-00-01.tvoe17p.mongodb.net","service":"research-mgmt-api","timestamp":"2025-04-09 17:42:50.958"}
{"level":"info","message":"✅ MongoDB connection established successfully","service":"research-mgmt-api","timestamp":"2025-04-09 17:42:50.958"}
{"level":"info","message":"🚀 Server running on port 300000","service":"research-mgmt-api","timestamp":"2025-04-09 17:42:50.963"}
{"level":"info","message":"Attempting to connect to MongoDB database","service":"research-mgmt-api","timestamp":"2025-04-09 17:42:53.845"}
{"level":"info","message":"Attempting to connect to MongoDB...","service":"research-mgmt-api","timestamp":"2025-04-09 17:42:53.845"}
{"level":"info","message":"Attempting to connect to MongoDB database","service":"research-mgmt-api","timestamp":"2025-04-09 17:42:54.345"}
{"level":"info","message":"Attempting to connect to MongoDB...","service":"research-mgmt-api","timestamp":"2025-04-09 17:42:54.346"}
{"level":"info","message":"MongoDB Connected: ac-xdpuchx-shard-00-00.tvoe17p.mongodb.net","service":"research-mgmt-api","timestamp":"2025-04-09 17:42:54.980"}
{"level":"info","message":"✅ MongoDB connection established successfully","service":"research-mgmt-api","timestamp":"2025-04-09 17:42:54.980"}
{"level":"info","message":"🚀 Server running on port 300000","service":"research-mgmt-api","timestamp":"2025-04-09 17:42:54.984"}
{"external":"28 MB","heapTotal":"27 MB","heapUsed":"50 MB","level":"info","message":"Memory usage stats:","rss":"207 MB","service":"research-mgmt-api","timestamp":"2025-04-09 17:47:54.353"}
{"external":"22 MB","heapTotal":"26 MB","heapUsed":"39 MB","level":"info","message":"Memory usage stats:","rss":"201 MB","service":"research-mgmt-api","timestamp":"2025-04-09 17:52:54.354"}
{"external":"22 MB","heapTotal":"26 MB","heapUsed":"39 MB","level":"info","message":"Memory usage stats:","rss":"201 MB","service":"research-mgmt-api","timestamp":"2025-04-09 17:57:54.353"}
{"external":"22 MB","heapTotal":"26 MB","heapUsed":"40 MB","level":"info","message":"Memory usage stats:","rss":"203 MB","service":"research-mgmt-api","timestamp":"2025-04-09 18:02:54.353"}
{"external":"22 MB","heapTotal":"26 MB","heapUsed":"40 MB","level":"info","message":"Memory usage stats:","rss":"203 MB","service":"research-mgmt-api","timestamp":"2025-04-09 18:07:54.354"}
{"level":"info","message":"MongoDB reconnected successfully","service":"research-mgmt-api","timestamp":"2025-04-09 18:07:54.375"}
{"level":"warn","message":"MongoDB disconnected","service":"research-mgmt-api","timestamp":"2025-04-09 18:12:44.862"}
{"level":"info","message":"MongoDB reconnected successfully","service":"research-mgmt-api","timestamp":"2025-04-09 18:12:44.898"}
{"external":"23 MB","heapTotal":"26 MB","heapUsed":"40 MB","level":"info","message":"Memory usage stats:","rss":"205 MB","service":"research-mgmt-api","timestamp":"2025-04-09 18:12:54.354"}
{"level":"info","message":"MongoDB reconnected successfully","service":"research-mgmt-api","timestamp":"2025-04-09 18:13:54.374"}
{"level":"info","message":"MongoDB reconnected successfully","service":"research-mgmt-api","timestamp":"2025-04-09 18:13:54.375"}
{"external":"23 MB","heapTotal":"26 MB","heapUsed":"41 MB","level":"info","message":"Memory usage stats:","rss":"205 MB","service":"research-mgmt-api","timestamp":"2025-04-09 18:17:54.354"}
{"level":"info","message":"MongoDB reconnected successfully","service":"research-mgmt-api","timestamp":"2025-04-09 18:19:42.375"}
{"level":"info","message":"MongoDB reconnected successfully","service":"research-mgmt-api","timestamp":"2025-04-09 18:19:42.376"}
{"level":"warn","message":"MongoDB disconnected","service":"research-mgmt-api","timestamp":"2025-04-09 18:19:52.690"}
{"level":"info","message":"MongoDB reconnected successfully","service":"research-mgmt-api","timestamp":"2025-04-09 18:19:52.752"}
{"level":"info","message":"Attempting to connect to MongoDB database","service":"research-mgmt-api","timestamp":"2025-04-09 18:19:59.149"}
{"level":"info","message":"Attempting to connect to MongoDB...","service":"research-mgmt-api","timestamp":"2025-04-09 18:19:59.150"}
{"level":"info","message":"MongoDB Connected: ac-xdpuchx-shard-00-02.tvoe17p.mongodb.net","service":"research-mgmt-api","timestamp":"2025-04-09 18:19:59.881"}
{"level":"info","message":"✅ MongoDB connection established successfully","service":"research-mgmt-api","timestamp":"2025-04-09 18:19:59.882"}
{"level":"info","message":"🚀 Server running on port 300000","service":"research-mgmt-api","timestamp":"2025-04-09 18:19:59.887"}
{"level":"info","message":"Attempting to connect to MongoDB database","service":"research-mgmt-api","timestamp":"2025-04-09 18:20:03.305"}
{"level":"info","message":"Attempting to connect to MongoDB...","service":"research-mgmt-api","timestamp":"2025-04-09 18:20:03.305"}
{"level":"info","message":"MongoDB Connected: ac-xdpuchx-shard-00-01.tvoe17p.mongodb.net","service":"research-mgmt-api","timestamp":"2025-04-09 18:20:03.974"}
{"level":"info","message":"✅ MongoDB connection established successfully","service":"research-mgmt-api","timestamp":"2025-04-09 18:20:03.974"}
{"level":"info","message":"🚀 Server running on port 300000","service":"research-mgmt-api","timestamp":"2025-04-09 18:20:03.978"}
{"level":"info","message":"Attempting to connect to MongoDB database","service":"research-mgmt-api","timestamp":"2025-04-09 18:20:20.370"}
{"level":"info","message":"Attempting to connect to MongoDB...","service":"research-mgmt-api","timestamp":"2025-04-09 18:20:20.371"}
{"level":"info","message":"MongoDB Connected: ac-xdpuchx-shard-00-01.tvoe17p.mongodb.net","service":"research-mgmt-api","timestamp":"2025-04-09 18:20:21.033"}
{"level":"info","message":"✅ MongoDB connection established successfully","service":"research-mgmt-api","timestamp":"2025-04-09 18:20:21.033"}
{"level":"info","message":"🚀 Server running on port 300000","service":"research-mgmt-api","timestamp":"2025-04-09 18:20:21.038"}
{"level":"info","message":"Attempting to connect to MongoDB database","service":"research-mgmt-api","timestamp":"2025-04-09 18:20:22.818"}
{"level":"info","message":"Attempting to connect to MongoDB...","service":"research-mgmt-api","timestamp":"2025-04-09 18:20:22.819"}
{"level":"info","message":"MongoDB Connected: ac-xdpuchx-shard-00-00.tvoe17p.mongodb.net","service":"research-mgmt-api","timestamp":"2025-04-09 18:20:23.479"}
{"level":"info","message":"✅ MongoDB connection established successfully","service":"research-mgmt-api","timestamp":"2025-04-09 18:20:23.479"}
{"level":"info","message":"🚀 Server running on port 300000","service":"research-mgmt-api","timestamp":"2025-04-09 18:20:23.484"}
{"level":"info","message":"Attempting to connect to MongoDB database","service":"research-mgmt-api","timestamp":"2025-04-09 18:20:40.068"}
{"level":"info","message":"Attempting to connect to MongoDB...","service":"research-mgmt-api","timestamp":"2025-04-09 18:20:40.069"}
{"level":"info","message":"MongoDB Connected: ac-xdpuchx-shard-00-01.tvoe17p.mongodb.net","service":"research-mgmt-api","timestamp":"2025-04-09 18:20:40.712"}
{"level":"info","message":"✅ MongoDB connection established successfully","service":"research-mgmt-api","timestamp":"2025-04-09 18:20:40.712"}
{"level":"info","message":"🚀 Server running on port 300000","service":"research-mgmt-api","timestamp":"2025-04-09 18:20:40.717"}
{"level":"info","message":"Attempting to connect to MongoDB database","service":"research-mgmt-api","timestamp":"2025-04-09 18:21:45.219"}
{"level":"info","message":"Attempting to connect to MongoDB...","service":"research-mgmt-api","timestamp":"2025-04-09 18:21:45.220"}
{"level":"info","message":"MongoDB Connected: ac-xdpuchx-shard-00-02.tvoe17p.mongodb.net","service":"research-mgmt-api","timestamp":"2025-04-09 18:21:45.985"}
{"level":"info","message":"✅ MongoDB connection established successfully","service":"research-mgmt-api","timestamp":"2025-04-09 18:21:45.985"}
{"level":"info","message":"🚀 Server running on port 300000","service":"research-mgmt-api","timestamp":"2025-04-09 18:21:45.990"}
{"level":"info","message":"Attempting to connect to MongoDB database","service":"research-mgmt-api","timestamp":"2025-04-09 18:24:52.021"}
{"level":"info","message":"Attempting to connect to MongoDB...","service":"research-mgmt-api","timestamp":"2025-04-09 18:24:52.022"}
{"level":"info","message":"MongoDB Connected: ac-xdpuchx-shard-00-02.tvoe17p.mongodb.net","service":"research-mgmt-api","timestamp":"2025-04-09 18:24:52.775"}
{"level":"info","message":"✅ MongoDB connection established successfully","service":"research-mgmt-api","timestamp":"2025-04-09 18:24:52.776"}
{"level":"info","message":"🚀 Server running on port 300000","service":"research-mgmt-api","timestamp":"2025-04-09 18:24:52.781"}
{"level":"info","message":"Attempting to connect to MongoDB database","service":"research-mgmt-api","timestamp":"2025-04-09 18:28:05.986"}
{"level":"info","message":"Attempting to connect to MongoDB...","service":"research-mgmt-api","timestamp":"2025-04-09 18:28:05.987"}
{"level":"info","message":"MongoDB Connected: ac-xdpuchx-shard-00-00.tvoe17p.mongodb.net","service":"research-mgmt-api","timestamp":"2025-04-09 18:28:06.760"}
{"level":"info","message":"✅ MongoDB connection established successfully","service":"research-mgmt-api","timestamp":"2025-04-09 18:28:06.760"}
{"level":"info","message":"🚀 Server running on port 300000","service":"research-mgmt-api","timestamp":"2025-04-09 18:28:06.765"}
{"level":"info","message":"MongoDB connection state: 1","service":"research-mgmt-api","timestamp":"2025-04-09 18:28:28.994"}
{"level":"info","message":"Login attempt for user: teststudent@example.com","service":"research-mgmt-api","timestamp":"2025-04-09 18:28:28.994"}
{"level":"info","message":"Verifying password for user: teststudent@example.com","service":"research-mgmt-api","timestamp":"2025-04-09 18:28:29.050"}
{"level":"warn","message":"Login failed: Invalid password for user teststudent@example.com","service":"research-mgmt-api","timestamp":"2025-04-09 18:28:29.068"}
{"level":"error","message":"Login error: Invalid email or password","name":"UnauthorizedError","service":"research-mgmt-api","stack":"UnauthorizedError: Invalid email or password\n    at <anonymous> (/home/swadhin/r/server/src/controllers/authController.js:317:17)\n    at processTicksAndRejections (native:7:39)","status":401,"timestamp":"2025-04-09 18:28:29.068"}
{"level":"error","message":"HTTP POST /api/auth/login - 401 (76ms) Error: Invalid email or password","service":"research-mgmt-api","timestamp":"2025-04-09 18:28:29.068"}
{"level":"info","message":"MongoDB connection state: 1","service":"research-mgmt-api","timestamp":"2025-04-09 18:28:37.560"}
{"level":"info","message":"Login attempt for user: teststudent@example.com","service":"research-mgmt-api","timestamp":"2025-04-09 18:28:37.560"}
{"level":"info","message":"Verifying password for user: teststudent@example.com","service":"research-mgmt-api","timestamp":"2025-04-09 18:28:37.610"}
{"level":"warn","message":"Login failed: Invalid password for user teststudent@example.com","service":"research-mgmt-api","timestamp":"2025-04-09 18:28:37.625"}
{"level":"error","message":"Login error: Invalid email or password","name":"UnauthorizedError","service":"research-mgmt-api","stack":"UnauthorizedError: Invalid email or password\n    at <anonymous> (/home/swadhin/r/server/src/controllers/authController.js:317:17)\n    at processTicksAndRejections (native:7:39)","status":401,"timestamp":"2025-04-09 18:28:37.625"}
{"level":"error","message":"HTTP POST /api/auth/login - 401 (66ms) Error: Invalid email or password","service":"research-mgmt-api","timestamp":"2025-04-09 18:28:37.625"}
{"level":"info","message":"MongoDB connection state: 1","service":"research-mgmt-api","timestamp":"2025-04-09 18:28:51.032"}
{"function":"registerUser","level":"info","message":"MongoDB connection verified","service":"research-mgmt-api","state":1,"timestamp":"2025-04-09 18:28:51.032"}
{"function":"registerUser","level":"info","message":"Argon2 hashing verified","service":"research-mgmt-api","success":true,"timestamp":"2025-04-09 18:28:51.051"}
{"level":"info","message":"Checking for existing user with email: testuser@example.com","service":"research-mgmt-api","timestamp":"2025-04-09 18:28:51.051"}
{"level":"info","message":"No existing user found with email: testuser@example.com. Proceeding with registration.","service":"research-mgmt-api","timestamp":"2025-04-09 18:28:51.101"}
{"level":"info","message":"Creating new user object for: testuser@example.com","service":"research-mgmt-api","timestamp":"2025-04-09 18:28:51.101"}
{"level":"info","message":"Saving user to database: testuser@example.com","service":"research-mgmt-api","timestamp":"2025-04-09 18:28:51.103"}
{"level":"info","message":"User successfully saved. ID: 67f668031c2d338f08bd980a, Email: testuser@example.com","service":"research-mgmt-api","timestamp":"2025-04-09 18:28:51.177"}
{"level":"info","message":"Creating student profile with ID: STU000007","service":"research-mgmt-api","timestamp":"2025-04-09 18:28:51.228"}
{"level":"info","message":"Student profile created successfully: STU000007","service":"research-mgmt-api","timestamp":"2025-04-09 18:28:51.281"}
{"email":"testuser@example.com","function":"registerUser","level":"info","message":"New user registered successfully","role":"student","service":"research-mgmt-api","timestamp":"2025-04-09 18:28:51.283","userId":"67f668031c2d338f08bd980a"}
{"level":"info","message":"HTTP POST /api/auth/register - 201 (252ms)","service":"research-mgmt-api","timestamp":"2025-04-09 18:28:51.283"}
{"level":"info","message":"HTTP POST /api/teams/create - 200 (52ms)","service":"research-mgmt-api","timestamp":"2025-04-09 18:29:13.106"}
{"level":"info","message":"HTTP GET /api/teams/my-teams - 200 (51ms)","service":"research-mgmt-api","timestamp":"2025-04-09 18:29:23.068"}
{"level":"info","message":"MongoDB connection state: 1","service":"research-mgmt-api","timestamp":"2025-04-09 18:29:39.800"}
{"function":"registerUser","level":"info","message":"MongoDB connection verified","service":"research-mgmt-api","state":1,"timestamp":"2025-04-09 18:29:39.800"}
{"function":"registerUser","level":"info","message":"Argon2 hashing verified","service":"research-mgmt-api","success":true,"timestamp":"2025-04-09 18:29:39.818"}
{"level":"info","message":"Checking for existing user with email: testuser2@example.com","service":"research-mgmt-api","timestamp":"2025-04-09 18:29:39.818"}
{"level":"info","message":"No existing user found with email: testuser2@example.com. Proceeding with registration.","service":"research-mgmt-api","timestamp":"2025-04-09 18:29:39.867"}
{"level":"info","message":"Creating new user object for: testuser2@example.com","service":"research-mgmt-api","timestamp":"2025-04-09 18:29:39.867"}
{"level":"info","message":"Saving user to database: testuser2@example.com","service":"research-mgmt-api","timestamp":"2025-04-09 18:29:39.868"}
{"level":"info","message":"User successfully saved. ID: 67f668331c2d338f08bd9812, Email: testuser2@example.com","service":"research-mgmt-api","timestamp":"2025-04-09 18:29:39.938"}
{"level":"info","message":"Creating student profile with ID: STU000008","service":"research-mgmt-api","timestamp":"2025-04-09 18:29:39.988"}
{"level":"info","message":"Student profile created successfully: STU000008","service":"research-mgmt-api","timestamp":"2025-04-09 18:29:40.041"}
{"email":"testuser2@example.com","function":"registerUser","level":"info","message":"New user registered successfully","role":"student","service":"research-mgmt-api","timestamp":"2025-04-09 18:29:40.042","userId":"67f668331c2d338f08bd9812"}
{"level":"info","message":"HTTP POST /api/auth/register - 201 (242ms)","service":"research-mgmt-api","timestamp":"2025-04-09 18:29:40.042"}
{"level":"info","message":"HTTP GET /api/teams/my-teams - 200 (51ms)","service":"research-mgmt-api","timestamp":"2025-04-09 18:29:49.667"}
{"level":"info","message":"HTTP GET /api/students/profile - 200 (50ms)","service":"research-mgmt-api","timestamp":"2025-04-09 18:30:02.310"}
{"level":"info","message":"HTTP GET /api/teams/my-teams - 200 (50ms)","service":"research-mgmt-api","timestamp":"2025-04-09 18:30:12.061"}
{"level":"info","message":"HTTP POST /api/teams/create - 200 (50ms)","service":"research-mgmt-api","timestamp":"2025-04-09 18:30:26.373"}
{"level":"info","message":"Attempting to connect to MongoDB database","service":"research-mgmt-api","timestamp":"2025-04-09 18:31:09.623"}
{"level":"info","message":"Attempting to connect to MongoDB...","service":"research-mgmt-api","timestamp":"2025-04-09 18:31:09.624"}
{"level":"info","message":"MongoDB Connected: ac-xdpuchx-shard-00-02.tvoe17p.mongodb.net","service":"research-mgmt-api","timestamp":"2025-04-09 18:31:10.322"}
{"level":"info","message":"✅ MongoDB connection established successfully","service":"research-mgmt-api","timestamp":"2025-04-09 18:31:10.322"}
{"level":"info","message":"🚀 Server running on port 300000","service":"research-mgmt-api","timestamp":"2025-04-09 18:31:10.326"}
