{"external":"22 MB","heapTotal":"28 MB","heapUsed":"40 MB","level":"info","message":"Memory usage stats:","rss":"201 MB","service":"research-mgmt-api","timestamp":"2025-04-11 00:03:23.509"}
{"external":"22 MB","heapTotal":"28 MB","heapUsed":"41 MB","level":"info","message":"Memory usage stats:","rss":"202 MB","service":"research-mgmt-api","timestamp":"2025-04-11 00:08:23.509"}
{"external":"22 MB","heapTotal":"28 MB","heapUsed":"41 MB","level":"info","message":"Memory usage stats:","rss":"202 MB","service":"research-mgmt-api","timestamp":"2025-04-11 00:13:23.509"}
{"external":"22 MB","heapTotal":"28 MB","heapUsed":"41 MB","level":"info","message":"Memory usage stats:","rss":"203 MB","service":"research-mgmt-api","timestamp":"2025-04-11 00:18:23.510"}
{"external":"22 MB","heapTotal":"28 MB","heapUsed":"40 MB","level":"info","message":"Memory usage stats:","rss":"204 MB","service":"research-mgmt-api","timestamp":"2025-04-11 00:23:23.511"}
{"external":"22 MB","heapTotal":"28 MB","heapUsed":"40 MB","level":"info","message":"Memory usage stats:","rss":"204 MB","service":"research-mgmt-api","timestamp":"2025-04-11 00:28:23.510"}
{"external":"22 MB","heapTotal":"28 MB","heapUsed":"41 MB","level":"info","message":"Memory usage stats:","rss":"205 MB","service":"research-mgmt-api","timestamp":"2025-04-11 00:33:23.512"}
{"external":"22 MB","heapTotal":"28 MB","heapUsed":"41 MB","level":"info","message":"Memory usage stats:","rss":"206 MB","service":"research-mgmt-api","timestamp":"2025-04-11 00:38:23.512"}
{"external":"22 MB","heapTotal":"28 MB","heapUsed":"40 MB","level":"info","message":"Memory usage stats:","rss":"206 MB","service":"research-mgmt-api","timestamp":"2025-04-11 00:43:23.512"}
{"external":"22 MB","heapTotal":"28 MB","heapUsed":"40 MB","level":"info","message":"Memory usage stats:","rss":"207 MB","service":"research-mgmt-api","timestamp":"2025-04-11 00:48:23.514"}
{"external":"22 MB","heapTotal":"28 MB","heapUsed":"40 MB","level":"info","message":"Memory usage stats:","rss":"208 MB","service":"research-mgmt-api","timestamp":"2025-04-11 00:53:23.514"}
{"external":"22 MB","heapTotal":"28 MB","heapUsed":"40 MB","level":"info","message":"Memory usage stats:","rss":"208 MB","service":"research-mgmt-api","timestamp":"2025-04-11 00:58:23.514"}
{"external":"22 MB","heapTotal":"28 MB","heapUsed":"41 MB","level":"info","message":"Memory usage stats:","rss":"210 MB","service":"research-mgmt-api","timestamp":"2025-04-11 01:03:23.514"}
{"external":"22 MB","heapTotal":"28 MB","heapUsed":"41 MB","level":"info","message":"Memory usage stats:","rss":"215 MB","service":"research-mgmt-api","timestamp":"2025-04-11 01:08:23.515"}
{"external":"22 MB","heapTotal":"28 MB","heapUsed":"41 MB","level":"info","message":"Memory usage stats:","rss":"212 MB","service":"research-mgmt-api","timestamp":"2025-04-11 01:13:23.516"}
{"external":"22 MB","heapTotal":"28 MB","heapUsed":"41 MB","level":"info","message":"Memory usage stats:","rss":"211 MB","service":"research-mgmt-api","timestamp":"2025-04-11 01:18:23.516"}
{"external":"22 MB","heapTotal":"28 MB","heapUsed":"40 MB","level":"info","message":"Memory usage stats:","rss":"212 MB","service":"research-mgmt-api","timestamp":"2025-04-11 01:23:23.516"}
{"external":"22 MB","heapTotal":"28 MB","heapUsed":"40 MB","level":"info","message":"Memory usage stats:","rss":"212 MB","service":"research-mgmt-api","timestamp":"2025-04-11 01:28:23.516"}
{"external":"22 MB","heapTotal":"28 MB","heapUsed":"41 MB","level":"info","message":"Memory usage stats:","rss":"214 MB","service":"research-mgmt-api","timestamp":"2025-04-11 01:33:23.516"}
{"external":"22 MB","heapTotal":"28 MB","heapUsed":"41 MB","level":"info","message":"Memory usage stats:","rss":"214 MB","service":"research-mgmt-api","timestamp":"2025-04-11 01:38:23.517"}
{"external":"22 MB","heapTotal":"28 MB","heapUsed":"40 MB","level":"info","message":"Memory usage stats:","rss":"215 MB","service":"research-mgmt-api","timestamp":"2025-04-11 01:43:23.517"}
{"external":"22 MB","heapTotal":"28 MB","heapUsed":"41 MB","level":"info","message":"Memory usage stats:","rss":"216 MB","service":"research-mgmt-api","timestamp":"2025-04-11 01:48:23.517"}
{"external":"22 MB","heapTotal":"28 MB","heapUsed":"41 MB","level":"info","message":"Memory usage stats:","rss":"217 MB","service":"research-mgmt-api","timestamp":"2025-04-11 01:53:23.519"}
{"external":"22 MB","heapTotal":"28 MB","heapUsed":"41 MB","level":"info","message":"Memory usage stats:","rss":"217 MB","service":"research-mgmt-api","timestamp":"2025-04-11 01:58:23.520"}
{"external":"22 MB","heapTotal":"28 MB","heapUsed":"41 MB","level":"info","message":"Memory usage stats:","rss":"218 MB","service":"research-mgmt-api","timestamp":"2025-04-11 02:03:23.521"}
{"external":"22 MB","heapTotal":"28 MB","heapUsed":"41 MB","level":"info","message":"Memory usage stats:","rss":"219 MB","service":"research-mgmt-api","timestamp":"2025-04-11 02:08:23.521"}
{"external":"22 MB","heapTotal":"28 MB","heapUsed":"40 MB","level":"info","message":"Memory usage stats:","rss":"220 MB","service":"research-mgmt-api","timestamp":"2025-04-11 02:13:23.522"}
{"external":"22 MB","heapTotal":"28 MB","heapUsed":"40 MB","level":"info","message":"Memory usage stats:","rss":"220 MB","service":"research-mgmt-api","timestamp":"2025-04-11 02:18:23.522"}
{"external":"22 MB","heapTotal":"28 MB","heapUsed":"41 MB","level":"info","message":"Memory usage stats:","rss":"221 MB","service":"research-mgmt-api","timestamp":"2025-04-11 02:23:23.523"}
{"external":"22 MB","heapTotal":"28 MB","heapUsed":"41 MB","level":"info","message":"Memory usage stats:","rss":"222 MB","service":"research-mgmt-api","timestamp":"2025-04-11 02:28:23.523"}
{"external":"22 MB","heapTotal":"28 MB","heapUsed":"41 MB","level":"info","message":"Memory usage stats:","rss":"222 MB","service":"research-mgmt-api","timestamp":"2025-04-11 02:33:23.524"}
{"external":"22 MB","heapTotal":"28 MB","heapUsed":"40 MB","level":"info","message":"Memory usage stats:","rss":"223 MB","service":"research-mgmt-api","timestamp":"2025-04-11 02:38:23.525"}
{"external":"22 MB","heapTotal":"28 MB","heapUsed":"41 MB","level":"info","message":"Memory usage stats:","rss":"224 MB","service":"research-mgmt-api","timestamp":"2025-04-11 02:43:23.526"}
{"external":"22 MB","heapTotal":"28 MB","heapUsed":"40 MB","level":"info","message":"Memory usage stats:","rss":"224 MB","service":"research-mgmt-api","timestamp":"2025-04-11 02:48:23.527"}
{"external":"22 MB","heapTotal":"28 MB","heapUsed":"40 MB","level":"info","message":"Memory usage stats:","rss":"225 MB","service":"research-mgmt-api","timestamp":"2025-04-11 02:53:23.527"}
{"external":"22 MB","heapTotal":"28 MB","heapUsed":"40 MB","level":"info","message":"Memory usage stats:","rss":"226 MB","service":"research-mgmt-api","timestamp":"2025-04-11 02:58:23.528"}
{"level":"info","message":"Attempting to connect to MongoDB database","service":"research-mgmt-api","timestamp":"2025-04-11 03:00:32.675"}
{"level":"info","message":"Attempting to connect to MongoDB...","service":"research-mgmt-api","timestamp":"2025-04-11 03:00:32.676"}
{"level":"info","message":"MongoDB Connected: ac-xdpuchx-shard-00-02.tvoe17p.mongodb.net","service":"research-mgmt-api","timestamp":"2025-04-11 03:00:33.573"}
{"level":"info","message":"✅ MongoDB connection established successfully","service":"research-mgmt-api","timestamp":"2025-04-11 03:00:33.574"}
{"level":"info","message":"🚀 Server running on port 300000","service":"research-mgmt-api","timestamp":"2025-04-11 03:00:33.578"}
{"level":"info","message":"MongoDB connection state: 1","service":"research-mgmt-api","timestamp":"2025-04-11 03:02:18.342"}
{"level":"info","message":"Login attempt for user: superadmin@research.edu","service":"research-mgmt-api","timestamp":"2025-04-11 03:02:18.342"}
{"level":"warn","message":"Login failed: No user found with email superadmin@research.edu","service":"research-mgmt-api","timestamp":"2025-04-11 03:02:18.397"}
{"level":"error","message":"Login error: Invalid email or password","name":"UnauthorizedError","service":"research-mgmt-api","stack":"UnauthorizedError: Invalid email or password\n    at <anonymous> (/home/swadhin/r/server/src/controllers/authController.js:291:17)\n    at processTicksAndRejections (native:7:39)","status":401,"timestamp":"2025-04-11 03:02:18.397"}
{"level":"error","message":"HTTP POST /api/auth/login - 401 (57ms) Error: Invalid email or password","service":"research-mgmt-api","timestamp":"2025-04-11 03:02:18.398"}
{"code":"VALIDATION","level":"error","message":"Application error: {\n  \"type\": \"validation\",\n  \"on\": \"body\",\n  \"summary\": \"Property 'role' should be one of: 'string', 'string'\",\n  \"property\": \"/role\",\n  \"message\": \"Expected union value\",\n  \"expected\": {\n    \"type\": \"Could not create expected value\",\n    \"message\": \"String types with formats must specify a default value\",\n    \"error\": {\n      \"schema\": {\n        \"format\": \"email\",\n        \"type\": \"string\"\n      }\n    }\n  },\n  \"found\": {\n    \"email\": \"test-admin-1744318938398@research.edu\",\n    \"password\": \"TestPassword123!\",\n    \"fullName\": \"Test Admin\",\n    \"role\": \"admin\",\n    \"department\": \"Computer Science\"\n  },\n  \"errors\": [\n    {\n      \"type\": 62,\n      \"schema\": {\n        \"anyOf\": [\n          {\n            \"const\": \"student\",\n            \"type\": \"string\"\n          },\n          {\n            \"const\": \"supervisor\",\n            \"type\": \"string\"\n          }\n        ]\n      },\n      \"path\": \"/role\",\n      \"value\": \"admin\",\n      \"message\": \"Expected union value\",\n      \"errors\": [\n        {\n          \"iterator\": {}\n        },\n        {\n          \"iterator\": {}\n        }\n      ],\n      \"summary\": \"Property 'role' should be one of: 'string', 'string'\"\n    }\n  ]\n}","service":"research-mgmt-api","stack":"Error: {\n  \"type\": \"validation\",\n  \"on\": \"body\",\n  \"summary\": \"Property 'role' should be one of: 'string', 'string'\",\n  \"property\": \"/role\",\n  \"message\": \"Expected union value\",\n  \"expected\": {\n    \"type\": \"Could not create expected value\",\n    \"message\": \"String types with formats must specify a default value\",\n    \"error\": {\n      \"schema\": {\n        \"format\": \"email\",\n        \"type\": \"string\"\n      }\n    }\n  },\n  \"found\": {\n    \"email\": \"test-admin-1744318938398@research.edu\",\n    \"password\": \"TestPassword123!\",\n    \"fullName\": \"Test Admin\",\n    \"role\": \"admin\",\n    \"department\": \"Computer Science\"\n  },\n  \"errors\": [\n    {\n      \"type\": 62,\n      \"schema\": {\n        \"anyOf\": [\n          {\n            \"const\": \"student\",\n            \"type\": \"string\"\n          },\n          {\n            \"const\": \"supervisor\",\n            \"type\": \"string\"\n          }\n        ]\n      },\n      \"path\": \"/role\",\n      \"value\": \"admin\",\n      \"message\": \"Expected union value\",\n      \"errors\": [\n        {\n          \"iterator\": {}\n        },\n        {\n          \"iterator\": {}\n        }\n      ],\n      \"summary\": \"Property 'role' should be one of: 'string', 'string'\"\n    }\n  ]\n}\n    at new ValidationError (/home/swadhin/r/server/node_modules/elysia/src/error.ts:264:3)\n    at <anonymous> (file:///home/swadhin/r/server/node_modules/elysia/dist/bun/index.js:46:84)\n    at processTicksAndRejections (native:7:39)","status":422,"timestamp":"2025-04-11 03:02:18.403","type":"body","validator":{"code":"const local_0 = /^(?=.*[a-z])(?=.*[A-Z])(?=.*\\d)(?=.*[@$!%*?&])[A-Za-z\\d@$!%*?&]{8,}$/;\nreturn function check(value) {\n  return (\n    (typeof value === 'object' && value !== null && !Array.isArray(value)) &&\n    (typeof value.fullName === 'string') &&\n    value.fullName.length <= 50 &&\n    value.fullName.length >= 2 &&\n    (typeof value.email === 'string') &&\n    format('email', value.email) &&\n    (typeof value.password === 'string') &&\n    value.password.length >= 8 &&\n    local_0.test(value.password) &&\n    (((value.role === 'student')) || ((value.role === 'supervisor'))) &&\n    (typeof value.department === 'string') &&\n    value.department.length <= 50 &&\n    value.department.length >= 2 &&\n    (value.studentId !== undefined ? ((typeof value.studentId === 'string')) : true) &&\n    (value.specialization !== undefined ? ((typeof value.specialization === 'string')) : true) &&\n    Object.getOwnPropertyNames(value).every(key => ['fullName', 'email', 'password', 'role', 'department', 'studentId', 'specialization'].includes(key))\n  )\n}","hasTransform":false,"references":[],"schema":{"additionalProperties":false,"properties":{"department":{"maxLength":50,"minLength":2,"type":"string"},"email":{"format":"email","type":"string"},"fullName":{"maxLength":50,"minLength":2,"type":"string"},"password":{"error":"Password must be at least 8 characters long and contain at least one uppercase letter, one lowercase letter, one number, and one special character","minLength":8,"pattern":"^(?=.*[a-z])(?=.*[A-Z])(?=.*\\d)(?=.*[@$!%*?&])[A-Za-z\\d@$!%*?&]{8,}$","type":"string"},"role":{"anyOf":[{"const":"student","type":"string"},{"const":"supervisor","type":"string"}]},"specialization":{"type":"string"},"studentId":{"type":"string"}},"required":["fullName","email","password","role","department"],"type":"object"}},"value":{"department":"Computer Science","email":"test-admin-1744318938398@research.edu","fullName":"Test Admin","password":"TestPassword123!","role":"admin"}}
{"level":"info","message":"MongoDB connection state: 1","service":"research-mgmt-api","timestamp":"2025-04-11 03:02:18.404"}
{"level":"info","message":"Login attempt for user: test-admin-1744318938398@research.edu","service":"research-mgmt-api","timestamp":"2025-04-11 03:02:18.404"}
{"level":"warn","message":"Login failed: No user found with email test-admin-1744318938398@research.edu","service":"research-mgmt-api","timestamp":"2025-04-11 03:02:18.454"}
{"level":"error","message":"Login error: Invalid email or password","name":"UnauthorizedError","service":"research-mgmt-api","stack":"UnauthorizedError: Invalid email or password\n    at <anonymous> (/home/swadhin/r/server/src/controllers/authController.js:291:17)\n    at processTicksAndRejections (native:7:39)","status":401,"timestamp":"2025-04-11 03:02:18.455"}
{"level":"error","message":"HTTP POST /api/auth/login - 401 (51ms) Error: Invalid email or password","service":"research-mgmt-api","timestamp":"2025-04-11 03:02:18.455"}
{"level":"info","message":"MongoDB connection state: 1","service":"research-mgmt-api","timestamp":"2025-04-11 03:02:18.456"}
{"function":"registerUser","level":"info","message":"MongoDB connection verified","service":"research-mgmt-api","state":1,"timestamp":"2025-04-11 03:02:18.456"}
{"function":"registerUser","level":"info","message":"Argon2 hashing verified","service":"research-mgmt-api","success":true,"timestamp":"2025-04-11 03:02:18.473"}
{"error":"Specialization is required for supervisors","function":"registerUser","level":"error","message":"Registration error","requestBody":{"department":"Computer Science","email":"test-supervisor-1744318938455@research.edu","fullName":"Test Supervisor","password":"TestPassword123!","role":"supervisor"},"service":"research-mgmt-api","stack":"ValidationError: Specialization is required for supervisors\n    at new ValidationError (/home/swadhin/r/server/src/utils/validation.js:5:5)\n    at validateRegistration (/home/swadhin/r/server/src/utils/validation.js:88:15)\n    at <anonymous> (/home/swadhin/r/server/src/controllers/authController.js:89:5)\n    at processTicksAndRejections (native:7:39)","timestamp":"2025-04-11 03:02:18.474"}
{"level":"error","message":"HTTP POST /api/auth/register - 500 (18ms) Error: Specialization is required for supervisors","service":"research-mgmt-api","timestamp":"2025-04-11 03:02:18.474"}
{"level":"info","message":"MongoDB connection state: 1","service":"research-mgmt-api","timestamp":"2025-04-11 03:02:18.475"}
{"level":"info","message":"Login attempt for user: test-supervisor-1744318938455@research.edu","service":"research-mgmt-api","timestamp":"2025-04-11 03:02:18.475"}
{"level":"warn","message":"Login failed: No user found with email test-supervisor-1744318938455@research.edu","service":"research-mgmt-api","timestamp":"2025-04-11 03:02:18.525"}
{"level":"error","message":"Login error: Invalid email or password","name":"UnauthorizedError","service":"research-mgmt-api","stack":"UnauthorizedError: Invalid email or password\n    at <anonymous> (/home/swadhin/r/server/src/controllers/authController.js:291:17)\n    at processTicksAndRejections (native:7:39)","status":401,"timestamp":"2025-04-11 03:02:18.525"}
{"level":"error","message":"HTTP POST /api/auth/login - 401 (50ms) Error: Invalid email or password","service":"research-mgmt-api","timestamp":"2025-04-11 03:02:18.525"}
{"level":"info","message":"MongoDB connection state: 1","service":"research-mgmt-api","timestamp":"2025-04-11 03:02:18.526"}
{"function":"registerUser","level":"info","message":"MongoDB connection verified","service":"research-mgmt-api","state":1,"timestamp":"2025-04-11 03:02:18.526"}
{"function":"registerUser","level":"info","message":"Argon2 hashing verified","service":"research-mgmt-api","success":true,"timestamp":"2025-04-11 03:02:18.543"}
{"level":"info","message":"Checking for existing user with email: test-student-1744318938525@research.edu","service":"research-mgmt-api","timestamp":"2025-04-11 03:02:18.543"}
{"level":"info","message":"No existing user found with email: test-student-1744318938525@research.edu. Proceeding with registration.","service":"research-mgmt-api","timestamp":"2025-04-11 03:02:18.594"}
{"level":"info","message":"Creating new user object for: test-student-1744318938525@research.edu","service":"research-mgmt-api","timestamp":"2025-04-11 03:02:18.594"}
{"level":"info","message":"Saving user to database: test-student-1744318938525@research.edu","service":"research-mgmt-api","timestamp":"2025-04-11 03:02:18.596"}
{"level":"info","message":"User successfully saved. ID: 67f831da89c075060394d3c9, Email: test-student-1744318938525@research.edu","service":"research-mgmt-api","timestamp":"2025-04-11 03:02:18.673"}
{"level":"info","message":"Creating student profile with ID: STU000009","service":"research-mgmt-api","timestamp":"2025-04-11 03:02:18.728"}
{"level":"info","message":"Student profile created successfully: STU000009","service":"research-mgmt-api","timestamp":"2025-04-11 03:02:18.791"}
{"email":"test-student-1744318938525@research.edu","function":"registerUser","level":"info","message":"New user registered successfully","role":"student","service":"research-mgmt-api","timestamp":"2025-04-11 03:02:18.800","userId":"67f831da89c075060394d3c9"}
{"level":"info","message":"HTTP POST /api/auth/register - 201 (275ms)","service":"research-mgmt-api","timestamp":"2025-04-11 03:02:18.800"}
{"level":"info","message":"MongoDB connection state: 1","service":"research-mgmt-api","timestamp":"2025-04-11 03:02:18.802"}
{"level":"info","message":"Login attempt for user: test-student-1744318938525@research.edu","service":"research-mgmt-api","timestamp":"2025-04-11 03:02:18.802"}
{"level":"info","message":"Verifying password for user: test-student-1744318938525@research.edu","service":"research-mgmt-api","timestamp":"2025-04-11 03:02:18.853"}
{"level":"info","message":"Login successful for user: test-student-1744318938525@research.edu","service":"research-mgmt-api","timestamp":"2025-04-11 03:02:18.869"}
{"level":"info","message":"HTTP POST /api/auth/login - 200 (68ms)","service":"research-mgmt-api","timestamp":"2025-04-11 03:02:18.869"}
{"level":"info","message":"Attempting to connect to MongoDB database","service":"research-mgmt-api","timestamp":"2025-04-11 03:02:59.145"}
{"level":"info","message":"Attempting to connect to MongoDB...","service":"research-mgmt-api","timestamp":"2025-04-11 03:02:59.146"}
{"level":"info","message":"MongoDB Connected: ac-xdpuchx-shard-00-01.tvoe17p.mongodb.net","service":"research-mgmt-api","timestamp":"2025-04-11 03:02:59.783"}
{"level":"info","message":"✅ MongoDB connection established successfully","service":"research-mgmt-api","timestamp":"2025-04-11 03:02:59.783"}
{"level":"info","message":"🚀 Server running on port 300000","service":"research-mgmt-api","timestamp":"2025-04-11 03:02:59.787"}
{"level":"info","message":"Attempting to connect to MongoDB database","service":"research-mgmt-api","timestamp":"2025-04-11 03:03:11.862"}
{"level":"info","message":"Attempting to connect to MongoDB...","service":"research-mgmt-api","timestamp":"2025-04-11 03:03:11.863"}
{"error":"Failed to start server. Is port 30000 in use?","level":"error","location":"uncaughtException handler","message":"Uncaught Exception:","service":"research-mgmt-api","stack":"Error: Failed to start server. Is port 30000 in use?\n    at serve (unknown)\n    at bun:main:25:49\n    at moduleEvaluation (native)\n    at <anonymous> (native:2)\n    at processTicksAndRejections (native:7:39)","timestamp":"2025-04-11 03:03:11.874"}
{"level":"info","message":"MongoDB connection state: 1","service":"research-mgmt-api","timestamp":"2025-04-11 03:03:42.652"}
{"level":"info","message":"Login attempt for user: superadmin@research.edu","service":"research-mgmt-api","timestamp":"2025-04-11 03:03:42.652"}
{"level":"warn","message":"Login failed: No user found with email superadmin@research.edu","service":"research-mgmt-api","timestamp":"2025-04-11 03:03:42.704"}
{"level":"error","message":"Login error: Invalid email or password","name":"UnauthorizedError","service":"research-mgmt-api","stack":"UnauthorizedError: Invalid email or password\n    at <anonymous> (/home/swadhin/r/server/src/controllers/authController.js:291:17)\n    at processTicksAndRejections (native:7:39)","status":401,"timestamp":"2025-04-11 03:03:42.705"}
{"level":"error","message":"HTTP POST /api/auth/login - 401 (54ms) Error: Invalid email or password","service":"research-mgmt-api","timestamp":"2025-04-11 03:03:42.705"}
{"code":"VALIDATION","level":"error","message":"Application error: {\n  \"type\": \"validation\",\n  \"on\": \"body\",\n  \"summary\": \"Property 'role' should be one of: 'string', 'string'\",\n  \"property\": \"/role\",\n  \"message\": \"Expected union value\",\n  \"expected\": {\n    \"type\": \"Could not create expected value\",\n    \"message\": \"String types with formats must specify a default value\",\n    \"error\": {\n      \"schema\": {\n        \"format\": \"email\",\n        \"type\": \"string\"\n      }\n    }\n  },\n  \"found\": {\n    \"email\": \"test-admin-1744319022706@research.edu\",\n    \"password\": \"TestPassword123!\",\n    \"fullName\": \"Test Admin\",\n    \"role\": \"admin\",\n    \"department\": \"Computer Science\"\n  },\n  \"errors\": [\n    {\n      \"type\": 62,\n      \"schema\": {\n        \"anyOf\": [\n          {\n            \"const\": \"student\",\n            \"type\": \"string\"\n          },\n          {\n            \"const\": \"supervisor\",\n            \"type\": \"string\"\n          }\n        ]\n      },\n      \"path\": \"/role\",\n      \"value\": \"admin\",\n      \"message\": \"Expected union value\",\n      \"errors\": [\n        {\n          \"iterator\": {}\n        },\n        {\n          \"iterator\": {}\n        }\n      ],\n      \"summary\": \"Property 'role' should be one of: 'string', 'string'\"\n    }\n  ]\n}","service":"research-mgmt-api","stack":"Error: {\n  \"type\": \"validation\",\n  \"on\": \"body\",\n  \"summary\": \"Property 'role' should be one of: 'string', 'string'\",\n  \"property\": \"/role\",\n  \"message\": \"Expected union value\",\n  \"expected\": {\n    \"type\": \"Could not create expected value\",\n    \"message\": \"String types with formats must specify a default value\",\n    \"error\": {\n      \"schema\": {\n        \"format\": \"email\",\n        \"type\": \"string\"\n      }\n    }\n  },\n  \"found\": {\n    \"email\": \"test-admin-1744319022706@research.edu\",\n    \"password\": \"TestPassword123!\",\n    \"fullName\": \"Test Admin\",\n    \"role\": \"admin\",\n    \"department\": \"Computer Science\"\n  },\n  \"errors\": [\n    {\n      \"type\": 62,\n      \"schema\": {\n        \"anyOf\": [\n          {\n            \"const\": \"student\",\n            \"type\": \"string\"\n          },\n          {\n            \"const\": \"supervisor\",\n            \"type\": \"string\"\n          }\n        ]\n      },\n      \"path\": \"/role\",\n      \"value\": \"admin\",\n      \"message\": \"Expected union value\",\n      \"errors\": [\n        {\n          \"iterator\": {}\n        },\n        {\n          \"iterator\": {}\n        }\n      ],\n      \"summary\": \"Property 'role' should be one of: 'string', 'string'\"\n    }\n  ]\n}\n    at new ValidationError (/home/swadhin/r/server/node_modules/elysia/src/error.ts:264:3)\n    at <anonymous> (file:///home/swadhin/r/server/node_modules/elysia/dist/bun/index.js:46:84)\n    at processTicksAndRejections (native:7:39)","status":422,"timestamp":"2025-04-11 03:03:42.711","type":"body","validator":{"code":"const local_0 = /^(?=.*[a-z])(?=.*[A-Z])(?=.*\\d)(?=.*[@$!%*?&])[A-Za-z\\d@$!%*?&]{8,}$/;\nreturn function check(value) {\n  return (\n    (typeof value === 'object' && value !== null && !Array.isArray(value)) &&\n    (typeof value.fullName === 'string') &&\n    value.fullName.length <= 50 &&\n    value.fullName.length >= 2 &&\n    (typeof value.email === 'string') &&\n    format('email', value.email) &&\n    (typeof value.password === 'string') &&\n    value.password.length >= 8 &&\n    local_0.test(value.password) &&\n    (((value.role === 'student')) || ((value.role === 'supervisor'))) &&\n    (typeof value.department === 'string') &&\n    value.department.length <= 50 &&\n    value.department.length >= 2 &&\n    (value.studentId !== undefined ? ((typeof value.studentId === 'string')) : true) &&\n    (value.specialization !== undefined ? ((typeof value.specialization === 'string')) : true) &&\n    Object.getOwnPropertyNames(value).every(key => ['fullName', 'email', 'password', 'role', 'department', 'studentId', 'specialization'].includes(key))\n  )\n}","hasTransform":false,"references":[],"schema":{"additionalProperties":false,"properties":{"department":{"maxLength":50,"minLength":2,"type":"string"},"email":{"format":"email","type":"string"},"fullName":{"maxLength":50,"minLength":2,"type":"string"},"password":{"error":"Password must be at least 8 characters long and contain at least one uppercase letter, one lowercase letter, one number, and one special character","minLength":8,"pattern":"^(?=.*[a-z])(?=.*[A-Z])(?=.*\\d)(?=.*[@$!%*?&])[A-Za-z\\d@$!%*?&]{8,}$","type":"string"},"role":{"anyOf":[{"const":"student","type":"string"},{"const":"supervisor","type":"string"}]},"specialization":{"type":"string"},"studentId":{"type":"string"}},"required":["fullName","email","password","role","department"],"type":"object"}},"value":{"department":"Computer Science","email":"test-admin-1744319022706@research.edu","fullName":"Test Admin","password":"TestPassword123!","role":"admin"}}
{"level":"info","message":"MongoDB connection state: 1","service":"research-mgmt-api","timestamp":"2025-04-11 03:03:42.711"}
{"level":"info","message":"Login attempt for user: test-admin-1744319022706@research.edu","service":"research-mgmt-api","timestamp":"2025-04-11 03:03:42.711"}
{"level":"warn","message":"Login failed: No user found with email test-admin-1744319022706@research.edu","service":"research-mgmt-api","timestamp":"2025-04-11 03:03:42.761"}
{"level":"error","message":"Login error: Invalid email or password","name":"UnauthorizedError","service":"research-mgmt-api","stack":"UnauthorizedError: Invalid email or password\n    at <anonymous> (/home/swadhin/r/server/src/controllers/authController.js:291:17)\n    at processTicksAndRejections (native:7:39)","status":401,"timestamp":"2025-04-11 03:03:42.761"}
{"level":"error","message":"HTTP POST /api/auth/login - 401 (50ms) Error: Invalid email or password","service":"research-mgmt-api","timestamp":"2025-04-11 03:03:42.761"}
{"level":"info","message":"MongoDB connection state: 1","service":"research-mgmt-api","timestamp":"2025-04-11 03:03:42.762"}
{"function":"registerUser","level":"info","message":"MongoDB connection verified","service":"research-mgmt-api","state":1,"timestamp":"2025-04-11 03:03:42.762"}
{"function":"registerUser","level":"info","message":"Argon2 hashing verified","service":"research-mgmt-api","success":true,"timestamp":"2025-04-11 03:03:42.784"}
{"error":"Specialization is required for supervisors","function":"registerUser","level":"error","message":"Registration error","requestBody":{"department":"Computer Science","email":"test-supervisor-1744319022761@research.edu","fullName":"Test Supervisor","password":"TestPassword123!","role":"supervisor"},"service":"research-mgmt-api","stack":"ValidationError: Specialization is required for supervisors\n    at new ValidationError (/home/swadhin/r/server/src/utils/validation.js:5:5)\n    at validateRegistration (/home/swadhin/r/server/src/utils/validation.js:88:15)\n    at <anonymous> (/home/swadhin/r/server/src/controllers/authController.js:89:5)\n    at processTicksAndRejections (native:7:39)","timestamp":"2025-04-11 03:03:42.784"}
{"level":"error","message":"HTTP POST /api/auth/register - 500 (23ms) Error: Specialization is required for supervisors","service":"research-mgmt-api","timestamp":"2025-04-11 03:03:42.784"}
{"level":"info","message":"MongoDB connection state: 1","service":"research-mgmt-api","timestamp":"2025-04-11 03:03:42.785"}
{"level":"info","message":"Login attempt for user: test-supervisor-1744319022761@research.edu","service":"research-mgmt-api","timestamp":"2025-04-11 03:03:42.786"}
{"level":"warn","message":"Login failed: No user found with email test-supervisor-1744319022761@research.edu","service":"research-mgmt-api","timestamp":"2025-04-11 03:03:42.834"}
{"level":"error","message":"Login error: Invalid email or password","name":"UnauthorizedError","service":"research-mgmt-api","stack":"UnauthorizedError: Invalid email or password\n    at <anonymous> (/home/swadhin/r/server/src/controllers/authController.js:291:17)\n    at processTicksAndRejections (native:7:39)","status":401,"timestamp":"2025-04-11 03:03:42.834"}
{"level":"error","message":"HTTP POST /api/auth/login - 401 (49ms) Error: Invalid email or password","service":"research-mgmt-api","timestamp":"2025-04-11 03:03:42.834"}
{"level":"info","message":"MongoDB connection state: 1","service":"research-mgmt-api","timestamp":"2025-04-11 03:03:42.835"}
{"function":"registerUser","level":"info","message":"MongoDB connection verified","service":"research-mgmt-api","state":1,"timestamp":"2025-04-11 03:03:42.835"}
{"function":"registerUser","level":"info","message":"Argon2 hashing verified","service":"research-mgmt-api","success":true,"timestamp":"2025-04-11 03:03:42.851"}
{"level":"info","message":"Checking for existing user with email: test-student-1744319022835@research.edu","service":"research-mgmt-api","timestamp":"2025-04-11 03:03:42.852"}
{"level":"info","message":"No existing user found with email: test-student-1744319022835@research.edu. Proceeding with registration.","service":"research-mgmt-api","timestamp":"2025-04-11 03:03:42.901"}
{"level":"info","message":"Creating new user object for: test-student-1744319022835@research.edu","service":"research-mgmt-api","timestamp":"2025-04-11 03:03:42.901"}
{"level":"info","message":"Saving user to database: test-student-1744319022835@research.edu","service":"research-mgmt-api","timestamp":"2025-04-11 03:03:42.904"}
{"level":"info","message":"User successfully saved. ID: 67f8322ed5b199852e7d1c34, Email: test-student-1744319022835@research.edu","service":"research-mgmt-api","timestamp":"2025-04-11 03:03:42.978"}
{"level":"info","message":"Creating student profile with ID: STU000010","service":"research-mgmt-api","timestamp":"2025-04-11 03:03:43.027"}
{"level":"info","message":"Student profile created successfully: STU000010","service":"research-mgmt-api","timestamp":"2025-04-11 03:03:43.080"}
{"email":"test-student-1744319022835@research.edu","function":"registerUser","level":"info","message":"New user registered successfully","role":"student","service":"research-mgmt-api","timestamp":"2025-04-11 03:03:43.082","userId":"67f8322ed5b199852e7d1c34"}
{"level":"info","message":"HTTP POST /api/auth/register - 201 (247ms)","service":"research-mgmt-api","timestamp":"2025-04-11 03:03:43.082"}
{"level":"info","message":"MongoDB connection state: 1","service":"research-mgmt-api","timestamp":"2025-04-11 03:03:43.083"}
{"level":"info","message":"Login attempt for user: test-student-1744319022835@research.edu","service":"research-mgmt-api","timestamp":"2025-04-11 03:03:43.084"}
{"level":"info","message":"Verifying password for user: test-student-1744319022835@research.edu","service":"research-mgmt-api","timestamp":"2025-04-11 03:03:43.135"}
{"level":"info","message":"Login successful for user: test-student-1744319022835@research.edu","service":"research-mgmt-api","timestamp":"2025-04-11 03:03:43.169"}
{"level":"info","message":"HTTP POST /api/auth/login - 200 (86ms)","service":"research-mgmt-api","timestamp":"2025-04-11 03:03:43.169"}
{"level":"info","message":"MongoDB connection state: 1","service":"research-mgmt-api","timestamp":"2025-04-11 03:04:15.604"}
{"function":"registerUser","level":"info","message":"MongoDB connection verified","service":"research-mgmt-api","state":1,"timestamp":"2025-04-11 03:04:15.604"}
{"function":"registerUser","level":"info","message":"Argon2 hashing verified","service":"research-mgmt-api","success":true,"timestamp":"2025-04-11 03:04:15.624"}
{"level":"info","message":"Checking for existing user with email: test@example.com","service":"research-mgmt-api","timestamp":"2025-04-11 03:04:15.625"}
{"level":"info","message":"No existing user found with email: test@example.com. Proceeding with registration.","service":"research-mgmt-api","timestamp":"2025-04-11 03:04:15.674"}
{"level":"info","message":"Creating new user object for: test@example.com","service":"research-mgmt-api","timestamp":"2025-04-11 03:04:15.674"}
{"level":"info","message":"Saving user to database: test@example.com","service":"research-mgmt-api","timestamp":"2025-04-11 03:04:15.674"}
{"level":"info","message":"User successfully saved. ID: 67f8324fd5b199852e7d1c3c, Email: test@example.com","service":"research-mgmt-api","timestamp":"2025-04-11 03:04:15.741"}
{"level":"info","message":"Creating student profile with ID: STU000011","service":"research-mgmt-api","timestamp":"2025-04-11 03:04:15.790"}
{"level":"info","message":"Student profile created successfully: STU000011","service":"research-mgmt-api","timestamp":"2025-04-11 03:04:15.842"}
{"email":"test@example.com","function":"registerUser","level":"info","message":"New user registered successfully","role":"student","service":"research-mgmt-api","timestamp":"2025-04-11 03:04:15.843","userId":"67f8324fd5b199852e7d1c3c"}
{"level":"info","message":"HTTP POST /api/auth/register - 201 (240ms)","service":"research-mgmt-api","timestamp":"2025-04-11 03:04:15.843"}
{"level":"info","message":"MongoDB connection state: 1","service":"research-mgmt-api","timestamp":"2025-04-11 03:04:15.844"}
{"level":"info","message":"Login attempt for user: test@example.com","service":"research-mgmt-api","timestamp":"2025-04-11 03:04:15.844"}
{"level":"info","message":"Verifying password for user: test@example.com","service":"research-mgmt-api","timestamp":"2025-04-11 03:04:15.894"}
{"level":"info","message":"Login successful for user: test@example.com","service":"research-mgmt-api","timestamp":"2025-04-11 03:04:15.910"}
{"level":"info","message":"HTTP POST /api/auth/login - 200 (66ms)","service":"research-mgmt-api","timestamp":"2025-04-11 03:04:15.910"}
{"level":"info","message":"Attempting to connect to MongoDB database","service":"research-mgmt-api","timestamp":"2025-04-11 03:04:39.795"}
{"level":"info","message":"Attempting to connect to MongoDB...","service":"research-mgmt-api","timestamp":"2025-04-11 03:04:39.796"}
{"level":"info","message":"MongoDB Connected: ac-xdpuchx-shard-00-01.tvoe17p.mongodb.net","service":"research-mgmt-api","timestamp":"2025-04-11 03:04:40.462"}
{"level":"info","message":"✅ MongoDB connection established successfully","service":"research-mgmt-api","timestamp":"2025-04-11 03:04:40.462"}
{"level":"info","message":"🚀 Server running on port 300000","service":"research-mgmt-api","timestamp":"2025-04-11 03:04:40.467"}
{"level":"info","message":"Attempting to connect to MongoDB database","service":"research-mgmt-api","timestamp":"2025-04-11 03:04:42.410"}
{"level":"info","message":"Attempting to connect to MongoDB...","service":"research-mgmt-api","timestamp":"2025-04-11 03:04:42.411"}
{"level":"info","message":"MongoDB Connected: ac-xdpuchx-shard-00-00.tvoe17p.mongodb.net","service":"research-mgmt-api","timestamp":"2025-04-11 03:04:43.022"}
{"level":"info","message":"✅ MongoDB connection established successfully","service":"research-mgmt-api","timestamp":"2025-04-11 03:04:43.022"}
{"level":"info","message":"🚀 Server running on port 300000","service":"research-mgmt-api","timestamp":"2025-04-11 03:04:43.027"}
{"level":"info","message":"Attempting to connect to MongoDB database","service":"research-mgmt-api","timestamp":"2025-04-11 03:04:54.585"}
{"level":"info","message":"Attempting to connect to MongoDB...","service":"research-mgmt-api","timestamp":"2025-04-11 03:04:54.586"}
{"error":"Failed to start server. Is port 30000 in use?","level":"error","location":"uncaughtException handler","message":"Uncaught Exception:","service":"research-mgmt-api","stack":"Error: Failed to start server. Is port 30000 in use?\n    at serve (unknown)\n    at bun:main:25:49\n    at moduleEvaluation (native)\n    at <anonymous> (native:2)\n    at processTicksAndRejections (native:7:39)","timestamp":"2025-04-11 03:04:54.597"}
{"level":"info","message":"MongoDB connection state: 1","service":"research-mgmt-api","timestamp":"2025-04-11 03:05:05.878"}
{"function":"registerUser","level":"info","message":"MongoDB connection verified","service":"research-mgmt-api","state":1,"timestamp":"2025-04-11 03:05:05.878"}
{"function":"registerUser","level":"info","message":"Argon2 hashing verified","service":"research-mgmt-api","success":true,"timestamp":"2025-04-11 03:05:05.897"}
{"level":"info","message":"Checking for existing user with email: test@example.com","service":"research-mgmt-api","timestamp":"2025-04-11 03:05:05.898"}
{"level":"warn","message":"Email already registered: test@example.com","service":"research-mgmt-api","timestamp":"2025-04-11 03:05:05.954"}
{"error":"Email already registered","function":"registerUser","level":"error","message":"Registration error","requestBody":{"department":"Computer Science","email":"test@example.com","fullName":"Test User","password":"TestPassword123!","role":"student"},"service":"research-mgmt-api","stack":"ConflictError: Email already registered\n    at <anonymous> (/home/swadhin/r/server/src/controllers/authController.js:107:17)\n    at processTicksAndRejections (native:7:39)","timestamp":"2025-04-11 03:05:05.955"}
{"level":"error","message":"HTTP POST /api/auth/register - 409 (79ms) Error: Email already registered","service":"research-mgmt-api","timestamp":"2025-04-11 03:05:05.955"}
{"level":"info","message":"MongoDB connection state: 1","service":"research-mgmt-api","timestamp":"2025-04-11 03:05:05.958"}
{"level":"info","message":"Login attempt for user: test@example.com","service":"research-mgmt-api","timestamp":"2025-04-11 03:05:05.958"}
{"level":"info","message":"Verifying password for user: test@example.com","service":"research-mgmt-api","timestamp":"2025-04-11 03:05:06.011"}
{"level":"info","message":"Login successful for user: test@example.com","service":"research-mgmt-api","timestamp":"2025-04-11 03:05:06.032"}
{"level":"info","message":"HTTP POST /api/auth/login - 200 (75ms)","service":"research-mgmt-api","timestamp":"2025-04-11 03:05:06.033"}
{"level":"info","message":"Attempting to connect to MongoDB database","service":"research-mgmt-api","timestamp":"2025-04-11 03:05:58.598"}
{"level":"info","message":"Attempting to connect to MongoDB...","service":"research-mgmt-api","timestamp":"2025-04-11 03:05:58.598"}
{"level":"info","message":"MongoDB Connected: ac-xdpuchx-shard-00-01.tvoe17p.mongodb.net","service":"research-mgmt-api","timestamp":"2025-04-11 03:05:59.238"}
{"level":"info","message":"✅ MongoDB connection established successfully","service":"research-mgmt-api","timestamp":"2025-04-11 03:05:59.238"}
{"level":"info","message":"🚀 Server running on port 300000","service":"research-mgmt-api","timestamp":"2025-04-11 03:05:59.245"}
{"level":"info","message":"Attempting to connect to MongoDB database","service":"research-mgmt-api","timestamp":"2025-04-11 03:06:12.147"}
{"level":"info","message":"Attempting to connect to MongoDB...","service":"research-mgmt-api","timestamp":"2025-04-11 03:06:12.148"}
{"error":"Failed to start server. Is port 30000 in use?","level":"error","location":"uncaughtException handler","message":"Uncaught Exception:","service":"research-mgmt-api","stack":"Error: Failed to start server. Is port 30000 in use?\n    at serve (unknown)\n    at bun:main:25:49\n    at moduleEvaluation (native)\n    at <anonymous> (native:2)\n    at processTicksAndRejections (native:7:39)","timestamp":"2025-04-11 03:06:12.159"}
{"level":"info","message":"MongoDB connection state: 1","service":"research-mgmt-api","timestamp":"2025-04-11 03:06:48.040"}
{"function":"registerUser","level":"info","message":"MongoDB connection verified","service":"research-mgmt-api","state":1,"timestamp":"2025-04-11 03:06:48.040"}
{"function":"registerUser","level":"info","message":"Argon2 hashing verified","service":"research-mgmt-api","success":true,"timestamp":"2025-04-11 03:06:48.056"}
{"level":"info","message":"Checking for existing user with email: test-user-1744319208024@example.com","service":"research-mgmt-api","timestamp":"2025-04-11 03:06:48.057"}
{"level":"info","message":"No existing user found with email: test-user-1744319208024@example.com. Proceeding with registration.","service":"research-mgmt-api","timestamp":"2025-04-11 03:06:48.109"}
{"level":"info","message":"Creating new user object for: test-user-1744319208024@example.com","service":"research-mgmt-api","timestamp":"2025-04-11 03:06:48.110"}
{"level":"info","message":"Saving user to database: test-user-1744319208024@example.com","service":"research-mgmt-api","timestamp":"2025-04-11 03:06:48.112"}
{"level":"info","message":"User successfully saved. ID: 67f832e87f4f9e976ed939b5, Email: test-user-1744319208024@example.com","service":"research-mgmt-api","timestamp":"2025-04-11 03:06:48.184"}
{"level":"info","message":"Creating student profile with ID: STU000012","service":"research-mgmt-api","timestamp":"2025-04-11 03:06:48.237"}
{"level":"info","message":"Student profile created successfully: STU000012","service":"research-mgmt-api","timestamp":"2025-04-11 03:06:48.292"}
{"email":"test-user-1744319208024@example.com","function":"registerUser","level":"info","message":"New user registered successfully","role":"student","service":"research-mgmt-api","timestamp":"2025-04-11 03:06:48.294","userId":"67f832e87f4f9e976ed939b5"}
{"level":"info","message":"HTTP POST /api/auth/register - 201 (256ms)","service":"research-mgmt-api","timestamp":"2025-04-11 03:06:48.295"}
{"level":"info","message":"MongoDB connection state: 1","service":"research-mgmt-api","timestamp":"2025-04-11 03:08:24.360"}
{"function":"registerUser","level":"info","message":"MongoDB connection verified","service":"research-mgmt-api","state":1,"timestamp":"2025-04-11 03:08:24.360"}
{"function":"registerUser","level":"info","message":"Argon2 hashing verified","service":"research-mgmt-api","success":true,"timestamp":"2025-04-11 03:08:24.378"}
{"level":"info","message":"Checking for existing user with email: test-user-1744319304330@example.com","service":"research-mgmt-api","timestamp":"2025-04-11 03:08:24.379"}
{"level":"info","message":"No existing user found with email: test-user-1744319304330@example.com. Proceeding with registration.","service":"research-mgmt-api","timestamp":"2025-04-11 03:08:24.428"}
{"level":"info","message":"Creating new user object for: test-user-1744319304330@example.com","service":"research-mgmt-api","timestamp":"2025-04-11 03:08:24.428"}
{"level":"info","message":"Saving user to database: test-user-1744319304330@example.com","service":"research-mgmt-api","timestamp":"2025-04-11 03:08:24.428"}
{"level":"info","message":"User successfully saved. ID: 67f833487f4f9e976ed939bb, Email: test-user-1744319304330@example.com","service":"research-mgmt-api","timestamp":"2025-04-11 03:08:24.505"}
{"level":"info","message":"Creating student profile with ID: STU000013","service":"research-mgmt-api","timestamp":"2025-04-11 03:08:24.554"}
{"level":"info","message":"Student profile created successfully: STU000013","service":"research-mgmt-api","timestamp":"2025-04-11 03:08:24.607"}
{"email":"test-user-1744319304330@example.com","function":"registerUser","level":"info","message":"New user registered successfully","role":"student","service":"research-mgmt-api","timestamp":"2025-04-11 03:08:24.607","userId":"67f833487f4f9e976ed939bb"}
{"level":"info","message":"HTTP POST /api/auth/register - 201 (248ms)","service":"research-mgmt-api","timestamp":"2025-04-11 03:08:24.607"}
{"level":"info","message":"Attempting to connect to MongoDB database","service":"research-mgmt-api","timestamp":"2025-04-11 03:08:38.414"}
{"level":"info","message":"Attempting to connect to MongoDB...","service":"research-mgmt-api","timestamp":"2025-04-11 03:08:38.415"}
{"level":"info","message":"MongoDB Connected: ac-xdpuchx-shard-00-02.tvoe17p.mongodb.net","service":"research-mgmt-api","timestamp":"2025-04-11 03:08:39.074"}
{"level":"info","message":"✅ MongoDB connection established successfully","service":"research-mgmt-api","timestamp":"2025-04-11 03:08:39.074"}
{"level":"info","message":"🚀 Server running on port 300000","service":"research-mgmt-api","timestamp":"2025-04-11 03:08:39.079"}
{"level":"info","message":"Attempting to connect to MongoDB database","service":"research-mgmt-api","timestamp":"2025-04-11 03:08:39.664"}
{"level":"info","message":"Attempting to connect to MongoDB...","service":"research-mgmt-api","timestamp":"2025-04-11 03:08:39.665"}
{"level":"info","message":"MongoDB Connected: ac-xdpuchx-shard-00-02.tvoe17p.mongodb.net","service":"research-mgmt-api","timestamp":"2025-04-11 03:08:40.263"}
{"level":"info","message":"✅ MongoDB connection established successfully","service":"research-mgmt-api","timestamp":"2025-04-11 03:08:40.263"}
{"level":"info","message":"🚀 Server running on port 300000","service":"research-mgmt-api","timestamp":"2025-04-11 03:08:40.268"}
{"level":"info","message":"Attempting to connect to MongoDB database","service":"research-mgmt-api","timestamp":"2025-04-11 03:08:56.352"}
{"level":"info","message":"Attempting to connect to MongoDB...","service":"research-mgmt-api","timestamp":"2025-04-11 03:08:56.353"}
{"level":"info","message":"MongoDB Connected: ac-xdpuchx-shard-00-02.tvoe17p.mongodb.net","service":"research-mgmt-api","timestamp":"2025-04-11 03:08:56.971"}
{"level":"info","message":"✅ MongoDB connection established successfully","service":"research-mgmt-api","timestamp":"2025-04-11 03:08:56.972"}
{"level":"info","message":"🚀 Server running on port 300000","service":"research-mgmt-api","timestamp":"2025-04-11 03:08:56.979"}
{"level":"info","message":"Attempting to connect to MongoDB database","service":"research-mgmt-api","timestamp":"2025-04-11 03:09:01.474"}
{"level":"info","message":"Attempting to connect to MongoDB...","service":"research-mgmt-api","timestamp":"2025-04-11 03:09:01.474"}
{"level":"info","message":"Attempting to connect to MongoDB database","service":"research-mgmt-api","timestamp":"2025-04-11 03:09:02.115"}
{"level":"info","message":"Attempting to connect to MongoDB...","service":"research-mgmt-api","timestamp":"2025-04-11 03:09:02.116"}
{"level":"info","message":"MongoDB Connected: ac-xdpuchx-shard-00-00.tvoe17p.mongodb.net","service":"research-mgmt-api","timestamp":"2025-04-11 03:09:02.716"}
{"level":"info","message":"✅ MongoDB connection established successfully","service":"research-mgmt-api","timestamp":"2025-04-11 03:09:02.716"}
{"level":"info","message":"🚀 Server running on port 300000","service":"research-mgmt-api","timestamp":"2025-04-11 03:09:02.721"}
{"level":"error","message":"Application error: Too many requests, please try again later","service":"research-mgmt-api","stack":"Error: Too many requests, please try again later\n    at <anonymous> (/home/swadhin/r/server/src/index.js:289:15)\n    at <anonymous> (file:///home/swadhin/r/server/node_modules/elysia/dist/bun/index.js:22:13)\n    at processTicksAndRejections (native:7:39)","timestamp":"2025-04-11 03:11:11.455"}
{"level":"error","message":"Application error: Too many requests, please try again later","service":"research-mgmt-api","stack":"Error: Too many requests, please try again later\n    at <anonymous> (/home/swadhin/r/server/src/index.js:289:15)\n    at <anonymous> (file:///home/swadhin/r/server/node_modules/elysia/dist/bun/index.js:22:13)\n    at processTicksAndRejections (native:7:39)","timestamp":"2025-04-11 03:11:11.456"}
{"level":"error","message":"Application error: Too many requests, please try again later","service":"research-mgmt-api","stack":"Error: Too many requests, please try again later\n    at <anonymous> (/home/swadhin/r/server/src/index.js:289:15)\n    at <anonymous> (file:///home/swadhin/r/server/node_modules/elysia/dist/bun/index.js:22:13)\n    at processTicksAndRejections (native:7:39)","timestamp":"2025-04-11 03:11:11.555"}
{"level":"error","message":"Application error: Too many requests, please try again later","service":"research-mgmt-api","stack":"Error: Too many requests, please try again later\n    at <anonymous> (/home/swadhin/r/server/src/index.js:289:15)\n    at <anonymous> (file:///home/swadhin/r/server/node_modules/elysia/dist/bun/index.js:22:13)\n    at processTicksAndRejections (native:7:39)","timestamp":"2025-04-11 03:11:12.567"}
{"level":"error","message":"Application error: Too many requests, please try again later","service":"research-mgmt-api","stack":"Error: Too many requests, please try again later\n    at <anonymous> (/home/swadhin/r/server/src/index.js:289:15)\n    at <anonymous> (file:///home/swadhin/r/server/node_modules/elysia/dist/bun/index.js:22:13)\n    at processTicksAndRejections (native:7:39)","timestamp":"2025-04-11 03:11:14.571"}
{"level":"error","message":"Application error: Too many requests, please try again later","service":"research-mgmt-api","stack":"Error: Too many requests, please try again later\n    at <anonymous> (/home/swadhin/r/server/src/index.js:289:15)\n    at <anonymous> (file:///home/swadhin/r/server/node_modules/elysia/dist/bun/index.js:22:13)\n    at processTicksAndRejections (native:7:39)","timestamp":"2025-04-11 03:11:34.315"}
{"level":"error","message":"Application error: Too many requests, please try again later","service":"research-mgmt-api","stack":"Error: Too many requests, please try again later\n    at <anonymous> (/home/swadhin/r/server/src/index.js:289:15)\n    at <anonymous> (file:///home/swadhin/r/server/node_modules/elysia/dist/bun/index.js:22:13)\n    at processTicksAndRejections (native:7:39)","timestamp":"2025-04-11 03:11:34.316"}
{"level":"error","message":"Application error: Too many requests, please try again later","service":"research-mgmt-api","stack":"Error: Too many requests, please try again later\n    at <anonymous> (/home/swadhin/r/server/src/index.js:289:15)\n    at <anonymous> (file:///home/swadhin/r/server/node_modules/elysia/dist/bun/index.js:22:13)\n    at processTicksAndRejections (native:7:39)","timestamp":"2025-04-11 03:11:34.623"}
{"level":"error","message":"Application error: Too many requests, please try again later","service":"research-mgmt-api","stack":"Error: Too many requests, please try again later\n    at <anonymous> (/home/swadhin/r/server/src/index.js:289:15)\n    at <anonymous> (file:///home/swadhin/r/server/node_modules/elysia/dist/bun/index.js:22:13)\n    at processTicksAndRejections (native:7:39)","timestamp":"2025-04-11 03:11:35.632"}
{"level":"error","message":"Application error: Too many requests, please try again later","service":"research-mgmt-api","stack":"Error: Too many requests, please try again later\n    at <anonymous> (/home/swadhin/r/server/src/index.js:289:15)\n    at <anonymous> (file:///home/swadhin/r/server/node_modules/elysia/dist/bun/index.js:22:13)\n    at processTicksAndRejections (native:7:39)","timestamp":"2025-04-11 03:11:37.637"}
{"external":"33 MB","heapTotal":"29 MB","heapUsed":"57 MB","level":"info","message":"Memory usage stats:","rss":"213 MB","service":"research-mgmt-api","timestamp":"2025-04-11 03:14:02.121"}
{"external":"22 MB","heapTotal":"28 MB","heapUsed":"40 MB","level":"info","message":"Memory usage stats:","rss":"202 MB","service":"research-mgmt-api","timestamp":"2025-04-11 03:19:02.125"}
{"level":"info","message":"Attempting to connect to MongoDB database","service":"research-mgmt-api","timestamp":"2025-04-11 03:20:23.678"}
{"level":"info","message":"Attempting to connect to MongoDB...","service":"research-mgmt-api","timestamp":"2025-04-11 03:20:23.678"}
{"level":"info","message":"MongoDB Connected: ac-xdpuchx-shard-00-01.tvoe17p.mongodb.net","service":"research-mgmt-api","timestamp":"2025-04-11 03:20:24.393"}
{"level":"info","message":"✅ MongoDB connection established successfully","service":"research-mgmt-api","timestamp":"2025-04-11 03:20:24.393"}
{"level":"info","message":"🚀 Server running on port 300000","service":"research-mgmt-api","timestamp":"2025-04-11 03:20:24.399"}
{"level":"error","message":"Application error: Too many requests, please try again later","service":"research-mgmt-api","stack":"Error: Too many requests, please try again later\n    at <anonymous> (/home/swadhin/r/server/src/index.js:289:15)\n    at <anonymous> (file:///home/swadhin/r/server/node_modules/elysia/dist/bun/index.js:22:13)\n    at processTicksAndRejections (native:7:39)","timestamp":"2025-04-11 03:22:00.205"}
{"level":"error","message":"Application error: Too many requests, please try again later","service":"research-mgmt-api","stack":"Error: Too many requests, please try again later\n    at <anonymous> (/home/swadhin/r/server/src/index.js:289:15)\n    at <anonymous> (file:///home/swadhin/r/server/node_modules/elysia/dist/bun/index.js:22:13)\n    at processTicksAndRejections (native:7:39)","timestamp":"2025-04-11 03:22:00.206"}
{"level":"error","message":"Application error: Too many requests, please try again later","service":"research-mgmt-api","stack":"Error: Too many requests, please try again later\n    at <anonymous> (/home/swadhin/r/server/src/index.js:289:15)\n    at <anonymous> (file:///home/swadhin/r/server/node_modules/elysia/dist/bun/index.js:22:13)\n    at processTicksAndRejections (native:7:39)","timestamp":"2025-04-11 03:22:00.458"}
{"level":"error","message":"Application error: Too many requests, please try again later","service":"research-mgmt-api","stack":"Error: Too many requests, please try again later\n    at <anonymous> (/home/swadhin/r/server/src/index.js:289:15)\n    at <anonymous> (file:///home/swadhin/r/server/node_modules/elysia/dist/bun/index.js:22:13)\n    at processTicksAndRejections (native:7:39)","timestamp":"2025-04-11 03:22:01.472"}
{"level":"error","message":"Application error: Too many requests, please try again later","service":"research-mgmt-api","stack":"Error: Too many requests, please try again later\n    at <anonymous> (/home/swadhin/r/server/src/index.js:289:15)\n    at <anonymous> (file:///home/swadhin/r/server/node_modules/elysia/dist/bun/index.js:22:13)\n    at processTicksAndRejections (native:7:39)","timestamp":"2025-04-11 03:22:03.476"}
{"external":"36 MB","heapTotal":"29 MB","heapUsed":"59 MB","level":"info","message":"Memory usage stats:","rss":"216 MB","service":"research-mgmt-api","timestamp":"2025-04-11 03:25:23.685"}
{"level":"info","message":"Attempting to connect to MongoDB database","service":"research-mgmt-api","timestamp":"2025-04-11 03:25:52.209"}
{"level":"info","message":"Attempting to connect to MongoDB...","service":"research-mgmt-api","timestamp":"2025-04-11 03:25:52.210"}
{"level":"info","message":"MongoDB Connected: ac-xdpuchx-shard-00-00.tvoe17p.mongodb.net","service":"research-mgmt-api","timestamp":"2025-04-11 03:25:52.856"}
{"level":"info","message":"✅ MongoDB connection established successfully","service":"research-mgmt-api","timestamp":"2025-04-11 03:25:52.856"}
{"level":"info","message":"🚀 Server running on port 300000","service":"research-mgmt-api","timestamp":"2025-04-11 03:25:52.860"}
{"level":"info","message":"MongoDB connection state: 1","service":"research-mgmt-api","timestamp":"2025-04-11 03:26:20.668"}
{"level":"info","message":"Login attempt for user: teststudent1@gmail.com","service":"research-mgmt-api","timestamp":"2025-04-11 03:26:20.668"}
{"level":"info","message":"Verifying password for user: teststudent1@gmail.com","service":"research-mgmt-api","timestamp":"2025-04-11 03:26:20.723"}
{"level":"info","message":"Login successful for user: teststudent1@gmail.com","service":"research-mgmt-api","timestamp":"2025-04-11 03:26:20.743"}
{"level":"info","message":"HTTP POST /api/auth/login - 200 (77ms)","service":"research-mgmt-api","timestamp":"2025-04-11 03:26:20.744"}
{"level":"info","message":"Attempting to connect to MongoDB database","service":"research-mgmt-api","timestamp":"2025-04-11 10:21:56.381"}
{"level":"info","message":"Attempting to connect to MongoDB...","service":"research-mgmt-api","timestamp":"2025-04-11 10:21:56.382"}
{"level":"info","message":"MongoDB Connected: ac-xdpuchx-shard-00-02.tvoe17p.mongodb.net","service":"research-mgmt-api","timestamp":"2025-04-11 10:21:57.162"}
{"level":"info","message":"✅ MongoDB connection established successfully","service":"research-mgmt-api","timestamp":"2025-04-11 10:21:57.163"}
{"level":"info","message":"🚀 Server running on port 300000","service":"research-mgmt-api","timestamp":"2025-04-11 10:21:57.167"}
{"level":"info","message":"MongoDB connection state: 1","service":"research-mgmt-api","timestamp":"2025-04-11 10:25:10.304"}
{"level":"info","message":"Login attempt for user: teststudent1@gmail.com","service":"research-mgmt-api","timestamp":"2025-04-11 10:25:10.304"}
{"level":"info","message":"Verifying password for user: teststudent1@gmail.com","service":"research-mgmt-api","timestamp":"2025-04-11 10:25:10.359"}
{"level":"info","message":"Login successful for user: teststudent1@gmail.com","service":"research-mgmt-api","timestamp":"2025-04-11 10:25:10.379"}
{"level":"info","message":"HTTP POST /api/auth/login - 200 (77ms)","service":"research-mgmt-api","timestamp":"2025-04-11 10:25:10.380"}
{"level":"info","message":"Attempting to connect to MongoDB database","service":"research-mgmt-api","timestamp":"2025-04-11 10:26:37.257"}
{"level":"info","message":"Attempting to connect to MongoDB...","service":"research-mgmt-api","timestamp":"2025-04-11 10:26:37.258"}
{"level":"info","message":"MongoDB Connected: ac-xdpuchx-shard-00-01.tvoe17p.mongodb.net","service":"research-mgmt-api","timestamp":"2025-04-11 10:26:38.051"}
{"level":"info","message":"✅ MongoDB connection established successfully","service":"research-mgmt-api","timestamp":"2025-04-11 10:26:38.051"}
{"level":"info","message":"🚀 Server running on port 300000","service":"research-mgmt-api","timestamp":"2025-04-11 10:26:38.056"}
{"level":"info","message":"Attempting to connect to MongoDB database","service":"research-mgmt-api","timestamp":"2025-04-11 10:28:34.139"}
{"level":"info","message":"Attempting to connect to MongoDB...","service":"research-mgmt-api","timestamp":"2025-04-11 10:28:34.140"}
{"error":"Failed to start server. Is port 30000 in use?","level":"error","location":"uncaughtException handler","message":"Uncaught Exception:","service":"research-mgmt-api","stack":"Error: Failed to start server. Is port 30000 in use?\n    at serve (unknown)\n    at bun:main:12:28\n    at moduleEvaluation (native)\n    at <anonymous> (native:2)\n    at processTicksAndRejections (native:7:39)","timestamp":"2025-04-11 10:28:34.151"}
{"level":"info","message":"Attempting to connect to MongoDB database","service":"research-mgmt-api","timestamp":"2025-04-11 10:30:29.737"}
{"level":"info","message":"Attempting to connect to MongoDB...","service":"research-mgmt-api","timestamp":"2025-04-11 10:30:29.738"}
{"error":"Failed to start server. Is port 30000 in use?","level":"error","location":"uncaughtException handler","message":"Uncaught Exception:","service":"research-mgmt-api","stack":"Error: Failed to start server. Is port 30000 in use?\n    at serve (unknown)\n    at bun:main:12:28\n    at moduleEvaluation (native)\n    at <anonymous> (native:2)\n    at processTicksAndRejections (native:7:39)","timestamp":"2025-04-11 10:30:29.749"}
{"external":"32 MB","heapTotal":"29 MB","heapUsed":"55 MB","level":"info","message":"Memory usage stats:","rss":"210 MB","service":"research-mgmt-api","timestamp":"2025-04-11 10:31:37.265"}
{"level":"info","message":"Attempting to connect to MongoDB database","service":"research-mgmt-api","timestamp":"2025-04-11 10:31:41.210"}
{"level":"info","message":"Attempting to connect to MongoDB...","service":"research-mgmt-api","timestamp":"2025-04-11 10:31:41.210"}
{"error":"Failed to start server. Is port 30000 in use?","level":"error","location":"uncaughtException handler","message":"Uncaught Exception:","service":"research-mgmt-api","stack":"Error\n    at serve (unknown)\n    at bun:main:12:28\n    at moduleEvaluation (unknown)\n    at <anonymous> (unknown:2)\n    at processTicksAndRejections (unknown:7:39)","timestamp":"2025-04-11 10:31:41.227"}
{"level":"info","message":"Attempting to connect to MongoDB database","service":"research-mgmt-api","timestamp":"2025-04-11 10:33:10.417"}
{"level":"info","message":"Attempting to connect to MongoDB...","service":"research-mgmt-api","timestamp":"2025-04-11 10:33:10.417"}
{"level":"info","message":"MongoDB Connected: ac-xdpuchx-shard-00-02.tvoe17p.mongodb.net","service":"research-mgmt-api","timestamp":"2025-04-11 10:33:11.165"}
{"level":"info","message":"✅ MongoDB connection established successfully","service":"research-mgmt-api","timestamp":"2025-04-11 10:33:11.165"}
{"level":"info","message":"🚀 Server running on port 300000","service":"research-mgmt-api","timestamp":"2025-04-11 10:33:11.171"}
{"level":"error","message":"HTTP GET /api/auth/login - 404 (1ms) Error: Route not found","service":"research-mgmt-api","timestamp":"2025-04-11 10:34:55.112"}
{"level":"error","message":"HTTP GET /api/auth/login - 404 (0ms) Error: Route not found","service":"research-mgmt-api","timestamp":"2025-04-11 10:34:56.120"}
{"level":"error","message":"HTTP GET /api/auth/login - 404 (0ms) Error: Route not found","service":"research-mgmt-api","timestamp":"2025-04-11 10:34:58.126"}
{"level":"info","message":"MongoDB connection state: 1","service":"research-mgmt-api","timestamp":"2025-04-11 10:35:10.046"}
{"level":"info","message":"Login attempt for user: teststudent1@gmail.com","service":"research-mgmt-api","timestamp":"2025-04-11 10:35:10.046"}
{"level":"info","message":"Verifying password for user: teststudent1@gmail.com","service":"research-mgmt-api","timestamp":"2025-04-11 10:35:10.101"}
{"level":"info","message":"Login successful for user: teststudent1@gmail.com","service":"research-mgmt-api","timestamp":"2025-04-11 10:35:10.121"}
{"level":"info","message":"HTTP POST /api/auth/login - 200 (76ms)","service":"research-mgmt-api","timestamp":"2025-04-11 10:35:10.121"}
{"level":"error","message":"HTTP GET /api/auth/login - 404 (0ms) Error: Route not found","service":"research-mgmt-api","timestamp":"2025-04-11 10:35:10.174"}
{"level":"error","message":"HTTP GET /api/auth/login - 404 (0ms) Error: Route not found","service":"research-mgmt-api","timestamp":"2025-04-11 10:35:11.197"}
{"level":"error","message":"HTTP GET /api/auth/login - 404 (0ms) Error: Route not found","service":"research-mgmt-api","timestamp":"2025-04-11 10:35:13.203"}
{"level":"info","message":"MongoDB connection state: 1","service":"research-mgmt-api","timestamp":"2025-04-11 10:36:05.817"}
{"level":"info","message":"Login attempt for user: teststudent1@gmail.com","service":"research-mgmt-api","timestamp":"2025-04-11 10:36:05.817"}
{"level":"info","message":"Verifying password for user: teststudent1@gmail.com","service":"research-mgmt-api","timestamp":"2025-04-11 10:36:05.867"}
{"level":"info","message":"Login successful for user: teststudent1@gmail.com","service":"research-mgmt-api","timestamp":"2025-04-11 10:36:05.881"}
{"level":"info","message":"HTTP POST /api/auth/login - 200 (64ms)","service":"research-mgmt-api","timestamp":"2025-04-11 10:36:05.881"}
{"level":"info","message":"MongoDB connection state: 1","service":"research-mgmt-api","timestamp":"2025-04-11 10:36:45.554"}
{"level":"info","message":"Login attempt for user: teststudent1@gmail.com","service":"research-mgmt-api","timestamp":"2025-04-11 10:36:45.555"}
{"level":"info","message":"Verifying password for user: teststudent1@gmail.com","service":"research-mgmt-api","timestamp":"2025-04-11 10:36:45.605"}
{"level":"info","message":"Login successful for user: teststudent1@gmail.com","service":"research-mgmt-api","timestamp":"2025-04-11 10:36:45.623"}
{"level":"info","message":"HTTP POST /api/auth/login - 200 (69ms)","service":"research-mgmt-api","timestamp":"2025-04-11 10:36:45.623"}
{"external":"23 MB","heapTotal":"29 MB","heapUsed":"41 MB","level":"info","message":"Memory usage stats:","rss":"226 MB","service":"research-mgmt-api","timestamp":"2025-04-11 10:38:10.425"}
{"level":"info","message":"MongoDB connection state: 1","service":"research-mgmt-api","timestamp":"2025-04-11 10:41:16.287"}
{"level":"info","message":"Login attempt for user: teststudent1@gmail.com","service":"research-mgmt-api","timestamp":"2025-04-11 10:41:16.287"}
{"level":"info","message":"Verifying password for user: teststudent1@gmail.com","service":"research-mgmt-api","timestamp":"2025-04-11 10:41:16.339"}
{"level":"info","message":"Login successful for user: teststudent1@gmail.com","service":"research-mgmt-api","timestamp":"2025-04-11 10:41:16.353"}
{"level":"info","message":"HTTP POST /api/auth/login - 200 (66ms)","service":"research-mgmt-api","timestamp":"2025-04-11 10:41:16.353"}
{"external":"23 MB","heapTotal":"28 MB","heapUsed":"41 MB","level":"info","message":"Memory usage stats:","rss":"208 MB","service":"research-mgmt-api","timestamp":"2025-04-11 10:43:10.424"}
{"external":"23 MB","heapTotal":"28 MB","heapUsed":"41 MB","level":"info","message":"Memory usage stats:","rss":"209 MB","service":"research-mgmt-api","timestamp":"2025-04-11 10:48:10.425"}
{"level":"info","message":"MongoDB connection state: 1","service":"research-mgmt-api","timestamp":"2025-04-11 10:49:27.040"}
{"level":"info","message":"Login attempt for user: teststudent1@gmail.com","service":"research-mgmt-api","timestamp":"2025-04-11 10:49:27.041"}
{"level":"info","message":"Verifying password for user: teststudent1@gmail.com","service":"research-mgmt-api","timestamp":"2025-04-11 10:49:27.092"}
{"level":"info","message":"Login successful for user: teststudent1@gmail.com","service":"research-mgmt-api","timestamp":"2025-04-11 10:49:27.108"}
{"level":"info","message":"HTTP POST /api/auth/login - 200 (69ms)","service":"research-mgmt-api","timestamp":"2025-04-11 10:49:27.108"}
{"external":"23 MB","heapTotal":"28 MB","heapUsed":"41 MB","level":"info","message":"Memory usage stats:","rss":"229 MB","service":"research-mgmt-api","timestamp":"2025-04-11 10:53:10.425"}
{"level":"info","message":"MongoDB connection state: 1","service":"research-mgmt-api","timestamp":"2025-04-11 10:54:42.593"}
{"level":"info","message":"Login attempt for user: teststudent1@gmail.com","service":"research-mgmt-api","timestamp":"2025-04-11 10:54:42.593"}
{"level":"info","message":"Verifying password for user: teststudent1@gmail.com","service":"research-mgmt-api","timestamp":"2025-04-11 10:54:42.644"}
{"level":"warn","message":"Login failed: Invalid password for user teststudent1@gmail.com","service":"research-mgmt-api","timestamp":"2025-04-11 10:54:42.656"}
{"level":"error","message":"Login error: Invalid email or password","name":"UnauthorizedError","service":"research-mgmt-api","stack":"UnauthorizedError: Invalid email or password\n    at <anonymous> (/home/swadhin/r/server/src/controllers/authController.js:309:17)\n    at processTicksAndRejections (native:7:39)","status":401,"timestamp":"2025-04-11 10:54:42.656"}
{"level":"error","message":"HTTP POST /api/auth/login - 401 (65ms) Error: Invalid email or password","service":"research-mgmt-api","timestamp":"2025-04-11 10:54:42.657"}
{"level":"info","message":"MongoDB connection state: 1","service":"research-mgmt-api","timestamp":"2025-04-11 10:56:44.037"}
{"level":"info","message":"Login attempt for user: teststudent1@gmail.com","service":"research-mgmt-api","timestamp":"2025-04-11 10:56:44.037"}
{"level":"info","message":"Verifying password for user: teststudent1@gmail.com","service":"research-mgmt-api","timestamp":"2025-04-11 10:56:44.089"}
{"level":"info","message":"Login successful for user: teststudent1@gmail.com","service":"research-mgmt-api","timestamp":"2025-04-11 10:56:44.105"}
{"level":"info","message":"HTTP POST /api/auth/login - 200 (69ms)","service":"research-mgmt-api","timestamp":"2025-04-11 10:56:44.105"}
{"level":"info","message":"MongoDB connection state: 1","service":"research-mgmt-api","timestamp":"2025-04-11 10:57:25.746"}
{"level":"info","message":"Login attempt for user: teststudent1@gmail.com","service":"research-mgmt-api","timestamp":"2025-04-11 10:57:25.746"}
{"level":"info","message":"Verifying password for user: teststudent1@gmail.com","service":"research-mgmt-api","timestamp":"2025-04-11 10:57:25.796"}
{"level":"info","message":"Login successful for user: teststudent1@gmail.com","service":"research-mgmt-api","timestamp":"2025-04-11 10:57:25.810"}
{"level":"info","message":"HTTP POST /api/auth/login - 200 (64ms)","service":"research-mgmt-api","timestamp":"2025-04-11 10:57:25.810"}
{"external":"23 MB","heapTotal":"28 MB","heapUsed":"41 MB","level":"info","message":"Memory usage stats:","rss":"212 MB","service":"research-mgmt-api","timestamp":"2025-04-11 10:58:10.426"}
{"level":"info","message":"Attempting to connect to MongoDB database","service":"research-mgmt-api","timestamp":"2025-04-11 10:58:33.061"}
{"level":"info","message":"Attempting to connect to MongoDB...","service":"research-mgmt-api","timestamp":"2025-04-11 10:58:33.062"}
{"error":"Failed to start server. Is port 30000 in use?","level":"error","location":"uncaughtException handler","message":"Uncaught Exception:","service":"research-mgmt-api","stack":"Error: Failed to start server. Is port 30000 in use?\n    at serve (unknown)\n    at bun:main:12:28\n    at moduleEvaluation (native)\n    at <anonymous> (native:2)\n    at processTicksAndRejections (native:7:39)","timestamp":"2025-04-11 10:58:33.073"}
{"level":"info","message":"Attempting to connect to MongoDB database","service":"research-mgmt-api","timestamp":"2025-04-11 10:58:50.599"}
{"level":"info","message":"Attempting to connect to MongoDB...","service":"research-mgmt-api","timestamp":"2025-04-11 10:58:50.600"}
{"level":"info","message":"MongoDB Connected: ac-xdpuchx-shard-00-02.tvoe17p.mongodb.net","service":"research-mgmt-api","timestamp":"2025-04-11 10:58:51.279"}
{"level":"info","message":"✅ MongoDB connection established successfully","service":"research-mgmt-api","timestamp":"2025-04-11 10:58:51.280"}
{"level":"info","message":"🚀 Server running on port 300000","service":"research-mgmt-api","timestamp":"2025-04-11 10:58:51.284"}
{"level":"info","message":"Attempting to connect to MongoDB database","service":"research-mgmt-api","timestamp":"2025-04-11 11:01:34.258"}
{"level":"info","message":"Attempting to connect to MongoDB...","service":"research-mgmt-api","timestamp":"2025-04-11 11:01:34.259"}
{"error":"Failed to start server. Is port 30000 in use?","level":"error","location":"uncaughtException handler","message":"Uncaught Exception:","service":"research-mgmt-api","stack":"Error: Failed to start server. Is port 30000 in use?\n    at serve (unknown)\n    at bun:main:25:49\n    at moduleEvaluation (native)\n    at <anonymous> (native:2)\n    at processTicksAndRejections (native:7:39)","timestamp":"2025-04-11 11:01:34.270"}
{"level":"info","message":"Attempting to connect to MongoDB database","service":"research-mgmt-api","timestamp":"2025-04-11 11:01:39.224"}
{"level":"info","message":"Attempting to connect to MongoDB...","service":"research-mgmt-api","timestamp":"2025-04-11 11:01:39.225"}
{"error":"Failed to start server. Is port 30000 in use?","level":"error","location":"uncaughtException handler","message":"Uncaught Exception:","service":"research-mgmt-api","stack":"Error: Failed to start server. Is port 30000 in use?\n    at serve (unknown)\n    at bun:main:25:49\n    at moduleEvaluation (native)\n    at <anonymous> (native:2)\n    at processTicksAndRejections (native:7:39)","timestamp":"2025-04-11 11:01:39.237"}
{"level":"info","message":"Attempting to connect to MongoDB database","service":"research-mgmt-api","timestamp":"2025-04-11 11:02:44.591"}
{"level":"info","message":"Attempting to connect to MongoDB...","service":"research-mgmt-api","timestamp":"2025-04-11 11:02:44.592"}
{"error":"Failed to start server. Is port 30000 in use?","level":"error","location":"uncaughtException handler","message":"Uncaught Exception:","service":"research-mgmt-api","stack":"Error: Failed to start server. Is port 30000 in use?\n    at serve (unknown)\n    at bun:main:25:49\n    at moduleEvaluation (native)\n    at <anonymous> (native:2)\n    at processTicksAndRejections (native:7:39)","timestamp":"2025-04-11 11:02:44.604"}
{"level":"info","message":"Attempting to connect to MongoDB database","service":"research-mgmt-api","timestamp":"2025-04-11 11:04:31.091"}
{"level":"info","message":"Attempting to connect to MongoDB...","service":"research-mgmt-api","timestamp":"2025-04-11 11:04:31.092"}
{"error":"Failed to start server. Is port 30000 in use?","level":"error","location":"uncaughtException handler","message":"Uncaught Exception:","service":"research-mgmt-api","stack":"Error: Failed to start server. Is port 30000 in use?\n    at serve (unknown)\n    at bun:main:25:49\n    at moduleEvaluation (native)\n    at <anonymous> (native:2)\n    at processTicksAndRejections (native:7:39)","timestamp":"2025-04-11 11:04:31.103"}
{"level":"info","message":"Attempting to connect to MongoDB database","service":"research-mgmt-api","timestamp":"2025-04-11 11:07:52.459"}
{"level":"info","message":"Attempting to connect to MongoDB...","service":"research-mgmt-api","timestamp":"2025-04-11 11:07:52.460"}
{"error":"Failed to start server. Is port 30000 in use?","level":"error","location":"uncaughtException handler","message":"Uncaught Exception:","service":"research-mgmt-api","stack":"Error: Failed to start server. Is port 30000 in use?\n    at serve (unknown)\n    at bun:main:25:49\n    at moduleEvaluation (native)\n    at <anonymous> (native:2)\n    at processTicksAndRejections (native:7:39)","timestamp":"2025-04-11 11:07:52.471"}
{"level":"info","message":"Attempting to connect to MongoDB database","service":"research-mgmt-api","timestamp":"2025-04-11 11:09:53.762"}
{"level":"info","message":"Attempting to connect to MongoDB...","service":"research-mgmt-api","timestamp":"2025-04-11 11:09:53.763"}
{"level":"info","message":"MongoDB Connected: ac-xdpuchx-shard-00-00.tvoe17p.mongodb.net","service":"research-mgmt-api","timestamp":"2025-04-11 11:09:54.420"}
{"level":"info","message":"✅ MongoDB connection established successfully","service":"research-mgmt-api","timestamp":"2025-04-11 11:09:54.420"}
{"level":"info","message":"🚀 Server running on port 300010","service":"research-mgmt-api","timestamp":"2025-04-11 11:09:54.426"}
{"level":"info","message":"MongoDB connection state: 1","service":"research-mgmt-api","timestamp":"2025-04-11 11:12:11.317"}
{"level":"info","message":"Login attempt for user: teststudent1@gmail.com","service":"research-mgmt-api","timestamp":"2025-04-11 11:12:11.317"}
{"level":"info","message":"Verifying password for user: teststudent1@gmail.com","service":"research-mgmt-api","timestamp":"2025-04-11 11:12:11.377"}
{"level":"info","message":"Login successful for user: teststudent1@gmail.com","service":"research-mgmt-api","timestamp":"2025-04-11 11:12:11.399"}
{"level":"info","message":"HTTP POST /api/auth/login - 200 (85ms)","service":"research-mgmt-api","timestamp":"2025-04-11 11:12:11.400"}
{"level":"info","message":"MongoDB connection state: 1","service":"research-mgmt-api","timestamp":"2025-04-11 11:12:35.761"}
{"level":"info","message":"Login attempt for user: teststudent1@gmail.com","service":"research-mgmt-api","timestamp":"2025-04-11 11:12:35.761"}
{"level":"info","message":"Verifying password for user: teststudent1@gmail.com","service":"research-mgmt-api","timestamp":"2025-04-11 11:12:35.813"}
{"level":"info","message":"Login successful for user: teststudent1@gmail.com","service":"research-mgmt-api","timestamp":"2025-04-11 11:12:35.826"}
{"level":"info","message":"HTTP POST /api/auth/login - 200 (66ms)","service":"research-mgmt-api","timestamp":"2025-04-11 11:12:35.826"}
{"level":"info","message":"Attempting to connect to MongoDB database","service":"research-mgmt-api","timestamp":"2025-04-11 11:13:06.636"}
{"level":"info","message":"Attempting to connect to MongoDB...","service":"research-mgmt-api","timestamp":"2025-04-11 11:13:06.636"}
{"level":"info","message":"MongoDB Connected: ac-xdpuchx-shard-00-01.tvoe17p.mongodb.net","service":"research-mgmt-api","timestamp":"2025-04-11 11:13:07.290"}
{"level":"info","message":"✅ MongoDB connection established successfully","service":"research-mgmt-api","timestamp":"2025-04-11 11:13:07.290"}
{"level":"info","message":"🚀 Server running on port 300010","service":"research-mgmt-api","timestamp":"2025-04-11 11:13:07.295"}
{"external":"28 MB","heapTotal":"29 MB","heapUsed":"51 MB","level":"info","message":"Memory usage stats:","rss":"209 MB","service":"research-mgmt-api","timestamp":"2025-04-11 11:18:06.643"}
{"level":"info","message":"Attempting to connect to MongoDB database","service":"research-mgmt-api","timestamp":"2025-04-11 11:29:08.835"}
{"level":"info","message":"Attempting to connect to MongoDB...","service":"research-mgmt-api","timestamp":"2025-04-11 11:29:08.836"}
{"level":"info","message":"MongoDB Connected: ac-xdpuchx-shard-00-02.tvoe17p.mongodb.net","service":"research-mgmt-api","timestamp":"2025-04-11 11:29:11.332"}
{"level":"info","message":"✅ MongoDB connection established successfully","service":"research-mgmt-api","timestamp":"2025-04-11 11:29:11.332"}
{"level":"info","message":"🚀 Server running on port 300000","service":"research-mgmt-api","timestamp":"2025-04-11 11:29:11.337"}
{"level":"error","message":"Application error: undefined is not an object (evaluating 'set.request.url')","service":"research-mgmt-api","stack":"TypeError: undefined is not an object (evaluating 'set.request.url')\n    at <anonymous> (/home/swadhin/r/server/src/routes/projectRoutes.js:56:57)\n    at <anonymous> (file:///home/swadhin/r/server/node_modules/elysia/dist/bun/index.js:23:33)\n    at processTicksAndRejections (native:7:39)","timestamp":"2025-04-11 11:30:36.413"}
{"level":"error","message":"Application error: undefined is not an object (evaluating 'set.request.url')","service":"research-mgmt-api","stack":"TypeError: undefined is not an object (evaluating 'set.request.url')\n    at <anonymous> (/home/swadhin/r/server/src/routes/projectRoutes.js:56:57)\n    at <anonymous> (file:///home/swadhin/r/server/node_modules/elysia/dist/bun/index.js:23:33)\n    at processTicksAndRejections (native:7:39)","timestamp":"2025-04-11 11:31:12.646"}
{"level":"error","message":"Application error: undefined is not an object (evaluating 'set.request.url')","service":"research-mgmt-api","stack":"TypeError: undefined is not an object (evaluating 'set.request.url')\n    at <anonymous> (/home/swadhin/r/server/src/routes/projectRoutes.js:56:57)\n    at <anonymous> (file:///home/swadhin/r/server/node_modules/elysia/dist/bun/index.js:23:33)\n    at processTicksAndRejections (native:7:39)","timestamp":"2025-04-11 11:31:12.647"}
{"level":"error","message":"Application error: undefined is not an object (evaluating 'set.request.url')","service":"research-mgmt-api","stack":"TypeError: undefined is not an object (evaluating 'set.request.url')\n    at <anonymous> (/home/swadhin/r/server/src/routes/projectRoutes.js:56:57)\n    at <anonymous> (file:///home/swadhin/r/server/node_modules/elysia/dist/bun/index.js:23:33)\n    at processTicksAndRejections (native:7:39)","timestamp":"2025-04-11 11:31:12.964"}
{"level":"error","message":"Application error: undefined is not an object (evaluating 'set.request.url')","service":"research-mgmt-api","stack":"TypeError: undefined is not an object (evaluating 'set.request.url')\n    at <anonymous> (/home/swadhin/r/server/src/routes/projectRoutes.js:56:57)\n    at <anonymous> (file:///home/swadhin/r/server/node_modules/elysia/dist/bun/index.js:23:33)\n    at processTicksAndRejections (native:7:39)","timestamp":"2025-04-11 11:31:13.970"}
{"level":"error","message":"Application error: undefined is not an object (evaluating 'set.request.url')","service":"research-mgmt-api","stack":"TypeError: undefined is not an object (evaluating 'set.request.url')\n    at <anonymous> (/home/swadhin/r/server/src/routes/projectRoutes.js:56:57)\n    at <anonymous> (file:///home/swadhin/r/server/node_modules/elysia/dist/bun/index.js:23:33)\n    at processTicksAndRejections (native:7:39)","timestamp":"2025-04-11 11:31:15.974"}
{"level":"error","message":"Application error: undefined is not an object (evaluating 'set.request.url')","service":"research-mgmt-api","stack":"TypeError: undefined is not an object (evaluating 'set.request.url')\n    at <anonymous> (/home/swadhin/r/server/src/routes/projectRoutes.js:56:57)\n    at <anonymous> (file:///home/swadhin/r/server/node_modules/elysia/dist/bun/index.js:23:33)\n    at processTicksAndRejections (native:7:39)","timestamp":"2025-04-11 11:31:25.504"}
{"level":"info","message":"Attempting to connect to MongoDB database","service":"research-mgmt-api","timestamp":"2025-04-11 11:32:40.009"}
{"level":"info","message":"Attempting to connect to MongoDB...","service":"research-mgmt-api","timestamp":"2025-04-11 11:32:40.010"}
{"level":"info","message":"MongoDB Connected: ac-xdpuchx-shard-00-02.tvoe17p.mongodb.net","service":"research-mgmt-api","timestamp":"2025-04-11 11:32:40.665"}
{"level":"info","message":"✅ MongoDB connection established successfully","service":"research-mgmt-api","timestamp":"2025-04-11 11:32:40.666"}
{"level":"info","message":"🚀 Server running on port 300000","service":"research-mgmt-api","timestamp":"2025-04-11 11:32:40.671"}
{"level":"warn","message":"Unauthorized access attempt to http://localhost:30000/api/auth/login","service":"research-mgmt-api","timestamp":"2025-04-11 11:32:51.988"}
{"level":"info","message":"Attempting to connect to MongoDB database","service":"research-mgmt-api","timestamp":"2025-04-11 11:33:04.808"}
{"level":"info","message":"Attempting to connect to MongoDB...","service":"research-mgmt-api","timestamp":"2025-04-11 11:33:04.809"}
{"level":"info","message":"MongoDB Connected: ac-xdpuchx-shard-00-00.tvoe17p.mongodb.net","service":"research-mgmt-api","timestamp":"2025-04-11 11:33:05.417"}
{"level":"info","message":"✅ MongoDB connection established successfully","service":"research-mgmt-api","timestamp":"2025-04-11 11:33:05.418"}
{"level":"info","message":"🚀 Server running on port 300000","service":"research-mgmt-api","timestamp":"2025-04-11 11:33:05.422"}
{"level":"warn","message":"Unauthorized access attempt to http://localhost:30000/api/auth/login","service":"research-mgmt-api","timestamp":"2025-04-11 11:33:29.918"}
{"level":"warn","message":"Unauthorized access attempt to http://localhost:30000/api/auth/login","service":"research-mgmt-api","timestamp":"2025-04-11 11:33:57.752"}
{"level":"info","message":"Attempting to connect to MongoDB database","service":"research-mgmt-api","timestamp":"2025-04-11 11:35:39.208"}
{"level":"info","message":"Attempting to connect to MongoDB...","service":"research-mgmt-api","timestamp":"2025-04-11 11:35:39.209"}
{"level":"info","message":"MongoDB Connected: ac-xdpuchx-shard-00-00.tvoe17p.mongodb.net","service":"research-mgmt-api","timestamp":"2025-04-11 11:35:39.854"}
{"level":"info","message":"✅ MongoDB connection established successfully","service":"research-mgmt-api","timestamp":"2025-04-11 11:35:39.854"}
{"level":"info","message":"🚀 Server running on port 300000","service":"research-mgmt-api","timestamp":"2025-04-11 11:35:39.862"}
{"level":"info","message":"Attempting to connect to MongoDB database","service":"research-mgmt-api","timestamp":"2025-04-11 11:35:52.490"}
{"level":"info","message":"Attempting to connect to MongoDB...","service":"research-mgmt-api","timestamp":"2025-04-11 11:35:52.490"}
{"level":"info","message":"MongoDB Connected: ac-xdpuchx-shard-00-00.tvoe17p.mongodb.net","service":"research-mgmt-api","timestamp":"2025-04-11 11:35:53.092"}
{"level":"info","message":"✅ MongoDB connection established successfully","service":"research-mgmt-api","timestamp":"2025-04-11 11:35:53.093"}
{"level":"info","message":"🚀 Server running on port 300000","service":"research-mgmt-api","timestamp":"2025-04-11 11:35:53.097"}
{"level":"warn","message":"Unauthorized access attempt to http://localhost:30000/api/auth/login","service":"research-mgmt-api","timestamp":"2025-04-11 11:35:59.412"}
{"level":"info","message":"Attempting to connect to MongoDB database","service":"research-mgmt-api","timestamp":"2025-04-11 11:38:37.362"}
{"level":"info","message":"Attempting to connect to MongoDB...","service":"research-mgmt-api","timestamp":"2025-04-11 11:38:37.362"}
{"level":"info","message":"MongoDB Connected: ac-xdpuchx-shard-00-02.tvoe17p.mongodb.net","service":"research-mgmt-api","timestamp":"2025-04-11 11:38:38.011"}
{"level":"info","message":"✅ MongoDB connection established successfully","service":"research-mgmt-api","timestamp":"2025-04-11 11:38:38.012"}
{"level":"info","message":"🚀 Server running on port 300000","service":"research-mgmt-api","timestamp":"2025-04-11 11:38:38.016"}
{"level":"info","message":"Attempting to connect to MongoDB database","service":"research-mgmt-api","timestamp":"2025-04-11 11:38:49.289"}
{"level":"info","message":"Attempting to connect to MongoDB...","service":"research-mgmt-api","timestamp":"2025-04-11 11:38:49.289"}
{"level":"info","message":"MongoDB Connected: ac-xdpuchx-shard-00-01.tvoe17p.mongodb.net","service":"research-mgmt-api","timestamp":"2025-04-11 11:38:49.890"}
{"level":"info","message":"✅ MongoDB connection established successfully","service":"research-mgmt-api","timestamp":"2025-04-11 11:38:49.890"}
{"level":"info","message":"🚀 Server running on port 300000","service":"research-mgmt-api","timestamp":"2025-04-11 11:38:49.896"}
{"level":"info","message":"Attempting to connect to MongoDB database","service":"research-mgmt-api","timestamp":"2025-04-11 11:38:51.959"}
{"level":"info","message":"Attempting to connect to MongoDB...","service":"research-mgmt-api","timestamp":"2025-04-11 11:38:51.960"}
{"level":"info","message":"MongoDB Connected: ac-xdpuchx-shard-00-02.tvoe17p.mongodb.net","service":"research-mgmt-api","timestamp":"2025-04-11 11:38:52.553"}
{"level":"info","message":"✅ MongoDB connection established successfully","service":"research-mgmt-api","timestamp":"2025-04-11 11:38:52.553"}
{"level":"info","message":"🚀 Server running on port 300000","service":"research-mgmt-api","timestamp":"2025-04-11 11:38:52.559"}
{"level":"info","message":"Attempting to connect to MongoDB database","service":"research-mgmt-api","timestamp":"2025-04-11 11:38:56.472"}
{"level":"info","message":"Attempting to connect to MongoDB...","service":"research-mgmt-api","timestamp":"2025-04-11 11:38:56.472"}
{"level":"info","message":"MongoDB Connected: ac-xdpuchx-shard-00-00.tvoe17p.mongodb.net","service":"research-mgmt-api","timestamp":"2025-04-11 11:38:57.095"}
{"level":"info","message":"✅ MongoDB connection established successfully","service":"research-mgmt-api","timestamp":"2025-04-11 11:38:57.095"}
{"level":"info","message":"🚀 Server running on port 300000","service":"research-mgmt-api","timestamp":"2025-04-11 11:38:57.100"}
{"level":"warn","message":"Unauthorized access attempt to http://localhost:30000/api/auth/login","service":"research-mgmt-api","timestamp":"2025-04-11 11:39:00.691"}
{"level":"warn","message":"Unauthorized access attempt to http://localhost:30000/api/auth/login","service":"research-mgmt-api","timestamp":"2025-04-11 11:39:06.755"}
{"level":"warn","message":"Unauthorized access attempt to http://localhost:30000/api/auth/login","service":"research-mgmt-api","timestamp":"2025-04-11 11:39:16.132"}
{"level":"warn","message":"Unauthorized access attempt to http://localhost:30000/favicon.ico","service":"research-mgmt-api","timestamp":"2025-04-11 11:39:16.460"}
{"level":"warn","message":"Unauthorized access attempt to http://localhost:30000/favicon.ico","service":"research-mgmt-api","timestamp":"2025-04-11 11:40:16.988"}
{"level":"info","message":"Attempting to connect to MongoDB database","service":"research-mgmt-api","timestamp":"2025-04-11 11:41:36.572"}
{"level":"info","message":"Attempting to connect to MongoDB...","service":"research-mgmt-api","timestamp":"2025-04-11 11:41:36.573"}
{"level":"info","message":"MongoDB Connected: ac-xdpuchx-shard-00-02.tvoe17p.mongodb.net","service":"research-mgmt-api","timestamp":"2025-04-11 11:41:37.227"}
{"level":"info","message":"✅ MongoDB connection established successfully","service":"research-mgmt-api","timestamp":"2025-04-11 11:41:37.227"}
{"level":"info","message":"🚀 Server running on port 300000","service":"research-mgmt-api","timestamp":"2025-04-11 11:41:37.233"}
{"level":"info","message":"Attempting to connect to MongoDB database","service":"research-mgmt-api","timestamp":"2025-04-11 11:42:12.175"}
{"level":"info","message":"Attempting to connect to MongoDB...","service":"research-mgmt-api","timestamp":"2025-04-11 11:42:12.175"}
{"level":"info","message":"MongoDB Connected: ac-xdpuchx-shard-00-02.tvoe17p.mongodb.net","service":"research-mgmt-api","timestamp":"2025-04-11 11:42:12.770"}
{"level":"info","message":"✅ MongoDB connection established successfully","service":"research-mgmt-api","timestamp":"2025-04-11 11:42:12.771"}
{"level":"info","message":"🚀 Server running on port 300000","service":"research-mgmt-api","timestamp":"2025-04-11 11:42:12.775"}
{"level":"info","message":"Attempting to connect to MongoDB database","service":"research-mgmt-api","timestamp":"2025-04-11 11:42:50.873"}
{"level":"info","message":"Attempting to connect to MongoDB...","service":"research-mgmt-api","timestamp":"2025-04-11 11:42:50.873"}
{"level":"info","message":"MongoDB Connected: ac-xdpuchx-shard-00-00.tvoe17p.mongodb.net","service":"research-mgmt-api","timestamp":"2025-04-11 11:42:51.529"}
{"level":"info","message":"✅ MongoDB connection established successfully","service":"research-mgmt-api","timestamp":"2025-04-11 11:42:51.529"}
{"level":"info","message":"🚀 Server running on port 300000","service":"research-mgmt-api","timestamp":"2025-04-11 11:42:51.533"}
{"level":"info","message":"Attempting to connect to MongoDB database","service":"research-mgmt-api","timestamp":"2025-04-11 11:43:19.008"}
{"level":"info","message":"Attempting to connect to MongoDB...","service":"research-mgmt-api","timestamp":"2025-04-11 11:43:19.008"}
{"level":"info","message":"MongoDB Connected: ac-xdpuchx-shard-00-00.tvoe17p.mongodb.net","service":"research-mgmt-api","timestamp":"2025-04-11 11:43:19.612"}
{"level":"info","message":"✅ MongoDB connection established successfully","service":"research-mgmt-api","timestamp":"2025-04-11 11:43:19.612"}
{"level":"info","message":"🚀 Server running on port 300000","service":"research-mgmt-api","timestamp":"2025-04-11 11:43:19.617"}
{"level":"warn","message":"Unauthorized access attempt to http://localhost:30000/api/auth/login","service":"research-mgmt-api","timestamp":"2025-04-11 11:43:27.720"}
{"level":"info","message":"Attempting to connect to MongoDB database","service":"research-mgmt-api","timestamp":"2025-04-11 11:44:30.991"}
{"level":"info","message":"Attempting to connect to MongoDB...","service":"research-mgmt-api","timestamp":"2025-04-11 11:44:30.992"}
{"level":"info","message":"MongoDB Connected: ac-xdpuchx-shard-00-01.tvoe17p.mongodb.net","service":"research-mgmt-api","timestamp":"2025-04-11 11:44:31.701"}
{"level":"info","message":"✅ MongoDB connection established successfully","service":"research-mgmt-api","timestamp":"2025-04-11 11:44:31.701"}
{"level":"info","message":"🚀 Server running on port 300000","service":"research-mgmt-api","timestamp":"2025-04-11 11:44:31.706"}
{"level":"warn","message":"Unauthorized access attempt to http://localhost:30000/api/auth/login","service":"research-mgmt-api","timestamp":"2025-04-11 11:44:41.259"}
{"level":"warn","message":"Unauthorized access attempt to http://localhost:30000/api/auth/login","service":"research-mgmt-api","timestamp":"2025-04-11 11:44:52.300"}
{"level":"info","message":"Attempting to connect to MongoDB database","service":"research-mgmt-api","timestamp":"2025-04-11 11:46:08.419"}
{"level":"info","message":"Attempting to connect to MongoDB...","service":"research-mgmt-api","timestamp":"2025-04-11 11:46:08.419"}
{"level":"info","message":"MongoDB Connected: ac-xdpuchx-shard-00-02.tvoe17p.mongodb.net","service":"research-mgmt-api","timestamp":"2025-04-11 11:46:09.097"}
{"level":"info","message":"✅ MongoDB connection established successfully","service":"research-mgmt-api","timestamp":"2025-04-11 11:46:09.097"}
{"level":"info","message":"🚀 Server running on port 300000","service":"research-mgmt-api","timestamp":"2025-04-11 11:46:09.102"}
{"level":"info","message":"Attempting to connect to MongoDB database","service":"research-mgmt-api","timestamp":"2025-04-11 11:46:36.448"}
{"level":"info","message":"Attempting to connect to MongoDB...","service":"research-mgmt-api","timestamp":"2025-04-11 11:46:36.448"}
{"level":"info","message":"MongoDB Connected: ac-xdpuchx-shard-00-01.tvoe17p.mongodb.net","service":"research-mgmt-api","timestamp":"2025-04-11 11:46:37.056"}
{"level":"info","message":"✅ MongoDB connection established successfully","service":"research-mgmt-api","timestamp":"2025-04-11 11:46:37.056"}
{"level":"info","message":"🚀 Server running on port 300000","service":"research-mgmt-api","timestamp":"2025-04-11 11:46:37.061"}
{"level":"info","message":"Attempting to connect to MongoDB database","service":"research-mgmt-api","timestamp":"2025-04-11 11:46:58.899"}
{"level":"info","message":"Attempting to connect to MongoDB...","service":"research-mgmt-api","timestamp":"2025-04-11 11:46:58.900"}
{"level":"info","message":"MongoDB Connected: ac-xdpuchx-shard-00-02.tvoe17p.mongodb.net","service":"research-mgmt-api","timestamp":"2025-04-11 11:46:59.487"}
{"level":"info","message":"✅ MongoDB connection established successfully","service":"research-mgmt-api","timestamp":"2025-04-11 11:46:59.488"}
{"level":"info","message":"🚀 Server running on port 300000","service":"research-mgmt-api","timestamp":"2025-04-11 11:46:59.492"}
{"level":"warn","message":"Unauthorized access attempt to http://localhost:30000/api/auth/login","service":"research-mgmt-api","timestamp":"2025-04-11 11:47:02.304"}
{"level":"info","message":"Attempting to connect to MongoDB database","service":"research-mgmt-api","timestamp":"2025-04-11 11:47:57.671"}
{"level":"info","message":"Attempting to connect to MongoDB...","service":"research-mgmt-api","timestamp":"2025-04-11 11:47:57.672"}
{"level":"info","message":"MongoDB Connected: ac-xdpuchx-shard-00-00.tvoe17p.mongodb.net","service":"research-mgmt-api","timestamp":"2025-04-11 11:47:58.309"}
{"level":"info","message":"✅ MongoDB connection established successfully","service":"research-mgmt-api","timestamp":"2025-04-11 11:47:58.310"}
{"level":"info","message":"🚀 Server running on port 300000","service":"research-mgmt-api","timestamp":"2025-04-11 11:47:58.314"}
{"level":"info","message":"Attempting to connect to MongoDB database","service":"research-mgmt-api","timestamp":"2025-04-11 11:48:18.145"}
{"level":"info","message":"Attempting to connect to MongoDB...","service":"research-mgmt-api","timestamp":"2025-04-11 11:48:18.145"}
{"level":"info","message":"MongoDB Connected: ac-xdpuchx-shard-00-00.tvoe17p.mongodb.net","service":"research-mgmt-api","timestamp":"2025-04-11 11:48:18.742"}
{"level":"info","message":"✅ MongoDB connection established successfully","service":"research-mgmt-api","timestamp":"2025-04-11 11:48:18.742"}
{"level":"info","message":"🚀 Server running on port 300000","service":"research-mgmt-api","timestamp":"2025-04-11 11:48:18.747"}
{"level":"info","message":"MongoDB connection state: 1","service":"research-mgmt-api","timestamp":"2025-04-11 11:48:21.830"}
{"level":"info","message":"Login attempt for user: teststudent1@gmail.com","service":"research-mgmt-api","timestamp":"2025-04-11 11:48:21.830"}
{"level":"info","message":"Verifying password for user: teststudent1@gmail.com","service":"research-mgmt-api","timestamp":"2025-04-11 11:48:21.887"}
{"level":"info","message":"Login successful for user: teststudent1@gmail.com","service":"research-mgmt-api","timestamp":"2025-04-11 11:48:21.905"}
{"level":"info","message":"HTTP POST /api/auth/login - 200 (76ms)","service":"research-mgmt-api","timestamp":"2025-04-11 11:48:21.905"}
{"level":"error","message":"HTTP GET /notifications - 404 (0ms) Error: Route not found","service":"research-mgmt-api","timestamp":"2025-04-11 11:48:21.950"}
{"level":"error","message":"HTTP GET /notifications/unread/count - 404 (0ms) Error: Route not found","service":"research-mgmt-api","timestamp":"2025-04-11 11:48:21.951"}
{"level":"error","message":"HTTP GET /api/dashboard/student - 404 (0ms) Error: Route not found","service":"research-mgmt-api","timestamp":"2025-04-11 11:48:22.086"}
{"level":"error","message":"HTTP GET /api/dashboard/student - 404 (0ms) Error: Route not found","service":"research-mgmt-api","timestamp":"2025-04-11 11:48:53.064"}
{"level":"error","message":"HTTP GET /favicon.ico - 404 (0ms) Error: Route not found","service":"research-mgmt-api","timestamp":"2025-04-11 11:48:53.384"}
{"level":"info","message":"Attempting to connect to MongoDB database","service":"research-mgmt-api","timestamp":"2025-04-11 11:49:40.202"}
{"level":"info","message":"Attempting to connect to MongoDB...","service":"research-mgmt-api","timestamp":"2025-04-11 11:49:40.202"}
{"level":"info","message":"MongoDB Connected: ac-xdpuchx-shard-00-00.tvoe17p.mongodb.net","service":"research-mgmt-api","timestamp":"2025-04-11 11:49:40.849"}
{"level":"info","message":"✅ MongoDB connection established successfully","service":"research-mgmt-api","timestamp":"2025-04-11 11:49:40.849"}
{"level":"info","message":"🚀 Server running on port 300000","service":"research-mgmt-api","timestamp":"2025-04-11 11:49:40.855"}
{"level":"warn","message":"HTTP GET /api/dashboard/student - 401 (1ms)","service":"research-mgmt-api","timestamp":"2025-04-11 11:49:42.352"}
{"level":"error","message":"HTTP GET /notifications - 404 (0ms) Error: Route not found","service":"research-mgmt-api","timestamp":"2025-04-11 11:49:49.324"}
{"level":"error","message":"HTTP GET /notifications/unread/count - 404 (0ms) Error: Route not found","service":"research-mgmt-api","timestamp":"2025-04-11 11:49:49.325"}
{"level":"warn","message":"HTTP GET /api/dashboard/student - 401 (0ms)","service":"research-mgmt-api","timestamp":"2025-04-11 11:49:49.638"}
{"external":"28 MB","heapTotal":"29 MB","heapUsed":"52 MB","level":"info","message":"Memory usage stats:","rss":"209 MB","service":"research-mgmt-api","timestamp":"2025-04-11 11:54:40.208"}
{"level":"info","message":"Attempting to connect to MongoDB database","service":"research-mgmt-api","timestamp":"2025-04-11 11:56:30.973"}
{"level":"info","message":"Attempting to connect to MongoDB...","service":"research-mgmt-api","timestamp":"2025-04-11 11:56:30.974"}
{"level":"info","message":"MongoDB Connected: ac-xdpuchx-shard-00-00.tvoe17p.mongodb.net","service":"research-mgmt-api","timestamp":"2025-04-11 11:56:31.702"}
{"level":"info","message":"✅ MongoDB connection established successfully","service":"research-mgmt-api","timestamp":"2025-04-11 11:56:31.702"}
{"level":"info","message":"🚀 Server running on port 300000","service":"research-mgmt-api","timestamp":"2025-04-11 11:56:31.708"}
{"level":"info","message":"Attempting to connect to MongoDB database","service":"research-mgmt-api","timestamp":"2025-04-11 11:56:52.697"}
{"level":"info","message":"Attempting to connect to MongoDB...","service":"research-mgmt-api","timestamp":"2025-04-11 11:56:52.698"}
{"level":"info","message":"MongoDB Connected: ac-xdpuchx-shard-00-01.tvoe17p.mongodb.net","service":"research-mgmt-api","timestamp":"2025-04-11 11:56:53.309"}
{"level":"info","message":"✅ MongoDB connection established successfully","service":"research-mgmt-api","timestamp":"2025-04-11 11:56:53.309"}
{"level":"info","message":"🚀 Server running on port 300000","service":"research-mgmt-api","timestamp":"2025-04-11 11:56:53.315"}
{"level":"info","message":"Attempting to connect to MongoDB database","service":"research-mgmt-api","timestamp":"2025-04-11 11:57:45.517"}
{"level":"info","message":"Attempting to connect to MongoDB...","service":"research-mgmt-api","timestamp":"2025-04-11 11:57:45.518"}
{"level":"info","message":"MongoDB Connected: ac-xdpuchx-shard-00-01.tvoe17p.mongodb.net","service":"research-mgmt-api","timestamp":"2025-04-11 11:57:46.310"}
{"level":"info","message":"✅ MongoDB connection established successfully","service":"research-mgmt-api","timestamp":"2025-04-11 11:57:46.310"}
{"level":"info","message":"🚀 Server running on port 300000","service":"research-mgmt-api","timestamp":"2025-04-11 11:57:46.315"}
{"level":"info","message":"MongoDB connection state: 1","service":"research-mgmt-api","timestamp":"2025-04-11 11:58:31.477"}
{"level":"info","message":"Login attempt for user: teststudent1@gmail.com","service":"research-mgmt-api","timestamp":"2025-04-11 11:58:31.477"}
{"level":"info","message":"Verifying password for user: teststudent1@gmail.com","service":"research-mgmt-api","timestamp":"2025-04-11 11:58:31.534"}
{"level":"info","message":"Login successful for user: teststudent1@gmail.com","service":"research-mgmt-api","timestamp":"2025-04-11 11:58:31.559"}
{"level":"info","message":"HTTP POST /api/auth/login - 200 (83ms)","service":"research-mgmt-api","timestamp":"2025-04-11 11:58:31.559"}
{"level":"error","message":"HTTP GET /notifications - 404 (0ms) Error: Route not found","service":"research-mgmt-api","timestamp":"2025-04-11 11:58:31.587"}
{"level":"error","message":"HTTP GET /notifications/unread/count - 404 (0ms) Error: Route not found","service":"research-mgmt-api","timestamp":"2025-04-11 11:58:31.594"}
{"level":"error","message":"HTTP GET /notifications - 404 (0ms) Error: Route not found","service":"research-mgmt-api","timestamp":"2025-04-11 11:58:43.524"}
{"level":"error","message":"HTTP GET /notifications/unread/count - 404 (0ms) Error: Route not found","service":"research-mgmt-api","timestamp":"2025-04-11 11:58:43.525"}
{"level":"warn","message":"HTTP GET /api/dashboard/student - 401 (0ms)","service":"research-mgmt-api","timestamp":"2025-04-11 11:58:43.830"}
{"level":"info","message":"MongoDB connection state: 1","service":"research-mgmt-api","timestamp":"2025-04-11 11:59:19.714"}
{"level":"info","message":"Login attempt for user: teststudent1@gmail.com","service":"research-mgmt-api","timestamp":"2025-04-11 11:59:19.714"}
{"level":"info","message":"Verifying password for user: teststudent1@gmail.com","service":"research-mgmt-api","timestamp":"2025-04-11 11:59:19.765"}
{"level":"info","message":"Login successful for user: teststudent1@gmail.com","service":"research-mgmt-api","timestamp":"2025-04-11 11:59:19.780"}
{"level":"info","message":"HTTP POST /api/auth/login - 200 (66ms)","service":"research-mgmt-api","timestamp":"2025-04-11 11:59:19.780"}
{"level":"error","message":"HTTP GET /notifications - 404 (0ms) Error: Route not found","service":"research-mgmt-api","timestamp":"2025-04-11 11:59:19.811"}
{"level":"error","message":"HTTP GET /notifications/unread/count - 404 (0ms) Error: Route not found","service":"research-mgmt-api","timestamp":"2025-04-11 11:59:19.816"}
{"level":"warn","message":"HTTP GET /api/dashboard/student - 401 (0ms)","service":"research-mgmt-api","timestamp":"2025-04-11 11:59:19.879"}
{"level":"info","message":"Attempting to connect to MongoDB database","service":"research-mgmt-api","timestamp":"2025-04-11 12:00:53.589"}
{"level":"info","message":"Attempting to connect to MongoDB...","service":"research-mgmt-api","timestamp":"2025-04-11 12:00:53.590"}
{"level":"info","message":"MongoDB Connected: ac-xdpuchx-shard-00-01.tvoe17p.mongodb.net","service":"research-mgmt-api","timestamp":"2025-04-11 12:00:54.387"}
{"level":"info","message":"✅ MongoDB connection established successfully","service":"research-mgmt-api","timestamp":"2025-04-11 12:00:54.388"}
{"level":"info","message":"🚀 Server running on port 300000","service":"research-mgmt-api","timestamp":"2025-04-11 12:00:54.392"}
{"level":"error","message":"HTTP GET /notifications - 404 (0ms) Error: Route not found","service":"research-mgmt-api","timestamp":"2025-04-11 12:01:16.114"}
{"level":"error","message":"HTTP GET /notifications/unread/count - 404 (0ms) Error: Route not found","service":"research-mgmt-api","timestamp":"2025-04-11 12:01:16.115"}
{"level":"warn","message":"HTTP GET /api/dashboard/student - 401 (0ms)","service":"research-mgmt-api","timestamp":"2025-04-11 12:01:16.418"}
{"level":"info","message":"Attempting to connect to MongoDB database","service":"research-mgmt-api","timestamp":"2025-04-11 12:02:06.389"}
{"level":"info","message":"Attempting to connect to MongoDB...","service":"research-mgmt-api","timestamp":"2025-04-11 12:02:06.389"}
{"level":"info","message":"MongoDB Connected: ac-xdpuchx-shard-00-01.tvoe17p.mongodb.net","service":"research-mgmt-api","timestamp":"2025-04-11 12:02:07.480"}
{"level":"info","message":"✅ MongoDB connection established successfully","service":"research-mgmt-api","timestamp":"2025-04-11 12:02:07.480"}
{"level":"info","message":"🚀 Server running on port 300000","service":"research-mgmt-api","timestamp":"2025-04-11 12:02:07.485"}
{"level":"info","message":"Attempting to connect to MongoDB database","service":"research-mgmt-api","timestamp":"2025-04-11 12:02:09.465"}
{"level":"info","message":"Attempting to connect to MongoDB...","service":"research-mgmt-api","timestamp":"2025-04-11 12:02:09.466"}
{"level":"info","message":"MongoDB Connected: ac-xdpuchx-shard-00-01.tvoe17p.mongodb.net","service":"research-mgmt-api","timestamp":"2025-04-11 12:02:10.119"}
{"level":"info","message":"✅ MongoDB connection established successfully","service":"research-mgmt-api","timestamp":"2025-04-11 12:02:10.119"}
{"level":"info","message":"🚀 Server running on port 300000","service":"research-mgmt-api","timestamp":"2025-04-11 12:02:10.124"}
{"level":"info","message":"MongoDB connection state: 1","service":"research-mgmt-api","timestamp":"2025-04-11 12:02:38.174"}
{"level":"info","message":"Login attempt for user: teststudent1@gmail.com","service":"research-mgmt-api","timestamp":"2025-04-11 12:02:38.174"}
{"level":"info","message":"Verifying password for user: teststudent1@gmail.com","service":"research-mgmt-api","timestamp":"2025-04-11 12:02:38.231"}
{"level":"info","message":"Login successful for user: teststudent1@gmail.com","service":"research-mgmt-api","timestamp":"2025-04-11 12:02:38.251"}
{"level":"info","message":"HTTP POST /api/auth/login - 200 (79ms)","service":"research-mgmt-api","timestamp":"2025-04-11 12:02:38.251"}
{"level":"warn","message":"HTTP GET /api/auth/profile - 401 (2ms)","service":"research-mgmt-api","timestamp":"2025-04-11 12:04:41.917"}
{"level":"warn","message":"HTTP GET /api/auth/profile - 401 (1ms)","service":"research-mgmt-api","timestamp":"2025-04-11 12:04:47.906"}
{"level":"warn","message":"HTTP GET /api/auth/profile - 401 (1ms)","service":"research-mgmt-api","timestamp":"2025-04-11 12:05:00.884"}
{"external":"30 MB","heapTotal":"30 MB","heapUsed":"53 MB","level":"info","message":"Memory usage stats:","rss":"232 MB","service":"research-mgmt-api","timestamp":"2025-04-11 12:07:09.473"}
{"level":"warn","message":"HTTP GET /api/dashboard/student - 401 (0ms)","service":"research-mgmt-api","timestamp":"2025-04-11 12:07:36.877"}
{"level":"warn","message":"HTTP GET /api/dashboard/student - 401 (0ms)","service":"research-mgmt-api","timestamp":"2025-04-11 12:07:40.613"}
{"level":"warn","message":"HTTP GET /swagger - 401 (0ms)","service":"research-mgmt-api","timestamp":"2025-04-11 12:07:49.115"}
{"level":"error","message":"HTTP GET /notifications - 404 (0ms) Error: Route not found","service":"research-mgmt-api","timestamp":"2025-04-11 12:07:56.511"}
{"level":"error","message":"HTTP GET /notifications/unread/count - 404 (0ms) Error: Route not found","service":"research-mgmt-api","timestamp":"2025-04-11 12:07:56.512"}
{"level":"warn","message":"HTTP GET /api/dashboard/student - 401 (0ms)","service":"research-mgmt-api","timestamp":"2025-04-11 12:07:56.825"}
{"level":"error","message":"HTTP GET /student/team-chat - 404 (0ms) Error: Route not found","service":"research-mgmt-api","timestamp":"2025-04-11 12:08:07.875"}
{"level":"info","message":"MongoDB connection state: 1","service":"research-mgmt-api","timestamp":"2025-04-11 12:08:33.104"}
{"level":"info","message":"Login attempt for user: teststudent1@gmail.com","service":"research-mgmt-api","timestamp":"2025-04-11 12:08:33.104"}
{"level":"info","message":"Verifying password for user: teststudent1@gmail.com","service":"research-mgmt-api","timestamp":"2025-04-11 12:08:33.158"}
{"level":"info","message":"Login successful for user: teststudent1@gmail.com","service":"research-mgmt-api","timestamp":"2025-04-11 12:08:33.172"}
{"level":"info","message":"HTTP POST /api/auth/login - 200 (69ms)","service":"research-mgmt-api","timestamp":"2025-04-11 12:08:33.172"}
{"level":"error","message":"HTTP GET /notifications - 404 (0ms) Error: Route not found","service":"research-mgmt-api","timestamp":"2025-04-11 12:08:33.199"}
{"level":"error","message":"HTTP GET /notifications/unread/count - 404 (0ms) Error: Route not found","service":"research-mgmt-api","timestamp":"2025-04-11 12:08:33.200"}
{"level":"error","message":"HTTP GET /notifications - 404 (0ms) Error: Route not found","service":"research-mgmt-api","timestamp":"2025-04-11 12:08:42.491"}
{"level":"error","message":"HTTP GET /notifications/unread/count - 404 (0ms) Error: Route not found","service":"research-mgmt-api","timestamp":"2025-04-11 12:08:42.492"}
{"level":"warn","message":"HTTP GET /api/dashboard/student - 401 (0ms)","service":"research-mgmt-api","timestamp":"2025-04-11 12:08:42.795"}
{"level":"info","message":"MongoDB connection state: 1","service":"research-mgmt-api","timestamp":"2025-04-11 12:08:51.889"}
{"level":"info","message":"Login attempt for user: teststudent1@gmail.com","service":"research-mgmt-api","timestamp":"2025-04-11 12:08:51.889"}
{"level":"info","message":"Verifying password for user: teststudent1@gmail.com","service":"research-mgmt-api","timestamp":"2025-04-11 12:08:51.947"}
{"level":"info","message":"Login successful for user: teststudent1@gmail.com","service":"research-mgmt-api","timestamp":"2025-04-11 12:08:51.963"}
{"level":"info","message":"HTTP POST /api/auth/login - 200 (74ms)","service":"research-mgmt-api","timestamp":"2025-04-11 12:08:51.963"}
{"level":"error","message":"HTTP GET /notifications - 404 (0ms) Error: Route not found","service":"research-mgmt-api","timestamp":"2025-04-11 12:08:52.006"}
{"level":"error","message":"HTTP GET /notifications/unread/count - 404 (0ms) Error: Route not found","service":"research-mgmt-api","timestamp":"2025-04-11 12:08:52.011"}
{"level":"error","message":"HTTP GET /api/auth/login - 404 (0ms) Error: Route not found","service":"research-mgmt-api","timestamp":"2025-04-11 12:09:13.921"}
{"level":"error","message":"HTTP GET /api/auth/login - 404 (0ms) Error: Route not found","service":"research-mgmt-api","timestamp":"2025-04-11 12:09:46.766"}
{"level":"info","message":"MongoDB connection state: 1","service":"research-mgmt-api","timestamp":"2025-04-11 12:10:30.168"}
{"level":"info","message":"Login attempt for user: teststudent1@gmail.com","service":"research-mgmt-api","timestamp":"2025-04-11 12:10:30.169"}
{"level":"info","message":"Verifying password for user: teststudent1@gmail.com","service":"research-mgmt-api","timestamp":"2025-04-11 12:10:30.224"}
{"level":"info","message":"Login successful for user: teststudent1@gmail.com","service":"research-mgmt-api","timestamp":"2025-04-11 12:10:30.238"}
{"level":"info","message":"HTTP POST /api/auth/login - 200 (70ms)","service":"research-mgmt-api","timestamp":"2025-04-11 12:10:30.238"}
{"level":"error","message":"HTTP GET /notifications - 404 (0ms) Error: Route not found","service":"research-mgmt-api","timestamp":"2025-04-11 12:10:30.268"}
{"level":"error","message":"HTTP GET /notifications/unread/count - 404 (0ms) Error: Route not found","service":"research-mgmt-api","timestamp":"2025-04-11 12:10:30.271"}
{"level":"warn","message":"HTTP GET /api/dashboard/student - 401 (0ms)","service":"research-mgmt-api","timestamp":"2025-04-11 12:10:30.330"}
{"level":"error","message":"HTTP GET /api/auth/login - 404 (0ms) Error: Route not found","service":"research-mgmt-api","timestamp":"2025-04-11 12:10:48.485"}
{"level":"error","message":"HTTP GET /api/auth/login - 404 (0ms) Error: Route not found","service":"research-mgmt-api","timestamp":"2025-04-11 12:10:57.180"}
{"external":"22 MB","heapTotal":"28 MB","heapUsed":"40 MB","level":"info","message":"Memory usage stats:","rss":"209 MB","service":"research-mgmt-api","timestamp":"2025-04-11 12:12:09.473"}
{"level":"error","message":"HTTP GET /api/auth/login - 404 (0ms) Error: Route not found","service":"research-mgmt-api","timestamp":"2025-04-11 12:12:10.831"}
{"level":"error","message":"HTTP GET /api/auth/login - 404 (0ms) Error: Route not found","service":"research-mgmt-api","timestamp":"2025-04-11 12:12:39.553"}
{"external":"23 MB","heapTotal":"29 MB","heapUsed":"41 MB","level":"info","message":"Memory usage stats:","rss":"210 MB","service":"research-mgmt-api","timestamp":"2025-04-11 12:17:09.474"}
{"level":"info","message":"MongoDB connection state: 1","service":"research-mgmt-api","timestamp":"2025-04-11 12:17:37.670"}
{"level":"info","message":"Login attempt for user: teststudent1@gmail.com","service":"research-mgmt-api","timestamp":"2025-04-11 12:17:37.670"}
{"level":"info","message":"Verifying password for user: teststudent1@gmail.com","service":"research-mgmt-api","timestamp":"2025-04-11 12:17:37.724"}
{"level":"info","message":"Login successful for user: teststudent1@gmail.com","service":"research-mgmt-api","timestamp":"2025-04-11 12:17:37.742"}
{"level":"info","message":"HTTP POST /api/auth/login - 200 (73ms)","service":"research-mgmt-api","timestamp":"2025-04-11 12:17:37.742"}
{"level":"error","message":"HTTP GET /notifications - 404 (0ms) Error: Route not found","service":"research-mgmt-api","timestamp":"2025-04-11 12:17:37.781"}
{"level":"error","message":"HTTP GET /notifications/unread/count - 404 (0ms) Error: Route not found","service":"research-mgmt-api","timestamp":"2025-04-11 12:17:37.783"}
{"level":"warn","message":"HTTP GET /api/dashboard/student - 401 (0ms)","service":"research-mgmt-api","timestamp":"2025-04-11 12:17:37.843"}
{"external":"23 MB","heapTotal":"29 MB","heapUsed":"42 MB","level":"info","message":"Memory usage stats:","rss":"231 MB","service":"research-mgmt-api","timestamp":"2025-04-11 12:22:09.474"}
{"external":"23 MB","heapTotal":"29 MB","heapUsed":"42 MB","level":"info","message":"Memory usage stats:","rss":"231 MB","service":"research-mgmt-api","timestamp":"2025-04-11 12:27:09.475"}
{"level":"info","message":"Attempting to connect to MongoDB database","service":"research-mgmt-api","timestamp":"2025-04-11 12:29:40.994"}
{"level":"info","message":"Attempting to connect to MongoDB...","service":"research-mgmt-api","timestamp":"2025-04-11 12:29:40.995"}
{"level":"info","message":"MongoDB Connected: ac-xdpuchx-shard-00-00.tvoe17p.mongodb.net","service":"research-mgmt-api","timestamp":"2025-04-11 12:29:42.113"}
{"level":"info","message":"✅ MongoDB connection established successfully","service":"research-mgmt-api","timestamp":"2025-04-11 12:29:42.113"}
{"level":"info","message":"🚀 Server running on port 300000","service":"research-mgmt-api","timestamp":"2025-04-11 12:29:42.119"}
{"level":"info","message":"MongoDB connection state: 1","service":"research-mgmt-api","timestamp":"2025-04-11 12:29:45.944"}
{"level":"info","message":"Login attempt for user: teststudent1@gmail.com","service":"research-mgmt-api","timestamp":"2025-04-11 12:29:45.944"}
{"level":"info","message":"Verifying password for user: teststudent1@gmail.com","service":"research-mgmt-api","timestamp":"2025-04-11 12:29:45.999"}
{"level":"info","message":"Login successful for user: teststudent1@gmail.com","service":"research-mgmt-api","timestamp":"2025-04-11 12:29:46.017"}
{"level":"info","message":"HTTP POST /api/auth/login - 200 (75ms)","service":"research-mgmt-api","timestamp":"2025-04-11 12:29:46.017"}
{"level":"error","message":"HTTP GET /notifications - 404 (0ms) Error: Route not found","service":"research-mgmt-api","timestamp":"2025-04-11 12:29:46.072"}
{"level":"error","message":"HTTP GET /notifications/unread/count - 404 (0ms) Error: Route not found","service":"research-mgmt-api","timestamp":"2025-04-11 12:29:46.075"}
{"level":"info","message":"📊 Fetching student dashboard data","service":"research-mgmt-api","timestamp":"2025-04-11 12:29:46.094"}
{"level":"error","message":"HTTP GET /api/dashboard/student - 404 (1ms) Error: Authentication required","service":"research-mgmt-api","timestamp":"2025-04-11 12:29:46.095"}
{"level":"error","message":"HTTP GET /notifications - 404 (0ms) Error: Route not found","service":"research-mgmt-api","timestamp":"2025-04-11 12:30:39.811"}
{"level":"error","message":"HTTP GET /notifications/unread/count - 404 (0ms) Error: Route not found","service":"research-mgmt-api","timestamp":"2025-04-11 12:30:39.812"}
{"level":"info","message":"📊 Fetching student dashboard data","service":"research-mgmt-api","timestamp":"2025-04-11 12:30:40.118"}
{"level":"error","message":"HTTP GET /api/dashboard/student - 404 (0ms) Error: Authentication required","service":"research-mgmt-api","timestamp":"2025-04-11 12:30:40.118"}
{"level":"info","message":"📊 Fetching student dashboard data","service":"research-mgmt-api","timestamp":"2025-04-11 12:31:22.814"}
{"level":"error","message":"HTTP GET /api/dashboard/student - 404 (0ms) Error: Authentication required","service":"research-mgmt-api","timestamp":"2025-04-11 12:31:22.815"}
{"level":"info","message":"📊 Fetching student dashboard data","service":"research-mgmt-api","timestamp":"2025-04-11 12:32:19.920"}
{"level":"error","message":"HTTP GET /api/dashboard/student - 404 (1ms) Error: Authentication required","service":"research-mgmt-api","timestamp":"2025-04-11 12:32:19.920"}
{"level":"error","message":"HTTP GET /api/auth/login - 404 (0ms) Error: Route not found","service":"research-mgmt-api","timestamp":"2025-04-11 12:32:39.222"}
{"level":"info","message":"MongoDB connection state: 1","service":"research-mgmt-api","timestamp":"2025-04-11 12:33:03.785"}
{"level":"info","message":"Login attempt for user: teststudent1@gmail.com","service":"research-mgmt-api","timestamp":"2025-04-11 12:33:03.785"}
{"level":"info","message":"Verifying password for user: teststudent1@gmail.com","service":"research-mgmt-api","timestamp":"2025-04-11 12:33:03.836"}
{"level":"info","message":"Login successful for user: teststudent1@gmail.com","service":"research-mgmt-api","timestamp":"2025-04-11 12:33:03.850"}
{"level":"info","message":"HTTP POST /api/auth/login - 200 (66ms)","service":"research-mgmt-api","timestamp":"2025-04-11 12:33:03.850"}
{"level":"error","message":"HTTP GET /notifications - 404 (0ms) Error: Route not found","service":"research-mgmt-api","timestamp":"2025-04-11 12:33:03.882"}
{"level":"error","message":"HTTP GET /notifications/unread/count - 404 (0ms) Error: Route not found","service":"research-mgmt-api","timestamp":"2025-04-11 12:33:03.883"}
{"level":"info","message":"📊 Fetching student dashboard data","service":"research-mgmt-api","timestamp":"2025-04-11 12:34:07.054"}
{"level":"error","message":"HTTP GET /api/dashboard/student - 404 (1ms) Error: Authentication required","service":"research-mgmt-api","timestamp":"2025-04-11 12:34:07.054"}
{"level":"info","message":"📊 Fetching student dashboard data","service":"research-mgmt-api","timestamp":"2025-04-11 12:34:35.637"}
{"level":"error","message":"HTTP GET /api/dashboard/student - 404 (0ms) Error: Authentication required","service":"research-mgmt-api","timestamp":"2025-04-11 12:34:35.637"}
{"external":"30 MB","heapTotal":"30 MB","heapUsed":"54 MB","level":"info","message":"Memory usage stats:","rss":"216 MB","service":"research-mgmt-api","timestamp":"2025-04-11 12:34:41.002"}
{"level":"error","message":"HTTP GET /api/dashboard/superviser - 404 (0ms) Error: Route not found","service":"research-mgmt-api","timestamp":"2025-04-11 12:34:46.343"}
{"level":"info","message":"📊 Fetching supervisor dashboard data","service":"research-mgmt-api","timestamp":"2025-04-11 12:35:10.241"}
{"level":"error","message":"Failed to fetch supervisor dashboard data: null is not an object (evaluating 'user.id')","service":"research-mgmt-api","stack":"TypeError: null is not an object (evaluating 'user.id')\n    at <anonymous> (/home/swadhin/r/server/src/controllers/dashboardController.js:222:57)\n    at getSupervisorDashboard (/home/swadhin/r/server/src/controllers/dashboardController.js:220:39)\n    at <anonymous> (/home/swadhin/r/server/src/routes/dashboardRoutes.js:114:38)\n    at <anonymous> (/home/swadhin/r/server/src/routes/dashboardRoutes.js:110:20)\n    at <anonymous> (file:///home/swadhin/r/server/node_modules/elysia/dist/bun/index.js:18:31)\n    at processTicksAndRejections (native:7:39)","timestamp":"2025-04-11 12:35:10.242"}
{"level":"error","message":"HTTP GET /api/dashboard/supervisor - 404 (1ms) Error: Failed to fetch supervisor dashboard data","service":"research-mgmt-api","timestamp":"2025-04-11 12:35:10.242"}
{"level":"info","message":"📊 Fetching admin dashboard data","service":"research-mgmt-api","timestamp":"2025-04-11 12:35:30.723"}
{"level":"info","message":"HTTP GET /api/dashboard/admin - 200 (542ms)","service":"research-mgmt-api","timestamp":"2025-04-11 12:35:31.265"}
{"code":"VALIDATION","level":"error","message":"Application error: {\n  \"type\": \"validation\",\n  \"on\": \"response\",\n  \"summary\": \"Property 'data.stats' is missing\",\n  \"property\": \"/data/stats\",\n  \"message\": \"Expected required property\",\n  \"expected\": {\n    \"success\": false,\n    \"data\": {\n      \"stats\": {\n        \"users\": {\n          \"total\": 0,\n          \"students\": 0,\n          \"supervisors\": 0,\n          \"pendingApprovals\": 0\n        },\n        \"teams\": {\n          \"total\": 0,\n          \"active\": 0,\n          \"pending\": 0,\n          \"withoutSupervisor\": 0\n        },\n        \"projects\": {\n          \"total\": 0,\n          \"active\": 0,\n          \"completed\": 0,\n          \"overdue\": 0\n        },\n        \"submissions\": {\n          \"today\": 0,\n          \"thisWeek\": 0,\n          \"pending\": 0\n        }\n      },\n      \"recentActivities\": [],\n      \"alerts\": []\n    }\n  },\n  \"found\": {\n    \"success\": true,\n    \"data\": {\n      \"recentActivities\": []\n    }\n  },\n  \"errors\": [\n    {\n      \"type\": 45,\n      \"schema\": {\n        \"type\": \"object\",\n        \"properties\": {\n          \"users\": {\n            \"type\": \"object\",\n            \"properties\": {\n              \"total\": {\n                \"type\": \"number\"\n              },\n              \"students\": {\n                \"type\": \"number\"\n              },\n              \"supervisors\": {\n                \"type\": \"number\"\n              },\n              \"pendingApprovals\": {\n                \"type\": \"number\"\n              }\n            },\n            \"required\": [\n              \"total\",\n              \"students\",\n              \"supervisors\",\n              \"pendingApprovals\"\n            ]\n          },\n          \"teams\": {\n            \"type\": \"object\",\n            \"properties\": {\n              \"total\": {\n                \"type\": \"number\"\n              },\n              \"active\": {\n                \"type\": \"number\"\n              },\n              \"pending\": {\n                \"type\": \"number\"\n              },\n              \"withoutSupervisor\": {\n                \"type\": \"number\"\n              }\n            },\n            \"required\": [\n              \"total\",\n              \"active\",\n              \"pending\",\n              \"withoutSupervisor\"\n            ]\n          },\n          \"projects\": {\n            \"type\": \"object\",\n            \"properties\": {\n              \"total\": {\n                \"type\": \"number\"\n              },\n              \"active\": {\n                \"type\": \"number\"\n              },\n              \"completed\": {\n                \"type\": \"number\"\n              },\n              \"overdue\": {\n                \"type\": \"number\"\n              }\n            },\n            \"required\": [\n              \"total\",\n              \"active\",\n              \"completed\",\n              \"overdue\"\n            ]\n          },\n          \"submissions\": {\n            \"type\": \"object\",\n            \"properties\": {\n              \"today\": {\n                \"type\": \"number\"\n              },\n              \"thisWeek\": {\n                \"type\": \"number\"\n              },\n              \"pending\": {\n                \"type\": \"number\"\n              }\n            },\n            \"required\": [\n              \"today\",\n              \"thisWeek\",\n              \"pending\"\n            ]\n          }\n        },\n        \"required\": [\n          \"users\",\n          \"teams\",\n          \"projects\",\n          \"submissions\"\n        ]\n      },\n      \"path\": \"/data/stats\",\n      \"message\": \"Expected required property\",\n      \"errors\": [],\n      \"summary\": \"Property 'data.stats' is missing\"\n    },\n    {\n      \"type\": 45,\n      \"schema\": {\n        \"type\": \"array\",\n        \"items\": {\n          \"type\": \"object\",\n          \"properties\": {\n            \"id\": {\n              \"type\": \"string\"\n            },\n            \"type\": {\n              \"type\": \"string\"\n            },\n            \"message\": {\n              \"type\": \"string\"\n            },\n            \"severity\": {\n              \"type\": \"string\"\n            },\n            \"createdAt\": {\n              \"type\": \"string\"\n            }\n          },\n          \"required\": [\n            \"id\",\n            \"type\",\n            \"message\",\n            \"severity\",\n            \"createdAt\"\n          ]\n        }\n      },\n      \"path\": \"/data/alerts\",\n      \"message\": \"Expected required property\",\n      \"errors\": [],\n      \"summary\": \"Property 'data.alerts' is missing\"\n    },\n    {\n      \"summary\": \"Expected object\",\n      \"type\": 46,\n      \"schema\": {\n        \"type\": \"object\",\n        \"properties\": {\n          \"users\": {\n            \"type\": \"object\",\n            \"properties\": {\n              \"total\": {\n                \"type\": \"number\"\n              },\n              \"students\": {\n                \"type\": \"number\"\n              },\n              \"supervisors\": {\n                \"type\": \"number\"\n              },\n              \"pendingApprovals\": {\n                \"type\": \"number\"\n              }\n            },\n            \"required\": [\n              \"total\",\n              \"students\",\n              \"supervisors\",\n              \"pendingApprovals\"\n            ]\n          },\n          \"teams\": {\n            \"type\": \"object\",\n            \"properties\": {\n              \"total\": {\n                \"type\": \"number\"\n              },\n              \"active\": {\n                \"type\": \"number\"\n              },\n              \"pending\": {\n                \"type\": \"number\"\n              },\n              \"withoutSupervisor\": {\n                \"type\": \"number\"\n              }\n            },\n            \"required\": [\n              \"total\",\n              \"active\",\n              \"pending\",\n              \"withoutSupervisor\"\n            ]\n          },\n          \"projects\": {\n            \"type\": \"object\",\n            \"properties\": {\n              \"total\": {\n                \"type\": \"number\"\n              },\n              \"active\": {\n                \"type\": \"number\"\n              },\n              \"completed\": {\n                \"type\": \"number\"\n              },\n              \"overdue\": {\n                \"type\": \"number\"\n              }\n            },\n            \"required\": [\n              \"total\",\n              \"active\",\n              \"completed\",\n              \"overdue\"\n            ]\n          },\n          \"submissions\": {\n            \"type\": \"object\",\n            \"properties\": {\n              \"today\": {\n                \"type\": \"number\"\n              },\n              \"thisWeek\": {\n                \"type\": \"number\"\n              },\n              \"pending\": {\n                \"type\": \"number\"\n              }\n            },\n            \"required\": [\n              \"today\",\n              \"thisWeek\",\n              \"pending\"\n            ]\n          }\n        },\n        \"required\": [\n          \"users\",\n          \"teams\",\n          \"projects\",\n          \"submissions\"\n        ]\n      },\n      \"path\": \"/data/stats\",\n      \"message\": \"Expected object\",\n      \"errors\": []\n    },\n    {\n      \"summary\": \"Expected array\",\n      \"type\": 6,\n      \"schema\": {\n        \"type\": \"array\",\n        \"items\": {\n          \"type\": \"object\",\n          \"properties\": {\n            \"id\": {\n              \"type\": \"string\"\n            },\n            \"type\": {\n              \"type\": \"string\"\n            },\n            \"message\": {\n              \"type\": \"string\"\n            },\n            \"severity\": {\n              \"type\": \"string\"\n            },\n            \"createdAt\": {\n              \"type\": \"string\"\n            }\n          },\n          \"required\": [\n            \"id\",\n            \"type\",\n            \"message\",\n            \"severity\",\n            \"createdAt\"\n          ]\n        }\n      },\n      \"path\": \"/data/alerts\",\n      \"message\": \"Expected array\",\n      \"errors\": []\n    }\n  ]\n}","service":"research-mgmt-api","stack":"Error: {\n  \"type\": \"validation\",\n  \"on\": \"response\",\n  \"summary\": \"Property 'data.stats' is missing\",\n  \"property\": \"/data/stats\",\n  \"message\": \"Expected required property\",\n  \"expected\": {\n    \"success\": false,\n    \"data\": {\n      \"stats\": {\n        \"users\": {\n          \"total\": 0,\n          \"students\": 0,\n          \"supervisors\": 0,\n          \"pendingApprovals\": 0\n        },\n        \"teams\": {\n          \"total\": 0,\n          \"active\": 0,\n          \"pending\": 0,\n          \"withoutSupervisor\": 0\n        },\n        \"projects\": {\n          \"total\": 0,\n          \"active\": 0,\n          \"completed\": 0,\n          \"overdue\": 0\n        },\n        \"submissions\": {\n          \"today\": 0,\n          \"thisWeek\": 0,\n          \"pending\": 0\n        }\n      },\n      \"recentActivities\": [],\n      \"alerts\": []\n    }\n  },\n  \"found\": {\n    \"success\": true,\n    \"data\": {\n      \"recentActivities\": []\n    }\n  },\n  \"errors\": [\n    {\n      \"type\": 45,\n      \"schema\": {\n        \"type\": \"object\",\n        \"properties\": {\n          \"users\": {\n            \"type\": \"object\",\n            \"properties\": {\n              \"total\": {\n                \"type\": \"number\"\n              },\n              \"students\": {\n                \"type\": \"number\"\n              },\n              \"supervisors\": {\n                \"type\": \"number\"\n              },\n              \"pendingApprovals\": {\n                \"type\": \"number\"\n              }\n            },\n            \"required\": [\n              \"total\",\n              \"students\",\n              \"supervisors\",\n              \"pendingApprovals\"\n            ]\n          },\n          \"teams\": {\n            \"type\": \"object\",\n            \"properties\": {\n              \"total\": {\n                \"type\": \"number\"\n              },\n              \"active\": {\n                \"type\": \"number\"\n              },\n              \"pending\": {\n                \"type\": \"number\"\n              },\n              \"withoutSupervisor\": {\n                \"type\": \"number\"\n              }\n            },\n            \"required\": [\n              \"total\",\n              \"active\",\n              \"pending\",\n              \"withoutSupervisor\"\n            ]\n          },\n          \"projects\": {\n            \"type\": \"object\",\n            \"properties\": {\n              \"total\": {\n                \"type\": \"number\"\n              },\n              \"active\": {\n                \"type\": \"number\"\n              },\n              \"completed\": {\n                \"type\": \"number\"\n              },\n              \"overdue\": {\n                \"type\": \"number\"\n              }\n            },\n            \"required\": [\n              \"total\",\n              \"active\",\n              \"completed\",\n              \"overdue\"\n            ]\n          },\n          \"submissions\": {\n            \"type\": \"object\",\n            \"properties\": {\n              \"today\": {\n                \"type\": \"number\"\n              },\n              \"thisWeek\": {\n                \"type\": \"number\"\n              },\n              \"pending\": {\n                \"type\": \"number\"\n              }\n            },\n            \"required\": [\n              \"today\",\n              \"thisWeek\",\n              \"pending\"\n            ]\n          }\n        },\n        \"required\": [\n          \"users\",\n          \"teams\",\n          \"projects\",\n          \"submissions\"\n        ]\n      },\n      \"path\": \"/data/stats\",\n      \"message\": \"Expected required property\",\n      \"errors\": [],\n      \"summary\": \"Property 'data.stats' is missing\"\n    },\n    {\n      \"type\": 45,\n      \"schema\": {\n        \"type\": \"array\",\n        \"items\": {\n          \"type\": \"object\",\n          \"properties\": {\n            \"id\": {\n              \"type\": \"string\"\n            },\n            \"type\": {\n              \"type\": \"string\"\n            },\n            \"message\": {\n              \"type\": \"string\"\n            },\n            \"severity\": {\n              \"type\": \"string\"\n            },\n            \"createdAt\": {\n              \"type\": \"string\"\n            }\n          },\n          \"required\": [\n            \"id\",\n            \"type\",\n            \"message\",\n            \"severity\",\n            \"createdAt\"\n          ]\n        }\n      },\n      \"path\": \"/data/alerts\",\n      \"message\": \"Expected required property\",\n      \"errors\": [],\n      \"summary\": \"Property 'data.alerts' is missing\"\n    },\n    {\n      \"summary\": \"Expected object\",\n      \"type\": 46,\n      \"schema\": {\n        \"type\": \"object\",\n        \"properties\": {\n          \"users\": {\n            \"type\": \"object\",\n            \"properties\": {\n              \"total\": {\n                \"type\": \"number\"\n              },\n              \"students\": {\n                \"type\": \"number\"\n              },\n              \"supervisors\": {\n                \"type\": \"number\"\n              },\n              \"pendingApprovals\": {\n                \"type\": \"number\"\n              }\n            },\n            \"required\": [\n              \"total\",\n              \"students\",\n              \"supervisors\",\n              \"pendingApprovals\"\n            ]\n          },\n          \"teams\": {\n            \"type\": \"object\",\n            \"properties\": {\n              \"total\": {\n                \"type\": \"number\"\n              },\n              \"active\": {\n                \"type\": \"number\"\n              },\n              \"pending\": {\n                \"type\": \"number\"\n              },\n              \"withoutSupervisor\": {\n                \"type\": \"number\"\n              }\n            },\n            \"required\": [\n              \"total\",\n              \"active\",\n              \"pending\",\n              \"withoutSupervisor\"\n            ]\n          },\n          \"projects\": {\n            \"type\": \"object\",\n            \"properties\": {\n              \"total\": {\n                \"type\": \"number\"\n              },\n              \"active\": {\n                \"type\": \"number\"\n              },\n              \"completed\": {\n                \"type\": \"number\"\n              },\n              \"overdue\": {\n                \"type\": \"number\"\n              }\n            },\n            \"required\": [\n              \"total\",\n              \"active\",\n              \"completed\",\n              \"overdue\"\n            ]\n          },\n          \"submissions\": {\n            \"type\": \"object\",\n            \"properties\": {\n              \"today\": {\n                \"type\": \"number\"\n              },\n              \"thisWeek\": {\n                \"type\": \"number\"\n              },\n              \"pending\": {\n                \"type\": \"number\"\n              }\n            },\n            \"required\": [\n              \"today\",\n              \"thisWeek\",\n              \"pending\"\n            ]\n          }\n        },\n        \"required\": [\n          \"users\",\n          \"teams\",\n          \"projects\",\n          \"submissions\"\n        ]\n      },\n      \"path\": \"/data/stats\",\n      \"message\": \"Expected object\",\n      \"errors\": []\n    },\n    {\n      \"summary\": \"Expected array\",\n      \"type\": 6,\n      \"schema\": {\n        \"type\": \"array\",\n        \"items\": {\n          \"type\": \"object\",\n          \"properties\": {\n            \"id\": {\n              \"type\": \"string\"\n            },\n            \"type\": {\n              \"type\": \"string\"\n            },\n            \"message\": {\n              \"type\": \"string\"\n            },\n            \"severity\": {\n              \"type\": \"string\"\n            },\n            \"createdAt\": {\n              \"type\": \"string\"\n            }\n          },\n          \"required\": [\n            \"id\",\n            \"type\",\n            \"message\",\n            \"severity\",\n            \"createdAt\"\n          ]\n        }\n      },\n      \"path\": \"/data/alerts\",\n      \"message\": \"Expected array\",\n      \"errors\": []\n    }\n  ]\n}\n    at new ValidationError (/home/swadhin/r/server/node_modules/elysia/src/error.ts:264:3)\n    at <anonymous> (file:///home/swadhin/r/server/node_modules/elysia/dist/bun/index.js:26:26)\n    at processTicksAndRejections (native:7:39)","status":422,"timestamp":"2025-04-11 12:35:31.268","type":"response","validator":{"code":"return function check(value) {\n  return (\n    (typeof value === 'object' && value !== null && !Array.isArray(value)) &&\n    (typeof value.success === 'boolean') &&\n    (typeof value.data === 'object' && value.data !== null && !Array.isArray(value.data)) &&\n    (typeof value.data.stats === 'object' && value.data.stats !== null && !Array.isArray(value.data.stats)) &&\n    (typeof value.data.stats.users === 'object' && value.data.stats.users !== null && !Array.isArray(value.data.stats.users)) &&\n    Number.isFinite(value.data.stats.users.total) &&\n    Number.isFinite(value.data.stats.users.students) &&\n    Number.isFinite(value.data.stats.users.supervisors) &&\n    Number.isFinite(value.data.stats.users.pendingApprovals) &&\n    (typeof value.data.stats.teams === 'object' && value.data.stats.teams !== null && !Array.isArray(value.data.stats.teams)) &&\n    Number.isFinite(value.data.stats.teams.total) &&\n    Number.isFinite(value.data.stats.teams.active) &&\n    Number.isFinite(value.data.stats.teams.pending) &&\n    Number.isFinite(value.data.stats.teams.withoutSupervisor) &&\n    (typeof value.data.stats.projects === 'object' && value.data.stats.projects !== null && !Array.isArray(value.data.stats.projects)) &&\n    Number.isFinite(value.data.stats.projects.total) &&\n    Number.isFinite(value.data.stats.projects.active) &&\n    Number.isFinite(value.data.stats.projects.completed) &&\n    Number.isFinite(value.data.stats.projects.overdue) &&\n    (typeof value.data.stats.submissions === 'object' && value.data.stats.submissions !== null && !Array.isArray(value.data.stats.submissions)) &&\n    Number.isFinite(value.data.stats.submissions.today) &&\n    Number.isFinite(value.data.stats.submissions.thisWeek) &&\n    Number.isFinite(value.data.stats.submissions.pending) &&\n    Array.isArray(value.data.recentActivities) &&\n    value.data.recentActivities.every((value) => ((typeof value === 'object' && value !== null && !Array.isArray(value)) && (typeof value.id === 'string') && (typeof value.type === 'string') && (typeof value.description === 'string') && (typeof value.user === 'object' && value.user !== null && !Array.isArray(value.user)) && (typeof value.user.id === 'string') && (typeof value.user.name === 'string') && (typeof value.user.role === 'string') && (typeof value.timestamp === 'string'))) &&\n    Array.isArray(value.data.alerts) &&\n    value.data.alerts.every((value) => ((typeof value === 'object' && value !== null && !Array.isArray(value)) && (typeof value.id === 'string') && (typeof value.type === 'string') && (typeof value.message === 'string') && (typeof value.severity === 'string') && (typeof value.createdAt === 'string'))) &&\n    Object.getOwnPropertyNames(value).length === 2\n  )\n}","hasTransform":false,"references":[],"schema":{"additionalProperties":false,"properties":{"data":{"properties":{"alerts":{"items":{"properties":{"createdAt":{"type":"string"},"id":{"type":"string"},"message":{"type":"string"},"severity":{"type":"string"},"type":{"type":"string"}},"required":["id","type","message","severity","createdAt"],"type":"object"},"type":"array"},"recentActivities":{"items":{"properties":{"description":{"type":"string"},"id":{"type":"string"},"timestamp":{"type":"string"},"type":{"type":"string"},"user":{"properties":{"id":{"type":"string"},"name":{"type":"string"},"role":{"type":"string"}},"required":["id","name","role"],"type":"object"}},"required":["id","type","description","user","timestamp"],"type":"object"},"type":"array"},"stats":{"properties":{"projects":{"properties":{"active":{"type":"number"},"completed":{"type":"number"},"overdue":{"type":"number"},"total":{"type":"number"}},"required":["total","active","completed","overdue"],"type":"object"},"submissions":{"properties":{"pending":{"type":"number"},"thisWeek":{"type":"number"},"today":{"type":"number"}},"required":["today","thisWeek","pending"],"type":"object"},"teams":{"properties":{"active":{"type":"number"},"pending":{"type":"number"},"total":{"type":"number"},"withoutSupervisor":{"type":"number"}},"required":["total","active","pending","withoutSupervisor"],"type":"object"},"users":{"properties":{"pendingApprovals":{"type":"number"},"students":{"type":"number"},"supervisors":{"type":"number"},"total":{"type":"number"}},"required":["total","students","supervisors","pendingApprovals"],"type":"object"}},"required":["users","teams","projects","submissions"],"type":"object"}},"required":["stats","recentActivities","alerts"],"type":"object"},"success":{"type":"boolean"}},"required":["success","data"],"type":"object"}},"value":{"data":{"recentActivities":[]},"success":true}}
{"level":"info","message":"Attempting to connect to MongoDB database","service":"research-mgmt-api","timestamp":"2025-04-11 12:35:49.457"}
{"level":"info","message":"Attempting to connect to MongoDB...","service":"research-mgmt-api","timestamp":"2025-04-11 12:35:49.458"}
{"level":"info","message":"MongoDB Connected: ac-xdpuchx-shard-00-01.tvoe17p.mongodb.net","service":"research-mgmt-api","timestamp":"2025-04-11 12:35:50.214"}
{"level":"info","message":"✅ MongoDB connection established successfully","service":"research-mgmt-api","timestamp":"2025-04-11 12:35:50.214"}
{"level":"info","message":"🚀 Server running on port 300000","service":"research-mgmt-api","timestamp":"2025-04-11 12:35:50.219"}
{"level":"error","message":"HTTP GET /notifications - 404 (0ms) Error: Route not found","service":"research-mgmt-api","timestamp":"2025-04-11 12:35:53.755"}
{"level":"error","message":"HTTP GET /notifications/unread/count - 404 (0ms) Error: Route not found","service":"research-mgmt-api","timestamp":"2025-04-11 12:35:53.757"}
{"level":"info","message":"📊 Fetching student dashboard data","service":"research-mgmt-api","timestamp":"2025-04-11 12:35:54.064"}
{"level":"error","message":"HTTP GET /api/dashboard/student - 404 (1ms) Error: Authentication required","service":"research-mgmt-api","timestamp":"2025-04-11 12:35:54.064"}
{"level":"info","message":"MongoDB connection state: 1","service":"research-mgmt-api","timestamp":"2025-04-11 12:36:02.421"}
{"level":"info","message":"Login attempt for user: teststudent1@gmail.com","service":"research-mgmt-api","timestamp":"2025-04-11 12:36:02.422"}
{"level":"info","message":"Verifying password for user: teststudent1@gmail.com","service":"research-mgmt-api","timestamp":"2025-04-11 12:36:02.480"}
{"level":"info","message":"Login successful for user: teststudent1@gmail.com","service":"research-mgmt-api","timestamp":"2025-04-11 12:36:02.500"}
{"level":"info","message":"HTTP POST /api/auth/login - 200 (81ms)","service":"research-mgmt-api","timestamp":"2025-04-11 12:36:02.501"}
{"level":"error","message":"HTTP GET /notifications - 404 (0ms) Error: Route not found","service":"research-mgmt-api","timestamp":"2025-04-11 12:36:02.532"}
{"level":"error","message":"HTTP GET /notifications/unread/count - 404 (0ms) Error: Route not found","service":"research-mgmt-api","timestamp":"2025-04-11 12:36:02.534"}
{"level":"info","message":"📊 Fetching supervisor dashboard data","service":"research-mgmt-api","timestamp":"2025-04-11 12:37:31.332"}
{"level":"error","message":"Failed to fetch supervisor dashboard data: null is not an object (evaluating 'user.id')","service":"research-mgmt-api","stack":"TypeError: null is not an object (evaluating 'user.id')\n    at <anonymous> (/home/swadhin/r/server/src/controllers/dashboardController.js:222:57)\n    at getSupervisorDashboard (/home/swadhin/r/server/src/controllers/dashboardController.js:220:39)\n    at <anonymous> (/home/swadhin/r/server/src/routes/dashboardRoutes.js:114:38)\n    at <anonymous> (/home/swadhin/r/server/src/routes/dashboardRoutes.js:110:20)\n    at <anonymous> (file:///home/swadhin/r/server/node_modules/elysia/dist/bun/index.js:18:31)\n    at processTicksAndRejections (native:7:39)","timestamp":"2025-04-11 12:37:31.332"}
{"level":"error","message":"HTTP GET /api/dashboard/supervisor - 404 (1ms) Error: Failed to fetch supervisor dashboard data","service":"research-mgmt-api","timestamp":"2025-04-11 12:37:31.332"}
{"level":"info","message":"📊 Fetching student dashboard data","service":"research-mgmt-api","timestamp":"2025-04-11 12:37:38.972"}
{"level":"error","message":"HTTP GET /api/dashboard/student - 404 (0ms) Error: Authentication required","service":"research-mgmt-api","timestamp":"2025-04-11 12:37:38.972"}
{"level":"error","message":"HTTP GET /notifications - 404 (0ms) Error: Route not found","service":"research-mgmt-api","timestamp":"2025-04-11 12:37:46.120"}
{"level":"error","message":"HTTP GET /notifications/unread/count - 404 (0ms) Error: Route not found","service":"research-mgmt-api","timestamp":"2025-04-11 12:37:46.121"}
{"level":"info","message":"📊 Fetching student dashboard data","service":"research-mgmt-api","timestamp":"2025-04-11 12:37:46.429"}
{"level":"error","message":"HTTP GET /api/dashboard/student - 404 (0ms) Error: Authentication required","service":"research-mgmt-api","timestamp":"2025-04-11 12:37:46.429"}
{"level":"error","message":"HTTP GET /api/auth/login - 404 (0ms) Error: Route not found","service":"research-mgmt-api","timestamp":"2025-04-11 12:38:19.293"}
{"level":"error","message":"HTTP GET /placeholder/500/300 - 404 (0ms) Error: Route not found","service":"research-mgmt-api","timestamp":"2025-04-11 12:40:22.158"}
{"level":"error","message":"HTTP GET /placeholder/400/250 - 404 (0ms) Error: Route not found","service":"research-mgmt-api","timestamp":"2025-04-11 12:40:22.159"}
{"level":"error","message":"HTTP GET /placeholder/500/300 - 404 (0ms) Error: Route not found","service":"research-mgmt-api","timestamp":"2025-04-11 12:40:22.403"}
{"level":"error","message":"HTTP GET /placeholder/400/250 - 404 (0ms) Error: Route not found","service":"research-mgmt-api","timestamp":"2025-04-11 12:40:22.404"}
{"level":"info","message":"MongoDB connection state: 1","service":"research-mgmt-api","timestamp":"2025-04-11 12:40:46.054"}
{"level":"info","message":"Login attempt for user: teststudent1@gmail.com","service":"research-mgmt-api","timestamp":"2025-04-11 12:40:46.054"}
{"level":"info","message":"Verifying password for user: teststudent1@gmail.com","service":"research-mgmt-api","timestamp":"2025-04-11 12:40:46.105"}
{"level":"info","message":"Login successful for user: teststudent1@gmail.com","service":"research-mgmt-api","timestamp":"2025-04-11 12:40:46.119"}
{"level":"info","message":"HTTP POST /api/auth/login - 200 (66ms)","service":"research-mgmt-api","timestamp":"2025-04-11 12:40:46.119"}
{"level":"error","message":"HTTP GET /notifications - 404 (0ms) Error: Route not found","service":"research-mgmt-api","timestamp":"2025-04-11 12:40:46.157"}
{"level":"error","message":"HTTP GET /notifications/unread/count - 404 (0ms) Error: Route not found","service":"research-mgmt-api","timestamp":"2025-04-11 12:40:46.158"}
{"level":"info","message":"📊 Fetching student dashboard data","service":"research-mgmt-api","timestamp":"2025-04-11 12:40:46.244"}
{"level":"error","message":"HTTP GET /api/dashboard/student - 404 (0ms) Error: Authentication required","service":"research-mgmt-api","timestamp":"2025-04-11 12:40:46.244"}
{"external":"30 MB","heapTotal":"30 MB","heapUsed":"54 MB","level":"info","message":"Memory usage stats:","rss":"216 MB","service":"research-mgmt-api","timestamp":"2025-04-11 12:40:49.465"}
{"level":"info","message":"MongoDB connection state: 1","service":"research-mgmt-api","timestamp":"2025-04-11 12:41:50.765"}
{"level":"info","message":"Login attempt for user: teststudent1@gmail.com","service":"research-mgmt-api","timestamp":"2025-04-11 12:41:50.765"}
{"level":"info","message":"Verifying password for user: teststudent1@gmail.com","service":"research-mgmt-api","timestamp":"2025-04-11 12:41:50.816"}
{"level":"info","message":"Login successful for user: teststudent1@gmail.com","service":"research-mgmt-api","timestamp":"2025-04-11 12:41:50.832"}
{"level":"info","message":"HTTP POST /api/auth/login - 200 (68ms)","service":"research-mgmt-api","timestamp":"2025-04-11 12:41:50.832"}
{"level":"error","message":"HTTP GET /notifications - 404 (0ms) Error: Route not found","service":"research-mgmt-api","timestamp":"2025-04-11 12:41:50.852"}
{"level":"error","message":"HTTP GET /notifications/unread/count - 404 (0ms) Error: Route not found","service":"research-mgmt-api","timestamp":"2025-04-11 12:41:50.853"}
{"level":"info","message":"📊 Fetching student dashboard data","service":"research-mgmt-api","timestamp":"2025-04-11 12:41:50.896"}
{"level":"error","message":"HTTP GET /api/dashboard/student - 404 (0ms) Error: Authentication required","service":"research-mgmt-api","timestamp":"2025-04-11 12:41:50.896"}
{"level":"error","message":"HTTP GET /notifications - 404 (0ms) Error: Route not found","service":"research-mgmt-api","timestamp":"2025-04-11 12:42:06.927"}
{"level":"error","message":"HTTP GET /notifications/unread/count - 404 (0ms) Error: Route not found","service":"research-mgmt-api","timestamp":"2025-04-11 12:42:06.928"}
{"level":"info","message":"📊 Fetching student dashboard data","service":"research-mgmt-api","timestamp":"2025-04-11 12:42:07.202"}
{"level":"error","message":"HTTP GET /api/dashboard/student - 404 (0ms) Error: Authentication required","service":"research-mgmt-api","timestamp":"2025-04-11 12:42:07.202"}
{"level":"info","message":"📊 Fetching student dashboard data","service":"research-mgmt-api","timestamp":"2025-04-11 12:43:52.933"}
{"level":"error","message":"HTTP GET /api/dashboard/student - 404 (2ms) Error: Authentication required","service":"research-mgmt-api","timestamp":"2025-04-11 12:43:52.933"}
{"level":"error","message":"HTTP GET /favicon.ico - 404 (0ms) Error: Route not found","service":"research-mgmt-api","timestamp":"2025-04-11 12:43:52.954"}
{"level":"info","message":"Attempting to connect to MongoDB database","service":"research-mgmt-api","timestamp":"2025-04-11 12:50:03.673"}
{"level":"info","message":"Attempting to connect to MongoDB...","service":"research-mgmt-api","timestamp":"2025-04-11 12:50:03.673"}
{"level":"info","message":"MongoDB Connected: ac-xdpuchx-shard-00-02.tvoe17p.mongodb.net","service":"research-mgmt-api","timestamp":"2025-04-11 12:50:04.482"}
{"level":"info","message":"✅ MongoDB connection established successfully","service":"research-mgmt-api","timestamp":"2025-04-11 12:50:04.482"}
{"level":"info","message":"🚀 Server running on port 300000","service":"research-mgmt-api","timestamp":"2025-04-11 12:50:04.488"}
{"level":"error","message":"HTTP GET / - 404 (0ms) Error: Route not found","service":"research-mgmt-api","timestamp":"2025-04-11 12:50:26.464"}
{"level":"error","message":"HTTP GET /notifications - 404 (0ms) Error: Route not found","service":"research-mgmt-api","timestamp":"2025-04-11 12:50:58.120"}
{"level":"error","message":"HTTP GET /notifications/unread/count - 404 (0ms) Error: Route not found","service":"research-mgmt-api","timestamp":"2025-04-11 12:50:58.121"}
{"level":"info","message":"📊 Fetching student dashboard data","service":"research-mgmt-api","timestamp":"2025-04-11 12:50:58.194"}
{"level":"error","message":"HTTP GET /api/dashboard/student - 404 (1ms) Error: Authentication required","service":"research-mgmt-api","timestamp":"2025-04-11 12:50:58.195"}
{"level":"info","message":"MongoDB connection state: 1","service":"research-mgmt-api","timestamp":"2025-04-11 12:51:03.783"}
{"level":"info","message":"Login attempt for user: teststudent1@gmail.com","service":"research-mgmt-api","timestamp":"2025-04-11 12:51:03.783"}
{"level":"info","message":"Verifying password for user: teststudent1@gmail.com","service":"research-mgmt-api","timestamp":"2025-04-11 12:51:03.839"}
{"level":"info","message":"Login successful for user: teststudent1@gmail.com","service":"research-mgmt-api","timestamp":"2025-04-11 12:51:03.858"}
{"level":"info","message":"HTTP POST /api/auth/login - 200 (76ms)","service":"research-mgmt-api","timestamp":"2025-04-11 12:51:03.858"}
{"level":"error","message":"HTTP GET /notifications - 404 (0ms) Error: Route not found","service":"research-mgmt-api","timestamp":"2025-04-11 12:51:03.868"}
{"level":"error","message":"HTTP GET /notifications/unread/count - 404 (0ms) Error: Route not found","service":"research-mgmt-api","timestamp":"2025-04-11 12:51:03.869"}
{"level":"error","message":"HTTP GET /notifications - 404 (0ms) Error: Route not found","service":"research-mgmt-api","timestamp":"2025-04-11 12:51:23.640"}
{"level":"error","message":"HTTP GET /notifications/unread/count - 404 (0ms) Error: Route not found","service":"research-mgmt-api","timestamp":"2025-04-11 12:51:23.641"}
{"level":"info","message":"📊 Fetching student dashboard data","service":"research-mgmt-api","timestamp":"2025-04-11 12:51:23.939"}
{"level":"error","message":"HTTP GET /api/dashboard/student - 404 (0ms) Error: Authentication required","service":"research-mgmt-api","timestamp":"2025-04-11 12:51:23.939"}
{"level":"info","message":"📊 Fetching student dashboard data","service":"research-mgmt-api","timestamp":"2025-04-11 12:51:32.579"}
{"level":"error","message":"HTTP GET /api/dashboard/student - 404 (0ms) Error: Authentication required","service":"research-mgmt-api","timestamp":"2025-04-11 12:51:32.579"}
{"level":"error","message":"HTTP GET /favicon.ico - 404 (0ms) Error: Route not found","service":"research-mgmt-api","timestamp":"2025-04-11 12:51:32.598"}
{"level":"info","message":"📊 Fetching student dashboard data","service":"research-mgmt-api","timestamp":"2025-04-11 12:52:13.073"}
{"level":"error","message":"HTTP GET /api/dashboard/student - 404 (0ms) Error: Authentication required","service":"research-mgmt-api","timestamp":"2025-04-11 12:52:13.073"}
{"level":"error","message":"HTTP GET /favicon.ico - 404 (0ms) Error: Route not found","service":"research-mgmt-api","timestamp":"2025-04-11 12:52:13.086"}
{"level":"info","message":"📊 Fetching student dashboard data","service":"research-mgmt-api","timestamp":"2025-04-11 12:52:23.324"}
{"level":"error","message":"HTTP GET /api/dashboard/student - 404 (0ms) Error: Authentication required","service":"research-mgmt-api","timestamp":"2025-04-11 12:52:23.324"}
{"level":"error","message":"HTTP GET /favicon.ico - 404 (0ms) Error: Route not found","service":"research-mgmt-api","timestamp":"2025-04-11 12:52:23.334"}
{"level":"info","message":"📊 Fetching student dashboard data","service":"research-mgmt-api","timestamp":"2025-04-11 12:53:01.604"}
{"level":"error","message":"HTTP GET /api/dashboard/student - 404 (0ms) Error: Authentication required","service":"research-mgmt-api","timestamp":"2025-04-11 12:53:01.604"}
{"level":"error","message":"HTTP GET /favicon.ico - 404 (0ms) Error: Route not found","service":"research-mgmt-api","timestamp":"2025-04-11 12:53:01.620"}
{"level":"info","message":"📊 Fetching student dashboard data","service":"research-mgmt-api","timestamp":"2025-04-11 12:54:16.224"}
{"level":"error","message":"HTTP GET /api/dashboard/student - 404 (0ms) Error: Authentication required","service":"research-mgmt-api","timestamp":"2025-04-11 12:54:16.224"}
{"level":"error","message":"HTTP GET /favicon.ico - 404 (0ms) Error: Route not found","service":"research-mgmt-api","timestamp":"2025-04-11 12:54:16.232"}
{"external":"30 MB","heapTotal":"30 MB","heapUsed":"54 MB","level":"info","message":"Memory usage stats:","rss":"234 MB","service":"research-mgmt-api","timestamp":"2025-04-11 12:55:03.680"}
{"level":"warn","message":"HTTP GET /api/notifications - 401 (0ms)","service":"research-mgmt-api","timestamp":"2025-04-11 12:55:54.584"}
{"level":"warn","message":"HTTP GET /api/notifications/unread/count - 401 (0ms)","service":"research-mgmt-api","timestamp":"2025-04-11 12:55:54.585"}
{"level":"info","message":"📊 Fetching student dashboard data","service":"research-mgmt-api","timestamp":"2025-04-11 12:55:54.910"}
{"level":"error","message":"HTTP GET /api/dashboard/student - 404 (0ms) Error: Authentication required","service":"research-mgmt-api","timestamp":"2025-04-11 12:55:54.910"}
{"level":"warn","message":"HTTP GET /api/notifications - 401 (0ms)","service":"research-mgmt-api","timestamp":"2025-04-11 12:56:16.534"}
{"level":"warn","message":"HTTP GET /api/notifications/unread/count - 401 (0ms)","service":"research-mgmt-api","timestamp":"2025-04-11 12:56:16.535"}
{"level":"info","message":"📊 Fetching student dashboard data","service":"research-mgmt-api","timestamp":"2025-04-11 12:56:16.818"}
{"level":"error","message":"HTTP GET /api/dashboard/student - 404 (0ms) Error: Authentication required","service":"research-mgmt-api","timestamp":"2025-04-11 12:56:16.818"}
{"level":"info","message":"📊 Fetching student dashboard data","service":"research-mgmt-api","timestamp":"2025-04-11 12:57:26.265"}
{"level":"error","message":"HTTP GET /api/dashboard/student - 404 (2ms) Error: Authentication required","service":"research-mgmt-api","timestamp":"2025-04-11 12:57:26.266"}
{"level":"error","message":"HTTP GET /favicon.ico - 404 (0ms) Error: Route not found","service":"research-mgmt-api","timestamp":"2025-04-11 12:57:26.276"}
{"level":"warn","message":"HTTP GET /api/notifications - 401 (0ms)","service":"research-mgmt-api","timestamp":"2025-04-11 12:57:36.035"}
{"level":"warn","message":"HTTP GET /api/notifications/unread/count - 401 (0ms)","service":"research-mgmt-api","timestamp":"2025-04-11 12:57:36.036"}
{"level":"info","message":"📊 Fetching student dashboard data","service":"research-mgmt-api","timestamp":"2025-04-11 12:57:36.313"}
{"level":"error","message":"HTTP GET /api/dashboard/student - 404 (0ms) Error: Authentication required","service":"research-mgmt-api","timestamp":"2025-04-11 12:57:36.313"}
{"level":"info","message":"Attempting to connect to MongoDB database","service":"research-mgmt-api","timestamp":"2025-04-11 12:57:43.813"}
{"level":"info","message":"Attempting to connect to MongoDB...","service":"research-mgmt-api","timestamp":"2025-04-11 12:57:43.814"}
{"level":"info","message":"MongoDB Connected: ac-xdpuchx-shard-00-02.tvoe17p.mongodb.net","service":"research-mgmt-api","timestamp":"2025-04-11 12:57:44.573"}
{"level":"info","message":"✅ MongoDB connection established successfully","service":"research-mgmt-api","timestamp":"2025-04-11 12:57:44.573"}
{"level":"info","message":"🚀 Server running on port 300000","service":"research-mgmt-api","timestamp":"2025-04-11 12:57:44.578"}
{"level":"info","message":"📊 Fetching student dashboard data","service":"research-mgmt-api","timestamp":"2025-04-11 12:57:47.831"}
{"level":"error","message":"HTTP GET /api/dashboard/student - 404 (1ms) Error: Authentication required","service":"research-mgmt-api","timestamp":"2025-04-11 12:57:47.831"}
{"level":"error","message":"HTTP GET /favicon.ico - 404 (0ms) Error: Route not found","service":"research-mgmt-api","timestamp":"2025-04-11 12:57:47.843"}
{"level":"info","message":"📊 Fetching student dashboard data","service":"research-mgmt-api","timestamp":"2025-04-11 12:57:51.760"}
{"level":"error","message":"HTTP GET /api/dashboard/student - 404 (0ms) Error: Authentication required","service":"research-mgmt-api","timestamp":"2025-04-11 12:57:51.760"}
{"level":"error","message":"HTTP GET /favicon.ico - 404 (0ms) Error: Route not found","service":"research-mgmt-api","timestamp":"2025-04-11 12:57:51.769"}
{"level":"warn","message":"HTTP GET /api/notifications - 401 (0ms)","service":"research-mgmt-api","timestamp":"2025-04-11 12:58:04.724"}
{"level":"warn","message":"HTTP GET /api/notifications/unread/count - 401 (0ms)","service":"research-mgmt-api","timestamp":"2025-04-11 12:58:04.725"}
{"level":"info","message":"📊 Fetching student dashboard data","service":"research-mgmt-api","timestamp":"2025-04-11 12:58:04.987"}
{"level":"error","message":"HTTP GET /api/dashboard/student - 404 (0ms) Error: Authentication required","service":"research-mgmt-api","timestamp":"2025-04-11 12:58:04.987"}
{"level":"warn","message":"HTTP GET /api/notifications - 401 (0ms)","service":"research-mgmt-api","timestamp":"2025-04-11 12:58:14.193"}
{"level":"warn","message":"HTTP GET /api/notifications/unread/count - 401 (0ms)","service":"research-mgmt-api","timestamp":"2025-04-11 12:58:14.193"}
{"level":"info","message":"📊 Fetching student dashboard data","service":"research-mgmt-api","timestamp":"2025-04-11 12:58:14.476"}
{"level":"error","message":"HTTP GET /api/dashboard/student - 404 (0ms) Error: Authentication required","service":"research-mgmt-api","timestamp":"2025-04-11 12:58:14.477"}
{"level":"warn","message":"HTTP GET /api/notifications - 401 (0ms)","service":"research-mgmt-api","timestamp":"2025-04-11 12:58:20.546"}
{"level":"warn","message":"HTTP GET /api/notifications/unread/count - 401 (0ms)","service":"research-mgmt-api","timestamp":"2025-04-11 12:58:20.549"}
{"level":"info","message":"📊 Fetching student dashboard data","service":"research-mgmt-api","timestamp":"2025-04-11 12:58:20.822"}
{"level":"error","message":"HTTP GET /api/dashboard/student - 404 (0ms) Error: Authentication required","service":"research-mgmt-api","timestamp":"2025-04-11 12:58:20.822"}
{"level":"warn","message":"HTTP GET /api/notifications - 401 (0ms)","service":"research-mgmt-api","timestamp":"2025-04-11 12:58:28.000"}
{"level":"warn","message":"HTTP GET /api/notifications/unread/count - 401 (0ms)","service":"research-mgmt-api","timestamp":"2025-04-11 12:58:28.001"}
{"level":"info","message":"📊 Fetching student dashboard data","service":"research-mgmt-api","timestamp":"2025-04-11 12:58:28.282"}
{"level":"error","message":"HTTP GET /api/dashboard/student - 404 (0ms) Error: Authentication required","service":"research-mgmt-api","timestamp":"2025-04-11 12:58:28.283"}
{"level":"warn","message":"HTTP GET /api/notifications - 401 (0ms)","service":"research-mgmt-api","timestamp":"2025-04-11 12:58:32.002"}
{"level":"warn","message":"HTTP GET /api/notifications/unread/count - 401 (0ms)","service":"research-mgmt-api","timestamp":"2025-04-11 12:58:32.002"}
{"level":"info","message":"📊 Fetching student dashboard data","service":"research-mgmt-api","timestamp":"2025-04-11 12:58:32.289"}
{"level":"error","message":"HTTP GET /api/dashboard/student - 404 (0ms) Error: Authentication required","service":"research-mgmt-api","timestamp":"2025-04-11 12:58:32.289"}
{"level":"info","message":"Attempting to connect to MongoDB database","service":"research-mgmt-api","timestamp":"2025-04-11 12:59:30.437"}
{"level":"info","message":"Attempting to connect to MongoDB...","service":"research-mgmt-api","timestamp":"2025-04-11 12:59:30.437"}
{"level":"info","message":"MongoDB Connected: ac-xdpuchx-shard-00-01.tvoe17p.mongodb.net","service":"research-mgmt-api","timestamp":"2025-04-11 12:59:31.254"}
{"level":"info","message":"✅ MongoDB connection established successfully","service":"research-mgmt-api","timestamp":"2025-04-11 12:59:31.254"}
{"level":"info","message":"🚀 Server running on port 300000","service":"research-mgmt-api","timestamp":"2025-04-11 12:59:31.260"}
{"level":"warn","message":"HTTP GET /api/notifications - 401 (0ms)","service":"research-mgmt-api","timestamp":"2025-04-11 12:59:34.032"}
{"level":"warn","message":"HTTP GET /api/notifications/unread/count - 401 (0ms)","service":"research-mgmt-api","timestamp":"2025-04-11 12:59:34.032"}
{"level":"info","message":"📊 Fetching student dashboard data","service":"research-mgmt-api","timestamp":"2025-04-11 12:59:34.306"}
{"level":"error","message":"HTTP GET /api/dashboard/student - 404 (1ms) Error: Authentication required","service":"research-mgmt-api","timestamp":"2025-04-11 12:59:34.306"}
{"level":"error","message":"HTTP GET /api/auth/login - 404 (0ms) Error: Route not found","service":"research-mgmt-api","timestamp":"2025-04-11 13:01:07.423"}
{"level":"error","message":"HTTP GET /api/auth/login - 404 (0ms) Error: Route not found","service":"research-mgmt-api","timestamp":"2025-04-11 13:01:25.816"}
{"level":"info","message":"📊 Fetching student dashboard data","service":"research-mgmt-api","timestamp":"2025-04-11 13:03:21.976"}
{"level":"error","message":"HTTP GET /api/dashboard/student - 404 (0ms) Error: Authentication required","service":"research-mgmt-api","timestamp":"2025-04-11 13:03:21.976"}
{"level":"error","message":"HTTP GET /api/auth/login - 404 (0ms) Error: Route not found","service":"research-mgmt-api","timestamp":"2025-04-11 13:03:37.294"}
{"level":"error","message":"HTTP GET /api/auth/register - 404 (0ms) Error: Route not found","service":"research-mgmt-api","timestamp":"2025-04-11 13:03:52.296"}
{"level":"info","message":"📊 Fetching student dashboard data","service":"research-mgmt-api","timestamp":"2025-04-11 13:04:01.097"}
{"level":"error","message":"HTTP GET /api/dashboard/student - 404 (0ms) Error: Authentication required","service":"research-mgmt-api","timestamp":"2025-04-11 13:04:01.097"}
{"level":"info","message":"MongoDB connection state: 1","service":"research-mgmt-api","timestamp":"2025-04-11 13:04:28.862"}
{"level":"info","message":"Login attempt for user: teststudent1@gmail.com","service":"research-mgmt-api","timestamp":"2025-04-11 13:04:28.862"}
{"level":"info","message":"Verifying password for user: teststudent1@gmail.com","service":"research-mgmt-api","timestamp":"2025-04-11 13:04:28.917"}
{"level":"info","message":"Login successful for user: teststudent1@gmail.com","service":"research-mgmt-api","timestamp":"2025-04-11 13:04:28.938"}
{"level":"info","message":"HTTP POST /api/auth/login - 200 (76ms)","service":"research-mgmt-api","timestamp":"2025-04-11 13:04:28.938"}
{"level":"warn","message":"HTTP GET /api/notifications - 401 (0ms)","service":"research-mgmt-api","timestamp":"2025-04-11 13:04:28.954"}
{"level":"warn","message":"HTTP GET /api/notifications/unread/count - 401 (0ms)","service":"research-mgmt-api","timestamp":"2025-04-11 13:04:28.955"}
{"external":"30 MB","heapTotal":"30 MB","heapUsed":"54 MB","level":"info","message":"Memory usage stats:","rss":"232 MB","service":"research-mgmt-api","timestamp":"2025-04-11 13:04:30.443"}
{"level":"info","message":"MongoDB connection state: 1","service":"research-mgmt-api","timestamp":"2025-04-11 13:04:46.718"}
{"level":"info","message":"Login attempt for user: teststudent1@gmail.com","service":"research-mgmt-api","timestamp":"2025-04-11 13:04:46.718"}
{"level":"info","message":"Verifying password for user: teststudent1@gmail.com","service":"research-mgmt-api","timestamp":"2025-04-11 13:04:46.769"}
{"level":"info","message":"Login successful for user: teststudent1@gmail.com","service":"research-mgmt-api","timestamp":"2025-04-11 13:04:46.785"}
{"level":"info","message":"HTTP POST /api/auth/login - 200 (67ms)","service":"research-mgmt-api","timestamp":"2025-04-11 13:04:46.785"}
{"level":"warn","message":"HTTP GET /api/notifications - 401 (0ms)","service":"research-mgmt-api","timestamp":"2025-04-11 13:04:46.796"}
{"level":"warn","message":"HTTP GET /api/notifications/unread/count - 401 (0ms)","service":"research-mgmt-api","timestamp":"2025-04-11 13:04:46.797"}
{"level":"info","message":"📊 Fetching student dashboard data","service":"research-mgmt-api","timestamp":"2025-04-11 13:04:46.883"}
{"level":"error","message":"HTTP GET /api/dashboard/student - 404 (0ms) Error: Authentication required","service":"research-mgmt-api","timestamp":"2025-04-11 13:04:46.883"}
{"level":"warn","message":"HTTP GET /api/notifications - 401 (0ms)","service":"research-mgmt-api","timestamp":"2025-04-11 13:05:33.100"}
{"level":"warn","message":"HTTP GET /api/notifications/unread/count - 401 (0ms)","service":"research-mgmt-api","timestamp":"2025-04-11 13:05:33.103"}
{"level":"info","message":"📊 Fetching student dashboard data","service":"research-mgmt-api","timestamp":"2025-04-11 13:05:33.362"}
{"level":"error","message":"HTTP GET /api/dashboard/student - 404 (0ms) Error: Authentication required","service":"research-mgmt-api","timestamp":"2025-04-11 13:05:33.362"}
{"level":"info","message":"MongoDB connection state: 1","service":"research-mgmt-api","timestamp":"2025-04-11 13:05:40.727"}
{"level":"info","message":"Login attempt for user: teststudent1@gmail.com","service":"research-mgmt-api","timestamp":"2025-04-11 13:05:40.727"}
{"level":"info","message":"Verifying password for user: teststudent1@gmail.com","service":"research-mgmt-api","timestamp":"2025-04-11 13:05:40.777"}
{"level":"info","message":"Login successful for user: teststudent1@gmail.com","service":"research-mgmt-api","timestamp":"2025-04-11 13:05:40.795"}
{"level":"info","message":"HTTP POST /api/auth/login - 200 (68ms)","service":"research-mgmt-api","timestamp":"2025-04-11 13:05:40.795"}
{"level":"warn","message":"HTTP GET /api/notifications - 401 (0ms)","service":"research-mgmt-api","timestamp":"2025-04-11 13:05:40.820"}
{"level":"warn","message":"HTTP GET /api/notifications/unread/count - 401 (0ms)","service":"research-mgmt-api","timestamp":"2025-04-11 13:05:40.822"}
{"level":"info","message":"MongoDB connection state: 1","service":"research-mgmt-api","timestamp":"2025-04-11 13:06:07.679"}
{"level":"info","message":"Login attempt for user: teststudent1@gmail.com","service":"research-mgmt-api","timestamp":"2025-04-11 13:06:07.679"}
{"level":"info","message":"Verifying password for user: teststudent1@gmail.com","service":"research-mgmt-api","timestamp":"2025-04-11 13:06:07.731"}
{"level":"info","message":"Login successful for user: teststudent1@gmail.com","service":"research-mgmt-api","timestamp":"2025-04-11 13:06:07.745"}
{"level":"info","message":"HTTP POST /api/auth/login - 200 (68ms)","service":"research-mgmt-api","timestamp":"2025-04-11 13:06:07.746"}
{"level":"warn","message":"HTTP GET /api/notifications - 401 (0ms)","service":"research-mgmt-api","timestamp":"2025-04-11 13:06:07.773"}
{"level":"warn","message":"HTTP GET /api/notifications/unread/count - 401 (0ms)","service":"research-mgmt-api","timestamp":"2025-04-11 13:06:07.774"}
{"level":"info","message":"📊 Fetching student dashboard data","service":"research-mgmt-api","timestamp":"2025-04-11 13:06:07.835"}
{"level":"error","message":"HTTP GET /api/dashboard/student - 404 (0ms) Error: Authentication required","service":"research-mgmt-api","timestamp":"2025-04-11 13:06:07.836"}
{"level":"info","message":"📊 Fetching student dashboard data","service":"research-mgmt-api","timestamp":"2025-04-11 13:06:29.453"}
{"level":"error","message":"HTTP GET /api/dashboard/student - 404 (1ms) Error: Authentication required","service":"research-mgmt-api","timestamp":"2025-04-11 13:06:29.453"}
{"level":"error","message":"HTTP GET /notifications - 404 (0ms) Error: Route not found","service":"research-mgmt-api","timestamp":"2025-04-11 13:07:37.955"}
{"level":"error","message":"HTTP GET /notifications/unread/count - 404 (0ms) Error: Route not found","service":"research-mgmt-api","timestamp":"2025-04-11 13:07:37.956"}
{"level":"info","message":"📊 Fetching student dashboard data","service":"research-mgmt-api","timestamp":"2025-04-11 13:07:38.236"}
{"level":"error","message":"HTTP GET /api/dashboard/student - 404 (1ms) Error: Authentication required","service":"research-mgmt-api","timestamp":"2025-04-11 13:07:38.236"}
{"level":"info","message":"Attempting to connect to MongoDB database","service":"research-mgmt-api","timestamp":"2025-04-11 13:09:29.098"}
{"level":"info","message":"Attempting to connect to MongoDB...","service":"research-mgmt-api","timestamp":"2025-04-11 13:09:29.098"}
{"level":"info","message":"MongoDB Connected: ac-xdpuchx-shard-00-02.tvoe17p.mongodb.net","service":"research-mgmt-api","timestamp":"2025-04-11 13:09:29.923"}
{"level":"info","message":"✅ MongoDB connection established successfully","service":"research-mgmt-api","timestamp":"2025-04-11 13:09:29.923"}
{"level":"info","message":"🚀 Server running on port 300000","service":"research-mgmt-api","timestamp":"2025-04-11 13:09:29.929"}
{"level":"error","message":"HTTP GET /api/auth/login - 404 (0ms) Error: Route not found","service":"research-mgmt-api","timestamp":"2025-04-11 13:09:46.540"}
{"level":"info","message":"📊 Fetching student dashboard data","service":"research-mgmt-api","timestamp":"2025-04-11 13:09:54.619"}
{"level":"error","message":"HTTP GET /api/dashboard/student - 404 (1ms) Error: Authentication required","service":"research-mgmt-api","timestamp":"2025-04-11 13:09:54.619"}
{"level":"error","message":"HTTP GET /notifications - 404 (0ms) Error: Route not found","service":"research-mgmt-api","timestamp":"2025-04-11 13:10:00.215"}
{"level":"error","message":"HTTP GET /notifications/unread/count - 404 (0ms) Error: Route not found","service":"research-mgmt-api","timestamp":"2025-04-11 13:10:00.215"}
{"level":"info","message":"📊 Fetching student dashboard data","service":"research-mgmt-api","timestamp":"2025-04-11 13:10:00.534"}
{"level":"error","message":"HTTP GET /api/dashboard/student - 404 (1ms) Error: Authentication required","service":"research-mgmt-api","timestamp":"2025-04-11 13:10:00.535"}
{"level":"error","message":"HTTP GET /notifications - 404 (0ms) Error: Route not found","service":"research-mgmt-api","timestamp":"2025-04-11 13:10:01.958"}
{"level":"error","message":"HTTP GET /notifications/unread/count - 404 (0ms) Error: Route not found","service":"research-mgmt-api","timestamp":"2025-04-11 13:10:01.959"}
{"level":"info","message":"📊 Fetching student dashboard data","service":"research-mgmt-api","timestamp":"2025-04-11 13:10:02.264"}
{"level":"error","message":"HTTP GET /api/dashboard/student - 404 (1ms) Error: Authentication required","service":"research-mgmt-api","timestamp":"2025-04-11 13:10:02.264"}
{"level":"error","message":"HTTP GET /notifications - 404 (0ms) Error: Route not found","service":"research-mgmt-api","timestamp":"2025-04-11 13:10:08.572"}
{"level":"error","message":"HTTP GET /notifications/unread/count - 404 (0ms) Error: Route not found","service":"research-mgmt-api","timestamp":"2025-04-11 13:10:08.573"}
{"level":"info","message":"📊 Fetching student dashboard data","service":"research-mgmt-api","timestamp":"2025-04-11 13:10:08.880"}
{"level":"error","message":"HTTP GET /api/dashboard/student - 404 (1ms) Error: Authentication required","service":"research-mgmt-api","timestamp":"2025-04-11 13:10:08.880"}
{"external":"29 MB","heapTotal":"29 MB","heapUsed":"52 MB","level":"info","message":"Memory usage stats:","rss":"209 MB","service":"research-mgmt-api","timestamp":"2025-04-11 13:14:29.105"}
{"level":"info","message":"Attempting to connect to MongoDB database","service":"research-mgmt-api","timestamp":"2025-04-11 13:17:25.437"}
{"level":"info","message":"Attempting to connect to MongoDB...","service":"research-mgmt-api","timestamp":"2025-04-11 13:17:25.438"}
{"level":"info","message":"MongoDB Connected: ac-xdpuchx-shard-00-02.tvoe17p.mongodb.net","service":"research-mgmt-api","timestamp":"2025-04-11 13:17:26.266"}
{"level":"info","message":"✅ MongoDB connection established successfully","service":"research-mgmt-api","timestamp":"2025-04-11 13:17:26.266"}
{"level":"info","message":"🚀 Server running on port 300000","service":"research-mgmt-api","timestamp":"2025-04-11 13:17:26.271"}
{"level":"error","message":"HTTP GET /notifications - 404 (0ms) Error: Route not found","service":"research-mgmt-api","timestamp":"2025-04-11 13:17:27.750"}
{"level":"error","message":"HTTP GET /notifications/unread/count - 404 (0ms) Error: Route not found","service":"research-mgmt-api","timestamp":"2025-04-11 13:17:27.750"}
{"level":"info","message":"📊 Fetching student dashboard data","service":"research-mgmt-api","timestamp":"2025-04-11 13:17:28.025"}
{"level":"error","message":"HTTP GET /api/dashboard/student - 404 (1ms) Error: Authentication required","service":"research-mgmt-api","timestamp":"2025-04-11 13:17:28.026"}
{"level":"info","message":"Attempting to connect to MongoDB database","service":"research-mgmt-api","timestamp":"2025-04-11 13:18:04.183"}
{"level":"info","message":"Attempting to connect to MongoDB...","service":"research-mgmt-api","timestamp":"2025-04-11 13:18:04.184"}
{"level":"info","message":"Attempting to connect to MongoDB database","service":"research-mgmt-api","timestamp":"2025-04-11 13:18:04.564"}
{"level":"info","message":"Attempting to connect to MongoDB...","service":"research-mgmt-api","timestamp":"2025-04-11 13:18:04.564"}
{"level":"info","message":"MongoDB Connected: ac-xdpuchx-shard-00-02.tvoe17p.mongodb.net","service":"research-mgmt-api","timestamp":"2025-04-11 13:18:05.241"}
{"level":"info","message":"✅ MongoDB connection established successfully","service":"research-mgmt-api","timestamp":"2025-04-11 13:18:05.241"}
{"level":"info","message":"🚀 Server running on port 300000","service":"research-mgmt-api","timestamp":"2025-04-11 13:18:05.247"}
{"level":"info","message":"Attempting to connect to MongoDB database","service":"research-mgmt-api","timestamp":"2025-04-11 13:21:46.018"}
{"level":"info","message":"Attempting to connect to MongoDB...","service":"research-mgmt-api","timestamp":"2025-04-11 13:21:46.019"}
{"level":"info","message":"MongoDB Connected: ac-xdpuchx-shard-00-01.tvoe17p.mongodb.net","service":"research-mgmt-api","timestamp":"2025-04-11 13:21:46.739"}
{"level":"info","message":"✅ MongoDB connection established successfully","service":"research-mgmt-api","timestamp":"2025-04-11 13:21:46.739"}
{"level":"info","message":"🚀 Server running on port 300000","service":"research-mgmt-api","timestamp":"2025-04-11 13:21:46.744"}
{"level":"info","message":"Attempting to connect to MongoDB database","service":"research-mgmt-api","timestamp":"2025-04-11 13:21:50.932"}
{"level":"info","message":"Attempting to connect to MongoDB...","service":"research-mgmt-api","timestamp":"2025-04-11 13:21:50.932"}
{"level":"info","message":"MongoDB Connected: ac-xdpuchx-shard-00-01.tvoe17p.mongodb.net","service":"research-mgmt-api","timestamp":"2025-04-11 13:21:51.543"}
{"level":"info","message":"✅ MongoDB connection established successfully","service":"research-mgmt-api","timestamp":"2025-04-11 13:21:51.543"}
{"level":"info","message":"🚀 Server running on port 300000","service":"research-mgmt-api","timestamp":"2025-04-11 13:21:51.547"}
{"level":"error","message":"HTTP GET /notifications - 404 (0ms) Error: Route not found","service":"research-mgmt-api","timestamp":"2025-04-11 13:22:22.837"}
{"level":"error","message":"HTTP GET /notifications/unread/count - 404 (0ms) Error: Route not found","service":"research-mgmt-api","timestamp":"2025-04-11 13:22:22.838"}
{"level":"info","message":"📊 Fetching student dashboard data","service":"research-mgmt-api","timestamp":"2025-04-11 13:22:23.127"}
{"level":"error","message":"HTTP GET /api/dashboard/student - 404 (1ms) Error: Authentication required","service":"research-mgmt-api","timestamp":"2025-04-11 13:22:23.127"}
{"external":"29 MB","heapTotal":"29 MB","heapUsed":"52 MB","level":"info","message":"Memory usage stats:","rss":"212 MB","service":"research-mgmt-api","timestamp":"2025-04-11 13:26:50.939"}
{"level":"info","message":"Attempting to connect to MongoDB database","service":"research-mgmt-api","timestamp":"2025-04-11 13:28:49.563"}
{"level":"info","message":"Attempting to connect to MongoDB...","service":"research-mgmt-api","timestamp":"2025-04-11 13:28:49.563"}
{"level":"info","message":"MongoDB Connected: ac-xdpuchx-shard-00-00.tvoe17p.mongodb.net","service":"research-mgmt-api","timestamp":"2025-04-11 13:28:50.389"}
{"level":"info","message":"✅ MongoDB connection established successfully","service":"research-mgmt-api","timestamp":"2025-04-11 13:28:50.389"}
{"level":"info","message":"🚀 Server running on port 300000","service":"research-mgmt-api","timestamp":"2025-04-11 13:28:50.394"}
{"level":"error","message":"HTTP GET /notifications - 404 (0ms) Error: Route not found","service":"research-mgmt-api","timestamp":"2025-04-11 13:31:26.732"}
{"level":"error","message":"HTTP GET /notifications/unread/count - 404 (0ms) Error: Route not found","service":"research-mgmt-api","timestamp":"2025-04-11 13:31:26.733"}
{"level":"info","message":"📊 Fetching student dashboard data","service":"research-mgmt-api","timestamp":"2025-04-11 13:31:27.039"}
{"level":"error","message":"HTTP GET /api/dashboard/student - 404 (1ms) Error: Authentication required","service":"research-mgmt-api","timestamp":"2025-04-11 13:31:27.040"}
{"level":"info","message":"Attempting to connect to MongoDB database","service":"research-mgmt-api","timestamp":"2025-04-11 13:32:44.663"}
{"level":"info","message":"Attempting to connect to MongoDB...","service":"research-mgmt-api","timestamp":"2025-04-11 13:32:44.664"}
{"level":"info","message":"MongoDB Connected: ac-xdpuchx-shard-00-02.tvoe17p.mongodb.net","service":"research-mgmt-api","timestamp":"2025-04-11 13:32:45.477"}
{"level":"info","message":"✅ MongoDB connection established successfully","service":"research-mgmt-api","timestamp":"2025-04-11 13:32:45.477"}
{"level":"info","message":"🚀 Server running on port 300000","service":"research-mgmt-api","timestamp":"2025-04-11 13:32:45.481"}
{"level":"info","message":"Attempting to connect to MongoDB database","service":"research-mgmt-api","timestamp":"2025-04-11 13:33:31.066"}
{"level":"info","message":"Attempting to connect to MongoDB...","service":"research-mgmt-api","timestamp":"2025-04-11 13:33:31.066"}
{"level":"info","message":"MongoDB Connected: ac-xdpuchx-shard-00-02.tvoe17p.mongodb.net","service":"research-mgmt-api","timestamp":"2025-04-11 13:33:31.761"}
{"level":"info","message":"✅ MongoDB connection established successfully","service":"research-mgmt-api","timestamp":"2025-04-11 13:33:31.761"}
{"level":"info","message":"🚀 Server running on port 300000","service":"research-mgmt-api","timestamp":"2025-04-11 13:33:31.767"}
{"level":"info","message":"📊 Fetching student dashboard data","service":"research-mgmt-api","timestamp":"2025-04-11 13:35:43.013"}
{"level":"error","message":"HTTP GET /api/dashboard/student - 404 (1ms) Error: Authentication required","service":"research-mgmt-api","timestamp":"2025-04-11 13:35:43.014"}
{"external":"29 MB","heapTotal":"29 MB","heapUsed":"52 MB","level":"info","message":"Memory usage stats:","rss":"213 MB","service":"research-mgmt-api","timestamp":"2025-04-11 13:38:31.072"}
{"external":"22 MB","heapTotal":"28 MB","heapUsed":"40 MB","level":"info","message":"Memory usage stats:","rss":"208 MB","service":"research-mgmt-api","timestamp":"2025-04-11 13:43:31.076"}
{"external":"22 MB","heapTotal":"28 MB","heapUsed":"40 MB","level":"info","message":"Memory usage stats:","rss":"209 MB","service":"research-mgmt-api","timestamp":"2025-04-11 13:48:31.074"}
{"level":"info","message":"Attempting to connect to MongoDB database","service":"research-mgmt-api","timestamp":"2025-04-11 14:03:08.508"}
{"level":"info","message":"Attempting to connect to MongoDB...","service":"research-mgmt-api","timestamp":"2025-04-11 14:03:08.509"}
{"level":"info","message":"MongoDB Connected: ac-xdpuchx-shard-00-02.tvoe17p.mongodb.net","service":"research-mgmt-api","timestamp":"2025-04-11 14:03:09.568"}
{"level":"info","message":"✅ MongoDB connection established successfully","service":"research-mgmt-api","timestamp":"2025-04-11 14:03:09.568"}
{"level":"info","message":"🚀 Server running on port 300000","service":"research-mgmt-api","timestamp":"2025-04-11 14:03:09.573"}
{"level":"info","message":"Attempting to connect to MongoDB database","service":"research-mgmt-api","timestamp":"2025-04-11 14:08:40.316"}
{"level":"info","message":"Attempting to connect to MongoDB...","service":"research-mgmt-api","timestamp":"2025-04-11 14:08:40.317"}
{"level":"info","message":"MongoDB Connected: ac-xdpuchx-shard-00-01.tvoe17p.mongodb.net","service":"research-mgmt-api","timestamp":"2025-04-11 14:08:41.151"}
{"level":"info","message":"✅ MongoDB connection established successfully","service":"research-mgmt-api","timestamp":"2025-04-11 14:08:41.152"}
{"level":"info","message":"🚀 Server running on port 300000","service":"research-mgmt-api","timestamp":"2025-04-11 14:08:41.155"}
{"level":"error","message":"HTTP GET /notifications - 404 (0ms) Error: Route not found","service":"research-mgmt-api","timestamp":"2025-04-11 14:11:09.489"}
{"level":"error","message":"HTTP GET /notifications/unread/count - 404 (0ms) Error: Route not found","service":"research-mgmt-api","timestamp":"2025-04-11 14:11:09.491"}
{"level":"info","message":"📊 Fetching student dashboard data","service":"research-mgmt-api","timestamp":"2025-04-11 14:11:09.798"}
{"level":"error","message":"HTTP GET /api/dashboard/student - 404 (1ms) Error: Authentication required","service":"research-mgmt-api","timestamp":"2025-04-11 14:11:09.798"}
{"level":"error","message":"HTTP POST /api/auth/login - 404 (0ms) Error: Route not found","service":"research-mgmt-api","timestamp":"2025-04-11 14:11:17.509"}
{"level":"error","message":"HTTP POST /api/auth/login - 404 (0ms) Error: Route not found","service":"research-mgmt-api","timestamp":"2025-04-11 14:11:26.555"}
{"level":"error","message":"HTTP POST /api/auth/login - 404 (0ms) Error: Route not found","service":"research-mgmt-api","timestamp":"2025-04-11 14:13:11.226"}
{"level":"error","message":"HTTP GET /api/auth/login - 404 (0ms) Error: Route not found","service":"research-mgmt-api","timestamp":"2025-04-11 14:13:30.385"}
{"external":"22 MB","heapTotal":"26 MB","heapUsed":"40 MB","level":"info","message":"Memory usage stats:","rss":"194 MB","service":"research-mgmt-api","timestamp":"2025-04-11 14:13:40.325"}
{"level":"error","message":"HTTP GET /api/auth/profile - 404 (0ms) Error: Route not found","service":"research-mgmt-api","timestamp":"2025-04-11 14:13:59.727"}
{"level":"info","message":"Attempting to connect to MongoDB database","service":"research-mgmt-api","timestamp":"2025-04-11 14:15:12.491"}
{"level":"info","message":"Attempting to connect to MongoDB...","service":"research-mgmt-api","timestamp":"2025-04-11 14:15:12.492"}
{"level":"info","message":"MongoDB Connected: ac-xdpuchx-shard-00-02.tvoe17p.mongodb.net","service":"research-mgmt-api","timestamp":"2025-04-11 14:15:13.561"}
{"level":"info","message":"✅ MongoDB connection established successfully","service":"research-mgmt-api","timestamp":"2025-04-11 14:15:13.561"}
{"level":"info","message":"🚀 Server running on port 300000","service":"research-mgmt-api","timestamp":"2025-04-11 14:15:13.567"}
{"level":"info","message":"Attempting to connect to MongoDB database","service":"research-mgmt-api","timestamp":"2025-04-11 14:15:16.336"}
{"level":"info","message":"Attempting to connect to MongoDB...","service":"research-mgmt-api","timestamp":"2025-04-11 14:15:16.337"}
{"level":"info","message":"MongoDB Connected: ac-xdpuchx-shard-00-01.tvoe17p.mongodb.net","service":"research-mgmt-api","timestamp":"2025-04-11 14:15:16.975"}
{"level":"info","message":"✅ MongoDB connection established successfully","service":"research-mgmt-api","timestamp":"2025-04-11 14:15:16.975"}
{"level":"info","message":"🚀 Server running on port 300000","service":"research-mgmt-api","timestamp":"2025-04-11 14:15:16.980"}
{"level":"info","message":"Attempting to connect to MongoDB database","service":"research-mgmt-api","timestamp":"2025-04-11 14:15:20.554"}
{"level":"info","message":"Attempting to connect to MongoDB...","service":"research-mgmt-api","timestamp":"2025-04-11 14:15:20.554"}
{"level":"info","message":"MongoDB Connected: ac-xdpuchx-shard-00-02.tvoe17p.mongodb.net","service":"research-mgmt-api","timestamp":"2025-04-11 14:15:21.252"}
{"level":"info","message":"✅ MongoDB connection established successfully","service":"research-mgmt-api","timestamp":"2025-04-11 14:15:21.252"}
{"level":"info","message":"🚀 Server running on port 300000","service":"research-mgmt-api","timestamp":"2025-04-11 14:15:21.265"}
{"level":"error","message":"HTTP GET /api/auth/profile - 404 (1ms) Error: Route not found","service":"research-mgmt-api","timestamp":"2025-04-11 14:15:24.844"}
{"level":"info","message":"Attempting to connect to MongoDB database","service":"research-mgmt-api","timestamp":"2025-04-11 14:16:20.874"}
{"level":"info","message":"Attempting to connect to MongoDB...","service":"research-mgmt-api","timestamp":"2025-04-11 14:16:20.875"}
{"level":"info","message":"MongoDB Connected: ac-xdpuchx-shard-00-01.tvoe17p.mongodb.net","service":"research-mgmt-api","timestamp":"2025-04-11 14:16:21.676"}
{"level":"info","message":"✅ MongoDB connection established successfully","service":"research-mgmt-api","timestamp":"2025-04-11 14:16:21.677"}
{"level":"info","message":"🚀 Server running on port 300000","service":"research-mgmt-api","timestamp":"2025-04-11 14:16:21.681"}
{"level":"info","message":"Attempting to connect to MongoDB database","service":"research-mgmt-api","timestamp":"2025-04-11 14:16:29.368"}
{"level":"info","message":"Attempting to connect to MongoDB...","service":"research-mgmt-api","timestamp":"2025-04-11 14:16:29.369"}
{"level":"info","message":"MongoDB Connected: ac-xdpuchx-shard-00-02.tvoe17p.mongodb.net","service":"research-mgmt-api","timestamp":"2025-04-11 14:16:30.030"}
{"level":"info","message":"✅ MongoDB connection established successfully","service":"research-mgmt-api","timestamp":"2025-04-11 14:16:30.030"}
{"level":"info","message":"🚀 Server running on port 300000","service":"research-mgmt-api","timestamp":"2025-04-11 14:16:30.037"}
{"level":"error","message":"HTTP GET /api/auth/profile - 404 (1ms) Error: Route not found","service":"research-mgmt-api","timestamp":"2025-04-11 14:16:34.113"}
{"level":"info","message":"Attempting to connect to MongoDB database","service":"research-mgmt-api","timestamp":"2025-04-11 14:17:58.087"}
{"level":"info","message":"Attempting to connect to MongoDB...","service":"research-mgmt-api","timestamp":"2025-04-11 14:17:58.088"}
{"level":"info","message":"MongoDB Connected: ac-xdpuchx-shard-00-00.tvoe17p.mongodb.net","service":"research-mgmt-api","timestamp":"2025-04-11 14:17:58.810"}
{"level":"info","message":"✅ MongoDB connection established successfully","service":"research-mgmt-api","timestamp":"2025-04-11 14:17:58.811"}
{"level":"info","message":"🚀 Server running on port 300000","service":"research-mgmt-api","timestamp":"2025-04-11 14:17:58.818"}
{"level":"info","message":"MongoDB connection state: 1","service":"research-mgmt-api","timestamp":"2025-04-11 14:18:58.270"}
{"level":"info","message":"Login attempt for user: teststudent1@gmail.com","service":"research-mgmt-api","timestamp":"2025-04-11 14:18:58.270"}
{"level":"info","message":"Verifying password for user: teststudent1@gmail.com","service":"research-mgmt-api","timestamp":"2025-04-11 14:18:58.326"}
{"level":"error","message":"Error signing JWT token: undefined is not an object (evaluating 'new Elysia().use(jwt({\n        name: \"jwt\",\n        secret: config.jwt.secret,\n        exp: config.jwt.expiresIn\n      })).jwt.sign')","service":"research-mgmt-api","stack":"TypeError: undefined is not an object (evaluating 'new Elysia().use(jwt({\n        name: \"jwt\",\n        secret: config.jwt.secret,\n        exp: config.jwt.expiresIn\n      })).jwt.sign')\n    at <anonymous> (/home/swadhin/r/server/src/middleware/auth.js:80:29)\n    at signToken (/home/swadhin/r/server/src/middleware/auth.js:67:33)\n    at <anonymous> (/home/swadhin/r/server/src/controllers/authController.js:311:29)\n    at processTicksAndRejections (native:7:39)","timestamp":"2025-04-11 14:18:58.342"}
{"level":"error","message":"Login error: Failed to sign token","service":"research-mgmt-api","stack":"Error: Failed to sign token\n    at <anonymous> (/home/swadhin/r/server/src/middleware/auth.js:88:15)\n    at signToken (/home/swadhin/r/server/src/middleware/auth.js:67:33)\n    at <anonymous> (/home/swadhin/r/server/src/controllers/authController.js:311:29)\n    at processTicksAndRejections (native:7:39)","timestamp":"2025-04-11 14:18:58.342"}
{"level":"error","message":"HTTP POST /api/auth/login - 500 (74ms) Error: Login failed due to an internal error.","service":"research-mgmt-api","timestamp":"2025-04-11 14:18:58.343"}
{"external":"29 MB","heapTotal":"29 MB","heapUsed":"52 MB","level":"info","message":"Memory usage stats:","rss":"231 MB","service":"research-mgmt-api","timestamp":"2025-04-11 14:22:58.095"}
{"external":"30 MB","heapTotal":"30 MB","heapUsed":"55 MB","level":"info","message":"Memory usage stats:","rss":"234 MB","service":"research-mgmt-api","timestamp":"2025-04-11 14:27:58.096"}
{"level":"info","message":"Attempting to connect to MongoDB database","service":"research-mgmt-api","timestamp":"2025-04-11 14:29:12.463"}
{"level":"info","message":"Attempting to connect to MongoDB...","service":"research-mgmt-api","timestamp":"2025-04-11 14:29:12.464"}
{"level":"info","message":"MongoDB Connected: ac-xdpuchx-shard-00-02.tvoe17p.mongodb.net","service":"research-mgmt-api","timestamp":"2025-04-11 14:29:13.147"}
{"level":"info","message":"✅ MongoDB connection established successfully","service":"research-mgmt-api","timestamp":"2025-04-11 14:29:13.147"}
{"level":"info","message":"🚀 Server running on port 300000","service":"research-mgmt-api","timestamp":"2025-04-11 14:29:13.152"}
{"level":"info","message":"MongoDB connection state: 1","service":"research-mgmt-api","timestamp":"2025-04-11 14:29:54.806"}
{"level":"info","message":"Login attempt for user: teststudent1@gmail.com","service":"research-mgmt-api","timestamp":"2025-04-11 14:29:54.806"}
{"level":"info","message":"Verifying password for user: teststudent1@gmail.com","service":"research-mgmt-api","timestamp":"2025-04-11 14:29:54.861"}
{"level":"info","message":"Login successful for user: teststudent1@gmail.com","service":"research-mgmt-api","timestamp":"2025-04-11 14:29:54.883"}
{"level":"info","message":"HTTP POST /api/auth/login - 200 (78ms)","service":"research-mgmt-api","timestamp":"2025-04-11 14:29:54.883"}
{"level":"info","message":"Attempting to connect to MongoDB database","service":"research-mgmt-api","timestamp":"2025-04-11 14:31:38.123"}
{"level":"info","message":"Attempting to connect to MongoDB...","service":"research-mgmt-api","timestamp":"2025-04-11 14:31:38.124"}
{"level":"info","message":"MongoDB Connected: ac-xdpuchx-shard-00-01.tvoe17p.mongodb.net","service":"research-mgmt-api","timestamp":"2025-04-11 14:31:38.798"}
{"level":"info","message":"✅ MongoDB connection established successfully","service":"research-mgmt-api","timestamp":"2025-04-11 14:31:38.798"}
{"level":"info","message":"🚀 Server running on port 300000","service":"research-mgmt-api","timestamp":"2025-04-11 14:31:38.802"}
{"level":"info","message":"MongoDB connection state: 1","service":"research-mgmt-api","timestamp":"2025-04-11 14:33:01.340"}
{"level":"info","message":"Login attempt for user: teststudent1@gmail.com","service":"research-mgmt-api","timestamp":"2025-04-11 14:33:01.340"}
{"level":"info","message":"Verifying password for user: teststudent1@gmail.com","service":"research-mgmt-api","timestamp":"2025-04-11 14:33:01.396"}
{"level":"error","message":"Error signing JWT token: undefined is not an object (evaluating 'new Elysia().use(jwt({\n        name: \"jwt\",\n        secret: config.jwt.secret,\n        exp: config.jwt.expiresIn\n      })).jwt.sign')","service":"research-mgmt-api","stack":"TypeError: undefined is not an object (evaluating 'new Elysia().use(jwt({\n        name: \"jwt\",\n        secret: config.jwt.secret,\n        exp: config.jwt.expiresIn\n      })).jwt.sign')\n    at <anonymous> (/home/swadhin/r/server/src/middleware/auth.js:80:29)\n    at signToken (/home/swadhin/r/server/src/middleware/auth.js:67:33)\n    at <anonymous> (/home/swadhin/r/server/src/controllers/authController.js:311:29)\n    at processTicksAndRejections (native:7:39)","timestamp":"2025-04-11 14:33:01.412"}
{"level":"error","message":"Login error: Failed to sign token","service":"research-mgmt-api","stack":"Error: Failed to sign token\n    at <anonymous> (/home/swadhin/r/server/src/middleware/auth.js:88:15)\n    at signToken (/home/swadhin/r/server/src/middleware/auth.js:67:33)\n    at <anonymous> (/home/swadhin/r/server/src/controllers/authController.js:311:29)\n    at processTicksAndRejections (native:7:39)","timestamp":"2025-04-11 14:33:01.412"}
{"level":"error","message":"HTTP POST /api/auth/login - 500 (74ms) Error: Login failed due to an internal error.","service":"research-mgmt-api","timestamp":"2025-04-11 14:33:01.413"}
{"external":"29 MB","heapTotal":"29 MB","heapUsed":"52 MB","level":"info","message":"Memory usage stats:","rss":"227 MB","service":"research-mgmt-api","timestamp":"2025-04-11 14:36:38.131"}
{"external":"30 MB","heapTotal":"30 MB","heapUsed":"55 MB","level":"info","message":"Memory usage stats:","rss":"230 MB","service":"research-mgmt-api","timestamp":"2025-04-11 14:41:38.132"}
{"external":"22 MB","heapTotal":"28 MB","heapUsed":"41 MB","level":"info","message":"Memory usage stats:","rss":"222 MB","service":"research-mgmt-api","timestamp":"2025-04-11 14:46:38.136"}
{"external":"22 MB","heapTotal":"28 MB","heapUsed":"40 MB","level":"info","message":"Memory usage stats:","rss":"223 MB","service":"research-mgmt-api","timestamp":"2025-04-11 14:51:38.135"}
{"external":"22 MB","heapTotal":"28 MB","heapUsed":"40 MB","level":"info","message":"Memory usage stats:","rss":"223 MB","service":"research-mgmt-api","timestamp":"2025-04-11 14:56:38.135"}
{"external":"22 MB","heapTotal":"28 MB","heapUsed":"40 MB","level":"info","message":"Memory usage stats:","rss":"224 MB","service":"research-mgmt-api","timestamp":"2025-04-11 15:01:38.135"}
{"external":"23 MB","heapTotal":"28 MB","heapUsed":"41 MB","level":"info","message":"Memory usage stats:","rss":"226 MB","service":"research-mgmt-api","timestamp":"2025-04-11 15:06:38.136"}
{"external":"23 MB","heapTotal":"28 MB","heapUsed":"41 MB","level":"info","message":"Memory usage stats:","rss":"226 MB","service":"research-mgmt-api","timestamp":"2025-04-11 15:11:38.138"}
{"external":"22 MB","heapTotal":"28 MB","heapUsed":"41 MB","level":"info","message":"Memory usage stats:","rss":"226 MB","service":"research-mgmt-api","timestamp":"2025-04-11 15:16:38.138"}
{"level":"info","message":"MongoDB connection state: 1","service":"research-mgmt-api","timestamp":"2025-04-11 15:17:28.891"}
{"level":"info","message":"Login attempt for user: teststudent1@gmail.com","service":"research-mgmt-api","timestamp":"2025-04-11 15:17:28.892"}
{"level":"info","message":"Verifying password for user: teststudent1@gmail.com","service":"research-mgmt-api","timestamp":"2025-04-11 15:17:28.946"}
{"level":"error","message":"Error signing JWT token: undefined is not an object (evaluating 'new Elysia().use(jwt({\n        name: \"jwt\",\n        secret: config.jwt.secret,\n        exp: config.jwt.expiresIn\n      })).jwt.sign')","service":"research-mgmt-api","stack":"TypeError: undefined is not an object (evaluating 'new Elysia().use(jwt({\n        name: \"jwt\",\n        secret: config.jwt.secret,\n        exp: config.jwt.expiresIn\n      })).jwt.sign')\n    at <anonymous> (/home/swadhin/r/server/src/middleware/auth.js:80:29)\n    at signToken (/home/swadhin/r/server/src/middleware/auth.js:67:33)\n    at <anonymous> (/home/swadhin/r/server/src/controllers/authController.js:311:29)\n    at processTicksAndRejections (native:7:39)","timestamp":"2025-04-11 15:17:28.960"}
{"level":"error","message":"Login error: Failed to sign token","service":"research-mgmt-api","stack":"Error: Failed to sign token\n    at <anonymous> (/home/swadhin/r/server/src/middleware/auth.js:88:15)\n    at signToken (/home/swadhin/r/server/src/middleware/auth.js:67:33)\n    at <anonymous> (/home/swadhin/r/server/src/controllers/authController.js:311:29)\n    at processTicksAndRejections (native:7:39)","timestamp":"2025-04-11 15:17:28.960"}
{"level":"error","message":"HTTP POST /api/auth/login - 500 (70ms) Error: Login failed due to an internal error.","service":"research-mgmt-api","timestamp":"2025-04-11 15:17:28.961"}
{"level":"info","message":"Attempting to connect to MongoDB database","service":"research-mgmt-api","timestamp":"2025-04-11 15:18:44.277"}
{"level":"info","message":"Attempting to connect to MongoDB...","service":"research-mgmt-api","timestamp":"2025-04-11 15:18:44.278"}
{"level":"info","message":"MongoDB Connected: ac-xdpuchx-shard-00-01.tvoe17p.mongodb.net","service":"research-mgmt-api","timestamp":"2025-04-11 15:18:45.030"}
{"level":"info","message":"✅ MongoDB connection established successfully","service":"research-mgmt-api","timestamp":"2025-04-11 15:18:45.031"}
{"level":"info","message":"🚀 Server running on port 300000","service":"research-mgmt-api","timestamp":"2025-04-11 15:18:45.036"}
{"level":"info","message":"Attempting to connect to MongoDB database","service":"research-mgmt-api","timestamp":"2025-04-11 15:20:33.520"}
{"level":"info","message":"Attempting to connect to MongoDB...","service":"research-mgmt-api","timestamp":"2025-04-11 15:20:33.521"}
{"level":"info","message":"MongoDB Connected: ac-xdpuchx-shard-00-02.tvoe17p.mongodb.net","service":"research-mgmt-api","timestamp":"2025-04-11 15:20:34.216"}
{"level":"info","message":"✅ MongoDB connection established successfully","service":"research-mgmt-api","timestamp":"2025-04-11 15:20:34.217"}
{"level":"info","message":"🚀 Server running on port 300000","service":"research-mgmt-api","timestamp":"2025-04-11 15:20:34.224"}
{"level":"info","message":"MongoDB reconnected successfully","service":"research-mgmt-api","timestamp":"2025-04-11 15:22:01.548"}
{"level":"info","message":"MongoDB reconnected successfully","service":"research-mgmt-api","timestamp":"2025-04-11 15:22:01.549"}
{"error":"undefined is not a function (near '...x of fn...')","level":"error","location":"uncaughtException handler","message":"Uncaught Exception:","service":"research-mgmt-api","stack":"TypeError: undefined is not a function (near '...x of fn...')\n    at fnToContainer (/home/swadhin/r/server/node_modules/elysia/src/utils.ts:1470:13)\n    at localHookToLifeCycleStore (/home/swadhin/r/server/node_modules/elysia/src/utils.ts:1487:17)\n    at add (/home/swadhin/r/server/node_modules/elysia/src/index.ts:481:35)\n    at get (/home/swadhin/r/server/node_modules/elysia/src/index.ts:4259:8)\n    at <anonymous> (/home/swadhin/r/server/src/routes/authRoutes.js:154:8)\n    at group (/home/swadhin/r/server/node_modules/elysia/src/index.ts:2919:38)\n    at _use (/home/swadhin/r/server/node_modules/elysia/src/index.ts:3748:21)\n    at <anonymous> (/home/swadhin/r/server/src/index.js:413:6)\n    at group (/home/swadhin/r/server/node_modules/elysia/src/index.ts:2919:38)\n    at /home/swadhin/r/server/src/index.js:410:5","timestamp":"2025-04-11 15:27:56.586"}
{"error":"undefined is not a function (near '...x of fn...')","level":"error","location":"uncaughtException handler","message":"Uncaught Exception:","service":"research-mgmt-api","stack":"TypeError: undefined is not a function (near '...x of fn...')\n    at fnToContainer (/home/swadhin/r/server/node_modules/elysia/src/utils.ts:1470:13)\n    at localHookToLifeCycleStore (/home/swadhin/r/server/node_modules/elysia/src/utils.ts:1487:17)\n    at add (/home/swadhin/r/server/node_modules/elysia/src/index.ts:481:35)\n    at get (/home/swadhin/r/server/node_modules/elysia/src/index.ts:4259:8)\n    at <anonymous> (/home/swadhin/r/server/src/routes/authRoutes.js:154:8)\n    at group (/home/swadhin/r/server/node_modules/elysia/src/index.ts:2919:38)\n    at _use (/home/swadhin/r/server/node_modules/elysia/src/index.ts:3748:21)\n    at <anonymous> (/home/swadhin/r/server/src/index.js:413:6)\n    at group (/home/swadhin/r/server/node_modules/elysia/src/index.ts:2919:38)\n    at /home/swadhin/r/server/src/index.js:410:5","timestamp":"2025-04-11 15:28:19.566"}
{"error":"JSON.stringify cannot serialize BigInt.","level":"error","location":"uncaughtException handler","message":"Uncaught Exception:","service":"research-mgmt-api","stack":"TypeError: JSON.stringify cannot serialize BigInt.\n    at json (unknown)\n    at createStaticHandler (/home/swadhin/r/server/node_modules/elysia/src/adapter/web-standard/handler.ts:1005:19)\n    at add (/home/swadhin/r/server/node_modules/elysia/src/index.ts:754:15)\n    at get (/home/swadhin/r/server/node_modules/elysia/src/index.ts:4259:8)\n    at <anonymous> (/home/swadhin/r/server/src/routes/authRoutes.js:154:8)\n    at group (/home/swadhin/r/server/node_modules/elysia/src/index.ts:2919:38)\n    at _use (/home/swadhin/r/server/node_modules/elysia/src/index.ts:3748:21)\n    at <anonymous> (/home/swadhin/r/server/src/index.js:413:6)\n    at group (/home/swadhin/r/server/node_modules/elysia/src/index.ts:2919:38)\n    at /home/swadhin/r/server/src/index.js:410:5","timestamp":"2025-04-11 15:29:53.388"}
{"error":"JSON.stringify cannot serialize BigInt.","level":"error","location":"uncaughtException handler","message":"Uncaught Exception:","service":"research-mgmt-api","stack":"TypeError: JSON.stringify cannot serialize BigInt.\n    at json (unknown)\n    at createStaticHandler (/home/swadhin/r/server/node_modules/elysia/src/adapter/web-standard/handler.ts:1005:19)\n    at add (/home/swadhin/r/server/node_modules/elysia/src/index.ts:754:15)\n    at get (/home/swadhin/r/server/node_modules/elysia/src/index.ts:4259:8)\n    at <anonymous> (/home/swadhin/r/server/src/routes/authRoutes.js:154:8)\n    at group (/home/swadhin/r/server/node_modules/elysia/src/index.ts:2919:38)\n    at _use (/home/swadhin/r/server/node_modules/elysia/src/index.ts:3748:21)\n    at <anonymous> (/home/swadhin/r/server/src/index.js:413:6)\n    at group (/home/swadhin/r/server/node_modules/elysia/src/index.ts:2919:38)\n    at /home/swadhin/r/server/src/index.js:410:5","timestamp":"2025-04-11 15:32:41.247"}
{"error":"undefined is not a function (near '...x of fn...')","level":"error","location":"uncaughtException handler","message":"Uncaught Exception:","service":"research-mgmt-api","stack":"TypeError: undefined is not a function (near '...x of fn...')\n    at fnToContainer (/home/swadhin/r/server/node_modules/elysia/src/utils.ts:1470:13)\n    at localHookToLifeCycleStore (/home/swadhin/r/server/node_modules/elysia/src/utils.ts:1487:17)\n    at add (/home/swadhin/r/server/node_modules/elysia/src/index.ts:481:35)\n    at get (/home/swadhin/r/server/node_modules/elysia/src/index.ts:4259:8)\n    at <anonymous> (/home/swadhin/r/server/src/routes/authRoutes.js:153:8)\n    at group (/home/swadhin/r/server/node_modules/elysia/src/index.ts:2919:38)\n    at _use (/home/swadhin/r/server/node_modules/elysia/src/index.ts:3748:21)\n    at <anonymous> (/home/swadhin/r/server/src/index.js:413:6)\n    at group (/home/swadhin/r/server/node_modules/elysia/src/index.ts:2919:38)\n    at /home/swadhin/r/server/src/index.js:410:5","timestamp":"2025-04-11 15:36:34.506"}
{"error":"JSON.stringify cannot serialize BigInt.","level":"error","location":"uncaughtException handler","message":"Uncaught Exception:","service":"research-mgmt-api","stack":"TypeError: JSON.stringify cannot serialize BigInt.\n    at json (unknown)\n    at createStaticHandler (/home/swadhin/r/server/node_modules/elysia/src/adapter/web-standard/handler.ts:1005:19)\n    at add (/home/swadhin/r/server/node_modules/elysia/src/index.ts:754:15)\n    at get (/home/swadhin/r/server/node_modules/elysia/src/index.ts:4259:8)\n    at <anonymous> (/home/swadhin/r/server/src/routes/authRoutes.js:153:8)\n    at group (/home/swadhin/r/server/node_modules/elysia/src/index.ts:2919:38)\n    at _use (/home/swadhin/r/server/node_modules/elysia/src/index.ts:3748:21)\n    at <anonymous> (/home/swadhin/r/server/src/index.js:413:6)\n    at group (/home/swadhin/r/server/node_modules/elysia/src/index.ts:2919:38)\n    at /home/swadhin/r/server/src/index.js:410:5","timestamp":"2025-04-11 15:39:05.625"}
{"error":"JSON.stringify cannot serialize BigInt.","level":"error","location":"uncaughtException handler","message":"Uncaught Exception:","service":"research-mgmt-api","stack":"TypeError: JSON.stringify cannot serialize BigInt.\n    at json (unknown)\n    at createStaticHandler (/home/swadhin/r/server/node_modules/elysia/src/adapter/web-standard/handler.ts:1005:19)\n    at add (/home/swadhin/r/server/node_modules/elysia/src/index.ts:754:15)\n    at get (/home/swadhin/r/server/node_modules/elysia/src/index.ts:4259:8)\n    at <anonymous> (/home/swadhin/r/server/src/routes/authRoutes.js:153:8)\n    at group (/home/swadhin/r/server/node_modules/elysia/src/index.ts:2919:38)\n    at _use (/home/swadhin/r/server/node_modules/elysia/src/index.ts:3748:21)\n    at <anonymous> (/home/swadhin/r/server/src/index.js:426:6)\n    at group (/home/swadhin/r/server/node_modules/elysia/src/index.ts:2919:38)\n    at /home/swadhin/r/server/src/index.js:423:5","timestamp":"2025-04-11 15:41:49.007"}
{"error":"JSON.stringify cannot serialize BigInt.","level":"error","location":"uncaughtException handler","message":"Uncaught Exception:","service":"research-mgmt-api","stack":"TypeError: JSON.stringify cannot serialize BigInt.\n    at json (unknown)\n    at createStaticHandler (/home/swadhin/r/server/node_modules/elysia/src/adapter/web-standard/handler.ts:1005:19)\n    at add (/home/swadhin/r/server/node_modules/elysia/src/index.ts:754:15)\n    at get (/home/swadhin/r/server/node_modules/elysia/src/index.ts:4259:8)\n    at <anonymous> (/home/swadhin/r/server/src/routes/authRoutes.js:153:8)\n    at group (/home/swadhin/r/server/node_modules/elysia/src/index.ts:2919:38)\n    at _use (/home/swadhin/r/server/node_modules/elysia/src/index.ts:3748:21)\n    at <anonymous> (/home/swadhin/r/server/src/index.js:413:6)\n    at group (/home/swadhin/r/server/node_modules/elysia/src/index.ts:2919:38)\n    at /home/swadhin/r/server/src/index.js:410:5","timestamp":"2025-04-11 15:46:02.330"}
{"error":"undefined is not a function (near '...x of fn...')","level":"error","location":"uncaughtException handler","message":"Uncaught Exception:","service":"research-mgmt-api","stack":"TypeError: undefined is not a function (near '...x of fn...')\n    at fnToContainer (/home/swadhin/r/server/node_modules/elysia/src/utils.ts:1470:13)\n    at localHookToLifeCycleStore (/home/swadhin/r/server/node_modules/elysia/src/utils.ts:1487:17)\n    at add (/home/swadhin/r/server/node_modules/elysia/src/index.ts:481:35)\n    at put (/home/swadhin/r/server/node_modules/elysia/src/index.ts:4435:8)\n    at <anonymous> (/home/swadhin/r/server/src/routes/authRoutes.js:197:8)\n    at group (/home/swadhin/r/server/node_modules/elysia/src/index.ts:2919:38)\n    at _use (/home/swadhin/r/server/node_modules/elysia/src/index.ts:3748:21)\n    at <anonymous> (/home/swadhin/r/server/src/index.js:418:6)\n    at group (/home/swadhin/r/server/node_modules/elysia/src/index.ts:2919:38)\n    at /home/swadhin/r/server/src/index.js:415:5","timestamp":"2025-04-11 15:51:22.314"}
{"level":"info","message":"Attempting to connect to MongoDB database","service":"research-mgmt-api","timestamp":"2025-04-11 15:53:03.917"}
{"level":"info","message":"Attempting to connect to MongoDB...","service":"research-mgmt-api","timestamp":"2025-04-11 15:53:03.918"}
{"level":"info","message":"MongoDB Connected: ac-xdpuchx-shard-00-01.tvoe17p.mongodb.net","service":"research-mgmt-api","timestamp":"2025-04-11 15:53:04.713"}
{"level":"info","message":"✅ MongoDB connection established successfully","service":"research-mgmt-api","timestamp":"2025-04-11 15:53:04.714"}
{"level":"info","message":"🚀 Server running on port 300000","service":"research-mgmt-api","timestamp":"2025-04-11 15:53:04.718"}
{"error":"undefined is not a function (near '...x of fn...')","level":"error","location":"uncaughtException handler","message":"Uncaught Exception:","service":"research-mgmt-api","stack":"TypeError: undefined is not a function (near '...x of fn...')\n    at fnToContainer (/home/swadhin/r/server/node_modules/elysia/src/utils.ts:1470:13)\n    at localHookToLifeCycleStore (/home/swadhin/r/server/node_modules/elysia/src/utils.ts:1487:17)\n    at add (/home/swadhin/r/server/node_modules/elysia/src/index.ts:481:35)\n    at put (/home/swadhin/r/server/node_modules/elysia/src/index.ts:4435:8)\n    at <anonymous> (/home/swadhin/r/server/src/routes/authRoutes.js:197:8)\n    at group (/home/swadhin/r/server/node_modules/elysia/src/index.ts:2919:38)\n    at _use (/home/swadhin/r/server/node_modules/elysia/src/index.ts:3748:21)\n    at <anonymous> (/home/swadhin/r/server/src/index.js:418:6)\n    at group (/home/swadhin/r/server/node_modules/elysia/src/index.ts:2919:38)\n    at /home/swadhin/r/server/src/index.js:415:5","timestamp":"2025-04-11 16:01:10.634"}
{"error":"undefined is not a function (near '...x of fn...')","level":"error","location":"uncaughtException handler","message":"Uncaught Exception:","service":"research-mgmt-api","stack":"TypeError: undefined is not a function (near '...x of fn...')\n    at fnToContainer (/home/swadhin/r/server/node_modules/elysia/src/utils.ts:1470:13)\n    at localHookToLifeCycleStore (/home/swadhin/r/server/node_modules/elysia/src/utils.ts:1487:17)\n    at add (/home/swadhin/r/server/node_modules/elysia/src/index.ts:481:35)\n    at get (/home/swadhin/r/server/node_modules/elysia/src/index.ts:4259:8)\n    at <anonymous> (/home/swadhin/r/server/src/routes/authRoutes.js:153:8)\n    at group (/home/swadhin/r/server/node_modules/elysia/src/index.ts:2919:38)\n    at _use (/home/swadhin/r/server/node_modules/elysia/src/index.ts:3748:21)\n    at <anonymous> (/home/swadhin/r/server/src/index.js:418:6)\n    at group (/home/swadhin/r/server/node_modules/elysia/src/index.ts:2919:38)\n    at /home/swadhin/r/server/src/index.js:415:5","timestamp":"2025-04-11 16:04:07.496"}
{"error":"undefined is not a function (near '...x of fn...')","level":"error","location":"uncaughtException handler","message":"Uncaught Exception:","service":"research-mgmt-api","stack":"TypeError: undefined is not a function (near '...x of fn...')\n    at fnToContainer (/home/swadhin/r/server/node_modules/elysia/src/utils.ts:1470:13)\n    at localHookToLifeCycleStore (/home/swadhin/r/server/node_modules/elysia/src/utils.ts:1487:17)\n    at add (/home/swadhin/r/server/node_modules/elysia/src/index.ts:481:35)\n    at get (/home/swadhin/r/server/node_modules/elysia/src/index.ts:4259:8)\n    at <anonymous> (/home/swadhin/r/server/src/routes/authRoutes.js:153:8)\n    at group (/home/swadhin/r/server/node_modules/elysia/src/index.ts:2919:38)\n    at _use (/home/swadhin/r/server/node_modules/elysia/src/index.ts:3748:21)\n    at <anonymous> (/home/swadhin/r/server/src/index.js:418:6)\n    at group (/home/swadhin/r/server/node_modules/elysia/src/index.ts:2919:38)\n    at /home/swadhin/r/server/src/index.js:415:5","timestamp":"2025-04-11 16:06:47.644"}
{"error":"undefined is not a function (near '...x of fn...')","level":"error","location":"uncaughtException handler","message":"Uncaught Exception:","service":"research-mgmt-api","stack":"TypeError: undefined is not a function (near '...x of fn...')\n    at fnToContainer (/home/swadhin/r/server/node_modules/elysia/src/utils.ts:1470:13)\n    at localHookToLifeCycleStore (/home/swadhin/r/server/node_modules/elysia/src/utils.ts:1487:17)\n    at add (/home/swadhin/r/server/node_modules/elysia/src/index.ts:481:35)\n    at put (/home/swadhin/r/server/node_modules/elysia/src/index.ts:4435:8)\n    at <anonymous> (/home/swadhin/r/server/src/routes/authRoutes.js:186:8)\n    at group (/home/swadhin/r/server/node_modules/elysia/src/index.ts:2919:38)\n    at _use (/home/swadhin/r/server/node_modules/elysia/src/index.ts:3748:21)\n    at <anonymous> (/home/swadhin/r/server/src/index.js:418:6)\n    at group (/home/swadhin/r/server/node_modules/elysia/src/index.ts:2919:38)\n    at /home/swadhin/r/server/src/index.js:415:5","timestamp":"2025-04-11 16:11:59.251"}
{"error":"undefined is not a function (near '...x of fn...')","level":"error","location":"uncaughtException handler","message":"Uncaught Exception:","service":"research-mgmt-api","stack":"TypeError: undefined is not a function (near '...x of fn...')\n    at fnToContainer (/home/swadhin/r/server/node_modules/elysia/src/utils.ts:1470:13)\n    at localHookToLifeCycleStore (/home/swadhin/r/server/node_modules/elysia/src/utils.ts:1487:17)\n    at add (/home/swadhin/r/server/node_modules/elysia/src/index.ts:481:35)\n    at get (/home/swadhin/r/server/node_modules/elysia/src/index.ts:4259:8)\n    at <anonymous> (/home/swadhin/r/server/src/routes/authRoutes.js:153:8)\n    at group (/home/swadhin/r/server/node_modules/elysia/src/index.ts:2919:38)\n    at _use (/home/swadhin/r/server/node_modules/elysia/src/index.ts:3748:21)\n    at <anonymous> (/home/swadhin/r/server/src/index.js:418:6)\n    at group (/home/swadhin/r/server/node_modules/elysia/src/index.ts:2919:38)\n    at /home/swadhin/r/server/src/index.js:415:5","timestamp":"2025-04-11 16:13:55.848"}
{"level":"info","message":"Attempting to connect to MongoDB database","service":"research-mgmt-api","timestamp":"2025-04-11 16:24:55.025"}
{"level":"info","message":"Attempting to connect to MongoDB...","service":"research-mgmt-api","timestamp":"2025-04-11 16:24:55.026"}
{"error":"Failed to start server. Is port 30000 in use?","level":"error","location":"uncaughtException handler","message":"Uncaught Exception:","service":"research-mgmt-api","stack":"Error: Failed to start server. Is port 30000 in use?\n    at serve (unknown)\n    at bun:main:25:49\n    at moduleEvaluation (native)\n    at <anonymous> (native:2)\n    at processTicksAndRejections (native:7:39)","timestamp":"2025-04-11 16:24:55.037"}
{"level":"info","message":"Attempting to connect to MongoDB database","service":"research-mgmt-api","timestamp":"2025-04-11 16:25:43.428"}
{"level":"info","message":"Attempting to connect to MongoDB...","service":"research-mgmt-api","timestamp":"2025-04-11 16:25:43.429"}
{"level":"info","message":"MongoDB Connected: ac-xdpuchx-shard-00-02.tvoe17p.mongodb.net","service":"research-mgmt-api","timestamp":"2025-04-11 16:25:44.100"}
{"level":"info","message":"✅ MongoDB connection established successfully","service":"research-mgmt-api","timestamp":"2025-04-11 16:25:44.100"}
{"level":"info","message":"🚀 Server running on port 300000","service":"research-mgmt-api","timestamp":"2025-04-11 16:25:44.106"}
{"error":"undefined is not a function (near '...x of fn...')","level":"error","location":"uncaughtException handler","message":"Uncaught Exception:","service":"research-mgmt-api","stack":"TypeError: undefined is not a function (near '...x of fn...')\n    at fnToContainer (/home/swadhin/r/server/node_modules/elysia/src/utils.ts:1470:13)\n    at localHookToLifeCycleStore (/home/swadhin/r/server/node_modules/elysia/src/utils.ts:1487:17)\n    at add (/home/swadhin/r/server/node_modules/elysia/src/index.ts:481:35)\n    at get (/home/swadhin/r/server/node_modules/elysia/src/index.ts:4259:8)\n    at <anonymous> (/home/swadhin/r/server/src/routes/authRoutes.js:107:8)\n    at group (/home/swadhin/r/server/node_modules/elysia/src/index.ts:2919:38)\n    at _use (/home/swadhin/r/server/node_modules/elysia/src/index.ts:3748:21)\n    at <anonymous> (/home/swadhin/r/server/src/index.js:418:6)\n    at group (/home/swadhin/r/server/node_modules/elysia/src/index.ts:2919:38)\n    at /home/swadhin/r/server/src/index.js:415:5","timestamp":"2025-04-11 16:26:33.883"}
{"error":"undefined is not a function (near '...x of fn...')","level":"error","location":"uncaughtException handler","message":"Uncaught Exception:","service":"research-mgmt-api","stack":"TypeError: undefined is not a function (near '...x of fn...')\n    at fnToContainer (/home/swadhin/r/server/node_modules/elysia/src/utils.ts:1470:13)\n    at localHookToLifeCycleStore (/home/swadhin/r/server/node_modules/elysia/src/utils.ts:1487:17)\n    at add (/home/swadhin/r/server/node_modules/elysia/src/index.ts:481:35)\n    at get (/home/swadhin/r/server/node_modules/elysia/src/index.ts:4259:8)\n    at <anonymous> (/home/swadhin/r/server/src/routes/authRoutes.js:108:8)\n    at group (/home/swadhin/r/server/node_modules/elysia/src/index.ts:2919:38)\n    at _use (/home/swadhin/r/server/node_modules/elysia/src/index.ts:3748:21)\n    at <anonymous> (/home/swadhin/r/server/src/index.js:418:6)\n    at group (/home/swadhin/r/server/node_modules/elysia/src/index.ts:2919:38)\n    at /home/swadhin/r/server/src/index.js:415:5","timestamp":"2025-04-11 16:27:54.369"}
{"level":"info","message":"Attempting to connect to MongoDB database","service":"research-mgmt-api","timestamp":"2025-04-11 16:28:08.792"}
{"level":"info","message":"Attempting to connect to MongoDB...","service":"research-mgmt-api","timestamp":"2025-04-11 16:28:08.793"}
{"level":"info","message":"MongoDB Connected: ac-xdpuchx-shard-00-00.tvoe17p.mongodb.net","service":"research-mgmt-api","timestamp":"2025-04-11 16:28:09.594"}
{"level":"info","message":"✅ MongoDB connection established successfully","service":"research-mgmt-api","timestamp":"2025-04-11 16:28:09.595"}
{"level":"info","message":"🚀 Server running on port 300000","service":"research-mgmt-api","timestamp":"2025-04-11 16:28:09.602"}
{"level":"info","message":"Attempting to connect to MongoDB database","service":"research-mgmt-api","timestamp":"2025-04-11 16:28:20.924"}
{"level":"info","message":"Attempting to connect to MongoDB...","service":"research-mgmt-api","timestamp":"2025-04-11 16:28:20.925"}
{"level":"info","message":"MongoDB Connected: ac-xdpuchx-shard-00-01.tvoe17p.mongodb.net","service":"research-mgmt-api","timestamp":"2025-04-11 16:28:21.602"}
{"level":"info","message":"✅ MongoDB connection established successfully","service":"research-mgmt-api","timestamp":"2025-04-11 16:28:21.602"}
{"level":"info","message":"🚀 Server running on port 300000","service":"research-mgmt-api","timestamp":"2025-04-11 16:28:21.607"}
{"level":"info","message":"Attempting to connect to MongoDB database","service":"research-mgmt-api","timestamp":"2025-04-11 16:29:08.104"}
{"level":"info","message":"Attempting to connect to MongoDB...","service":"research-mgmt-api","timestamp":"2025-04-11 16:29:08.105"}
{"level":"info","message":"MongoDB Connected: ac-xdpuchx-shard-00-00.tvoe17p.mongodb.net","service":"research-mgmt-api","timestamp":"2025-04-11 16:29:08.778"}
{"level":"info","message":"✅ MongoDB connection established successfully","service":"research-mgmt-api","timestamp":"2025-04-11 16:29:08.779"}
{"level":"info","message":"🚀 Server running on port 300000","service":"research-mgmt-api","timestamp":"2025-04-11 16:29:08.783"}
{"level":"info","message":"Attempting to connect to MongoDB database","service":"research-mgmt-api","timestamp":"2025-04-11 16:29:15.116"}
{"level":"info","message":"Attempting to connect to MongoDB...","service":"research-mgmt-api","timestamp":"2025-04-11 16:29:15.117"}
{"level":"info","message":"MongoDB Connected: ac-xdpuchx-shard-00-00.tvoe17p.mongodb.net","service":"research-mgmt-api","timestamp":"2025-04-11 16:29:15.864"}
{"level":"info","message":"✅ MongoDB connection established successfully","service":"research-mgmt-api","timestamp":"2025-04-11 16:29:15.865"}
{"level":"info","message":"🚀 Server running on port 300000","service":"research-mgmt-api","timestamp":"2025-04-11 16:29:15.870"}
{"level":"info","message":"Attempting to connect to MongoDB database","service":"research-mgmt-api","timestamp":"2025-04-11 16:29:20.519"}
{"level":"info","message":"Attempting to connect to MongoDB...","service":"research-mgmt-api","timestamp":"2025-04-11 16:29:20.520"}
{"level":"info","message":"MongoDB Connected: ac-xdpuchx-shard-00-00.tvoe17p.mongodb.net","service":"research-mgmt-api","timestamp":"2025-04-11 16:29:21.159"}
{"level":"info","message":"✅ MongoDB connection established successfully","service":"research-mgmt-api","timestamp":"2025-04-11 16:29:21.159"}
{"level":"info","message":"🚀 Server running on port 300000","service":"research-mgmt-api","timestamp":"2025-04-11 16:29:21.163"}
{"level":"error","message":"HTTP POST /api/auth/login - 404 (0ms) Error: Route not found","service":"research-mgmt-api","timestamp":"2025-04-11 16:29:25.618"}
{"level":"info","message":"Attempting to connect to MongoDB database","service":"research-mgmt-api","timestamp":"2025-04-11 16:29:38.517"}
{"level":"info","message":"Attempting to connect to MongoDB...","service":"research-mgmt-api","timestamp":"2025-04-11 16:29:38.518"}
{"level":"info","message":"MongoDB Connected: ac-xdpuchx-shard-00-02.tvoe17p.mongodb.net","service":"research-mgmt-api","timestamp":"2025-04-11 16:29:39.167"}
{"level":"info","message":"✅ MongoDB connection established successfully","service":"research-mgmt-api","timestamp":"2025-04-11 16:29:39.167"}
{"level":"info","message":"🚀 Server running on port 300000","service":"research-mgmt-api","timestamp":"2025-04-11 16:29:39.173"}
{"level":"info","message":"Attempting to connect to MongoDB database","service":"research-mgmt-api","timestamp":"2025-04-11 16:29:41.920"}
{"level":"info","message":"Attempting to connect to MongoDB...","service":"research-mgmt-api","timestamp":"2025-04-11 16:29:41.920"}
{"level":"info","message":"MongoDB Connected: ac-xdpuchx-shard-00-01.tvoe17p.mongodb.net","service":"research-mgmt-api","timestamp":"2025-04-11 16:29:42.603"}
{"level":"info","message":"✅ MongoDB connection established successfully","service":"research-mgmt-api","timestamp":"2025-04-11 16:29:42.603"}
{"level":"info","message":"🚀 Server running on port 300000","service":"research-mgmt-api","timestamp":"2025-04-11 16:29:42.609"}
{"level":"info","message":"Attempting to connect to MongoDB database","service":"research-mgmt-api","timestamp":"2025-04-11 16:30:08.501"}
{"level":"info","message":"Attempting to connect to MongoDB...","service":"research-mgmt-api","timestamp":"2025-04-11 16:30:08.502"}
{"level":"info","message":"MongoDB Connected: ac-xdpuchx-shard-00-02.tvoe17p.mongodb.net","service":"research-mgmt-api","timestamp":"2025-04-11 16:30:09.158"}
{"level":"info","message":"✅ MongoDB connection established successfully","service":"research-mgmt-api","timestamp":"2025-04-11 16:30:09.158"}
{"level":"info","message":"🚀 Server running on port 300000","service":"research-mgmt-api","timestamp":"2025-04-11 16:30:09.163"}
{"level":"error","message":"HTTP POST /api/auth/login - 404 (0ms) Error: Route not found","service":"research-mgmt-api","timestamp":"2025-04-11 16:30:34.787"}
{"level":"error","message":"HTTP POST /api/auth/login - 404 (0ms) Error: Route not found","service":"research-mgmt-api","timestamp":"2025-04-11 16:30:39.782"}
{"level":"error","message":"HTTP POST /api/auth/login - 404 (0ms) Error: Route not found","service":"research-mgmt-api","timestamp":"2025-04-11 16:30:58.449"}
{"level":"error","message":"HTTP POST /api/auth/login - 404 (0ms) Error: Route not found","service":"research-mgmt-api","timestamp":"2025-04-11 16:31:20.409"}
{"level":"error","message":"HTTP GET /api/auth/login - 404 (0ms) Error: Route not found","service":"research-mgmt-api","timestamp":"2025-04-11 16:31:38.428"}
{"level":"info","message":"Attempting to connect to MongoDB database","service":"research-mgmt-api","timestamp":"2025-04-11 16:32:28.158"}
{"level":"info","message":"Attempting to connect to MongoDB...","service":"research-mgmt-api","timestamp":"2025-04-11 16:32:28.159"}
{"level":"info","message":"MongoDB Connected: ac-xdpuchx-shard-00-01.tvoe17p.mongodb.net","service":"research-mgmt-api","timestamp":"2025-04-11 16:32:28.901"}
{"level":"info","message":"✅ MongoDB connection established successfully","service":"research-mgmt-api","timestamp":"2025-04-11 16:32:28.901"}
{"level":"info","message":"🚀 Server running on port 300000","service":"research-mgmt-api","timestamp":"2025-04-11 16:32:28.904"}
{"level":"error","message":"HTTP POST /api/auth/login - 404 (0ms) Error: Route not found","service":"research-mgmt-api","timestamp":"2025-04-11 16:32:38.553"}
{"level":"info","message":"Attempting to connect to MongoDB database","service":"research-mgmt-api","timestamp":"2025-04-11 16:34:11.726"}
{"level":"info","message":"Attempting to connect to MongoDB...","service":"research-mgmt-api","timestamp":"2025-04-11 16:34:11.727"}
{"__isStorageError":true,"level":"error","message":"Error checking storage bucket: Unable to connect. Is the computer able to access the url?","name":"StorageUnknownError","originalError":{"code":"ConnectionRefused","errno":0,"path":"https://xzlkieyjnyueayktyxud.supabase.co/storage/v1/bucket/team-chat-attachments"},"service":"research-mgmt-api","stack":"StorageUnknownError: Unable to connect. Is the computer able to access the url?\n    at new StorageError (/home/swadhin/r/server/node_modules/@supabase/storage-js/dist/main/lib/errors.js:6:9)\n    at new StorageUnknownError (/home/swadhin/r/server/node_modules/@supabase/storage-js/dist/main/lib/errors.js:33:9)\n    at <anonymous> (/home/swadhin/r/server/node_modules/@supabase/storage-js/dist/main/lib/fetch.js:29:29)\n    at fulfilled (/home/swadhin/r/server/node_modules/@supabase/storage-js/dist/main/lib/fetch.js:5:58)\n    at processTicksAndRejections (native:7:39)","timestamp":"2025-04-11 16:34:11.755"}
{"__isStorageError":true,"level":"error","message":"Failed to initialize storage bucket: Unable to connect. Is the computer able to access the url?","name":"StorageUnknownError","originalError":{"code":"ConnectionRefused","errno":0,"path":"https://xzlkieyjnyueayktyxud.supabase.co/storage/v1/bucket/team-chat-attachments"},"service":"research-mgmt-api","stack":"StorageUnknownError: Unable to connect. Is the computer able to access the url?\n    at new StorageError (/home/swadhin/r/server/node_modules/@supabase/storage-js/dist/main/lib/errors.js:6:9)\n    at new StorageUnknownError (/home/swadhin/r/server/node_modules/@supabase/storage-js/dist/main/lib/errors.js:33:9)\n    at <anonymous> (/home/swadhin/r/server/node_modules/@supabase/storage-js/dist/main/lib/fetch.js:29:29)\n    at fulfilled (/home/swadhin/r/server/node_modules/@supabase/storage-js/dist/main/lib/fetch.js:5:58)\n    at processTicksAndRejections (native:7:39)","timestamp":"2025-04-11 16:34:11.756"}
{"error":{"code":"ESERVFAIL","errno":3,"hostname":"_mongodb._tcp.testcx.tvoe17p.mongodb.net","name":"DNSException","syscall":"querySrv"},"level":"error","message":"Error connecting to MongoDB: querySrv ESERVFAIL _mongodb._tcp.testcx.tvoe17p.mongodb.net","mongoUriRedacted":"mongodb+srv://****:****@testcx.tvoe17p.mongodb.net/?retryWrites=true&w=majority&appName=testcx","service":"research-mgmt-api","timestamp":"2025-04-11 16:34:11.764"}
{"level":"info","message":"Retrying connection in 5000ms (Attempt 1 of 5)","service":"research-mgmt-api","timestamp":"2025-04-11 16:34:11.765"}
{"error":"app.derive(({ request }) => {\n    const connectionState = mongoose.connection.readyState;\n    logger.debug(`MongoDB connection state in route middleware: ${connectionState}`);\n    if (connectionState !== 1) {\n      logger.warn(`Request received with MongoDB not fully connected (state: ${connectionState})`);\n      throw new Error(\"Database not connected\");\n    }\n    return {};\n  }).post(\"/register\", registerUser, {\n    body: t.Object({\n      fullName: t.String({ minLength: 2, maxLength: 50 }),\n      email: t.String({ format: \"email\" }),\n      password: t.String({\n        minLength: 8,\n        pattern: \"^(?=.*[a-z])(?=.*[A-Z])(?=.*\\\\d)(?=.*[@$!%*?&])[A-Za-z\\\\d@$!%*?&]{8,}$\",\n        error: \"Password must be at least 8 characters long and contain at least one uppercase letter, one lowercase letter, one number, and one special character\"\n      }),\n      role: t.Union([t.Literal(\"student\"), t.Literal(\"supervisor\")]),\n      department: t.String({ minLength: 2, maxLength: 50 }),\n      studentId: t.Optional(t.String()),\n      specialization: t.Optional(t.String())\n    }),\n    response: {\n      201: t.Object({\n        success: t.Boolean(),\n        message: t.String(),\n        token: t.Optional(t.String()),\n        user: t.Optional(userProfileSchema),\n        error: t.Optional(t.Union([t.String(), t.Null()])),\n        timestamp: t.String()\n      }),\n      400: t.Object({\n        success: t.Boolean(),\n        error: t.String(),\n        field: t.Optional(t.String()),\n        timestamp: t.String()\n      }),\n      409: t.Object({\n        success: t.Boolean(),\n        error: t.String(),\n        timestamp: t.String()\n      }),\n      500: t.Object({\n        success: t.Boolean(),\n        error: t.String(),\n        timestamp: t.String()\n      }),\n      503: t.Object({\n        success: t.Boolean(),\n        error: t.String(),\n        timestamp: t.String()\n      }),\n      504: t.Object({\n        success: t.Boolean(),\n        error: t.String(),\n        timestamp: t.String()\n      })\n    },\n    detail: {\n      summary: \"Register a new user (student or supervisor)\",\n      tags: [\"Auth\"]\n    }\n  }).get(\"/profile\", async ({ user }) => {\n    return {\n      success: !0,\n      data: {\n        id: user.id,\n        email: user.email,\n        role: user.role\n      },\n      error: null,\n      timestamp: new Date().toISOString()\n    };\n  }, {\n    beforeHandle: async (context) => {\n      const tokenMatch = (context.headers.authorization || \"\").match(/bearer\\s+(\\S+)/i), token = tokenMatch ? tokenMatch[1] : null;\n      if (!token) {\n        context.set.status = 401;\n        throw new Error(\"Authentication required\");\n      }\n      const payload = await context.jwt.verify(token);\n      if (!payload || !payload.userId) {\n        context.set.status = 401;\n        throw new Error(\"Invalid or expired token\");\n      }\n      const user = await User.findById(payload.userId).select(\"-password\");\n      if (!user) {\n        context.set.status = 404;\n        throw new Error(\"User not found\");\n      }\n      context.user = { id: user._id.toString(), email: user.email, role: user.role };\n    },\n    response: {\n      200: t.Object({\n        success: t.Boolean(),\n        data: t.Object({\n          id: t.String(),\n          email: t.String(),\n          role: t.String()\n        }),\n        error: t.Optional(t.Union([t.String(), t.Null()])),\n        timestamp: t.String()\n      }),\n      401: t.Object({\n        success: t.Boolean(),\n        error: t.String(),\n        timestamp: t.String()\n      }),\n      500: t.Object({\n        success: t.Boolean(),\n        error: t.String(),\n        timestamp: t.String()\n      })\n    },\n    detail: {\n      summary: \"Get authenticated user profile\",\n      tags: [\"Auth\"]\n    }\n  }).post.put is not a function. (In 'app.derive(({ request }) => {\n    const connectionState = mongoose.connection.readyState;\n    logger.debug(`MongoDB connection state in route middleware: ${connectionState}`);\n    if (connectionState !== 1) {\n      logger.warn(`Request received with MongoDB not fully connected (state: ${connectionState})`);\n      throw new Error(\"Database not connected\");\n    }\n    return {};\n  }).post(\"/register\", registerUser, {\n    body: t.Object({\n      fullName: t.String({ minLength: 2, maxLength: 50 }),\n      email: t.String({ format: \"email\" }),\n      password: t.String({\n        minLength: 8,\n        pattern: \"^(?=.*[a-z])(?=.*[A-Z])(?=.*\\\\d)(?=.*[@$!%*?&])[A-Za-z\\\\d@$!%*?&]{8,}$\",\n        error: \"Password must be at least 8 characters long and contain at least one uppercase letter, one lowercase letter, one number, and one special character\"\n      }),\n      role: t.Union([t.Literal(\"student\"), t.Literal(\"supervisor\")]),\n      department: t.String({ minLength: 2, maxLength: 50 }),\n      studentId: t.Optional(t.String()),\n      specialization: t.Optional(t.String())\n    }),\n    response: {\n      201: t.Object({\n        success: t.Boolean(),\n        message: t.String(),\n        token: t.Optional(t.String()),\n        user: t.Optional(userProfileSchema),\n        error: t.Optional(t.Union([t.String(), t.Null()])),\n        timestamp: t.String()\n      }),\n      400: t.Object({\n        success: t.Boolean(),\n        error: t.String(),\n        field: t.Optional(t.String()),\n        timestamp: t.String()\n      }),\n      409: t.Object({\n        success: t.Boolean(),\n        error: t.String(),\n        timestamp: t.String()\n      }),\n      500: t.Object({\n        success: t.Boolean(),\n        error: t.String(),\n        timestamp: t.String()\n      }),\n      503: t.Object({\n        success: t.Boolean(),\n        error: t.String(),\n        timestamp: t.String()\n      }),\n      504: t.Object({\n        success: t.Boolean(),\n        error: t.String(),\n        timestamp: t.String()\n      })\n    },\n    detail: {\n      summary: \"Register a new user (student or supervisor)\",\n      tags: [\"Auth\"]\n    }\n  }).get(\"/profile\", async ({ user }) => {\n    return {\n      success: !0,\n      data: {\n        id: user.id,\n        email: user.email,\n        role: user.role\n      },\n      error: null,\n      timestamp: new Date().toISOString()\n    };\n  }, {\n    beforeHandle: async (context) => {\n      const tokenMatch = (context.headers.authorization || \"\").match(/bearer\\s+(\\S+)/i), token = tokenMatch ? tokenMatch[1] : null;\n      if (!token) {\n        context.set.status = 401;\n        throw new Error(\"Authentication required\");\n      }\n      const payload = await context.jwt.verify(token);\n      if (!payload || !payload.userId) {\n        context.set.status = 401;\n        throw new Error(\"Invalid or expired token\");\n      }\n      const user = await User.findById(payload.userId).select(\"-password\");\n      if (!user) {\n        context.set.status = 404;\n        throw new Error(\"User not found\");\n      }\n      context.user = { id: user._id.toString(), email: user.email, role: user.role };\n    },\n    response: {\n      200: t.Object({\n        success: t.Boolean(),\n        data: t.Object({\n          id: t.String(),\n          email: t.String(),\n          role: t.String()\n        }),\n        error: t.Optional(t.Union([t.String(), t.Null()])),\n        timestamp: t.String()\n      }),\n      401: t.Object({\n        success: t.Boolean(),\n        error: t.String(),\n        timestamp: t.String()\n      }),\n      500: t.Object({\n        success: t.Boolean(),\n        error: t.String(),\n        timestamp: t.String()\n      })\n    },\n    detail: {\n      summary: \"Get authenticated user profile\",\n      tags: [\"Auth\"]\n    }\n  }).post.put(\"/profile\", {\n    handler: updateProfile,\n    beforeHandle: jwtAuth(),\n    body: updateProfileSchema,\n    response: {\n      200: t.Object({\n        success: t.Boolean(),\n        user: userProfileSchema,\n        message: t.Optional(t.String()),\n        error: t.Optional(t.Union([t.String(), t.Null()])),\n        timestamp: t.String()\n      }),\n      400: t.Object({\n        success: t.Boolean(),\n        error: t.String(),\n        field: t.Optional(t.String()),\n        timestamp: t.String()\n      }),\n      401: t.Object({\n        success: t.Boolean(),\n        error: t.String(),\n        timestamp: t.String()\n      }),\n      404: t.Object({\n        success: t.Boolean(),\n        error: t.String(),\n        timestamp: t.String()\n      }),\n      409: t.Object({\n        success: t.Boolean(),\n        error: t.String(),\n        timestamp: t.String()\n      }),\n      500: t.Object({\n        success: t.Boolean(),\n        error: t.String(),\n        timestamp: t.String()\n      })\n    },\n    detail: {\n      summary: \"Update authenticated user profile\",\n      tags: [\"Auth\"]\n    }\n  })', 'app.derive(({ request }) => {\n    const connectionState = mongoose.connection.readyState;\n    logger.debug(`MongoDB connection state in route middleware: ${connectionState}`);\n    if (connectionState !== 1) {\n      logger.warn(`Request received with MongoDB not fully connected (state: ${connectionState})`);\n      throw new Error(\"Database not connected\");\n    }\n    return {};\n  }).post(\"/register\", registerUser, {\n    body: t.Object({\n      fullName: t.String({ minLength: 2, maxLength: 50 }),\n      email: t.String({ format: \"email\" }),\n      password: t.String({\n        minLength: 8,\n        pattern: \"^(?=.*[a-z])(?=.*[A-Z])(?=.*\\\\d)(?=.*[@$!%*?&])[A-Za-z\\\\d@$!%*?&]{8,}$\",\n        error: \"Password must be at least 8 characters long and contain at least one uppercase letter, one lowercase letter, one number, and one special character\"\n      }),\n      role: t.Union([t.Literal(\"student\"), t.Literal(\"supervisor\")]),\n      department: t.String({ minLength: 2, maxLength: 50 }),\n      studentId: t.Optional(t.String()),\n      specialization: t.Optional(t.String())\n    }),\n    response: {\n      201: t.Object({\n        success: t.Boolean(),\n        message: t.String(),\n        token: t.Optional(t.String()),\n        user: t.Optional(userProfileSchema),\n        error: t.Optional(t.Union([t.String(), t.Null()])),\n        timestamp: t.String()\n      }),\n      400: t.Object({\n        success: t.Boolean(),\n        error: t.String(),\n        field: t.Optional(t.String()),\n        timestamp: t.String()\n      }),\n      409: t.Object({\n        success: t.Boolean(),\n        error: t.String(),\n        timestamp: t.String()\n      }),\n      500: t.Object({\n        success: t.Boolean(),\n        error: t.String(),\n        timestamp: t.String()\n      }),\n      503: t.Object({\n        success: t.Boolean(),\n        error: t.String(),\n        timestamp: t.String()\n      }),\n      504: t.Object({\n        success: t.Boolean(),\n        error: t.String(),\n        timestamp: t.String()\n      })\n    },\n    detail: {\n      summary: \"Register a new user (student or supervisor)\",\n      tags: [\"Auth\"]\n    }\n  }).get(\"/profile\", async ({ user }) => {\n    return {\n      success: !0,\n      data: {\n        id: user.id,\n        email: user.email,\n        role: user.role\n      },\n      error: null,\n      timestamp: new Date().toISOString()\n    };\n  }, {\n    beforeHandle: async (context) => {\n      const tokenMatch = (context.headers.authorization || \"\").match(/bearer\\s+(\\S+)/i), token = tokenMatch ? tokenMatch[1] : null;\n      if (!token) {\n        context.set.status = 401;\n        throw new Error(\"Authentication required\");\n      }\n      const payload = await context.jwt.verify(token);\n      if (!payload || !payload.userId) {\n        context.set.status = 401;\n        throw new Error(\"Invalid or expired token\");\n      }\n      const user = await User.findById(payload.userId).select(\"-password\");\n      if (!user) {\n        context.set.status = 404;\n        throw new Error(\"User not found\");\n      }\n      context.user = { id: user._id.toString(), email: user.email, role: user.role };\n    },\n    response: {\n      200: t.Object({\n        success: t.Boolean(),\n        data: t.Object({\n          id: t.String(),\n          email: t.String(),\n          role: t.String()\n        }),\n        error: t.Optional(t.Union([t.String(), t.Null()])),\n        timestamp: t.String()\n      }),\n      401: t.Object({\n        success: t.Boolean(),\n        error: t.String(),\n        timestamp: t.String()\n      }),\n      500: t.Object({\n        success: t.Boolean(),\n        error: t.String(),\n        timestamp: t.String()\n      })\n    },\n    detail: {\n      summary: \"Get authenticated user profile\",\n      tags: [\"Auth\"]\n    }\n  }).post.put' is undefined)","level":"error","location":"uncaughtException handler","message":"Uncaught Exception:","service":"research-mgmt-api","stack":"TypeError: app.derive(({ request }) => {\n    const connectionState = mongoose.connection.readyState;\n    logger.debug(`MongoDB connection state in route middleware: ${connectionState}`);\n    if (connectionState !== 1) {\n      logger.warn(`Request received with MongoDB not fully connected (state: ${connectionState})`);\n      throw new Error(\"Database not connected\");\n    }\n    return {};\n  }).post(\"/register\", registerUser, {\n    body: t.Object({\n      fullName: t.String({ minLength: 2, maxLength: 50 }),\n      email: t.String({ format: \"email\" }),\n      password: t.String({\n        minLength: 8,\n        pattern: \"^(?=.*[a-z])(?=.*[A-Z])(?=.*\\\\d)(?=.*[@$!%*?&])[A-Za-z\\\\d@$!%*?&]{8,}$\",\n        error: \"Password must be at least 8 characters long and contain at least one uppercase letter, one lowercase letter, one number, and one special character\"\n      }),\n      role: t.Union([t.Literal(\"student\"), t.Literal(\"supervisor\")]),\n      department: t.String({ minLength: 2, maxLength: 50 }),\n      studentId: t.Optional(t.String()),\n      specialization: t.Optional(t.String())\n    }),\n    response: {\n      201: t.Object({\n        success: t.Boolean(),\n        message: t.String(),\n        token: t.Optional(t.String()),\n        user: t.Optional(userProfileSchema),\n        error: t.Optional(t.Union([t.String(), t.Null()])),\n        timestamp: t.String()\n      }),\n      400: t.Object({\n        success: t.Boolean(),\n        error: t.String(),\n        field: t.Optional(t.String()),\n        timestamp: t.String()\n      }),\n      409: t.Object({\n        success: t.Boolean(),\n        error: t.String(),\n        timestamp: t.String()\n      }),\n      500: t.Object({\n        success: t.Boolean(),\n        error: t.String(),\n        timestamp: t.String()\n      }),\n      503: t.Object({\n        success: t.Boolean(),\n        error: t.String(),\n        timestamp: t.String()\n      }),\n      504: t.Object({\n        success: t.Boolean(),\n        error: t.String(),\n        timestamp: t.String()\n      })\n    },\n    detail: {\n      summary: \"Register a new user (student or supervisor)\",\n      tags: [\"Auth\"]\n    }\n  }).get(\"/profile\", async ({ user }) => {\n    return {\n      success: !0,\n      data: {\n        id: user.id,\n        email: user.email,\n        role: user.role\n      },\n      error: null,\n      timestamp: new Date().toISOString()\n    };\n  }, {\n    beforeHandle: async (context) => {\n      const tokenMatch = (context.headers.authorization || \"\").match(/bearer\\s+(\\S+)/i), token = tokenMatch ? tokenMatch[1] : null;\n      if (!token) {\n        context.set.status = 401;\n        throw new Error(\"Authentication required\");\n      }\n      const payload = await context.jwt.verify(token);\n      if (!payload || !payload.userId) {\n        context.set.status = 401;\n        throw new Error(\"Invalid or expired token\");\n      }\n      const user = await User.findById(payload.userId).select(\"-password\");\n      if (!user) {\n        context.set.status = 404;\n        throw new Error(\"User not found\");\n      }\n      context.user = { id: user._id.toString(), email: user.email, role: user.role };\n    },\n    response: {\n      200: t.Object({\n        success: t.Boolean(),\n        data: t.Object({\n          id: t.String(),\n          email: t.String(),\n          role: t.String()\n        }),\n        error: t.Optional(t.Union([t.String(), t.Null()])),\n        timestamp: t.String()\n      }),\n      401: t.Object({\n        success: t.Boolean(),\n        error: t.String(),\n        timestamp: t.String()\n      }),\n      500: t.Object({\n        success: t.Boolean(),\n        error: t.String(),\n        timestamp: t.String()\n      })\n    },\n    detail: {\n      summary: \"Get authenticated user profile\",\n      tags: [\"Auth\"]\n    }\n  }).post.put is not a function. (In 'app.derive(({ request }) => {\n    const connectionState = mongoose.connection.readyState;\n    logger.debug(`MongoDB connection state in route middleware: ${connectionState}`);\n    if (connectionState !== 1) {\n      logger.warn(`Request received with MongoDB not fully connected (state: ${connectionState})`);\n      throw new Error(\"Database not connected\");\n    }\n    return {};\n  }).post(\"/register\", registerUser, {\n    body: t.Object({\n      fullName: t.String({ minLength: 2, maxLength: 50 }),\n      email: t.String({ format: \"email\" }),\n      password: t.String({\n        minLength: 8,\n        pattern: \"^(?=.*[a-z])(?=.*[A-Z])(?=.*\\\\d)(?=.*[@$!%*?&])[A-Za-z\\\\d@$!%*?&]{8,}$\",\n        error: \"Password must be at least 8 characters long and contain at least one uppercase letter, one lowercase letter, one number, and one special character\"\n      }),\n      role: t.Union([t.Literal(\"student\"), t.Literal(\"supervisor\")]),\n      department: t.String({ minLength: 2, maxLength: 50 }),\n      studentId: t.Optional(t.String()),\n      specialization: t.Optional(t.String())\n    }),\n    response: {\n      201: t.Object({\n        success: t.Boolean(),\n        message: t.String(),\n        token: t.Optional(t.String()),\n        user: t.Optional(userProfileSchema),\n        error: t.Optional(t.Union([t.String(), t.Null()])),\n        timestamp: t.String()\n      }),\n      400: t.Object({\n        success: t.Boolean(),\n        error: t.String(),\n        field: t.Optional(t.String()),\n        timestamp: t.String()\n      }),\n      409: t.Object({\n        success: t.Boolean(),\n        error: t.String(),\n        timestamp: t.String()\n      }),\n      500: t.Object({\n        success: t.Boolean(),\n        error: t.String(),\n        timestamp: t.String()\n      }),\n      503: t.Object({\n        success: t.Boolean(),\n        error: t.String(),\n        timestamp: t.String()\n      }),\n      504: t.Object({\n        success: t.Boolean(),\n        error: t.String(),\n        timestamp: t.String()\n      })\n    },\n    detail: {\n      summary: \"Register a new user (student or supervisor)\",\n      tags: [\"Auth\"]\n    }\n  }).get(\"/profile\", async ({ user }) => {\n    return {\n      success: !0,\n      data: {\n        id: user.id,\n        email: user.email,\n        role: user.role\n      },\n      error: null,\n      timestamp: new Date().toISOString()\n    };\n  }, {\n    beforeHandle: async (context) => {\n      const tokenMatch = (context.headers.authorization || \"\").match(/bearer\\s+(\\S+)/i), token = tokenMatch ? tokenMatch[1] : null;\n      if (!token) {\n        context.set.status = 401;\n        throw new Error(\"Authentication required\");\n      }\n      const payload = await context.jwt.verify(token);\n      if (!payload || !payload.userId) {\n        context.set.status = 401;\n        throw new Error(\"Invalid or expired token\");\n      }\n      const user = await User.findById(payload.userId).select(\"-password\");\n      if (!user) {\n        context.set.status = 404;\n        throw new Error(\"User not found\");\n      }\n      context.user = { id: user._id.toString(), email: user.email, role: user.role };\n    },\n    response: {\n      200: t.Object({\n        success: t.Boolean(),\n        data: t.Object({\n          id: t.String(),\n          email: t.String(),\n          role: t.String()\n        }),\n        error: t.Optional(t.Union([t.String(), t.Null()])),\n        timestamp: t.String()\n      }),\n      401: t.Object({\n        success: t.Boolean(),\n        error: t.String(),\n        timestamp: t.String()\n      }),\n      500: t.Object({\n        success: t.Boolean(),\n        error: t.String(),\n        timestamp: t.String()\n      })\n    },\n    detail: {\n      summary: \"Get authenticated user profile\",\n      tags: [\"Auth\"]\n    }\n  }).post.put(\"/profile\", {\n    handler: updateProfile,\n    beforeHandle: jwtAuth(),\n    body: updateProfileSchema,\n    response: {\n      200: t.Object({\n        success: t.Boolean(),\n        user: userProfileSchema,\n        message: t.Optional(t.String()),\n        error: t.Optional(t.Union([t.String(), t.Null()])),\n        timestamp: t.String()\n      }),\n      400: t.Object({\n        success: t.Boolean(),\n        error: t.String(),\n        field: t.Optional(t.String()),\n        timestamp: t.String()\n      }),\n      401: t.Object({\n        success: t.Boolean(),\n        error: t.String(),\n        timestamp: t.String()\n      }),\n      404: t.Object({\n        success: t.Boolean(),\n        error: t.String(),\n        timestamp: t.String()\n      }),\n      409: t.Object({\n        success: t.Boolean(),\n        error: t.String(),\n        timestamp: t.String()\n      }),\n      500: t.Object({\n        success: t.Boolean(),\n        error: t.String(),\n        timestamp: t.String()\n      })\n    },\n    detail: {\n      summary: \"Update authenticated user profile\",\n      tags: [\"Auth\"]\n    }\n  })', 'app.derive(({ request }) => {\n    const connectionState = mongoose.connection.readyState;\n    logger.debug(`MongoDB connection state in route middleware: ${connectionState}`);\n    if (connectionState !== 1) {\n      logger.warn(`Request received with MongoDB not fully connected (state: ${connectionState})`);\n      throw new Error(\"Database not connected\");\n    }\n    return {};\n  }).post(\"/register\", registerUser, {\n    body: t.Object({\n      fullName: t.String({ minLength: 2, maxLength: 50 }),\n      email: t.String({ format: \"email\" }),\n      password: t.String({\n        minLength: 8,\n        pattern: \"^(?=.*[a-z])(?=.*[A-Z])(?=.*\\\\d)(?=.*[@$!%*?&])[A-Za-z\\\\d@$!%*?&]{8,}$\",\n        error: \"Password must be at least 8 characters long and contain at least one uppercase letter, one lowercase letter, one number, and one special character\"\n      }),\n      role: t.Union([t.Literal(\"student\"), t.Literal(\"supervisor\")]),\n      department: t.String({ minLength: 2, maxLength: 50 }),\n      studentId: t.Optional(t.String()),\n      specialization: t.Optional(t.String())\n    }),\n    response: {\n      201: t.Object({\n        success: t.Boolean(),\n        message: t.String(),\n        token: t.Optional(t.String()),\n        user: t.Optional(userProfileSchema),\n        error: t.Optional(t.Union([t.String(), t.Null()])),\n        timestamp: t.String()\n      }),\n      400: t.Object({\n        success: t.Boolean(),\n        error: t.String(),\n        field: t.Optional(t.String()),\n        timestamp: t.String()\n      }),\n      409: t.Object({\n        success: t.Boolean(),\n        error: t.String(),\n        timestamp: t.String()\n      }),\n      500: t.Object({\n        success: t.Boolean(),\n        error: t.String(),\n        timestamp: t.String()\n      }),\n      503: t.Object({\n        success: t.Boolean(),\n        error: t.String(),\n        timestamp: t.String()\n      }),\n      504: t.Object({\n        success: t.Boolean(),\n        error: t.String(),\n        timestamp: t.String()\n      })\n    },\n    detail: {\n      summary: \"Register a new user (student or supervisor)\",\n      tags: [\"Auth\"]\n    }\n  }).get(\"/profile\", async ({ user }) => {\n    return {\n      success: !0,\n      data: {\n        id: user.id,\n        email: user.email,\n        role: user.role\n      },\n      error: null,\n      timestamp: new Date().toISOString()\n    };\n  }, {\n    beforeHandle: async (context) => {\n      const tokenMatch = (context.headers.authorization || \"\").match(/bearer\\s+(\\S+)/i), token = tokenMatch ? tokenMatch[1] : null;\n      if (!token) {\n        context.set.status = 401;\n        throw new Error(\"Authentication required\");\n      }\n      const payload = await context.jwt.verify(token);\n      if (!payload || !payload.userId) {\n        context.set.status = 401;\n        throw new Error(\"Invalid or expired token\");\n      }\n      const user = await User.findById(payload.userId).select(\"-password\");\n      if (!user) {\n        context.set.status = 404;\n        throw new Error(\"User not found\");\n      }\n      context.user = { id: user._id.toString(), email: user.email, role: user.role };\n    },\n    response: {\n      200: t.Object({\n        success: t.Boolean(),\n        data: t.Object({\n          id: t.String(),\n          email: t.String(),\n          role: t.String()\n        }),\n        error: t.Optional(t.Union([t.String(), t.Null()])),\n        timestamp: t.String()\n      }),\n      401: t.Object({\n        success: t.Boolean(),\n        error: t.String(),\n        timestamp: t.String()\n      }),\n      500: t.Object({\n        success: t.Boolean(),\n        error: t.String(),\n        timestamp: t.String()\n      })\n    },\n    detail: {\n      summary: \"Get authenticated user profile\",\n      tags: [\"Auth\"]\n    }\n  }).post.put' is undefined)\n    at <anonymous> (/home/swadhin/r/server/src/routes/authRoutes.js:178:8)\n    at group (/home/swadhin/r/server/node_modules/elysia/src/index.ts:2919:38)\n    at _use (/home/swadhin/r/server/node_modules/elysia/src/index.ts:3748:21)\n    at <anonymous> (/home/swadhin/r/server/src/index.js:418:6)\n    at group (/home/swadhin/r/server/node_modules/elysia/src/index.ts:2919:38)\n    at /home/swadhin/r/server/src/index.js:415:5\n    at moduleEvaluation (native)\n    at moduleEvaluation (native)\n    at <anonymous> (native:2)\n    at processTicksAndRejections (native:7:39)","timestamp":"2025-04-11 16:34:17.071"}
{"level":"info","message":"Attempting to connect to MongoDB database","service":"research-mgmt-api","timestamp":"2025-04-11 16:35:25.568"}
{"level":"info","message":"Attempting to connect to MongoDB...","service":"research-mgmt-api","timestamp":"2025-04-11 16:35:25.569"}
{"__isStorageError":true,"level":"error","message":"Error checking storage bucket: Unable to connect. Is the computer able to access the url?","name":"StorageUnknownError","originalError":{"code":"ConnectionRefused","errno":0,"path":"https://xzlkieyjnyueayktyxud.supabase.co/storage/v1/bucket/team-chat-attachments"},"service":"research-mgmt-api","stack":"StorageUnknownError: Unable to connect. Is the computer able to access the url?\n    at new StorageError (/home/swadhin/r/server/node_modules/@supabase/storage-js/dist/main/lib/errors.js:6:9)\n    at new StorageUnknownError (/home/swadhin/r/server/node_modules/@supabase/storage-js/dist/main/lib/errors.js:33:9)\n    at <anonymous> (/home/swadhin/r/server/node_modules/@supabase/storage-js/dist/main/lib/fetch.js:29:29)\n    at fulfilled (/home/swadhin/r/server/node_modules/@supabase/storage-js/dist/main/lib/fetch.js:5:58)\n    at processTicksAndRejections (native:7:39)","timestamp":"2025-04-11 16:35:25.591"}
{"__isStorageError":true,"level":"error","message":"Failed to initialize storage bucket: Unable to connect. Is the computer able to access the url?","name":"StorageUnknownError","originalError":{"code":"ConnectionRefused","errno":0,"path":"https://xzlkieyjnyueayktyxud.supabase.co/storage/v1/bucket/team-chat-attachments"},"service":"research-mgmt-api","stack":"StorageUnknownError: Unable to connect. Is the computer able to access the url?\n    at new StorageError (/home/swadhin/r/server/node_modules/@supabase/storage-js/dist/main/lib/errors.js:6:9)\n    at new StorageUnknownError (/home/swadhin/r/server/node_modules/@supabase/storage-js/dist/main/lib/errors.js:33:9)\n    at <anonymous> (/home/swadhin/r/server/node_modules/@supabase/storage-js/dist/main/lib/fetch.js:29:29)\n    at fulfilled (/home/swadhin/r/server/node_modules/@supabase/storage-js/dist/main/lib/fetch.js:5:58)\n    at processTicksAndRejections (native:7:39)","timestamp":"2025-04-11 16:35:25.591"}
{"error":{"code":"ESERVFAIL","errno":3,"hostname":"_mongodb._tcp.testcx.tvoe17p.mongodb.net","name":"DNSException","syscall":"querySrv"},"level":"error","message":"Error connecting to MongoDB: querySrv ESERVFAIL _mongodb._tcp.testcx.tvoe17p.mongodb.net","mongoUriRedacted":"mongodb+srv://****:****@testcx.tvoe17p.mongodb.net/?retryWrites=true&w=majority&appName=testcx","service":"research-mgmt-api","timestamp":"2025-04-11 16:35:25.592"}
{"level":"info","message":"Retrying connection in 5000ms (Attempt 1 of 5)","service":"research-mgmt-api","timestamp":"2025-04-11 16:35:25.592"}
{"level":"info","message":"Attempting to connect to MongoDB...","service":"research-mgmt-api","timestamp":"2025-04-11 16:35:30.593"}
{"error":{"code":"ESERVFAIL","errno":3,"hostname":"_mongodb._tcp.testcx.tvoe17p.mongodb.net","name":"DNSException","syscall":"querySrv"},"level":"error","message":"Error connecting to MongoDB: querySrv ESERVFAIL _mongodb._tcp.testcx.tvoe17p.mongodb.net","mongoUriRedacted":"mongodb+srv://****:****@testcx.tvoe17p.mongodb.net/?retryWrites=true&w=majority&appName=testcx","service":"research-mgmt-api","timestamp":"2025-04-11 16:35:30.595"}
{"level":"info","message":"Retrying connection in 5000ms (Attempt 2 of 5)","service":"research-mgmt-api","timestamp":"2025-04-11 16:35:30.595"}
{"level":"info","message":"Attempting to connect to MongoDB...","service":"research-mgmt-api","timestamp":"2025-04-11 16:35:35.595"}
{"error":{"code":"ESERVFAIL","errno":3,"hostname":"_mongodb._tcp.testcx.tvoe17p.mongodb.net","name":"DNSException","syscall":"querySrv"},"level":"error","message":"Error connecting to MongoDB: querySrv ESERVFAIL _mongodb._tcp.testcx.tvoe17p.mongodb.net","mongoUriRedacted":"mongodb+srv://****:****@testcx.tvoe17p.mongodb.net/?retryWrites=true&w=majority&appName=testcx","service":"research-mgmt-api","timestamp":"2025-04-11 16:35:35.597"}
{"level":"info","message":"Retrying connection in 5000ms (Attempt 3 of 5)","service":"research-mgmt-api","timestamp":"2025-04-11 16:35:35.597"}
{"level":"info","message":"Attempting to connect to MongoDB database","service":"research-mgmt-api","timestamp":"2025-04-11 16:38:24.474"}
{"level":"info","message":"Attempting to connect to MongoDB...","service":"research-mgmt-api","timestamp":"2025-04-11 16:38:24.475"}
{"level":"info","message":"MongoDB Connected: ac-xdpuchx-shard-00-01.tvoe17p.mongodb.net","service":"research-mgmt-api","timestamp":"2025-04-11 16:38:25.500"}
{"level":"info","message":"✅ MongoDB connection established successfully","service":"research-mgmt-api","timestamp":"2025-04-11 16:38:25.500"}
{"level":"info","message":"🚀 Server running on port 300000","service":"research-mgmt-api","timestamp":"2025-04-11 16:38:25.505"}
{"level":"info","message":"MongoDB connection state: 1","service":"research-mgmt-api","timestamp":"2025-04-11 16:38:48.728"}
{"level":"info","message":"Login attempt for user: teststudent1@gmail.com","service":"research-mgmt-api","timestamp":"2025-04-11 16:38:48.728"}
{"level":"info","message":"Verifying password for user: teststudent1@gmail.com","service":"research-mgmt-api","timestamp":"2025-04-11 16:38:48.786"}
{"level":"info","message":"Login successful for user: teststudent1@gmail.com","service":"research-mgmt-api","timestamp":"2025-04-11 16:38:48.806"}
{"level":"info","message":"HTTP POST /api/auth/login - 200 (80ms)","service":"research-mgmt-api","timestamp":"2025-04-11 16:38:48.807"}
{"level":"error","message":"HTTP GET /api/auth/login - 404 (0ms) Error: Route not found","service":"research-mgmt-api","timestamp":"2025-04-11 16:39:36.418"}
{"level":"error","message":"HTTP GET /api/auth/login - 404 (0ms) Error: Route not found","service":"research-mgmt-api","timestamp":"2025-04-11 16:39:38.434"}
{"level":"error","message":"HTTP GET /api/auth/login - 404 (0ms) Error: Route not found","service":"research-mgmt-api","timestamp":"2025-04-11 16:39:55.184"}
{"level":"error","message":"HTTP GET /api/auth/login - 404 (0ms) Error: Route not found","service":"research-mgmt-api","timestamp":"2025-04-11 16:39:56.037"}
{"level":"info","message":"Attempting to connect to MongoDB database","service":"research-mgmt-api","timestamp":"2025-04-11 16:59:22.630"}
{"level":"info","message":"Attempting to connect to MongoDB...","service":"research-mgmt-api","timestamp":"2025-04-11 16:59:22.631"}
{"level":"info","message":"MongoDB Connected: ac-xdpuchx-shard-00-00.tvoe17p.mongodb.net","service":"research-mgmt-api","timestamp":"2025-04-11 16:59:23.407"}
{"level":"info","message":"✅ MongoDB connection established successfully","service":"research-mgmt-api","timestamp":"2025-04-11 16:59:23.408"}
{"level":"info","message":"🚀 Server running on port 300000","service":"research-mgmt-api","timestamp":"2025-04-11 16:59:23.412"}
{"level":"info","message":"MongoDB connection state: 1","service":"research-mgmt-api","timestamp":"2025-04-11 17:00:54.861"}
{"level":"info","message":"Login attempt for user: teststudent1@gmail.com","service":"research-mgmt-api","timestamp":"2025-04-11 17:00:54.861"}
{"level":"info","message":"Verifying password for user: teststudent1@gmail.com","service":"research-mgmt-api","timestamp":"2025-04-11 17:00:54.919"}
{"level":"info","message":"Login successful for user: teststudent1@gmail.com","service":"research-mgmt-api","timestamp":"2025-04-11 17:00:54.940"}
{"level":"info","message":"HTTP POST /api/auth/login - 200 (81ms)","service":"research-mgmt-api","timestamp":"2025-04-11 17:00:54.940"}
{"level":"info","message":"MongoDB connection state: 1","service":"research-mgmt-api","timestamp":"2025-04-11 17:01:09.644"}
{"level":"info","message":"Login attempt for user: teststudent1@gmail.com","service":"research-mgmt-api","timestamp":"2025-04-11 17:01:09.644"}
{"level":"info","message":"Verifying password for user: teststudent1@gmail.com","service":"research-mgmt-api","timestamp":"2025-04-11 17:01:09.697"}
{"level":"info","message":"Login successful for user: teststudent1@gmail.com","service":"research-mgmt-api","timestamp":"2025-04-11 17:01:09.710"}
{"level":"info","message":"HTTP POST /api/auth/login - 200 (67ms)","service":"research-mgmt-api","timestamp":"2025-04-11 17:01:09.710"}
{"level":"info","message":"MongoDB connection state: 1","service":"research-mgmt-api","timestamp":"2025-04-11 17:02:34.360"}
{"level":"info","message":"Login attempt for user: teststudent1@gmail.com","service":"research-mgmt-api","timestamp":"2025-04-11 17:02:34.360"}
{"level":"info","message":"Verifying password for user: teststudent1@gmail.com","service":"research-mgmt-api","timestamp":"2025-04-11 17:02:34.414"}
{"level":"info","message":"Login successful for user: teststudent1@gmail.com","service":"research-mgmt-api","timestamp":"2025-04-11 17:02:34.429"}
{"level":"info","message":"HTTP POST /api/auth/login - 200 (70ms)","service":"research-mgmt-api","timestamp":"2025-04-11 17:02:34.430"}
{"external":"31 MB","heapTotal":"30 MB","heapUsed":"54 MB","level":"info","message":"Memory usage stats:","rss":"234 MB","service":"research-mgmt-api","timestamp":"2025-04-11 17:04:22.639"}
{"external":"22 MB","heapTotal":"29 MB","heapUsed":"41 MB","level":"info","message":"Memory usage stats:","rss":"227 MB","service":"research-mgmt-api","timestamp":"2025-04-11 17:09:22.641"}
{"level":"info","message":"Attempting to connect to MongoDB database","service":"research-mgmt-api","timestamp":"2025-04-11 17:12:19.246"}
{"level":"info","message":"Attempting to connect to MongoDB...","service":"research-mgmt-api","timestamp":"2025-04-11 17:12:19.247"}
{"level":"info","message":"MongoDB Connected: ac-xdpuchx-shard-00-01.tvoe17p.mongodb.net","service":"research-mgmt-api","timestamp":"2025-04-11 17:12:19.973"}
{"level":"info","message":"✅ MongoDB connection established successfully","service":"research-mgmt-api","timestamp":"2025-04-11 17:12:19.974"}
{"level":"info","message":"🚀 Server running on port 300000","service":"research-mgmt-api","timestamp":"2025-04-11 17:12:19.981"}
{"error":"JSON.stringify cannot serialize BigInt.","level":"error","location":"uncaughtException handler","message":"Uncaught Exception:","service":"research-mgmt-api","stack":"TypeError: JSON.stringify cannot serialize BigInt.\n    at json (unknown)\n    at createStaticHandler (/home/swadhin/r/server/node_modules/elysia/src/adapter/web-standard/handler.ts:1005:19)\n    at add (/home/swadhin/r/server/node_modules/elysia/src/index.ts:754:15)\n    at put (/home/swadhin/r/server/node_modules/elysia/src/index.ts:4435:8)\n    at <anonymous> (/home/swadhin/r/server/src/routes/authRoutes.js:225:8)\n    at group (/home/swadhin/r/server/node_modules/elysia/src/index.ts:2919:38)\n    at _use (/home/swadhin/r/server/node_modules/elysia/src/index.ts:3748:21)\n    at <anonymous> (/home/swadhin/r/server/src/index.js:413:6)\n    at group (/home/swadhin/r/server/node_modules/elysia/src/index.ts:2919:38)\n    at /home/swadhin/r/server/src/index.js:410:5","timestamp":"2025-04-11 17:12:23.171"}
{"error":"Can't find variable: teamMemberSchema","level":"error","location":"uncaughtException handler","message":"Uncaught Exception:","service":"research-mgmt-api","stack":"ReferenceError: Can't find variable: teamMemberSchema\n    at /home/swadhin/r/server/src/routes/dashboardRoutes.js:48:50\n    at moduleEvaluation (native)\n    at moduleEvaluation (native)\n    at moduleEvaluation (native)\n    at <anonymous> (native:2)\n    at processTicksAndRejections (native:7:39)","timestamp":"2025-04-11 17:27:16.108"}
{"error":"Can't find variable: jwtConfig","level":"error","location":"uncaughtException handler","message":"Uncaught Exception:","service":"research-mgmt-api","stack":"ReferenceError: Can't find variable: jwtConfig\n    at /home/swadhin/r/server/src/index.js:157:22\n    at moduleEvaluation (native)\n    at moduleEvaluation (native)\n    at <anonymous> (native:2)\n    at processTicksAndRejections (native:7:39)","timestamp":"2025-04-11 17:28:54.987"}
{"level":"info","message":"Attempting to connect to MongoDB database","service":"research-mgmt-api","timestamp":"2025-04-11 17:30:43.550"}
{"level":"info","message":"Attempting to connect to MongoDB...","service":"research-mgmt-api","timestamp":"2025-04-11 17:30:43.550"}
{"level":"info","message":"MongoDB Connected: ac-xdpuchx-shard-00-02.tvoe17p.mongodb.net","service":"research-mgmt-api","timestamp":"2025-04-11 17:30:44.675"}
{"level":"info","message":"✅ MongoDB connection established successfully","service":"research-mgmt-api","timestamp":"2025-04-11 17:30:44.675"}
{"level":"info","message":"🚀 Server running on port 300000","service":"research-mgmt-api","timestamp":"2025-04-11 17:30:44.679"}
{"level":"info","message":"MongoDB connection state: 1","service":"research-mgmt-api","timestamp":"2025-04-11 17:30:53.991"}
{"level":"info","message":"Login attempt for user: teststudent1@gmail.com","service":"research-mgmt-api","timestamp":"2025-04-11 17:30:53.991"}
{"level":"info","message":"Verifying password for user: teststudent1@gmail.com","service":"research-mgmt-api","timestamp":"2025-04-11 17:30:54.047"}
{"level":"info","message":"Login successful for user: teststudent1@gmail.com","service":"research-mgmt-api","timestamp":"2025-04-11 17:30:54.065"}
{"level":"info","message":"HTTP POST /api/auth/login - 200 (75ms)","service":"research-mgmt-api","timestamp":"2025-04-11 17:30:54.065"}
{"level":"warn","message":"Unauthorized access attempt to: GET /notifications","service":"research-mgmt-api","timestamp":"2025-04-11 17:30:54.103"}
{"level":"warn","message":"Unauthorized access attempt to: GET /notifications/unread/count","service":"research-mgmt-api","timestamp":"2025-04-11 17:30:54.107"}
{"level":"warn","message":"Unauthorized access attempt to: GET /api/dashboard/student","service":"research-mgmt-api","timestamp":"2025-04-11 17:31:05.233"}
{"level":"warn","message":"Unauthorized access attempt to: GET /favicon.ico","service":"research-mgmt-api","timestamp":"2025-04-11 17:31:05.543"}
{"level":"info","message":"Attempting to connect to MongoDB database","service":"research-mgmt-api","timestamp":"2025-04-11 17:32:26.715"}
{"level":"info","message":"Attempting to connect to MongoDB...","service":"research-mgmt-api","timestamp":"2025-04-11 17:32:26.716"}
{"level":"info","message":"MongoDB Connected: ac-xdpuchx-shard-00-02.tvoe17p.mongodb.net","service":"research-mgmt-api","timestamp":"2025-04-11 17:32:27.768"}
{"level":"info","message":"✅ MongoDB connection established successfully","service":"research-mgmt-api","timestamp":"2025-04-11 17:32:27.768"}
{"level":"info","message":"🚀 Server running on port 300000","service":"research-mgmt-api","timestamp":"2025-04-11 17:32:27.774"}
{"level":"info","message":"Attempting to connect to MongoDB database","service":"research-mgmt-api","timestamp":"2025-04-11 17:32:28.369"}
{"level":"info","message":"Attempting to connect to MongoDB...","service":"research-mgmt-api","timestamp":"2025-04-11 17:32:28.370"}
{"level":"info","message":"MongoDB Connected: ac-xdpuchx-shard-00-02.tvoe17p.mongodb.net","service":"research-mgmt-api","timestamp":"2025-04-11 17:32:29.045"}
{"level":"info","message":"✅ MongoDB connection established successfully","service":"research-mgmt-api","timestamp":"2025-04-11 17:32:29.046"}
{"level":"info","message":"🚀 Server running on port 300000","service":"research-mgmt-api","timestamp":"2025-04-11 17:32:29.051"}
{"level":"warn","message":"Unauthorized access attempt to: GET /notifications","service":"research-mgmt-api","timestamp":"2025-04-11 17:32:51.768"}
{"level":"warn","message":"Unauthorized access attempt to: GET /notifications/unread/count","service":"research-mgmt-api","timestamp":"2025-04-11 17:32:51.770"}
{"level":"warn","message":"Unauthorized access attempt to: GET /api/dashboard/student","service":"research-mgmt-api","timestamp":"2025-04-11 17:32:52.076"}
{"level":"info","message":"Attempting to connect to MongoDB database","service":"research-mgmt-api","timestamp":"2025-04-11 17:33:03.171"}
{"level":"info","message":"Attempting to connect to MongoDB...","service":"research-mgmt-api","timestamp":"2025-04-11 17:33:03.172"}
{"level":"info","message":"MongoDB Connected: ac-xdpuchx-shard-00-02.tvoe17p.mongodb.net","service":"research-mgmt-api","timestamp":"2025-04-11 17:33:03.846"}
{"level":"info","message":"✅ MongoDB connection established successfully","service":"research-mgmt-api","timestamp":"2025-04-11 17:33:03.846"}
{"level":"info","message":"🚀 Server running on port 300000","service":"research-mgmt-api","timestamp":"2025-04-11 17:33:03.851"}
{"level":"info","message":"Attempting to connect to MongoDB database","service":"research-mgmt-api","timestamp":"2025-04-11 17:34:36.444"}
{"level":"info","message":"Attempting to connect to MongoDB...","service":"research-mgmt-api","timestamp":"2025-04-11 17:34:36.445"}
{"level":"info","message":"Attempting to connect to MongoDB database","service":"research-mgmt-api","timestamp":"2025-04-11 17:34:37.043"}
{"level":"info","message":"Attempting to connect to MongoDB...","service":"research-mgmt-api","timestamp":"2025-04-11 17:34:37.043"}
{"level":"info","message":"MongoDB Connected: ac-xdpuchx-shard-00-00.tvoe17p.mongodb.net","service":"research-mgmt-api","timestamp":"2025-04-11 17:34:37.735"}
{"level":"info","message":"✅ MongoDB connection established successfully","service":"research-mgmt-api","timestamp":"2025-04-11 17:34:37.735"}
{"level":"info","message":"🚀 Server running on port 300000","service":"research-mgmt-api","timestamp":"2025-04-11 17:34:37.740"}
{"level":"info","message":"Attempting to connect to MongoDB database","service":"research-mgmt-api","timestamp":"2025-04-11 17:35:11.659"}
{"level":"info","message":"Attempting to connect to MongoDB...","service":"research-mgmt-api","timestamp":"2025-04-11 17:35:11.660"}
{"level":"info","message":"MongoDB Connected: ac-xdpuchx-shard-00-02.tvoe17p.mongodb.net","service":"research-mgmt-api","timestamp":"2025-04-11 17:35:12.294"}
{"level":"info","message":"✅ MongoDB connection established successfully","service":"research-mgmt-api","timestamp":"2025-04-11 17:35:12.294"}
{"level":"info","message":"🚀 Server running on port 300000","service":"research-mgmt-api","timestamp":"2025-04-11 17:35:12.299"}
{"level":"info","message":"Attempting to connect to MongoDB database","service":"research-mgmt-api","timestamp":"2025-04-11 17:35:19.186"}
{"level":"info","message":"Attempting to connect to MongoDB...","service":"research-mgmt-api","timestamp":"2025-04-11 17:35:19.187"}
{"level":"info","message":"MongoDB Connected: ac-xdpuchx-shard-00-02.tvoe17p.mongodb.net","service":"research-mgmt-api","timestamp":"2025-04-11 17:35:19.848"}
{"level":"info","message":"✅ MongoDB connection established successfully","service":"research-mgmt-api","timestamp":"2025-04-11 17:35:19.849"}
{"level":"info","message":"🚀 Server running on port 300000","service":"research-mgmt-api","timestamp":"2025-04-11 17:35:19.855"}
{"level":"info","message":"Attempting to connect to MongoDB database","service":"research-mgmt-api","timestamp":"2025-04-11 17:36:15.319"}
{"level":"info","message":"Attempting to connect to MongoDB...","service":"research-mgmt-api","timestamp":"2025-04-11 17:36:15.320"}
{"level":"info","message":"MongoDB Connected: ac-xdpuchx-shard-00-01.tvoe17p.mongodb.net","service":"research-mgmt-api","timestamp":"2025-04-11 17:36:16.094"}
{"level":"info","message":"✅ MongoDB connection established successfully","service":"research-mgmt-api","timestamp":"2025-04-11 17:36:16.095"}
{"level":"info","message":"🚀 Server running on port 300000","service":"research-mgmt-api","timestamp":"2025-04-11 17:36:16.101"}
{"level":"info","message":"Attempting to connect to MongoDB database","service":"research-mgmt-api","timestamp":"2025-04-11 17:36:21.935"}
{"level":"info","message":"Attempting to connect to MongoDB...","service":"research-mgmt-api","timestamp":"2025-04-11 17:36:21.936"}
{"level":"info","message":"Attempting to connect to MongoDB database","service":"research-mgmt-api","timestamp":"2025-04-11 17:36:22.626"}
{"level":"info","message":"Attempting to connect to MongoDB...","service":"research-mgmt-api","timestamp":"2025-04-11 17:36:22.627"}
{"level":"info","message":"MongoDB Connected: ac-xdpuchx-shard-00-01.tvoe17p.mongodb.net","service":"research-mgmt-api","timestamp":"2025-04-11 17:36:23.278"}
{"level":"info","message":"✅ MongoDB connection established successfully","service":"research-mgmt-api","timestamp":"2025-04-11 17:36:23.278"}
{"level":"info","message":"🚀 Server running on port 300000","service":"research-mgmt-api","timestamp":"2025-04-11 17:36:23.283"}
{"level":"info","message":"Attempting to connect to MongoDB database","service":"research-mgmt-api","timestamp":"2025-04-11 17:36:34.404"}
{"level":"info","message":"Attempting to connect to MongoDB...","service":"research-mgmt-api","timestamp":"2025-04-11 17:36:34.405"}
{"level":"info","message":"MongoDB Connected: ac-xdpuchx-shard-00-01.tvoe17p.mongodb.net","service":"research-mgmt-api","timestamp":"2025-04-11 17:36:35.064"}
{"level":"info","message":"✅ MongoDB connection established successfully","service":"research-mgmt-api","timestamp":"2025-04-11 17:36:35.065"}
{"level":"info","message":"🚀 Server running on port 300000","service":"research-mgmt-api","timestamp":"2025-04-11 17:36:35.070"}
{"level":"info","message":"Attempting to connect to MongoDB database","service":"research-mgmt-api","timestamp":"2025-04-11 17:36:38.678"}
{"level":"info","message":"Attempting to connect to MongoDB...","service":"research-mgmt-api","timestamp":"2025-04-11 17:36:38.679"}
{"level":"info","message":"Attempting to connect to MongoDB database","service":"research-mgmt-api","timestamp":"2025-04-11 17:36:39.078"}
{"level":"info","message":"Attempting to connect to MongoDB...","service":"research-mgmt-api","timestamp":"2025-04-11 17:36:39.078"}
{"level":"info","message":"MongoDB Connected: ac-xdpuchx-shard-00-01.tvoe17p.mongodb.net","service":"research-mgmt-api","timestamp":"2025-04-11 17:36:39.715"}
{"level":"info","message":"✅ MongoDB connection established successfully","service":"research-mgmt-api","timestamp":"2025-04-11 17:36:39.716"}
{"level":"info","message":"🚀 Server running on port 300000","service":"research-mgmt-api","timestamp":"2025-04-11 17:36:39.722"}
{"level":"info","message":"JWT helper initialized","service":"research-mgmt-api","timestamp":"2025-04-11 17:54:16.836"}
{"level":"info","message":"JWT helper initialized","service":"research-mgmt-api","timestamp":"2025-04-11 17:55:09.734"}
{"level":"info","message":"JWT helper initialized","service":"research-mgmt-api","timestamp":"2025-04-11 18:43:42.161"}
{"level":"info","message":"Attempting to connect to MongoDB database","service":"research-mgmt-api","timestamp":"2025-04-11 18:43:42.207"}
{"level":"info","message":"Attempting to connect to MongoDB...","service":"research-mgmt-api","timestamp":"2025-04-11 18:43:42.208"}
{"level":"error","message":"HTTP GET / - 404 (0ms) Error: Route not found","service":"research-mgmt-api","timestamp":"2025-04-11 18:43:42.916"}
{"level":"info","message":"MongoDB Connected: ac-xdpuchx-shard-00-01.tvoe17p.mongodb.net","service":"research-mgmt-api","timestamp":"2025-04-11 18:43:42.983"}
{"level":"info","message":"✅ MongoDB connection established successfully","service":"research-mgmt-api","timestamp":"2025-04-11 18:43:42.983"}
{"level":"info","message":"🚀 Server running on port 300000","service":"research-mgmt-api","timestamp":"2025-04-11 18:43:42.987"}
{"level":"error","message":"HTTP GET / - 404 (0ms) Error: Route not found","service":"research-mgmt-api","timestamp":"2025-04-11 18:43:44.955"}
{"level":"error","message":"HTTP GET /health - 404 (0ms) Error: Route not found","service":"research-mgmt-api","timestamp":"2025-04-11 18:43:44.956"}
{"level":"error","message":"HTTP GET /api/auth/login - 404 (0ms) Error: Route not found","service":"research-mgmt-api","timestamp":"2025-04-11 18:43:44.956"}
{"level":"error","message":"HTTP GET /api/auth/register - 404 (0ms) Error: Route not found","service":"research-mgmt-api","timestamp":"2025-04-11 18:43:44.958"}
{"level":"info","message":"HTTP GET /swagger - 200 (0ms)","service":"research-mgmt-api","timestamp":"2025-04-11 18:43:44.959"}
{"level":"info","message":"MongoDB connection state: 1","service":"research-mgmt-api","timestamp":"2025-04-11 18:43:44.964"}
{"level":"info","message":"Login attempt for user: test-user-1744375424949@example.com","service":"research-mgmt-api","timestamp":"2025-04-11 18:43:44.964"}
{"level":"warn","message":"Login failed: No user found with email test-user-1744375424949@example.com","service":"research-mgmt-api","timestamp":"2025-04-11 18:43:45.017"}
{"level":"error","message":"Login error: Invalid email or password","name":"UnauthorizedError","service":"research-mgmt-api","stack":"UnauthorizedError: Invalid email or password\n    at <anonymous> (/home/swadhin/r/server/src/controllers/authController.js:277:17)\n    at processTicksAndRejections (native:7:39)","status":401,"timestamp":"2025-04-11 18:43:45.017"}
{"level":"error","message":"HTTP POST /api/auth/login - 401 (54ms) Error: Invalid email or password","service":"research-mgmt-api","timestamp":"2025-04-11 18:43:45.017"}
{"level":"info","message":"JWT helper initialized","service":"research-mgmt-api","timestamp":"2025-04-11 18:45:32.209"}
{"level":"info","message":"Attempting to connect to MongoDB database","service":"research-mgmt-api","timestamp":"2025-04-11 18:45:32.256"}
{"level":"info","message":"Attempting to connect to MongoDB...","service":"research-mgmt-api","timestamp":"2025-04-11 18:45:32.256"}
{"level":"info","message":"MongoDB Connected: ac-xdpuchx-shard-00-01.tvoe17p.mongodb.net","service":"research-mgmt-api","timestamp":"2025-04-11 18:45:33.315"}
{"level":"info","message":"✅ MongoDB connection established successfully","service":"research-mgmt-api","timestamp":"2025-04-11 18:45:33.315"}
{"level":"info","message":"🚀 Server running on port 300000","service":"research-mgmt-api","timestamp":"2025-04-11 18:45:33.320"}
{"level":"info","message":"JWT helper initialized","service":"research-mgmt-api","timestamp":"2025-04-11 18:46:24.618"}
{"level":"info","message":"Attempting to connect to MongoDB database","service":"research-mgmt-api","timestamp":"2025-04-11 18:46:24.664"}
{"level":"info","message":"Attempting to connect to MongoDB...","service":"research-mgmt-api","timestamp":"2025-04-11 18:46:24.665"}
{"level":"info","message":"MongoDB Connected: ac-xdpuchx-shard-00-01.tvoe17p.mongodb.net","service":"research-mgmt-api","timestamp":"2025-04-11 18:46:25.350"}
{"level":"info","message":"✅ MongoDB connection established successfully","service":"research-mgmt-api","timestamp":"2025-04-11 18:46:25.351"}
{"level":"info","message":"🚀 Server running on port 300000","service":"research-mgmt-api","timestamp":"2025-04-11 18:46:25.356"}
{"external":"28 MB","heapTotal":"29 MB","heapUsed":"51 MB","level":"info","message":"Memory usage stats:","rss":"210 MB","service":"research-mgmt-api","timestamp":"2025-04-11 18:51:24.671"}
{"level":"error","message":"HTTP GET / - 404 (0ms) Error: Route not found","service":"research-mgmt-api","timestamp":"2025-04-11 18:51:24.855"}
{"level":"error","message":"HTTP GET /health/db - 404 (0ms) Error: Route not found","service":"research-mgmt-api","timestamp":"2025-04-11 18:51:24.856"}
{"level":"error","message":"HTTP POST /api/setup/superadmin - 404 (0ms) Error: Route not found","service":"research-mgmt-api","timestamp":"2025-04-11 18:51:24.856"}
{"level":"info","message":"MongoDB connection state: 1","service":"research-mgmt-api","timestamp":"2025-04-11 18:51:24.862"}
{"level":"info","message":"Login attempt for user: superadmin@research.edu","service":"research-mgmt-api","timestamp":"2025-04-11 18:51:24.862"}
{"level":"warn","message":"Login failed: No user found with email superadmin@research.edu","service":"research-mgmt-api","timestamp":"2025-04-11 18:51:24.918"}
{"level":"error","message":"Login error: Invalid email or password","name":"UnauthorizedError","service":"research-mgmt-api","stack":"UnauthorizedError: Invalid email or password\n    at <anonymous> (/home/swadhin/r/server/src/controllers/authController.js:277:17)\n    at processTicksAndRejections (native:7:39)","status":401,"timestamp":"2025-04-11 18:51:24.918"}
{"level":"error","message":"HTTP POST /api/auth/login - 401 (57ms) Error: Invalid email or password","service":"research-mgmt-api","timestamp":"2025-04-11 18:51:24.918"}
{"code":"VALIDATION","level":"error","message":"Application error: {\n  \"type\": \"validation\",\n  \"on\": \"body\",\n  \"summary\": \"Property 'role' should be one of: 'string', 'string'\",\n  \"property\": \"/role\",\n  \"message\": \"Expected union value\",\n  \"expected\": {\n    \"type\": \"Could not create expected value\",\n    \"message\": \"String types with formats must specify a default value\",\n    \"error\": {\n      \"schema\": {\n        \"format\": \"email\",\n        \"type\": \"string\"\n      }\n    }\n  },\n  \"found\": {\n    \"email\": \"test-admin-1744375884919@research.edu\",\n    \"password\": \"TestPassword123!\",\n    \"fullName\": \"Test Admin\",\n    \"role\": \"admin\",\n    \"department\": \"Computer Science\"\n  },\n  \"errors\": [\n    {\n      \"type\": 62,\n      \"schema\": {\n        \"anyOf\": [\n          {\n            \"const\": \"student\",\n            \"type\": \"string\"\n          },\n          {\n            \"const\": \"supervisor\",\n            \"type\": \"string\"\n          }\n        ]\n      },\n      \"path\": \"/role\",\n      \"value\": \"admin\",\n      \"message\": \"Expected union value\",\n      \"errors\": [\n        {\n          \"iterator\": {}\n        },\n        {\n          \"iterator\": {}\n        }\n      ],\n      \"summary\": \"Property 'role' should be one of: 'string', 'string'\"\n    }\n  ]\n}","service":"research-mgmt-api","stack":"Error: {\n  \"type\": \"validation\",\n  \"on\": \"body\",\n  \"summary\": \"Property 'role' should be one of: 'string', 'string'\",\n  \"property\": \"/role\",\n  \"message\": \"Expected union value\",\n  \"expected\": {\n    \"type\": \"Could not create expected value\",\n    \"message\": \"String types with formats must specify a default value\",\n    \"error\": {\n      \"schema\": {\n        \"format\": \"email\",\n        \"type\": \"string\"\n      }\n    }\n  },\n  \"found\": {\n    \"email\": \"test-admin-1744375884919@research.edu\",\n    \"password\": \"TestPassword123!\",\n    \"fullName\": \"Test Admin\",\n    \"role\": \"admin\",\n    \"department\": \"Computer Science\"\n  },\n  \"errors\": [\n    {\n      \"type\": 62,\n      \"schema\": {\n        \"anyOf\": [\n          {\n            \"const\": \"student\",\n            \"type\": \"string\"\n          },\n          {\n            \"const\": \"supervisor\",\n            \"type\": \"string\"\n          }\n        ]\n      },\n      \"path\": \"/role\",\n      \"value\": \"admin\",\n      \"message\": \"Expected union value\",\n      \"errors\": [\n        {\n          \"iterator\": {}\n        },\n        {\n          \"iterator\": {}\n        }\n      ],\n      \"summary\": \"Property 'role' should be one of: 'string', 'string'\"\n    }\n  ]\n}\n    at new ValidationError (/home/swadhin/r/server/node_modules/elysia/src/error.ts:264:3)\n    at <anonymous> (file:///home/swadhin/r/server/node_modules/elysia/dist/bun/index.js:44:84)\n    at processTicksAndRejections (native:7:39)","status":422,"timestamp":"2025-04-11 18:51:24.923","type":"body","validator":{"code":"const local_0 = /^(?=.*[a-z])(?=.*[A-Z])(?=.*\\d)(?=.*[@$!%*?&])[A-Za-z\\d@$!%*?&]{8,}$/;\nreturn function check(value) {\n  return (\n    (typeof value === 'object' && value !== null && !Array.isArray(value)) &&\n    (typeof value.fullName === 'string') &&\n    value.fullName.length <= 50 &&\n    value.fullName.length >= 2 &&\n    (typeof value.email === 'string') &&\n    format('email', value.email) &&\n    (typeof value.password === 'string') &&\n    value.password.length >= 8 &&\n    local_0.test(value.password) &&\n    (((value.role === 'student')) || ((value.role === 'supervisor'))) &&\n    (typeof value.department === 'string') &&\n    value.department.length <= 50 &&\n    value.department.length >= 2 &&\n    (value.studentId !== undefined ? ((typeof value.studentId === 'string')) : true) &&\n    (value.specialization !== undefined ? ((typeof value.specialization === 'string')) : true) &&\n    Object.getOwnPropertyNames(value).every(key => ['fullName', 'email', 'password', 'role', 'department', 'studentId', 'specialization'].includes(key))\n  )\n}","hasTransform":false,"references":[],"schema":{"additionalProperties":false,"properties":{"department":{"maxLength":50,"minLength":2,"type":"string"},"email":{"format":"email","type":"string"},"fullName":{"maxLength":50,"minLength":2,"type":"string"},"password":{"error":"Password must be at least 8 characters long and contain at least one uppercase letter, one lowercase letter, one number, and one special character","minLength":8,"pattern":"^(?=.*[a-z])(?=.*[A-Z])(?=.*\\d)(?=.*[@$!%*?&])[A-Za-z\\d@$!%*?&]{8,}$","type":"string"},"role":{"anyOf":[{"const":"student","type":"string"},{"const":"supervisor","type":"string"}]},"specialization":{"type":"string"},"studentId":{"type":"string"}},"required":["fullName","email","password","role","department"],"type":"object"}},"value":{"department":"Computer Science","email":"test-admin-1744375884919@research.edu","fullName":"Test Admin","password":"TestPassword123!","role":"admin"}}
{"level":"info","message":"MongoDB connection state: 1","service":"research-mgmt-api","timestamp":"2025-04-11 18:51:24.925"}
{"level":"info","message":"Login attempt for user: test-admin-1744375884919@research.edu","service":"research-mgmt-api","timestamp":"2025-04-11 18:51:24.925"}
{"level":"warn","message":"Login failed: No user found with email test-admin-1744375884919@research.edu","service":"research-mgmt-api","timestamp":"2025-04-11 18:51:24.977"}
{"level":"error","message":"Login error: Invalid email or password","name":"UnauthorizedError","service":"research-mgmt-api","stack":"UnauthorizedError: Invalid email or password\n    at <anonymous> (/home/swadhin/r/server/src/controllers/authController.js:277:17)\n    at processTicksAndRejections (native:7:39)","status":401,"timestamp":"2025-04-11 18:51:24.977"}
{"level":"error","message":"HTTP POST /api/auth/login - 401 (53ms) Error: Invalid email or password","service":"research-mgmt-api","timestamp":"2025-04-11 18:51:24.977"}
{"level":"info","message":"MongoDB connection state: 1","service":"research-mgmt-api","timestamp":"2025-04-11 18:51:24.978"}
{"function":"registerUser","level":"info","message":"MongoDB connection verified","service":"research-mgmt-api","state":1,"timestamp":"2025-04-11 18:51:24.979"}
{"function":"registerUser","level":"info","message":"Argon2 hashing verified","service":"research-mgmt-api","success":true,"timestamp":"2025-04-11 18:51:24.998"}
{"error":"Specialization is required for supervisors","function":"registerUser","level":"error","message":"Registration error","requestBody":{"department":"Computer Science","email":"test-supervisor-1744375884977@research.edu","fullName":"Test Supervisor","password":"TestPassword123!","role":"supervisor"},"service":"research-mgmt-api","stack":"ValidationError: Specialization is required for supervisors\n    at new ValidationError (/home/swadhin/r/server/src/utils/validation.js:5:5)\n    at validateRegistration (/home/swadhin/r/server/src/utils/validation.js:88:15)\n    at <anonymous> (/home/swadhin/r/server/src/controllers/authController.js:82:5)\n    at processTicksAndRejections (native:7:39)","timestamp":"2025-04-11 18:51:24.999"}
{"level":"error","message":"HTTP POST /api/auth/register - 500 (21ms) Error: Specialization is required for supervisors","service":"research-mgmt-api","timestamp":"2025-04-11 18:51:24.999"}
{"level":"info","message":"MongoDB connection state: 1","service":"research-mgmt-api","timestamp":"2025-04-11 18:51:25.000"}
{"level":"info","message":"Login attempt for user: test-supervisor-1744375884977@research.edu","service":"research-mgmt-api","timestamp":"2025-04-11 18:51:25.000"}
{"level":"warn","message":"Login failed: No user found with email test-supervisor-1744375884977@research.edu","service":"research-mgmt-api","timestamp":"2025-04-11 18:51:25.052"}
{"level":"error","message":"Login error: Invalid email or password","name":"UnauthorizedError","service":"research-mgmt-api","stack":"UnauthorizedError: Invalid email or password\n    at <anonymous> (/home/swadhin/r/server/src/controllers/authController.js:277:17)\n    at processTicksAndRejections (native:7:39)","status":401,"timestamp":"2025-04-11 18:51:25.052"}
{"level":"error","message":"HTTP POST /api/auth/login - 401 (52ms) Error: Invalid email or password","service":"research-mgmt-api","timestamp":"2025-04-11 18:51:25.052"}
{"level":"info","message":"MongoDB connection state: 1","service":"research-mgmt-api","timestamp":"2025-04-11 18:51:25.053"}
{"function":"registerUser","level":"info","message":"MongoDB connection verified","service":"research-mgmt-api","state":1,"timestamp":"2025-04-11 18:51:25.053"}
{"function":"registerUser","level":"info","message":"Argon2 hashing verified","service":"research-mgmt-api","success":true,"timestamp":"2025-04-11 18:51:25.070"}
{"level":"info","message":"Checking for existing user with email: test-student-1744375885052@research.edu","service":"research-mgmt-api","timestamp":"2025-04-11 18:51:25.070"}
{"level":"info","message":"No existing user found with email: test-student-1744375885052@research.edu. Proceeding with registration.","service":"research-mgmt-api","timestamp":"2025-04-11 18:51:25.122"}
{"level":"info","message":"Creating new user object for: test-student-1744375885052@research.edu","service":"research-mgmt-api","timestamp":"2025-04-11 18:51:25.123"}
{"level":"info","message":"Saving user to database: test-student-1744375885052@research.edu","service":"research-mgmt-api","timestamp":"2025-04-11 18:51:25.125"}
{"level":"info","message":"User successfully saved. ID: 67f9104d367d7142503a90f4, Email: test-student-1744375885052@research.edu","service":"research-mgmt-api","timestamp":"2025-04-11 18:51:25.205"}
{"level":"info","message":"Creating student profile with ID: STU000014","service":"research-mgmt-api","timestamp":"2025-04-11 18:51:25.260"}
{"level":"info","message":"Student profile created successfully: STU000014","service":"research-mgmt-api","timestamp":"2025-04-11 18:51:25.323"}
{"email":"test-student-1744375885052@research.edu","function":"registerUser","level":"info","message":"New user registered successfully","role":"student","service":"research-mgmt-api","timestamp":"2025-04-11 18:51:25.324","userId":"67f9104d367d7142503a90f4"}
{"level":"info","message":"HTTP POST /api/auth/register - 201 (271ms)","service":"research-mgmt-api","timestamp":"2025-04-11 18:51:25.324"}
{"level":"info","message":"MongoDB connection state: 1","service":"research-mgmt-api","timestamp":"2025-04-11 18:51:25.325"}
{"level":"info","message":"Login attempt for user: test-student-1744375885052@research.edu","service":"research-mgmt-api","timestamp":"2025-04-11 18:51:25.325"}
{"level":"info","message":"Verifying password for user: test-student-1744375885052@research.edu","service":"research-mgmt-api","timestamp":"2025-04-11 18:51:25.379"}
{"level":"info","message":"Login successful for user: test-student-1744375885052@research.edu","service":"research-mgmt-api","timestamp":"2025-04-11 18:51:25.394"}
{"level":"info","message":"HTTP POST /api/auth/login - 200 (69ms)","service":"research-mgmt-api","timestamp":"2025-04-11 18:51:25.394"}
{"level":"error","message":"Application error: null is not an object (evaluating 'user.id')","service":"research-mgmt-api","stack":"TypeError: null is not an object (evaluating 'user.id')\n    at <anonymous> (/home/swadhin/r/server/src/routes/authRoutes.js:124:17)\n    at <anonymous> (/home/swadhin/r/server/src/routes/authRoutes.js:120:33)\n    at <anonymous> (file:///home/swadhin/r/server/node_modules/elysia/dist/bun/index.js:16:31)\n    at processTicksAndRejections (native:7:39)","timestamp":"2025-04-11 18:51:25.397"}
{"level":"error","message":"HTTP GET /api/admin/users - 404 (0ms) Error: Route not found","service":"research-mgmt-api","timestamp":"2025-04-11 18:51:25.400"}
{"level":"error","message":"HTTP GET /api/admin/pending-supervisors - 404 (0ms) Error: Route not found","service":"research-mgmt-api","timestamp":"2025-04-11 18:51:25.400"}
{"level":"error","message":"HTTP GET /api/dashboard/student - 404 (0ms) Error: Route not found","service":"research-mgmt-api","timestamp":"2025-04-11 18:51:25.401"}
{"level":"error","message":"HTTP GET /api/analytics/admin/overview - 404 (0ms) Error: Route not found","service":"research-mgmt-api","timestamp":"2025-04-11 18:51:25.401"}
{"level":"error","message":"HTTP GET /api/sessions - 404 (0ms) Error: Route not found","service":"research-mgmt-api","timestamp":"2025-04-11 18:51:25.402"}
{"level":"error","message":"HTTP POST /api/sessions - 404 (0ms) Error: Route not found","service":"research-mgmt-api","timestamp":"2025-04-11 18:51:25.402"}
{"level":"error","message":"HTTP GET /api/teams - 404 (0ms) Error: Route not found","service":"research-mgmt-api","timestamp":"2025-04-11 18:51:25.402"}
{"level":"error","message":"HTTP GET /api/projects - 404 (0ms) Error: Route not found","service":"research-mgmt-api","timestamp":"2025-04-11 18:51:25.403"}
{"level":"error","message":"HTTP GET /api/students/deadlines - 404 (0ms) Error: Route not found","service":"research-mgmt-api","timestamp":"2025-04-11 18:51:25.403"}
{"level":"error","message":"HTTP GET /api/calendar/events - 404 (0ms) Error: Route not found","service":"research-mgmt-api","timestamp":"2025-04-11 18:51:25.404"}
{"level":"info","message":"HTTP GET /api/notifications - 200 (0ms)","service":"research-mgmt-api","timestamp":"2025-04-11 18:51:25.404"}
{"level":"error","message":"HTTP GET /api/milestones - 404 (0ms) Error: Route not found","service":"research-mgmt-api","timestamp":"2025-04-11 18:51:25.405"}
{"level":"error","message":"HTTP GET / - 404 (0ms) Error: Route not found","service":"research-mgmt-api","timestamp":"2025-04-11 18:51:53.533"}
{"level":"info","message":"MongoDB connection state: 1","service":"research-mgmt-api","timestamp":"2025-04-11 18:51:53.534"}
{"level":"info","message":"Login attempt for user: test@example.com","service":"research-mgmt-api","timestamp":"2025-04-11 18:51:53.534"}
{"level":"info","message":"Verifying password for user: test@example.com","service":"research-mgmt-api","timestamp":"2025-04-11 18:51:53.587"}
{"level":"warn","message":"Login failed: Invalid password for user test@example.com","service":"research-mgmt-api","timestamp":"2025-04-11 18:51:53.600"}
{"level":"error","message":"Login error: Invalid email or password","name":"UnauthorizedError","service":"research-mgmt-api","stack":"UnauthorizedError: Invalid email or password\n    at <anonymous> (/home/swadhin/r/server/src/controllers/authController.js:292:17)\n    at processTicksAndRejections (native:7:39)","status":401,"timestamp":"2025-04-11 18:51:53.601"}
{"level":"error","message":"HTTP POST /api/auth/login - 401 (67ms) Error: Invalid email or password","service":"research-mgmt-api","timestamp":"2025-04-11 18:51:53.601"}
{"level":"error","message":"HTTP GET /api/admin/dashboard - 404 (0ms) Error: Route not found","service":"research-mgmt-api","timestamp":"2025-04-11 18:51:53.602"}
{"level":"info","message":"JWT helper initialized","service":"research-mgmt-api","timestamp":"2025-04-11 18:52:30.796"}
{"level":"info","message":"Attempting to connect to MongoDB database","service":"research-mgmt-api","timestamp":"2025-04-11 18:52:30.841"}
{"level":"info","message":"Attempting to connect to MongoDB...","service":"research-mgmt-api","timestamp":"2025-04-11 18:52:30.842"}
{"error":"Failed to start server. Is port 30000 in use?","level":"error","location":"uncaughtException handler","message":"Uncaught Exception:","service":"research-mgmt-api","stack":"Error: Failed to start server. Is port 30000 in use?\n    at serve (unknown)\n    at bun:main:25:49\n    at moduleEvaluation (native)\n    at <anonymous> (native:2)\n    at processTicksAndRejections (native:7:39)","timestamp":"2025-04-11 18:52:30.853"}
{"level":"error","message":"HTTP GET / - 404 (0ms) Error: Route not found","service":"research-mgmt-api","timestamp":"2025-04-11 18:52:41.715"}
{"level":"info","message":"MongoDB connection state: 1","service":"research-mgmt-api","timestamp":"2025-04-11 18:52:41.716"}
{"level":"info","message":"Login attempt for user: test@example.com","service":"research-mgmt-api","timestamp":"2025-04-11 18:52:41.716"}
{"level":"info","message":"Verifying password for user: test@example.com","service":"research-mgmt-api","timestamp":"2025-04-11 18:52:41.769"}
{"level":"warn","message":"Login failed: Invalid password for user test@example.com","service":"research-mgmt-api","timestamp":"2025-04-11 18:52:41.784"}
{"level":"error","message":"Login error: Invalid email or password","name":"UnauthorizedError","service":"research-mgmt-api","stack":"UnauthorizedError: Invalid email or password\n    at <anonymous> (/home/swadhin/r/server/src/controllers/authController.js:292:17)\n    at processTicksAndRejections (native:7:39)","status":401,"timestamp":"2025-04-11 18:52:41.784"}
{"level":"error","message":"HTTP POST /api/auth/login - 401 (68ms) Error: Invalid email or password","service":"research-mgmt-api","timestamp":"2025-04-11 18:52:41.784"}
{"level":"error","message":"HTTP GET /api/admin/dashboard - 404 (0ms) Error: Route not found","service":"research-mgmt-api","timestamp":"2025-04-11 18:52:41.785"}
{"external":"23 MB","heapTotal":"29 MB","heapUsed":"42 MB","level":"info","message":"Memory usage stats:","rss":"269 MB","service":"research-mgmt-api","timestamp":"2025-04-11 18:56:24.673"}
{"external":"23 MB","heapTotal":"29 MB","heapUsed":"42 MB","level":"info","message":"Memory usage stats:","rss":"270 MB","service":"research-mgmt-api","timestamp":"2025-04-11 19:01:24.672"}
{"level":"info","message":"JWT helper initialized","service":"research-mgmt-api","timestamp":"2025-04-11 19:03:17.764"}
{"level":"info","message":"Attempting to connect to MongoDB database","service":"research-mgmt-api","timestamp":"2025-04-11 19:03:17.808"}
{"level":"info","message":"Attempting to connect to MongoDB...","service":"research-mgmt-api","timestamp":"2025-04-11 19:03:17.809"}
{"level":"info","message":"MongoDB Connected: ac-xdpuchx-shard-00-01.tvoe17p.mongodb.net","service":"research-mgmt-api","timestamp":"2025-04-11 19:03:18.905"}
{"level":"info","message":"✅ MongoDB connection established successfully","service":"research-mgmt-api","timestamp":"2025-04-11 19:03:18.905"}
{"level":"info","message":"🚀 Server running on port 300000","service":"research-mgmt-api","timestamp":"2025-04-11 19:03:18.909"}
{"level":"info","message":"JWT helper initialized","service":"research-mgmt-api","timestamp":"2025-04-11 19:05:35.278"}
{"level":"info","message":"Attempting to connect to MongoDB database","service":"research-mgmt-api","timestamp":"2025-04-11 19:05:35.323"}
{"level":"info","message":"Attempting to connect to MongoDB...","service":"research-mgmt-api","timestamp":"2025-04-11 19:05:35.324"}
{"level":"info","message":"MongoDB Connected: ac-xdpuchx-shard-00-01.tvoe17p.mongodb.net","service":"research-mgmt-api","timestamp":"2025-04-11 19:05:36.132"}
{"level":"info","message":"✅ MongoDB connection established successfully","service":"research-mgmt-api","timestamp":"2025-04-11 19:05:36.132"}
{"level":"info","message":"🚀 Server running on port 300000","service":"research-mgmt-api","timestamp":"2025-04-11 19:05:36.138"}
{"level":"info","message":"JWT helper initialized","service":"research-mgmt-api","timestamp":"2025-04-11 19:08:05.590"}
{"level":"info","message":"Attempting to connect to MongoDB database","service":"research-mgmt-api","timestamp":"2025-04-11 19:08:05.637"}
{"level":"info","message":"Attempting to connect to MongoDB...","service":"research-mgmt-api","timestamp":"2025-04-11 19:08:05.637"}
{"level":"info","message":"MongoDB Connected: ac-xdpuchx-shard-00-02.tvoe17p.mongodb.net","service":"research-mgmt-api","timestamp":"2025-04-11 19:08:06.699"}
{"level":"info","message":"✅ MongoDB connection established successfully","service":"research-mgmt-api","timestamp":"2025-04-11 19:08:06.700"}
{"level":"info","message":"🚀 Server running on port 300000","service":"research-mgmt-api","timestamp":"2025-04-11 19:08:06.707"}
{"external":"28 MB","heapTotal":"29 MB","heapUsed":"51 MB","level":"info","message":"Memory usage stats:","rss":"211 MB","service":"research-mgmt-api","timestamp":"2025-04-11 19:13:05.644"}
{"level":"info","message":"JWT helper initialized","service":"research-mgmt-api","timestamp":"2025-04-11 19:16:03.403"}
{"level":"info","message":"Attempting to connect to MongoDB database","service":"research-mgmt-api","timestamp":"2025-04-11 19:16:03.452"}
{"level":"info","message":"Attempting to connect to MongoDB...","service":"research-mgmt-api","timestamp":"2025-04-11 19:16:03.452"}
{"level":"info","message":"MongoDB Connected: ac-xdpuchx-shard-00-02.tvoe17p.mongodb.net","service":"research-mgmt-api","timestamp":"2025-04-11 19:16:04.173"}
{"level":"info","message":"✅ MongoDB connection established successfully","service":"research-mgmt-api","timestamp":"2025-04-11 19:16:04.173"}
{"level":"info","message":"🚀 Server running on port 300000","service":"research-mgmt-api","timestamp":"2025-04-11 19:16:04.178"}
{"level":"info","message":"MongoDB connection state: 1","service":"research-mgmt-api","timestamp":"2025-04-11 19:18:37.439"}
{"level":"info","message":"Login attempt for user: teststudent1@gmail.com","service":"research-mgmt-api","timestamp":"2025-04-11 19:18:37.439"}
{"level":"info","message":"Verifying password for user: teststudent1@gmail.com","service":"research-mgmt-api","timestamp":"2025-04-11 19:18:37.495"}
{"level":"info","message":"Login successful for user: teststudent1@gmail.com","service":"research-mgmt-api","timestamp":"2025-04-11 19:18:37.515"}
{"level":"info","message":"HTTP POST /api/auth/login - 200 (77ms)","service":"research-mgmt-api","timestamp":"2025-04-11 19:18:37.515"}
{"level":"error","message":"HTTP GET /api/students/profile - 404 (0ms) Error: Route not found","service":"research-mgmt-api","timestamp":"2025-04-11 19:18:50.830"}
{"level":"error","message":"HTTP GET /api/students/profile - 404 (0ms) Error: Route not found","service":"research-mgmt-api","timestamp":"2025-04-11 19:18:50.832"}
{"level":"error","message":"HTTP PUT /api/students/profile - 404 (0ms) Error: Route not found","service":"research-mgmt-api","timestamp":"2025-04-11 19:18:50.833"}
{"level":"error","message":"HTTP PUT /api/students/profile - 404 (0ms) Error: Route not found","service":"research-mgmt-api","timestamp":"2025-04-11 19:18:50.833"}
{"level":"error","message":"HTTP GET /api/students/team - 404 (0ms) Error: Route not found","service":"research-mgmt-api","timestamp":"2025-04-11 19:18:50.833"}
{"level":"error","message":"HTTP GET /api/students/team - 404 (0ms) Error: Route not found","service":"research-mgmt-api","timestamp":"2025-04-11 19:18:50.834"}
{"level":"error","message":"HTTP POST /api/students/team/create - 404 (0ms) Error: Route not found","service":"research-mgmt-api","timestamp":"2025-04-11 19:18:50.834"}
{"level":"error","message":"HTTP POST /api/students/team/create - 404 (0ms) Error: Route not found","service":"research-mgmt-api","timestamp":"2025-04-11 19:18:50.835"}
{"level":"error","message":"HTTP POST /api/students/team/invite - 404 (0ms) Error: Route not found","service":"research-mgmt-api","timestamp":"2025-04-11 19:18:50.835"}
{"level":"error","message":"HTTP POST /api/students/team/invite - 404 (0ms) Error: Route not found","service":"research-mgmt-api","timestamp":"2025-04-11 19:18:50.836"}
{"level":"error","message":"HTTP GET /api/students/team/invitations - 404 (0ms) Error: Route not found","service":"research-mgmt-api","timestamp":"2025-04-11 19:18:50.836"}
{"level":"error","message":"HTTP GET /api/students/team/invitations - 404 (0ms) Error: Route not found","service":"research-mgmt-api","timestamp":"2025-04-11 19:18:50.837"}
{"level":"error","message":"HTTP POST /api/students/team/respond-to-invitation - 404 (0ms) Error: Route not found","service":"research-mgmt-api","timestamp":"2025-04-11 19:18:50.837"}
{"level":"error","message":"HTTP POST /api/students/team/respond-to-invitation - 404 (0ms) Error: Route not found","service":"research-mgmt-api","timestamp":"2025-04-11 19:18:50.838"}
{"level":"error","message":"HTTP POST /api/students/team/remove-member - 404 (0ms) Error: Route not found","service":"research-mgmt-api","timestamp":"2025-04-11 19:18:50.838"}
{"level":"error","message":"HTTP POST /api/students/team/remove-member - 404 (0ms) Error: Route not found","service":"research-mgmt-api","timestamp":"2025-04-11 19:18:50.839"}
{"level":"error","message":"HTTP POST /api/students/team/leave-team - 404 (0ms) Error: Route not found","service":"research-mgmt-api","timestamp":"2025-04-11 19:18:50.839"}
{"level":"error","message":"HTTP POST /api/students/team/leave-team - 404 (0ms) Error: Route not found","service":"research-mgmt-api","timestamp":"2025-04-11 19:18:50.839"}
{"level":"error","message":"HTTP GET /api/students/team/available-students - 404 (0ms) Error: Route not found","service":"research-mgmt-api","timestamp":"2025-04-11 19:18:50.840"}
{"level":"error","message":"HTTP GET /api/students/team/available-students - 404 (0ms) Error: Route not found","service":"research-mgmt-api","timestamp":"2025-04-11 19:18:50.840"}
{"level":"error","message":"HTTP POST /api/students/projects - 404 (0ms) Error: Route not found","service":"research-mgmt-api","timestamp":"2025-04-11 19:18:50.841"}
{"level":"error","message":"HTTP POST /api/students/projects - 404 (0ms) Error: Route not found","service":"research-mgmt-api","timestamp":"2025-04-11 19:18:50.841"}
{"level":"error","message":"HTTP POST /api/students/projects/6xyz123/submit - 404 (0ms) Error: Route not found","service":"research-mgmt-api","timestamp":"2025-04-11 19:18:50.842"}
{"level":"error","message":"HTTP POST /api/students/projects/6xyz123/submit - 404 (0ms) Error: Route not found","service":"research-mgmt-api","timestamp":"2025-04-11 19:18:50.842"}
{"level":"error","message":"HTTP GET /api/students/deadlines - 404 (0ms) Error: Route not found","service":"research-mgmt-api","timestamp":"2025-04-11 19:18:50.842"}
{"level":"error","message":"HTTP GET /api/students/deadlines - 404 (0ms) Error: Route not found","service":"research-mgmt-api","timestamp":"2025-04-11 19:18:50.843"}
{"level":"info","message":"MongoDB connection state: 1","service":"research-mgmt-api","timestamp":"2025-04-11 19:19:36.489"}
{"level":"info","message":"Login attempt for user: teststudent1@gmail.com","service":"research-mgmt-api","timestamp":"2025-04-11 19:19:36.489"}
{"level":"info","message":"Verifying password for user: teststudent1@gmail.com","service":"research-mgmt-api","timestamp":"2025-04-11 19:19:36.541"}
{"level":"info","message":"Login successful for user: teststudent1@gmail.com","service":"research-mgmt-api","timestamp":"2025-04-11 19:19:36.556"}
{"level":"info","message":"HTTP POST /api/auth/login - 200 (67ms)","service":"research-mgmt-api","timestamp":"2025-04-11 19:19:36.556"}
{"level":"error","message":"HTTP GET /notifications - 404 (0ms) Error: Route not found","service":"research-mgmt-api","timestamp":"2025-04-11 19:19:36.605"}
{"level":"error","message":"HTTP GET /notifications/unread/count - 404 (0ms) Error: Route not found","service":"research-mgmt-api","timestamp":"2025-04-11 19:19:36.610"}
{"level":"error","message":"HTTP GET /api/dashboard/student - 404 (0ms) Error: Route not found","service":"research-mgmt-api","timestamp":"2025-04-11 19:19:36.624"}
{"level":"error","message":"HTTP GET /api/dashboard/student - 404 (0ms) Error: Route not found","service":"research-mgmt-api","timestamp":"2025-04-11 19:19:44.421"}
{"level":"error","message":"HTTP GET /favicon.ico - 404 (0ms) Error: Route not found","service":"research-mgmt-api","timestamp":"2025-04-11 19:19:44.729"}
{"level":"error","message":"HTTP GET /api/students/profile - 404 (0ms) Error: Route not found","service":"research-mgmt-api","timestamp":"2025-04-11 19:20:35.358"}
{"level":"error","message":"HTTP GET /api/students/profile - 404 (0ms) Error: Route not found","service":"research-mgmt-api","timestamp":"2025-04-11 19:20:50.149"}
{"external":"30 MB","heapTotal":"30 MB","heapUsed":"54 MB","level":"info","message":"Memory usage stats:","rss":"214 MB","service":"research-mgmt-api","timestamp":"2025-04-11 19:21:03.460"}
{"external":"23 MB","heapTotal":"29 MB","heapUsed":"42 MB","level":"info","message":"Memory usage stats:","rss":"209 MB","service":"research-mgmt-api","timestamp":"2025-04-11 19:26:03.462"}
{"level":"info","message":"JWT helper initialized","service":"research-mgmt-api","timestamp":"2025-04-11 19:27:18.336"}
{"level":"info","message":"Attempting to connect to MongoDB database","service":"research-mgmt-api","timestamp":"2025-04-11 19:27:18.384"}
{"level":"info","message":"Attempting to connect to MongoDB...","service":"research-mgmt-api","timestamp":"2025-04-11 19:27:18.384"}
{"level":"info","message":"MongoDB Connected: ac-xdpuchx-shard-00-00.tvoe17p.mongodb.net","service":"research-mgmt-api","timestamp":"2025-04-11 19:27:19.034"}
{"level":"info","message":"✅ MongoDB connection established successfully","service":"research-mgmt-api","timestamp":"2025-04-11 19:27:19.034"}
{"level":"info","message":"🚀 Server running on port 300000","service":"research-mgmt-api","timestamp":"2025-04-11 19:27:19.041"}
{"level":"info","message":"JWT helper initialized","service":"research-mgmt-api","timestamp":"2025-04-11 19:29:32.032"}
{"level":"info","message":"Attempting to connect to MongoDB database","service":"research-mgmt-api","timestamp":"2025-04-11 19:29:32.076"}
{"level":"info","message":"Attempting to connect to MongoDB...","service":"research-mgmt-api","timestamp":"2025-04-11 19:29:32.077"}
{"level":"info","message":"MongoDB Connected: ac-xdpuchx-shard-00-02.tvoe17p.mongodb.net","service":"research-mgmt-api","timestamp":"2025-04-11 19:29:32.742"}
{"level":"info","message":"✅ MongoDB connection established successfully","service":"research-mgmt-api","timestamp":"2025-04-11 19:29:32.743"}
{"level":"info","message":"🚀 Server running on port 300000","service":"research-mgmt-api","timestamp":"2025-04-11 19:29:32.747"}
{"level":"info","message":"JWT helper initialized","service":"research-mgmt-api","timestamp":"2025-04-11 19:33:01.231"}
{"level":"info","message":"Attempting to connect to MongoDB database","service":"research-mgmt-api","timestamp":"2025-04-11 19:33:01.278"}
{"level":"info","message":"Attempting to connect to MongoDB...","service":"research-mgmt-api","timestamp":"2025-04-11 19:33:01.278"}
{"level":"info","message":"JWT helper initialized","service":"research-mgmt-api","timestamp":"2025-04-11 19:33:01.806"}
{"level":"info","message":"Attempting to connect to MongoDB database","service":"research-mgmt-api","timestamp":"2025-04-11 19:33:01.851"}
{"level":"info","message":"Attempting to connect to MongoDB...","service":"research-mgmt-api","timestamp":"2025-04-11 19:33:01.851"}
{"level":"info","message":"MongoDB Connected: ac-xdpuchx-shard-00-02.tvoe17p.mongodb.net","service":"research-mgmt-api","timestamp":"2025-04-11 19:33:02.461"}
{"level":"info","message":"✅ MongoDB connection established successfully","service":"research-mgmt-api","timestamp":"2025-04-11 19:33:02.461"}
{"level":"info","message":"🚀 Server running on port 300000","service":"research-mgmt-api","timestamp":"2025-04-11 19:33:02.466"}
{"level":"info","message":"JWT helper initialized","service":"research-mgmt-api","timestamp":"2025-04-11 19:33:09.138"}
{"level":"info","message":"Attempting to connect to MongoDB database","service":"research-mgmt-api","timestamp":"2025-04-11 19:33:09.183"}
{"level":"info","message":"Attempting to connect to MongoDB...","service":"research-mgmt-api","timestamp":"2025-04-11 19:33:09.183"}
{"level":"info","message":"MongoDB Connected: ac-xdpuchx-shard-00-00.tvoe17p.mongodb.net","service":"research-mgmt-api","timestamp":"2025-04-11 19:33:09.786"}
{"level":"info","message":"✅ MongoDB connection established successfully","service":"research-mgmt-api","timestamp":"2025-04-11 19:33:09.786"}
{"level":"info","message":"🚀 Server running on port 300000","service":"research-mgmt-api","timestamp":"2025-04-11 19:33:09.791"}
{"level":"info","message":"JWT helper initialized","service":"research-mgmt-api","timestamp":"2025-04-11 19:33:13.302"}
{"level":"info","message":"Attempting to connect to MongoDB database","service":"research-mgmt-api","timestamp":"2025-04-11 19:33:13.371"}
{"level":"info","message":"Attempting to connect to MongoDB...","service":"research-mgmt-api","timestamp":"2025-04-11 19:33:13.371"}
{"level":"info","message":"MongoDB Connected: ac-xdpuchx-shard-00-01.tvoe17p.mongodb.net","service":"research-mgmt-api","timestamp":"2025-04-11 19:33:13.998"}
{"level":"info","message":"✅ MongoDB connection established successfully","service":"research-mgmt-api","timestamp":"2025-04-11 19:33:13.998"}
{"level":"info","message":"🚀 Server running on port 300000","service":"research-mgmt-api","timestamp":"2025-04-11 19:33:14.003"}
{"level":"info","message":"JWT helper initialized","service":"research-mgmt-api","timestamp":"2025-04-11 19:33:38.824"}
{"level":"info","message":"Attempting to connect to MongoDB database","service":"research-mgmt-api","timestamp":"2025-04-11 19:33:38.876"}
{"level":"info","message":"Attempting to connect to MongoDB...","service":"research-mgmt-api","timestamp":"2025-04-11 19:33:38.876"}
{"level":"info","message":"MongoDB Connected: ac-xdpuchx-shard-00-02.tvoe17p.mongodb.net","service":"research-mgmt-api","timestamp":"2025-04-11 19:33:39.476"}
{"level":"info","message":"✅ MongoDB connection established successfully","service":"research-mgmt-api","timestamp":"2025-04-11 19:33:39.477"}
{"level":"info","message":"🚀 Server running on port 300000","service":"research-mgmt-api","timestamp":"2025-04-11 19:33:39.483"}
{"level":"info","message":"JWT helper initialized","service":"research-mgmt-api","timestamp":"2025-04-11 19:35:30.781"}
{"level":"info","message":"Attempting to connect to MongoDB database","service":"research-mgmt-api","timestamp":"2025-04-11 19:35:30.828"}
{"level":"info","message":"Attempting to connect to MongoDB...","service":"research-mgmt-api","timestamp":"2025-04-11 19:35:30.828"}
{"level":"info","message":"MongoDB Connected: ac-xdpuchx-shard-00-01.tvoe17p.mongodb.net","service":"research-mgmt-api","timestamp":"2025-04-11 19:35:31.487"}
{"level":"info","message":"✅ MongoDB connection established successfully","service":"research-mgmt-api","timestamp":"2025-04-11 19:35:31.488"}
{"level":"info","message":"🚀 Server running on port 300000","service":"research-mgmt-api","timestamp":"2025-04-11 19:35:31.494"}
{"level":"info","message":"JWT helper initialized","service":"research-mgmt-api","timestamp":"2025-04-11 19:35:45.570"}
{"level":"info","message":"Attempting to connect to MongoDB database","service":"research-mgmt-api","timestamp":"2025-04-11 19:35:45.616"}
{"level":"info","message":"Attempting to connect to MongoDB...","service":"research-mgmt-api","timestamp":"2025-04-11 19:35:45.617"}
{"level":"info","message":"MongoDB Connected: ac-xdpuchx-shard-00-02.tvoe17p.mongodb.net","service":"research-mgmt-api","timestamp":"2025-04-11 19:35:46.232"}
{"level":"info","message":"✅ MongoDB connection established successfully","service":"research-mgmt-api","timestamp":"2025-04-11 19:35:46.232"}
{"level":"info","message":"🚀 Server running on port 300000","service":"research-mgmt-api","timestamp":"2025-04-11 19:35:46.237"}
{"level":"info","message":"JWT helper initialized","service":"research-mgmt-api","timestamp":"2025-04-11 19:36:28.917"}
{"level":"info","message":"Attempting to connect to MongoDB database","service":"research-mgmt-api","timestamp":"2025-04-11 19:36:28.964"}
{"level":"info","message":"Attempting to connect to MongoDB...","service":"research-mgmt-api","timestamp":"2025-04-11 19:36:28.964"}
{"level":"info","message":"MongoDB Connected: ac-xdpuchx-shard-00-01.tvoe17p.mongodb.net","service":"research-mgmt-api","timestamp":"2025-04-11 19:36:29.583"}
{"level":"info","message":"✅ MongoDB connection established successfully","service":"research-mgmt-api","timestamp":"2025-04-11 19:36:29.583"}
{"level":"info","message":"🚀 Server running on port 300000","service":"research-mgmt-api","timestamp":"2025-04-11 19:36:29.589"}
{"level":"info","message":"JWT helper initialized","service":"research-mgmt-api","timestamp":"2025-04-11 19:36:30.070"}
{"level":"info","message":"Attempting to connect to MongoDB database","service":"research-mgmt-api","timestamp":"2025-04-11 19:36:30.116"}
{"level":"info","message":"Attempting to connect to MongoDB...","service":"research-mgmt-api","timestamp":"2025-04-11 19:36:30.117"}
{"level":"info","message":"MongoDB Connected: ac-xdpuchx-shard-00-01.tvoe17p.mongodb.net","service":"research-mgmt-api","timestamp":"2025-04-11 19:36:30.737"}
{"level":"info","message":"✅ MongoDB connection established successfully","service":"research-mgmt-api","timestamp":"2025-04-11 19:36:30.737"}
{"level":"info","message":"🚀 Server running on port 300000","service":"research-mgmt-api","timestamp":"2025-04-11 19:36:30.741"}
{"level":"info","message":"JWT helper initialized","service":"research-mgmt-api","timestamp":"2025-04-11 19:36:43.061"}
{"level":"info","message":"Attempting to connect to MongoDB database","service":"research-mgmt-api","timestamp":"2025-04-11 19:36:43.106"}
{"level":"info","message":"Attempting to connect to MongoDB...","service":"research-mgmt-api","timestamp":"2025-04-11 19:36:43.106"}
{"level":"info","message":"MongoDB Connected: ac-xdpuchx-shard-00-01.tvoe17p.mongodb.net","service":"research-mgmt-api","timestamp":"2025-04-11 19:36:43.807"}
{"level":"info","message":"✅ MongoDB connection established successfully","service":"research-mgmt-api","timestamp":"2025-04-11 19:36:43.808"}
{"level":"info","message":"🚀 Server running on port 300000","service":"research-mgmt-api","timestamp":"2025-04-11 19:36:43.813"}
{"level":"info","message":"JWT helper initialized","service":"research-mgmt-api","timestamp":"2025-04-11 19:36:45.583"}
{"level":"info","message":"Attempting to connect to MongoDB database","service":"research-mgmt-api","timestamp":"2025-04-11 19:36:45.631"}
{"level":"info","message":"Attempting to connect to MongoDB...","service":"research-mgmt-api","timestamp":"2025-04-11 19:36:45.631"}
{"level":"info","message":"JWT helper initialized","service":"research-mgmt-api","timestamp":"2025-04-11 19:36:46.211"}
{"level":"info","message":"Attempting to connect to MongoDB database","service":"research-mgmt-api","timestamp":"2025-04-11 19:36:46.256"}
{"level":"info","message":"Attempting to connect to MongoDB...","service":"research-mgmt-api","timestamp":"2025-04-11 19:36:46.256"}
{"level":"info","message":"MongoDB Connected: ac-xdpuchx-shard-00-02.tvoe17p.mongodb.net","service":"research-mgmt-api","timestamp":"2025-04-11 19:36:46.872"}
{"level":"info","message":"✅ MongoDB connection established successfully","service":"research-mgmt-api","timestamp":"2025-04-11 19:36:46.873"}
{"level":"info","message":"🚀 Server running on port 300000","service":"research-mgmt-api","timestamp":"2025-04-11 19:36:46.878"}
{"level":"info","message":"JWT helper initialized","service":"research-mgmt-api","timestamp":"2025-04-11 19:37:11.605"}
{"level":"info","message":"Attempting to connect to MongoDB database","service":"research-mgmt-api","timestamp":"2025-04-11 19:37:11.656"}
{"level":"info","message":"Attempting to connect to MongoDB...","service":"research-mgmt-api","timestamp":"2025-04-11 19:37:11.656"}
{"level":"info","message":"MongoDB Connected: ac-xdpuchx-shard-00-02.tvoe17p.mongodb.net","service":"research-mgmt-api","timestamp":"2025-04-11 19:37:12.262"}
{"level":"info","message":"✅ MongoDB connection established successfully","service":"research-mgmt-api","timestamp":"2025-04-11 19:37:12.262"}
{"level":"info","message":"🚀 Server running on port 300000","service":"research-mgmt-api","timestamp":"2025-04-11 19:37:12.266"}
{"level":"info","message":"JWT helper initialized","service":"research-mgmt-api","timestamp":"2025-04-11 19:37:15.246"}
{"level":"info","message":"Attempting to connect to MongoDB database","service":"research-mgmt-api","timestamp":"2025-04-11 19:37:15.292"}
{"level":"info","message":"Attempting to connect to MongoDB...","service":"research-mgmt-api","timestamp":"2025-04-11 19:37:15.292"}
{"level":"info","message":"MongoDB Connected: ac-xdpuchx-shard-00-01.tvoe17p.mongodb.net","service":"research-mgmt-api","timestamp":"2025-04-11 19:37:15.886"}
{"level":"info","message":"✅ MongoDB connection established successfully","service":"research-mgmt-api","timestamp":"2025-04-11 19:37:15.887"}
{"level":"info","message":"🚀 Server running on port 300000","service":"research-mgmt-api","timestamp":"2025-04-11 19:37:15.893"}
{"field":null,"level":"error","message":"Application error: Student access only","name":"ValidationError","service":"research-mgmt-api","stack":"ValidationError: Student access only\n    at <anonymous> (/home/swadhin/r/server/src/routes/studentRoutes.js:33:19)\n    at <anonymous> (file:///home/swadhin/r/server/node_modules/elysia/dist/bun/index.js:13:27)\n    at processTicksAndRejections (native:7:39)","status":400,"timestamp":"2025-04-11 19:37:20.077"}
{"level":"info","message":"JWT helper initialized","service":"research-mgmt-api","timestamp":"2025-04-11 19:37:35.412"}
{"level":"info","message":"Attempting to connect to MongoDB database","service":"research-mgmt-api","timestamp":"2025-04-11 19:37:35.459"}
{"level":"info","message":"Attempting to connect to MongoDB...","service":"research-mgmt-api","timestamp":"2025-04-11 19:37:35.459"}
{"level":"info","message":"MongoDB Connected: ac-xdpuchx-shard-00-02.tvoe17p.mongodb.net","service":"research-mgmt-api","timestamp":"2025-04-11 19:37:36.101"}
{"level":"info","message":"✅ MongoDB connection established successfully","service":"research-mgmt-api","timestamp":"2025-04-11 19:37:36.101"}
{"level":"info","message":"🚀 Server running on port 300000","service":"research-mgmt-api","timestamp":"2025-04-11 19:37:36.106"}
{"level":"info","message":"JWT helper initialized","service":"research-mgmt-api","timestamp":"2025-04-11 19:37:39.752"}
{"level":"info","message":"Attempting to connect to MongoDB database","service":"research-mgmt-api","timestamp":"2025-04-11 19:37:39.798"}
{"level":"info","message":"Attempting to connect to MongoDB...","service":"research-mgmt-api","timestamp":"2025-04-11 19:37:39.798"}
{"level":"info","message":"MongoDB Connected: ac-xdpuchx-shard-00-02.tvoe17p.mongodb.net","service":"research-mgmt-api","timestamp":"2025-04-11 19:37:40.395"}
{"level":"info","message":"✅ MongoDB connection established successfully","service":"research-mgmt-api","timestamp":"2025-04-11 19:37:40.395"}
{"level":"info","message":"🚀 Server running on port 300000","service":"research-mgmt-api","timestamp":"2025-04-11 19:37:40.401"}
{"level":"info","message":"JWT helper initialized","service":"research-mgmt-api","timestamp":"2025-04-11 19:37:56.873"}
{"level":"info","message":"Attempting to connect to MongoDB database","service":"research-mgmt-api","timestamp":"2025-04-11 19:37:56.919"}
{"level":"info","message":"Attempting to connect to MongoDB...","service":"research-mgmt-api","timestamp":"2025-04-11 19:37:56.919"}
{"level":"info","message":"MongoDB Connected: ac-xdpuchx-shard-00-01.tvoe17p.mongodb.net","service":"research-mgmt-api","timestamp":"2025-04-11 19:37:57.570"}
{"level":"info","message":"✅ MongoDB connection established successfully","service":"research-mgmt-api","timestamp":"2025-04-11 19:37:57.570"}
{"level":"info","message":"🚀 Server running on port 300000","service":"research-mgmt-api","timestamp":"2025-04-11 19:37:57.576"}
{"level":"info","message":"JWT helper initialized","service":"research-mgmt-api","timestamp":"2025-04-11 19:38:01.602"}
{"level":"info","message":"Attempting to connect to MongoDB database","service":"research-mgmt-api","timestamp":"2025-04-11 19:38:01.652"}
{"level":"info","message":"Attempting to connect to MongoDB...","service":"research-mgmt-api","timestamp":"2025-04-11 19:38:01.652"}
{"level":"info","message":"MongoDB Connected: ac-xdpuchx-shard-00-01.tvoe17p.mongodb.net","service":"research-mgmt-api","timestamp":"2025-04-11 19:38:02.275"}
{"level":"info","message":"✅ MongoDB connection established successfully","service":"research-mgmt-api","timestamp":"2025-04-11 19:38:02.275"}
{"level":"info","message":"🚀 Server running on port 300000","service":"research-mgmt-api","timestamp":"2025-04-11 19:38:02.280"}
{"level":"error","message":"HTTP GET /api/api/dashboard/student - 404 (0ms) Error: Route not found","service":"research-mgmt-api","timestamp":"2025-04-11 19:38:17.547"}
{"level":"info","message":"JWT helper initialized","service":"research-mgmt-api","timestamp":"2025-04-11 19:39:00.288"}
{"level":"info","message":"Attempting to connect to MongoDB database","service":"research-mgmt-api","timestamp":"2025-04-11 19:39:00.334"}
{"level":"info","message":"Attempting to connect to MongoDB...","service":"research-mgmt-api","timestamp":"2025-04-11 19:39:00.334"}
{"level":"info","message":"MongoDB Connected: ac-xdpuchx-shard-00-00.tvoe17p.mongodb.net","service":"research-mgmt-api","timestamp":"2025-04-11 19:39:00.992"}
{"level":"info","message":"✅ MongoDB connection established successfully","service":"research-mgmt-api","timestamp":"2025-04-11 19:39:00.992"}
{"level":"info","message":"🚀 Server running on port 300010","service":"research-mgmt-api","timestamp":"2025-04-11 19:39:00.996"}
{"level":"error","message":"HTTP GET /health - 404 (0ms) Error: Route not found","service":"research-mgmt-api","timestamp":"2025-04-11 19:42:16.434"}
{"level":"error","message":"HTTP GET / - 404 (0ms) Error: Route not found","service":"research-mgmt-api","timestamp":"2025-04-11 19:42:22.368"}
{"level":"error","message":"HTTP GET /api - 404 (0ms) Error: Route not found","service":"research-mgmt-api","timestamp":"2025-04-11 19:42:27.746"}
{"code":"VALIDATION","level":"error","message":"Application error: {\n  \"type\": \"validation\",\n  \"on\": \"body\",\n  \"summary\": \"Property 'department' is missing\",\n  \"property\": \"/department\",\n  \"message\": \"Expected required property\",\n  \"expected\": {\n    \"type\": \"Could not create expected value\",\n    \"message\": \"String types with formats must specify a default value\",\n    \"error\": {\n      \"schema\": {\n        \"format\": \"email\",\n        \"type\": \"string\"\n      }\n    }\n  },\n  \"found\": {\n    \"email\": \"admin@example.com\",\n    \"password\": \"Admin123!\",\n    \"fullName\": \"Admin User\",\n    \"role\": \"admin\"\n  },\n  \"errors\": [\n    {\n      \"type\": 45,\n      \"schema\": {\n        \"minLength\": 2,\n        \"maxLength\": 50,\n        \"type\": \"string\"\n      },\n      \"path\": \"/department\",\n      \"message\": \"Expected required property\",\n      \"errors\": [],\n      \"summary\": \"Property 'department' is missing\"\n    },\n    {\n      \"type\": 62,\n      \"schema\": {\n        \"anyOf\": [\n          {\n            \"const\": \"student\",\n            \"type\": \"string\"\n          },\n          {\n            \"const\": \"supervisor\",\n            \"type\": \"string\"\n          }\n        ]\n      },\n      \"path\": \"/role\",\n      \"value\": \"admin\",\n      \"message\": \"Expected union value\",\n      \"errors\": [\n        {\n          \"iterator\": {}\n        },\n        {\n          \"iterator\": {}\n        }\n      ],\n      \"summary\": \"Property 'role' should be one of: 'string', 'string'\"\n    },\n    {\n      \"type\": 54,\n      \"schema\": {\n        \"minLength\": 2,\n        \"maxLength\": 50,\n        \"type\": \"string\"\n      },\n      \"path\": \"/department\",\n      \"message\": \"Expected string\",\n      \"errors\": [],\n      \"summary\": \"Expected  property 'department' to be  string but found: undefined\"\n    }\n  ]\n}","service":"research-mgmt-api","stack":"Error: {\n  \"type\": \"validation\",\n  \"on\": \"body\",\n  \"summary\": \"Property 'department' is missing\",\n  \"property\": \"/department\",\n  \"message\": \"Expected required property\",\n  \"expected\": {\n    \"type\": \"Could not create expected value\",\n    \"message\": \"String types with formats must specify a default value\",\n    \"error\": {\n      \"schema\": {\n        \"format\": \"email\",\n        \"type\": \"string\"\n      }\n    }\n  },\n  \"found\": {\n    \"email\": \"admin@example.com\",\n    \"password\": \"Admin123!\",\n    \"fullName\": \"Admin User\",\n    \"role\": \"admin\"\n  },\n  \"errors\": [\n    {\n      \"type\": 45,\n      \"schema\": {\n        \"minLength\": 2,\n        \"maxLength\": 50,\n        \"type\": \"string\"\n      },\n      \"path\": \"/department\",\n      \"message\": \"Expected required property\",\n      \"errors\": [],\n      \"summary\": \"Property 'department' is missing\"\n    },\n    {\n      \"type\": 62,\n      \"schema\": {\n        \"anyOf\": [\n          {\n            \"const\": \"student\",\n            \"type\": \"string\"\n          },\n          {\n            \"const\": \"supervisor\",\n            \"type\": \"string\"\n          }\n        ]\n      },\n      \"path\": \"/role\",\n      \"value\": \"admin\",\n      \"message\": \"Expected union value\",\n      \"errors\": [\n        {\n          \"iterator\": {}\n        },\n        {\n          \"iterator\": {}\n        }\n      ],\n      \"summary\": \"Property 'role' should be one of: 'string', 'string'\"\n    },\n    {\n      \"type\": 54,\n      \"schema\": {\n        \"minLength\": 2,\n        \"maxLength\": 50,\n        \"type\": \"string\"\n      },\n      \"path\": \"/department\",\n      \"message\": \"Expected string\",\n      \"errors\": [],\n      \"summary\": \"Expected  property 'department' to be  string but found: undefined\"\n    }\n  ]\n}\n    at new ValidationError (/home/swadhin/r/server/node_modules/elysia/src/error.ts:264:3)\n    at <anonymous> (file:///home/swadhin/r/server/node_modules/elysia/dist/bun/index.js:44:84)\n    at processTicksAndRejections (native:7:39)","status":422,"timestamp":"2025-04-11 19:42:38.097","type":"body","validator":{"code":"const local_0 = /^(?=.*[a-z])(?=.*[A-Z])(?=.*\\d)(?=.*[@$!%*?&])[A-Za-z\\d@$!%*?&]{8,}$/;\nreturn function check(value) {\n  return (\n    (typeof value === 'object' && value !== null && !Array.isArray(value)) &&\n    (typeof value.fullName === 'string') &&\n    value.fullName.length <= 50 &&\n    value.fullName.length >= 2 &&\n    (typeof value.email === 'string') &&\n    format('email', value.email) &&\n    (typeof value.password === 'string') &&\n    value.password.length >= 8 &&\n    local_0.test(value.password) &&\n    (((value.role === 'student')) || ((value.role === 'supervisor'))) &&\n    (typeof value.department === 'string') &&\n    value.department.length <= 50 &&\n    value.department.length >= 2 &&\n    (value.studentId !== undefined ? ((typeof value.studentId === 'string')) : true) &&\n    (value.specialization !== undefined ? ((typeof value.specialization === 'string')) : true) &&\n    Object.getOwnPropertyNames(value).every(key => ['fullName', 'email', 'password', 'role', 'department', 'studentId', 'specialization'].includes(key))\n  )\n}","hasTransform":false,"references":[],"schema":{"additionalProperties":false,"properties":{"department":{"maxLength":50,"minLength":2,"type":"string"},"email":{"format":"email","type":"string"},"fullName":{"maxLength":50,"minLength":2,"type":"string"},"password":{"error":"Password must be at least 8 characters long and contain at least one uppercase letter, one lowercase letter, one number, and one special character","minLength":8,"pattern":"^(?=.*[a-z])(?=.*[A-Z])(?=.*\\d)(?=.*[@$!%*?&])[A-Za-z\\d@$!%*?&]{8,}$","type":"string"},"role":{"anyOf":[{"const":"student","type":"string"},{"const":"supervisor","type":"string"}]},"specialization":{"type":"string"},"studentId":{"type":"string"}},"required":["fullName","email","password","role","department"],"type":"object"}},"value":{"email":"admin@example.com","fullName":"Admin User","password":"Admin123!","role":"admin"}}
{"level":"info","message":"MongoDB connection state: 1","service":"research-mgmt-api","timestamp":"2025-04-11 19:42:45.471"}
{"function":"registerUser","level":"info","message":"MongoDB connection verified","service":"research-mgmt-api","state":1,"timestamp":"2025-04-11 19:42:45.471"}
{"function":"registerUser","level":"info","message":"Argon2 hashing verified","service":"research-mgmt-api","success":true,"timestamp":"2025-04-11 19:42:45.487"}
{"error":"Specialization is required for supervisors","function":"registerUser","level":"error","message":"Registration error","requestBody":{"department":"Computer Science","email":"supervisor@example.com","fullName":"Supervisor User","password":"Supervisor123!","role":"supervisor"},"service":"research-mgmt-api","stack":"ValidationError: Specialization is required for supervisors\n    at new ValidationError (/home/swadhin/r/server/src/utils/validation.js:5:5)\n    at validateRegistration (/home/swadhin/r/server/src/utils/validation.js:88:15)\n    at <anonymous> (/home/swadhin/r/server/src/controllers/authController.js:82:5)\n    at processTicksAndRejections (native:7:39)","timestamp":"2025-04-11 19:42:45.488"}
{"level":"error","message":"HTTP POST /api/auth/register - 500 (18ms) Error: Specialization is required for supervisors","service":"research-mgmt-api","timestamp":"2025-04-11 19:42:45.488"}
{"level":"info","message":"MongoDB connection state: 1","service":"research-mgmt-api","timestamp":"2025-04-11 19:42:53.841"}
{"function":"registerUser","level":"info","message":"MongoDB connection verified","service":"research-mgmt-api","state":1,"timestamp":"2025-04-11 19:42:53.841"}
{"function":"registerUser","level":"info","message":"Argon2 hashing verified","service":"research-mgmt-api","success":true,"timestamp":"2025-04-11 19:42:53.859"}
{"level":"info","message":"Checking for existing user with email: supervisor@example.com","service":"research-mgmt-api","timestamp":"2025-04-11 19:42:53.859"}
{"level":"info","message":"No existing user found with email: supervisor@example.com. Proceeding with registration.","service":"research-mgmt-api","timestamp":"2025-04-11 19:42:53.911"}
{"level":"info","message":"Creating new user object for: supervisor@example.com","service":"research-mgmt-api","timestamp":"2025-04-11 19:42:53.911"}
{"level":"info","message":"Saving user to database: supervisor@example.com","service":"research-mgmt-api","timestamp":"2025-04-11 19:42:53.914"}
{"level":"info","message":"User successfully saved. ID: 67f91c5d819ac3cc84ff6952, Email: supervisor@example.com","service":"research-mgmt-api","timestamp":"2025-04-11 19:42:53.991"}
{"level":"info","message":"Creating supervisor profile with ID: SUP0001","service":"research-mgmt-api","timestamp":"2025-04-11 19:42:54.042"}
{"level":"info","message":"Supervisor profile created successfully: SUP0001","service":"research-mgmt-api","timestamp":"2025-04-11 19:42:54.101"}
{"email":"supervisor@example.com","function":"registerUser","level":"info","message":"New user registered successfully","role":"supervisor","service":"research-mgmt-api","timestamp":"2025-04-11 19:42:54.101","userId":"67f91c5d819ac3cc84ff6952"}
{"level":"info","message":"HTTP POST /api/auth/register - 201 (260ms)","service":"research-mgmt-api","timestamp":"2025-04-11 19:42:54.101"}
{"code":"VALIDATION","level":"error","message":"Application error: {\n  \"type\": \"validation\",\n  \"on\": \"response\",\n  \"summary\": \"Expected  property 'token' to be  string but found: null\",\n  \"property\": \"/token\",\n  \"message\": \"Expected string\",\n  \"expected\": {\n    \"success\": false,\n    \"message\": \"\",\n    \"timestamp\": \"\"\n  },\n  \"found\": {\n    \"success\": true,\n    \"message\": \"Registration successful. Your account awaits administrator approval.\",\n    \"token\": null,\n    \"user\": {\n      \"_id\": \"67f91c5d819ac3cc84ff6952\",\n      \"fullName\": \"Supervisor User\",\n      \"email\": \"supervisor@example.com\",\n      \"role\": \"supervisor\",\n      \"department\": \"Computer Science\",\n      \"isApproved\": false\n    },\n    \"timestamp\": \"2025-04-11T13:42:54.101Z\"\n  },\n  \"errors\": [\n    {\n      \"type\": 54,\n      \"schema\": {\n        \"type\": \"string\"\n      },\n      \"path\": \"/token\",\n      \"value\": null,\n      \"message\": \"Expected string\",\n      \"errors\": [],\n      \"summary\": \"Expected  property 'token' to be  string but found: null\"\n    }\n  ]\n}","service":"research-mgmt-api","stack":"Error: {\n  \"type\": \"validation\",\n  \"on\": \"response\",\n  \"summary\": \"Expected  property 'token' to be  string but found: null\",\n  \"property\": \"/token\",\n  \"message\": \"Expected string\",\n  \"expected\": {\n    \"success\": false,\n    \"message\": \"\",\n    \"timestamp\": \"\"\n  },\n  \"found\": {\n    \"success\": true,\n    \"message\": \"Registration successful. Your account awaits administrator approval.\",\n    \"token\": null,\n    \"user\": {\n      \"_id\": \"67f91c5d819ac3cc84ff6952\",\n      \"fullName\": \"Supervisor User\",\n      \"email\": \"supervisor@example.com\",\n      \"role\": \"supervisor\",\n      \"department\": \"Computer Science\",\n      \"isApproved\": false\n    },\n    \"timestamp\": \"2025-04-11T13:42:54.101Z\"\n  },\n  \"errors\": [\n    {\n      \"type\": 54,\n      \"schema\": {\n        \"type\": \"string\"\n      },\n      \"path\": \"/token\",\n      \"value\": null,\n      \"message\": \"Expected string\",\n      \"errors\": [],\n      \"summary\": \"Expected  property 'token' to be  string but found: null\"\n    }\n  ]\n}\n    at new ValidationError (/home/swadhin/r/server/node_modules/elysia/src/error.ts:264:3)\n    at <anonymous> (file:///home/swadhin/r/server/node_modules/elysia/dist/bun/index.js:52:26)\n    at processTicksAndRejections (native:7:39)","status":422,"timestamp":"2025-04-11 19:42:54.102","type":"response","validator":{"code":"return function check(value) {\n  return (\n    (typeof value === 'object' && value !== null && !Array.isArray(value)) &&\n    (typeof value.success === 'boolean') &&\n    (typeof value.message === 'string') &&\n    (value.token !== undefined ? ((typeof value.token === 'string')) : true) &&\n    (value.user !== undefined ? ((typeof value.user === 'object' && value.user !== null && !Array.isArray(value.user)) && (typeof value.user._id === 'string') && (typeof value.user.fullName === 'string') && (typeof value.user.email === 'string') && (typeof value.user.role === 'string') && (typeof value.user.department === 'string') && (typeof value.user.isApproved === 'boolean') && (value.user.profilePicture !== undefined ? ((((typeof value.user.profilePicture === 'string')) || ((value.user.profilePicture === null)))) : true) && (value.user.studentId !== undefined ? ((typeof value.user.studentId === 'string')) : true) && (value.user.supervisorId !== undefined ? ((typeof value.user.supervisorId === 'string')) : true)) : true) &&\n    (value.error !== undefined ? ((((typeof value.error === 'string')) || ((value.error === null)))) : true) &&\n    (typeof value.timestamp === 'string') &&\n    Object.getOwnPropertyNames(value).every(key => ['success', 'message', 'token', 'user', 'error', 'timestamp'].includes(key))\n  )\n}","hasTransform":false,"references":[],"schema":{"additionalProperties":false,"properties":{"error":{"anyOf":[{"type":"string"},{"type":"null"}]},"message":{"type":"string"},"success":{"type":"boolean"},"timestamp":{"type":"string"},"token":{"type":"string"},"user":{"properties":{"_id":{"type":"string"},"department":{"type":"string"},"email":{"type":"string"},"fullName":{"type":"string"},"isApproved":{"type":"boolean"},"profilePicture":{"anyOf":[{"type":"string"},{"type":"null"}]},"role":{"type":"string"},"studentId":{"type":"string"},"supervisorId":{"type":"string"}},"required":["_id","fullName","email","role","department","isApproved"],"type":"object"}},"required":["success","message","timestamp"],"type":"object"}},"value":{"message":"Registration successful. Your account awaits administrator approval.","success":true,"timestamp":"2025-04-11T13:42:54.101Z","token":null,"user":{"_id":"67f91c5d819ac3cc84ff6952","department":"Computer Science","email":"supervisor@example.com","fullName":"Supervisor User","isApproved":false,"role":"supervisor"}}}
{"level":"info","message":"MongoDB connection state: 1","service":"research-mgmt-api","timestamp":"2025-04-11 19:43:05.297"}
{"function":"registerUser","level":"info","message":"MongoDB connection verified","service":"research-mgmt-api","state":1,"timestamp":"2025-04-11 19:43:05.297"}
{"function":"registerUser","level":"info","message":"Argon2 hashing verified","service":"research-mgmt-api","success":true,"timestamp":"2025-04-11 19:43:05.313"}
{"level":"info","message":"Checking for existing user with email: student@example.com","service":"research-mgmt-api","timestamp":"2025-04-11 19:43:05.314"}
{"level":"info","message":"No existing user found with email: student@example.com. Proceeding with registration.","service":"research-mgmt-api","timestamp":"2025-04-11 19:43:05.362"}
{"level":"info","message":"Creating new user object for: student@example.com","service":"research-mgmt-api","timestamp":"2025-04-11 19:43:05.363"}
{"level":"info","message":"Saving user to database: student@example.com","service":"research-mgmt-api","timestamp":"2025-04-11 19:43:05.363"}
{"level":"info","message":"User successfully saved. ID: 67f91c69819ac3cc84ff6958, Email: student@example.com","service":"research-mgmt-api","timestamp":"2025-04-11 19:43:05.430"}
{"level":"info","message":"Creating student profile with ID: STU123456","service":"research-mgmt-api","timestamp":"2025-04-11 19:43:05.430"}
{"level":"info","message":"Student profile created successfully: STU123456","service":"research-mgmt-api","timestamp":"2025-04-11 19:43:05.491"}
{"email":"student@example.com","function":"registerUser","level":"info","message":"New user registered successfully","role":"student","service":"research-mgmt-api","timestamp":"2025-04-11 19:43:05.494","userId":"67f91c69819ac3cc84ff6958"}
{"level":"info","message":"HTTP POST /api/auth/register - 201 (197ms)","service":"research-mgmt-api","timestamp":"2025-04-11 19:43:05.494"}
{"level":"error","message":"HTTP GET /api/students/profile - 404 (0ms) Error: Route not found","service":"research-mgmt-api","timestamp":"2025-04-11 19:43:17.463"}
{"level":"info","message":"JWT helper initialized","service":"research-mgmt-api","timestamp":"2025-04-11 19:43:33.669"}
{"level":"info","message":"Attempting to connect to MongoDB database","service":"research-mgmt-api","timestamp":"2025-04-11 19:43:33.713"}
{"level":"info","message":"Attempting to connect to MongoDB...","service":"research-mgmt-api","timestamp":"2025-04-11 19:43:33.714"}
{"level":"info","message":"MongoDB Connected: ac-xdpuchx-shard-00-01.tvoe17p.mongodb.net","service":"research-mgmt-api","timestamp":"2025-04-11 19:43:34.507"}
{"level":"info","message":"✅ MongoDB connection established successfully","service":"research-mgmt-api","timestamp":"2025-04-11 19:43:34.507"}
{"level":"info","message":"🚀 Server running on port 300010","service":"research-mgmt-api","timestamp":"2025-04-11 19:43:34.511"}
{"level":"info","message":"JWT helper initialized","service":"research-mgmt-api","timestamp":"2025-04-11 19:43:46.897"}
{"level":"info","message":"Attempting to connect to MongoDB database","service":"research-mgmt-api","timestamp":"2025-04-11 19:43:46.943"}
{"level":"info","message":"Attempting to connect to MongoDB...","service":"research-mgmt-api","timestamp":"2025-04-11 19:43:46.944"}
{"level":"info","message":"MongoDB Connected: ac-xdpuchx-shard-00-01.tvoe17p.mongodb.net","service":"research-mgmt-api","timestamp":"2025-04-11 19:43:47.617"}
{"level":"info","message":"✅ MongoDB connection established successfully","service":"research-mgmt-api","timestamp":"2025-04-11 19:43:47.618"}
{"level":"info","message":"🚀 Server running on port 300010","service":"research-mgmt-api","timestamp":"2025-04-11 19:43:47.630"}
{"level":"info","message":"JWT helper initialized","service":"research-mgmt-api","timestamp":"2025-04-11 19:43:50.628"}
{"level":"info","message":"Attempting to connect to MongoDB database","service":"research-mgmt-api","timestamp":"2025-04-11 19:43:50.678"}
{"level":"info","message":"Attempting to connect to MongoDB...","service":"research-mgmt-api","timestamp":"2025-04-11 19:43:50.679"}
{"level":"info","message":"MongoDB Connected: ac-xdpuchx-shard-00-02.tvoe17p.mongodb.net","service":"research-mgmt-api","timestamp":"2025-04-11 19:43:51.795"}
{"level":"info","message":"✅ MongoDB connection established successfully","service":"research-mgmt-api","timestamp":"2025-04-11 19:43:51.795"}
{"level":"info","message":"🚀 Server running on port 300010","service":"research-mgmt-api","timestamp":"2025-04-11 19:43:51.799"}
{"level":"info","message":"JWT helper initialized","service":"research-mgmt-api","timestamp":"2025-04-11 19:44:08.691"}
{"level":"info","message":"Attempting to connect to MongoDB database","service":"research-mgmt-api","timestamp":"2025-04-11 19:44:08.736"}
{"level":"info","message":"Attempting to connect to MongoDB...","service":"research-mgmt-api","timestamp":"2025-04-11 19:44:08.737"}
{"level":"info","message":"MongoDB Connected: ac-xdpuchx-shard-00-02.tvoe17p.mongodb.net","service":"research-mgmt-api","timestamp":"2025-04-11 19:44:09.412"}
{"level":"info","message":"✅ MongoDB connection established successfully","service":"research-mgmt-api","timestamp":"2025-04-11 19:44:09.412"}
{"level":"info","message":"🚀 Server running on port 300010","service":"research-mgmt-api","timestamp":"2025-04-11 19:44:09.417"}
{"level":"info","message":"HTTP GET /health - 200 (0ms)","service":"research-mgmt-api","timestamp":"2025-04-11 19:44:15.393"}
{"level":"info","message":"MongoDB connection state: 1","service":"research-mgmt-api","timestamp":"2025-04-11 19:44:24.944"}
{"function":"registerUser","level":"info","message":"MongoDB connection verified","service":"research-mgmt-api","state":1,"timestamp":"2025-04-11 19:44:24.944"}
{"function":"registerUser","level":"info","message":"Argon2 hashing verified","service":"research-mgmt-api","success":true,"timestamp":"2025-04-11 19:44:24.963"}
{"level":"info","message":"Checking for existing user with email: student2@example.com","service":"research-mgmt-api","timestamp":"2025-04-11 19:44:24.963"}
{"level":"info","message":"No existing user found with email: student2@example.com. Proceeding with registration.","service":"research-mgmt-api","timestamp":"2025-04-11 19:44:25.024"}
{"level":"info","message":"Creating new user object for: student2@example.com","service":"research-mgmt-api","timestamp":"2025-04-11 19:44:25.024"}
{"level":"info","message":"Saving user to database: student2@example.com","service":"research-mgmt-api","timestamp":"2025-04-11 19:44:25.027"}
{"level":"info","message":"User successfully saved. ID: 67f91cb9ced73b8792d90f14, Email: student2@example.com","service":"research-mgmt-api","timestamp":"2025-04-11 19:44:25.102"}
{"level":"info","message":"Creating student profile with ID: STU123457","service":"research-mgmt-api","timestamp":"2025-04-11 19:44:25.102"}
{"level":"info","message":"Student profile created successfully: STU123457","service":"research-mgmt-api","timestamp":"2025-04-11 19:44:25.157"}
{"email":"student2@example.com","function":"registerUser","level":"info","message":"New user registered successfully","role":"student","service":"research-mgmt-api","timestamp":"2025-04-11 19:44:25.158","userId":"67f91cb9ced73b8792d90f14"}
{"level":"info","message":"HTTP POST /api/auth/register - 201 (216ms)","service":"research-mgmt-api","timestamp":"2025-04-11 19:44:25.159"}
{"field":null,"level":"error","message":"Application error: Student access only","name":"ValidationError","service":"research-mgmt-api","stack":"ValidationError: Student access only\n    at <anonymous> (/home/swadhin/r/server/src/routes/studentRoutes.js:33:19)\n    at <anonymous> (file:///home/swadhin/r/server/node_modules/elysia/dist/bun/index.js:13:27)\n    at processTicksAndRejections (native:7:39)","status":400,"timestamp":"2025-04-11 19:44:34.659"}
{"level":"info","message":"JWT helper initialized","service":"research-mgmt-api","timestamp":"2025-04-11 19:44:50.497"}
{"level":"info","message":"Attempting to connect to MongoDB database","service":"research-mgmt-api","timestamp":"2025-04-11 19:44:50.542"}
{"level":"info","message":"Attempting to connect to MongoDB...","service":"research-mgmt-api","timestamp":"2025-04-11 19:44:50.542"}
{"level":"info","message":"MongoDB Connected: ac-xdpuchx-shard-00-01.tvoe17p.mongodb.net","service":"research-mgmt-api","timestamp":"2025-04-11 19:44:51.569"}
{"level":"info","message":"✅ MongoDB connection established successfully","service":"research-mgmt-api","timestamp":"2025-04-11 19:44:51.570"}
{"level":"info","message":"🚀 Server running on port 300010","service":"research-mgmt-api","timestamp":"2025-04-11 19:44:51.575"}
{"level":"info","message":"JWT helper initialized","service":"research-mgmt-api","timestamp":"2025-04-11 19:45:24.796"}
{"level":"info","message":"Attempting to connect to MongoDB database","service":"research-mgmt-api","timestamp":"2025-04-11 19:45:24.843"}
{"level":"info","message":"Attempting to connect to MongoDB...","service":"research-mgmt-api","timestamp":"2025-04-11 19:45:24.843"}
{"level":"info","message":"JWT helper initialized","service":"research-mgmt-api","timestamp":"2025-04-11 19:45:25.349"}
{"level":"info","message":"Attempting to connect to MongoDB database","service":"research-mgmt-api","timestamp":"2025-04-11 19:45:25.396"}
{"level":"info","message":"Attempting to connect to MongoDB...","service":"research-mgmt-api","timestamp":"2025-04-11 19:45:25.396"}
{"level":"info","message":"MongoDB Connected: ac-xdpuchx-shard-00-00.tvoe17p.mongodb.net","service":"research-mgmt-api","timestamp":"2025-04-11 19:45:26.021"}
{"level":"info","message":"✅ MongoDB connection established successfully","service":"research-mgmt-api","timestamp":"2025-04-11 19:45:26.021"}
{"level":"info","message":"🚀 Server running on port 300010","service":"research-mgmt-api","timestamp":"2025-04-11 19:45:26.025"}
{"level":"info","message":"MongoDB connection state: 1","service":"research-mgmt-api","timestamp":"2025-04-11 19:45:32.964"}
{"function":"registerUser","level":"info","message":"MongoDB connection verified","service":"research-mgmt-api","state":1,"timestamp":"2025-04-11 19:45:32.965"}
{"function":"registerUser","level":"info","message":"Argon2 hashing verified","service":"research-mgmt-api","success":true,"timestamp":"2025-04-11 19:45:32.982"}
{"level":"info","message":"Checking for existing user with email: student3@example.com","service":"research-mgmt-api","timestamp":"2025-04-11 19:45:32.983"}
{"level":"info","message":"No existing user found with email: student3@example.com. Proceeding with registration.","service":"research-mgmt-api","timestamp":"2025-04-11 19:45:33.039"}
{"level":"info","message":"Creating new user object for: student3@example.com","service":"research-mgmt-api","timestamp":"2025-04-11 19:45:33.039"}
{"level":"info","message":"Saving user to database: student3@example.com","service":"research-mgmt-api","timestamp":"2025-04-11 19:45:33.042"}
{"level":"info","message":"User successfully saved. ID: 67f91cfd7459adc4db214bb1, Email: student3@example.com","service":"research-mgmt-api","timestamp":"2025-04-11 19:45:33.116"}
{"level":"info","message":"Creating student profile with ID: STU123458","service":"research-mgmt-api","timestamp":"2025-04-11 19:45:33.116"}
{"level":"info","message":"Student profile created successfully: STU123458","service":"research-mgmt-api","timestamp":"2025-04-11 19:45:33.170"}
{"email":"student3@example.com","function":"registerUser","level":"info","message":"New user registered successfully","role":"student","service":"research-mgmt-api","timestamp":"2025-04-11 19:45:33.171","userId":"67f91cfd7459adc4db214bb1"}
{"level":"info","message":"HTTP POST /api/auth/register - 201 (208ms)","service":"research-mgmt-api","timestamp":"2025-04-11 19:45:33.172"}
{"field":null,"level":"error","message":"Application error: Student access only","name":"ValidationError","service":"research-mgmt-api","stack":"ValidationError: Student access only\n    at <anonymous> (/home/swadhin/r/server/src/routes/studentRoutes.js:33:19)\n    at <anonymous> (file:///home/swadhin/r/server/node_modules/elysia/dist/bun/index.js:13:27)\n    at processTicksAndRejections (native:7:39)","status":400,"timestamp":"2025-04-11 19:45:41.878"}
{"level":"info","message":"JWT helper initialized","service":"research-mgmt-api","timestamp":"2025-04-11 19:45:56.277"}
{"level":"info","message":"Attempting to connect to MongoDB database","service":"research-mgmt-api","timestamp":"2025-04-11 19:45:56.322"}
{"level":"info","message":"Attempting to connect to MongoDB...","service":"research-mgmt-api","timestamp":"2025-04-11 19:45:56.322"}
{"level":"info","message":"MongoDB Connected: ac-xdpuchx-shard-00-00.tvoe17p.mongodb.net","service":"research-mgmt-api","timestamp":"2025-04-11 19:45:57.430"}
{"level":"info","message":"✅ MongoDB connection established successfully","service":"research-mgmt-api","timestamp":"2025-04-11 19:45:57.430"}
{"level":"info","message":"🚀 Server running on port 300010","service":"research-mgmt-api","timestamp":"2025-04-11 19:45:57.436"}
{"level":"info","message":"JWT helper initialized","service":"research-mgmt-api","timestamp":"2025-04-11 19:46:02.662"}
{"adminRoutes":true,"authRoutes":true,"level":"info","message":"Route modules loaded:","service":"research-mgmt-api","studentRoutes":true,"supervisorRoutes":true,"timestamp":"2025-04-11 19:46:02.700"}
{"level":"info","message":"Attempting to connect to MongoDB database","service":"research-mgmt-api","timestamp":"2025-04-11 19:46:02.713"}
{"level":"info","message":"Attempting to connect to MongoDB...","service":"research-mgmt-api","timestamp":"2025-04-11 19:46:02.714"}
{"level":"info","message":"MongoDB Connected: ac-xdpuchx-shard-00-01.tvoe17p.mongodb.net","service":"research-mgmt-api","timestamp":"2025-04-11 19:46:03.587"}
{"level":"info","message":"✅ MongoDB connection established successfully","service":"research-mgmt-api","timestamp":"2025-04-11 19:46:03.587"}
{"level":"info","message":"🚀 Server running on port 300010","service":"research-mgmt-api","timestamp":"2025-04-11 19:46:03.593"}
{"level":"info","message":"JWT helper initialized","service":"research-mgmt-api","timestamp":"2025-04-11 19:46:39.615"}
{"adminRoutes":true,"authRoutes":true,"level":"info","message":"Route modules loaded:","service":"research-mgmt-api","studentRoutes":true,"supervisorRoutes":true,"timestamp":"2025-04-11 19:46:39.649"}
{"level":"info","message":"Attempting to connect to MongoDB database","service":"research-mgmt-api","timestamp":"2025-04-11 19:46:39.662"}
{"level":"info","message":"Attempting to connect to MongoDB...","service":"research-mgmt-api","timestamp":"2025-04-11 19:46:39.662"}
{"level":"info","message":"MongoDB Connected: ac-xdpuchx-shard-00-02.tvoe17p.mongodb.net","service":"research-mgmt-api","timestamp":"2025-04-11 19:46:40.307"}
{"level":"info","message":"✅ MongoDB connection established successfully","service":"research-mgmt-api","timestamp":"2025-04-11 19:46:40.308"}
{"level":"info","message":"🚀 Server running on port 300010","service":"research-mgmt-api","timestamp":"2025-04-11 19:46:40.313"}
{"level":"info","message":"MongoDB connection state: 1","service":"research-mgmt-api","timestamp":"2025-04-11 19:46:47.305"}
{"function":"registerUser","level":"info","message":"MongoDB connection verified","service":"research-mgmt-api","state":1,"timestamp":"2025-04-11 19:46:47.305"}
{"function":"registerUser","level":"info","message":"Argon2 hashing verified","service":"research-mgmt-api","success":true,"timestamp":"2025-04-11 19:46:47.326"}
{"level":"info","message":"Checking for existing user with email: student4@example.com","service":"research-mgmt-api","timestamp":"2025-04-11 19:46:47.326"}
{"level":"info","message":"No existing user found with email: student4@example.com. Proceeding with registration.","service":"research-mgmt-api","timestamp":"2025-04-11 19:46:47.381"}
{"level":"info","message":"Creating new user object for: student4@example.com","service":"research-mgmt-api","timestamp":"2025-04-11 19:46:47.382"}
{"level":"info","message":"Saving user to database: student4@example.com","service":"research-mgmt-api","timestamp":"2025-04-11 19:46:47.384"}
{"level":"info","message":"User successfully saved. ID: 67f91d473d341438d7e8bdc4, Email: student4@example.com","service":"research-mgmt-api","timestamp":"2025-04-11 19:46:47.459"}
{"level":"info","message":"Creating student profile with ID: STU123459","service":"research-mgmt-api","timestamp":"2025-04-11 19:46:47.459"}
{"level":"info","message":"Student profile created successfully: STU123459","service":"research-mgmt-api","timestamp":"2025-04-11 19:46:47.513"}
{"email":"student4@example.com","function":"registerUser","level":"info","message":"New user registered successfully","role":"student","service":"research-mgmt-api","timestamp":"2025-04-11 19:46:47.515","userId":"67f91d473d341438d7e8bdc4"}
{"level":"info","message":"HTTP POST /api/auth/register - 201 (211ms)","service":"research-mgmt-api","timestamp":"2025-04-11 19:46:47.515"}
{"field":null,"level":"error","message":"Application error: Student access only","name":"ValidationError","service":"research-mgmt-api","stack":"ValidationError: Student access only\n    at <anonymous> (/home/swadhin/r/server/src/routes/studentRoutes.js:33:19)\n    at <anonymous> (file:///home/swadhin/r/server/node_modules/elysia/dist/bun/index.js:13:27)\n    at processTicksAndRejections (native:7:39)","status":400,"timestamp":"2025-04-11 19:46:56.579"}
{"level":"info","message":"JWT helper initialized","service":"research-mgmt-api","timestamp":"2025-04-11 19:47:23.478"}
{"adminRoutes":true,"authRoutes":true,"level":"info","message":"Route modules loaded:","service":"research-mgmt-api","studentRoutes":true,"supervisorRoutes":true,"timestamp":"2025-04-11 19:47:23.514"}
{"level":"info","message":"Attempting to connect to MongoDB database","service":"research-mgmt-api","timestamp":"2025-04-11 19:47:23.527"}
{"level":"info","message":"Attempting to connect to MongoDB...","service":"research-mgmt-api","timestamp":"2025-04-11 19:47:23.528"}
{"level":"info","message":"MongoDB Connected: ac-xdpuchx-shard-00-01.tvoe17p.mongodb.net","service":"research-mgmt-api","timestamp":"2025-04-11 19:47:24.351"}
{"level":"info","message":"✅ MongoDB connection established successfully","service":"research-mgmt-api","timestamp":"2025-04-11 19:47:24.351"}
{"level":"info","message":"🚀 Server running on port 300010","service":"research-mgmt-api","timestamp":"2025-04-11 19:47:24.355"}
{"level":"info","message":"JWT helper initialized","service":"research-mgmt-api","timestamp":"2025-04-11 19:47:27.822"}
{"adminRoutes":true,"authRoutes":true,"level":"info","message":"Route modules loaded:","service":"research-mgmt-api","studentRoutes":true,"supervisorRoutes":true,"timestamp":"2025-04-11 19:47:27.856"}
{"level":"info","message":"Attempting to connect to MongoDB database","service":"research-mgmt-api","timestamp":"2025-04-11 19:47:27.869"}
{"level":"info","message":"JWT helper initialized","service":"research-mgmt-api","timestamp":"2025-04-11 19:47:28.162"}
{"adminRoutes":true,"authRoutes":true,"level":"info","message":"Route modules loaded:","service":"research-mgmt-api","studentRoutes":true,"supervisorRoutes":true,"timestamp":"2025-04-11 19:47:28.197"}
{"level":"info","message":"Attempting to connect to MongoDB database","service":"research-mgmt-api","timestamp":"2025-04-11 19:47:28.209"}
{"level":"info","message":"Attempting to connect to MongoDB...","service":"research-mgmt-api","timestamp":"2025-04-11 19:47:28.209"}
{"level":"info","message":"MongoDB Connected: ac-xdpuchx-shard-00-02.tvoe17p.mongodb.net","service":"research-mgmt-api","timestamp":"2025-04-11 19:47:28.851"}
{"level":"info","message":"✅ MongoDB connection established successfully","service":"research-mgmt-api","timestamp":"2025-04-11 19:47:28.851"}
{"level":"info","message":"🚀 Server running on port 300010","service":"research-mgmt-api","timestamp":"2025-04-11 19:47:28.856"}
{"level":"info","message":"JWT helper initialized","service":"research-mgmt-api","timestamp":"2025-04-11 19:47:46.226"}
{"adminRoutes":true,"authRoutes":true,"level":"info","message":"Route modules loaded:","service":"research-mgmt-api","studentRoutes":true,"supervisorRoutes":true,"timestamp":"2025-04-11 19:47:46.260"}
{"level":"info","message":"Attempting to connect to MongoDB database","service":"research-mgmt-api","timestamp":"2025-04-11 19:47:46.273"}
{"level":"info","message":"Attempting to connect to MongoDB...","service":"research-mgmt-api","timestamp":"2025-04-11 19:47:46.273"}
{"level":"info","message":"MongoDB Connected: ac-xdpuchx-shard-00-01.tvoe17p.mongodb.net","service":"research-mgmt-api","timestamp":"2025-04-11 19:47:47.447"}
{"level":"info","message":"✅ MongoDB connection established successfully","service":"research-mgmt-api","timestamp":"2025-04-11 19:47:47.447"}
{"level":"info","message":"🚀 Server running on port 300010","service":"research-mgmt-api","timestamp":"2025-04-11 19:47:47.452"}
{"field":null,"level":"error","message":"Application error: Authentication required","name":"ValidationError","service":"research-mgmt-api","stack":"ValidationError: Authentication required\n    at <anonymous> (/home/swadhin/r/server/src/routes/studentRoutes.js:41:19)\n    at <anonymous> (file:///home/swadhin/r/server/node_modules/elysia/dist/bun/index.js:13:27)\n    at processTicksAndRejections (native:7:39)","status":400,"timestamp":"2025-04-11 19:47:53.786"}
{"level":"info","message":"JWT helper initialized","service":"research-mgmt-api","timestamp":"2025-04-11 19:48:19.757"}
{"adminRoutes":true,"authRoutes":true,"level":"info","message":"Route modules loaded:","service":"research-mgmt-api","studentRoutes":true,"supervisorRoutes":true,"timestamp":"2025-04-11 19:48:19.792"}
{"level":"info","message":"Attempting to connect to MongoDB database","service":"research-mgmt-api","timestamp":"2025-04-11 19:48:19.804"}
{"level":"info","message":"Attempting to connect to MongoDB...","service":"research-mgmt-api","timestamp":"2025-04-11 19:48:19.804"}
{"level":"info","message":"MongoDB Connected: ac-xdpuchx-shard-00-01.tvoe17p.mongodb.net","service":"research-mgmt-api","timestamp":"2025-04-11 19:48:20.522"}
{"level":"info","message":"✅ MongoDB connection established successfully","service":"research-mgmt-api","timestamp":"2025-04-11 19:48:20.523"}
{"level":"info","message":"🚀 Server running on port 300010","service":"research-mgmt-api","timestamp":"2025-04-11 19:48:20.528"}
{"level":"info","message":"JWT helper initialized","service":"research-mgmt-api","timestamp":"2025-04-11 19:48:36.294"}
{"adminRoutes":true,"authRoutes":true,"level":"info","message":"Route modules loaded:","service":"research-mgmt-api","studentRoutes":true,"supervisorRoutes":true,"timestamp":"2025-04-11 19:48:36.328"}
{"level":"info","message":"Attempting to connect to MongoDB database","service":"research-mgmt-api","timestamp":"2025-04-11 19:48:36.340"}
{"level":"info","message":"Attempting to connect to MongoDB...","service":"research-mgmt-api","timestamp":"2025-04-11 19:48:36.340"}
{"level":"info","message":"MongoDB Connected: ac-xdpuchx-shard-00-02.tvoe17p.mongodb.net","service":"research-mgmt-api","timestamp":"2025-04-11 19:48:37.304"}
{"level":"info","message":"✅ MongoDB connection established successfully","service":"research-mgmt-api","timestamp":"2025-04-11 19:48:37.304"}
{"level":"info","message":"🚀 Server running on port 300010","service":"research-mgmt-api","timestamp":"2025-04-11 19:48:37.310"}
{"level":"info","message":"MongoDB connection state: 1","service":"research-mgmt-api","timestamp":"2025-04-11 19:48:47.091"}
{"function":"registerUser","level":"info","message":"MongoDB connection verified","service":"research-mgmt-api","state":1,"timestamp":"2025-04-11 19:48:47.091"}
{"function":"registerUser","level":"info","message":"Argon2 hashing verified","service":"research-mgmt-api","success":true,"timestamp":"2025-04-11 19:48:47.108"}
{"level":"info","message":"Checking for existing user with email: student5@example.com","service":"research-mgmt-api","timestamp":"2025-04-11 19:48:47.109"}
{"level":"info","message":"No existing user found with email: student5@example.com. Proceeding with registration.","service":"research-mgmt-api","timestamp":"2025-04-11 19:48:47.162"}
{"level":"info","message":"Creating new user object for: student5@example.com","service":"research-mgmt-api","timestamp":"2025-04-11 19:48:47.162"}
{"level":"info","message":"Saving user to database: student5@example.com","service":"research-mgmt-api","timestamp":"2025-04-11 19:48:47.165"}
{"level":"info","message":"User successfully saved. ID: 67f91dbf2844b87cdf2299aa, Email: student5@example.com","service":"research-mgmt-api","timestamp":"2025-04-11 19:48:47.237"}
{"level":"info","message":"Creating student profile with ID: STU123450","service":"research-mgmt-api","timestamp":"2025-04-11 19:48:47.237"}
{"level":"info","message":"Student profile created successfully: STU123450","service":"research-mgmt-api","timestamp":"2025-04-11 19:48:47.289"}
{"email":"student5@example.com","function":"registerUser","level":"info","message":"New user registered successfully","role":"student","service":"research-mgmt-api","timestamp":"2025-04-11 19:48:47.291","userId":"67f91dbf2844b87cdf2299aa"}
{"level":"info","message":"HTTP POST /api/auth/register - 201 (201ms)","service":"research-mgmt-api","timestamp":"2025-04-11 19:48:47.291"}
{"field":null,"level":"error","message":"Application error: Authentication required","name":"ValidationError","service":"research-mgmt-api","stack":"ValidationError: Authentication required\n    at <anonymous> (/home/swadhin/r/server/src/routes/studentRoutes.js:41:19)\n    at <anonymous> (file:///home/swadhin/r/server/node_modules/elysia/dist/bun/index.js:13:27)\n    at processTicksAndRejections (native:7:39)","status":400,"timestamp":"2025-04-11 19:48:55.338"}
{"level":"info","message":"JWT helper initialized","service":"research-mgmt-api","timestamp":"2025-04-11 19:49:24.153"}
{"adminRoutes":true,"authRoutes":true,"level":"info","message":"Route modules loaded:","service":"research-mgmt-api","studentRoutes":true,"supervisorRoutes":true,"timestamp":"2025-04-11 19:49:24.189"}
{"level":"info","message":"Attempting to connect to MongoDB database","service":"research-mgmt-api","timestamp":"2025-04-11 19:49:24.202"}
{"level":"info","message":"Attempting to connect to MongoDB...","service":"research-mgmt-api","timestamp":"2025-04-11 19:49:24.202"}
{"level":"info","message":"MongoDB Connected: ac-xdpuchx-shard-00-00.tvoe17p.mongodb.net","service":"research-mgmt-api","timestamp":"2025-04-11 19:49:25.032"}
{"level":"info","message":"✅ MongoDB connection established successfully","service":"research-mgmt-api","timestamp":"2025-04-11 19:49:25.033"}
{"level":"info","message":"🚀 Server running on port 300010","service":"research-mgmt-api","timestamp":"2025-04-11 19:49:25.038"}
{"level":"info","message":"JWT helper initialized","service":"research-mgmt-api","timestamp":"2025-04-11 19:49:28.696"}
{"adminRoutes":true,"authRoutes":true,"level":"info","message":"Route modules loaded:","service":"research-mgmt-api","studentRoutes":true,"supervisorRoutes":true,"timestamp":"2025-04-11 19:49:28.730"}
{"level":"info","message":"Attempting to connect to MongoDB database","service":"research-mgmt-api","timestamp":"2025-04-11 19:49:28.742"}
{"level":"info","message":"Attempting to connect to MongoDB...","service":"research-mgmt-api","timestamp":"2025-04-11 19:49:28.743"}
{"level":"info","message":"MongoDB Connected: ac-xdpuchx-shard-00-01.tvoe17p.mongodb.net","service":"research-mgmt-api","timestamp":"2025-04-11 19:49:29.384"}
{"level":"info","message":"✅ MongoDB connection established successfully","service":"research-mgmt-api","timestamp":"2025-04-11 19:49:29.385"}
{"level":"info","message":"🚀 Server running on port 300010","service":"research-mgmt-api","timestamp":"2025-04-11 19:49:29.390"}
{"level":"info","message":"MongoDB connection state: 1","service":"research-mgmt-api","timestamp":"2025-04-11 19:49:45.692"}
{"function":"registerUser","level":"info","message":"MongoDB connection verified","service":"research-mgmt-api","state":1,"timestamp":"2025-04-11 19:49:45.693"}
{"function":"registerUser","level":"info","message":"Argon2 hashing verified","service":"research-mgmt-api","success":true,"timestamp":"2025-04-11 19:49:45.708"}
{"level":"info","message":"Checking for existing user with email: student6@example.com","service":"research-mgmt-api","timestamp":"2025-04-11 19:49:45.709"}
{"level":"info","message":"No existing user found with email: student6@example.com. Proceeding with registration.","service":"research-mgmt-api","timestamp":"2025-04-11 19:49:45.833"}
{"level":"info","message":"Creating new user object for: student6@example.com","service":"research-mgmt-api","timestamp":"2025-04-11 19:49:45.833"}
{"level":"info","message":"Saving user to database: student6@example.com","service":"research-mgmt-api","timestamp":"2025-04-11 19:49:45.837"}
{"level":"info","message":"User successfully saved. ID: 67f91df9cf05f2f267fca1d2, Email: student6@example.com","service":"research-mgmt-api","timestamp":"2025-04-11 19:49:45.945"}
{"level":"info","message":"Creating student profile with ID: STU123451","service":"research-mgmt-api","timestamp":"2025-04-11 19:49:45.945"}
{"level":"info","message":"Student profile created successfully: STU123451","service":"research-mgmt-api","timestamp":"2025-04-11 19:49:46.016"}
{"email":"student6@example.com","function":"registerUser","level":"info","message":"New user registered successfully","role":"student","service":"research-mgmt-api","timestamp":"2025-04-11 19:49:46.018","userId":"67f91df9cf05f2f267fca1d2"}
{"level":"info","message":"HTTP POST /api/auth/register - 201 (328ms)","service":"research-mgmt-api","timestamp":"2025-04-11 19:49:46.018"}
{"level":"info","message":"HTTP GET /api/students/profile - 200 (0ms)","service":"research-mgmt-api","timestamp":"2025-04-11 19:49:55.726"}
{"level":"info","message":"HTTP GET /api/students/team - 200 (101ms)","service":"research-mgmt-api","timestamp":"2025-04-11 19:50:06.319"}
{"level":"info","message":"HTTP POST /api/students/team/create - 200 (0ms)","service":"research-mgmt-api","timestamp":"2025-04-11 19:50:17.123"}
{"level":"info","message":"HTTP GET /api/students/team - 200 (127ms)","service":"research-mgmt-api","timestamp":"2025-04-11 19:50:26.057"}
{"error":{"field":null,"name":"ValidationError","status":400},"level":"error","message":"Failed to get available students","service":"research-mgmt-api","timestamp":"2025-04-11 19:50:37.300","userId":"67f91df9cf05f2f267fca1d2"}
{"field":null,"level":"error","message":"Failed to get available students No active session found","name":"ValidationError","service":"research-mgmt-api","stack":"ValidationError: No active session found\n    at <anonymous> (/home/swadhin/r/server/src/controllers/teamController.js:1122:17)\n    at processTicksAndRejections (native:7:39)","status":400,"timestamp":"2025-04-11 19:50:37.300"}
{"level":"error","message":"HTTP GET /api/students/team/available-students - 400 (111ms) Error: No active session found","service":"research-mgmt-api","timestamp":"2025-04-11 19:50:37.300"}
{"level":"info","message":"JWT helper initialized","service":"research-mgmt-api","timestamp":"2025-04-11 19:51:09.431"}
{"adminRoutes":true,"authRoutes":true,"level":"info","message":"Route modules loaded:","service":"research-mgmt-api","studentRoutes":true,"supervisorRoutes":true,"timestamp":"2025-04-11 19:51:09.465"}
{"level":"info","message":"Attempting to connect to MongoDB database","service":"research-mgmt-api","timestamp":"2025-04-11 19:51:09.480"}
{"level":"info","message":"Attempting to connect to MongoDB...","service":"research-mgmt-api","timestamp":"2025-04-11 19:51:09.480"}
{"level":"info","message":"MongoDB Connected: ac-xdpuchx-shard-00-01.tvoe17p.mongodb.net","service":"research-mgmt-api","timestamp":"2025-04-11 19:51:10.228"}
{"level":"info","message":"✅ MongoDB connection established successfully","service":"research-mgmt-api","timestamp":"2025-04-11 19:51:10.229"}
{"level":"info","message":"🚀 Server running on port 300010","service":"research-mgmt-api","timestamp":"2025-04-11 19:51:10.234"}
{"level":"info","message":"MongoDB connection state: 1","service":"research-mgmt-api","timestamp":"2025-04-11 19:51:58.446"}
{"function":"registerUser","level":"info","message":"MongoDB connection verified","service":"research-mgmt-api","state":1,"timestamp":"2025-04-11 19:51:58.446"}
{"function":"registerUser","level":"info","message":"Argon2 hashing verified","service":"research-mgmt-api","success":true,"timestamp":"2025-04-11 19:51:58.462"}
{"level":"info","message":"Checking for existing user with email: studenttest@example.com","service":"research-mgmt-api","timestamp":"2025-04-11 19:51:58.463"}
{"level":"info","message":"No existing user found with email: studenttest@example.com. Proceeding with registration.","service":"research-mgmt-api","timestamp":"2025-04-11 19:51:58.516"}
{"level":"info","message":"Creating new user object for: studenttest@example.com","service":"research-mgmt-api","timestamp":"2025-04-11 19:51:58.517"}
{"level":"info","message":"Saving user to database: studenttest@example.com","service":"research-mgmt-api","timestamp":"2025-04-11 19:51:58.519"}
{"level":"info","message":"User successfully saved. ID: 67f91e7ef9513bda90bd0dfd, Email: studenttest@example.com","service":"research-mgmt-api","timestamp":"2025-04-11 19:51:58.595"}
{"level":"info","message":"Creating student profile with ID: STU123460","service":"research-mgmt-api","timestamp":"2025-04-11 19:51:58.595"}
{"level":"info","message":"Student profile created successfully: STU123460","service":"research-mgmt-api","timestamp":"2025-04-11 19:51:58.648"}
{"email":"studenttest@example.com","function":"registerUser","level":"info","message":"New user registered successfully","role":"student","service":"research-mgmt-api","timestamp":"2025-04-11 19:51:58.649","userId":"67f91e7ef9513bda90bd0dfd"}
{"level":"info","message":"HTTP POST /api/auth/register - 201 (205ms)","service":"research-mgmt-api","timestamp":"2025-04-11 19:51:58.650"}
{"level":"info","message":"HTTP GET /api/students/profile - 200 (0ms)","service":"research-mgmt-api","timestamp":"2025-04-11 19:52:07.156"}
{"level":"info","message":"JWT helper initialized","service":"research-mgmt-api","timestamp":"2025-04-11 19:52:22.979"}
{"adminRoutes":true,"authRoutes":true,"level":"info","message":"Route modules loaded:","service":"research-mgmt-api","studentRoutes":true,"supervisorRoutes":true,"timestamp":"2025-04-11 19:52:23.015"}
{"level":"info","message":"Attempting to connect to MongoDB database","service":"research-mgmt-api","timestamp":"2025-04-11 19:52:23.029"}
{"level":"info","message":"Attempting to connect to MongoDB...","service":"research-mgmt-api","timestamp":"2025-04-11 19:52:23.029"}
{"level":"info","message":"MongoDB Connected: ac-xdpuchx-shard-00-01.tvoe17p.mongodb.net","service":"research-mgmt-api","timestamp":"2025-04-11 19:52:23.819"}
{"level":"info","message":"✅ MongoDB connection established successfully","service":"research-mgmt-api","timestamp":"2025-04-11 19:52:23.819"}
{"level":"info","message":"🚀 Server running on port 300010","service":"research-mgmt-api","timestamp":"2025-04-11 19:52:23.825"}
{"level":"info","message":"JWT helper initialized","service":"research-mgmt-api","timestamp":"2025-04-11 19:52:26.196"}
{"adminRoutes":true,"authRoutes":true,"level":"info","message":"Route modules loaded:","service":"research-mgmt-api","studentRoutes":true,"supervisorRoutes":true,"timestamp":"2025-04-11 19:52:26.231"}
{"level":"info","message":"Attempting to connect to MongoDB database","service":"research-mgmt-api","timestamp":"2025-04-11 19:52:26.243"}
{"level":"info","message":"Attempting to connect to MongoDB...","service":"research-mgmt-api","timestamp":"2025-04-11 19:52:26.244"}
{"level":"info","message":"MongoDB Connected: ac-xdpuchx-shard-00-00.tvoe17p.mongodb.net","service":"research-mgmt-api","timestamp":"2025-04-11 19:52:26.876"}
{"level":"info","message":"✅ MongoDB connection established successfully","service":"research-mgmt-api","timestamp":"2025-04-11 19:52:26.877"}
{"level":"info","message":"🚀 Server running on port 300010","service":"research-mgmt-api","timestamp":"2025-04-11 19:52:26.885"}
{"level":"info","message":"JWT helper initialized","service":"research-mgmt-api","timestamp":"2025-04-11 19:52:28.173"}
{"adminRoutes":true,"authRoutes":true,"level":"info","message":"Route modules loaded:","service":"research-mgmt-api","studentRoutes":true,"supervisorRoutes":true,"timestamp":"2025-04-11 19:52:28.207"}
{"level":"info","message":"Attempting to connect to MongoDB database","service":"research-mgmt-api","timestamp":"2025-04-11 19:52:28.219"}
{"level":"info","message":"Attempting to connect to MongoDB...","service":"research-mgmt-api","timestamp":"2025-04-11 19:52:28.220"}
{"level":"info","message":"MongoDB Connected: ac-xdpuchx-shard-00-00.tvoe17p.mongodb.net","service":"research-mgmt-api","timestamp":"2025-04-11 19:52:28.876"}
{"level":"info","message":"✅ MongoDB connection established successfully","service":"research-mgmt-api","timestamp":"2025-04-11 19:52:28.876"}
{"level":"info","message":"🚀 Server running on port 300010","service":"research-mgmt-api","timestamp":"2025-04-11 19:52:28.881"}
{"level":"info","message":"JWT helper initialized","service":"research-mgmt-api","timestamp":"2025-04-11 19:52:52.191"}
{"adminRoutes":true,"authRoutes":true,"level":"info","message":"Route modules loaded:","service":"research-mgmt-api","studentRoutes":true,"supervisorRoutes":true,"timestamp":"2025-04-11 19:52:52.225"}
{"level":"info","message":"Attempting to connect to MongoDB database","service":"research-mgmt-api","timestamp":"2025-04-11 19:52:52.237"}
{"level":"info","message":"Attempting to connect to MongoDB...","service":"research-mgmt-api","timestamp":"2025-04-11 19:52:52.238"}
{"level":"info","message":"MongoDB Connected: ac-xdpuchx-shard-00-02.tvoe17p.mongodb.net","service":"research-mgmt-api","timestamp":"2025-04-11 19:52:52.872"}
{"level":"info","message":"✅ MongoDB connection established successfully","service":"research-mgmt-api","timestamp":"2025-04-11 19:52:52.873"}
{"level":"info","message":"🚀 Server running on port 300010","service":"research-mgmt-api","timestamp":"2025-04-11 19:52:52.878"}
{"level":"info","message":"JWT helper initialized","service":"research-mgmt-api","timestamp":"2025-04-11 19:52:56.929"}
{"adminRoutes":true,"authRoutes":true,"level":"info","message":"Route modules loaded:","service":"research-mgmt-api","studentRoutes":true,"supervisorRoutes":true,"timestamp":"2025-04-11 19:52:56.964"}
{"level":"info","message":"Attempting to connect to MongoDB database","service":"research-mgmt-api","timestamp":"2025-04-11 19:52:56.976"}
{"level":"info","message":"Attempting to connect to MongoDB...","service":"research-mgmt-api","timestamp":"2025-04-11 19:52:56.976"}
{"level":"info","message":"MongoDB Connected: ac-xdpuchx-shard-00-01.tvoe17p.mongodb.net","service":"research-mgmt-api","timestamp":"2025-04-11 19:52:57.614"}
{"level":"info","message":"✅ MongoDB connection established successfully","service":"research-mgmt-api","timestamp":"2025-04-11 19:52:57.615"}
{"level":"info","message":"🚀 Server running on port 300010","service":"research-mgmt-api","timestamp":"2025-04-11 19:52:57.620"}
{"level":"info","message":"JWT helper initialized","service":"research-mgmt-api","timestamp":"2025-04-11 19:53:03.018"}
{"adminRoutes":true,"authRoutes":true,"level":"info","message":"Route modules loaded:","service":"research-mgmt-api","studentRoutes":true,"supervisorRoutes":true,"timestamp":"2025-04-11 19:53:03.052"}
{"level":"info","message":"Attempting to connect to MongoDB database","service":"research-mgmt-api","timestamp":"2025-04-11 19:53:03.065"}
{"level":"info","message":"Attempting to connect to MongoDB...","service":"research-mgmt-api","timestamp":"2025-04-11 19:53:03.065"}
{"level":"info","message":"MongoDB Connected: ac-xdpuchx-shard-00-00.tvoe17p.mongodb.net","service":"research-mgmt-api","timestamp":"2025-04-11 19:53:03.723"}
{"level":"info","message":"✅ MongoDB connection established successfully","service":"research-mgmt-api","timestamp":"2025-04-11 19:53:03.724"}
{"level":"info","message":"🚀 Server running on port 300010","service":"research-mgmt-api","timestamp":"2025-04-11 19:53:03.729"}
{"level":"info","message":"JWT helper initialized","service":"research-mgmt-api","timestamp":"2025-04-11 19:53:04.156"}
{"adminRoutes":true,"authRoutes":true,"level":"info","message":"Route modules loaded:","service":"research-mgmt-api","studentRoutes":true,"supervisorRoutes":true,"timestamp":"2025-04-11 19:53:04.191"}
{"level":"info","message":"Attempting to connect to MongoDB database","service":"research-mgmt-api","timestamp":"2025-04-11 19:53:04.203"}
{"level":"info","message":"Attempting to connect to MongoDB...","service":"research-mgmt-api","timestamp":"2025-04-11 19:53:04.204"}
{"level":"info","message":"JWT helper initialized","service":"research-mgmt-api","timestamp":"2025-04-11 19:53:04.739"}
{"adminRoutes":true,"authRoutes":true,"level":"info","message":"Route modules loaded:","service":"research-mgmt-api","studentRoutes":true,"supervisorRoutes":true,"timestamp":"2025-04-11 19:53:04.773"}
{"level":"info","message":"Attempting to connect to MongoDB database","service":"research-mgmt-api","timestamp":"2025-04-11 19:53:04.785"}
{"level":"info","message":"Attempting to connect to MongoDB...","service":"research-mgmt-api","timestamp":"2025-04-11 19:53:04.785"}
{"level":"info","message":"MongoDB Connected: ac-xdpuchx-shard-00-01.tvoe17p.mongodb.net","service":"research-mgmt-api","timestamp":"2025-04-11 19:53:05.437"}
{"level":"info","message":"✅ MongoDB connection established successfully","service":"research-mgmt-api","timestamp":"2025-04-11 19:53:05.438"}
{"level":"info","message":"🚀 Server running on port 300010","service":"research-mgmt-api","timestamp":"2025-04-11 19:53:05.442"}
{"level":"info","message":"JWT helper initialized","service":"research-mgmt-api","timestamp":"2025-04-11 19:53:17.357"}
{"adminRoutes":true,"authRoutes":true,"level":"info","message":"Route modules loaded:","service":"research-mgmt-api","studentRoutes":true,"supervisorRoutes":true,"timestamp":"2025-04-11 19:53:17.393"}
{"level":"info","message":"Attempting to connect to MongoDB database","service":"research-mgmt-api","timestamp":"2025-04-11 19:53:17.405"}
{"level":"info","message":"Attempting to connect to MongoDB...","service":"research-mgmt-api","timestamp":"2025-04-11 19:53:17.405"}
{"level":"info","message":"MongoDB Connected: ac-xdpuchx-shard-00-00.tvoe17p.mongodb.net","service":"research-mgmt-api","timestamp":"2025-04-11 19:53:18.047"}
{"level":"info","message":"✅ MongoDB connection established successfully","service":"research-mgmt-api","timestamp":"2025-04-11 19:53:18.047"}
{"level":"info","message":"🚀 Server running on port 300010","service":"research-mgmt-api","timestamp":"2025-04-11 19:53:18.051"}
{"level":"info","message":"JWT helper initialized","service":"research-mgmt-api","timestamp":"2025-04-11 19:53:21.841"}
{"adminRoutes":true,"authRoutes":true,"level":"info","message":"Route modules loaded:","service":"research-mgmt-api","studentRoutes":true,"supervisorRoutes":true,"timestamp":"2025-04-11 19:53:21.875"}
{"level":"info","message":"Attempting to connect to MongoDB database","service":"research-mgmt-api","timestamp":"2025-04-11 19:53:21.887"}
{"level":"info","message":"Attempting to connect to MongoDB...","service":"research-mgmt-api","timestamp":"2025-04-11 19:53:21.888"}
{"level":"info","message":"MongoDB Connected: ac-xdpuchx-shard-00-01.tvoe17p.mongodb.net","service":"research-mgmt-api","timestamp":"2025-04-11 19:53:22.545"}
{"level":"info","message":"✅ MongoDB connection established successfully","service":"research-mgmt-api","timestamp":"2025-04-11 19:53:22.546"}
{"level":"info","message":"🚀 Server running on port 300010","service":"research-mgmt-api","timestamp":"2025-04-11 19:53:22.551"}
{"level":"info","message":"JWT helper initialized","service":"research-mgmt-api","timestamp":"2025-04-11 19:54:48.011"}
{"adminRoutes":true,"authRoutes":true,"level":"info","message":"Route modules loaded:","service":"research-mgmt-api","studentRoutes":true,"supervisorRoutes":true,"timestamp":"2025-04-11 19:54:48.048"}
{"level":"info","message":"Attempting to connect to MongoDB database","service":"research-mgmt-api","timestamp":"2025-04-11 19:54:48.060"}
{"level":"info","message":"Attempting to connect to MongoDB...","service":"research-mgmt-api","timestamp":"2025-04-11 19:54:48.061"}
{"level":"info","message":"MongoDB Connected: ac-xdpuchx-shard-00-01.tvoe17p.mongodb.net","service":"research-mgmt-api","timestamp":"2025-04-11 19:54:49.133"}
{"level":"info","message":"✅ MongoDB connection established successfully","service":"research-mgmt-api","timestamp":"2025-04-11 19:54:49.133"}
{"level":"info","message":"🚀 Server running on port 300010","service":"research-mgmt-api","timestamp":"2025-04-11 19:54:49.137"}
{"level":"info","message":"MongoDB connection state: 1","service":"research-mgmt-api","timestamp":"2025-04-11 19:54:53.547"}
{"function":"registerUser","level":"info","message":"MongoDB connection verified","service":"research-mgmt-api","state":1,"timestamp":"2025-04-11 19:54:53.547"}
{"function":"registerUser","level":"info","message":"Argon2 hashing verified","service":"research-mgmt-api","success":true,"timestamp":"2025-04-11 19:54:53.563"}
{"level":"info","message":"Checking for existing user with email: studentnew@example.com","service":"research-mgmt-api","timestamp":"2025-04-11 19:54:53.564"}
{"level":"info","message":"No existing user found with email: studentnew@example.com. Proceeding with registration.","service":"research-mgmt-api","timestamp":"2025-04-11 19:54:53.618"}
{"level":"info","message":"Creating new user object for: studentnew@example.com","service":"research-mgmt-api","timestamp":"2025-04-11 19:54:53.619"}
{"level":"info","message":"Saving user to database: studentnew@example.com","service":"research-mgmt-api","timestamp":"2025-04-11 19:54:53.623"}
{"level":"info","message":"User successfully saved. ID: 67f91f2de3b3095c065ec0fd, Email: studentnew@example.com","service":"research-mgmt-api","timestamp":"2025-04-11 19:54:53.699"}
{"level":"info","message":"Creating student profile with ID: STU123461","service":"research-mgmt-api","timestamp":"2025-04-11 19:54:53.700"}
{"level":"info","message":"Student profile created successfully: STU123461","service":"research-mgmt-api","timestamp":"2025-04-11 19:54:53.753"}
{"email":"studentnew@example.com","function":"registerUser","level":"info","message":"New user registered successfully","role":"student","service":"research-mgmt-api","timestamp":"2025-04-11 19:54:53.755","userId":"67f91f2de3b3095c065ec0fd"}
{"level":"info","message":"HTTP POST /api/auth/register - 201 (209ms)","service":"research-mgmt-api","timestamp":"2025-04-11 19:54:53.755"}
{"level":"info","message":"HTTP GET /api/students/profile - 200 (0ms)","service":"research-mgmt-api","timestamp":"2025-04-11 19:55:02.437"}
{"level":"info","message":"HTTP GET /api/students/profile - 200 (0ms)","service":"research-mgmt-api","timestamp":"2025-04-11 19:55:10.581"}
{"level":"info","message":"JWT helper initialized","service":"research-mgmt-api","timestamp":"2025-04-11 19:55:35.468"}
{"adminRoutes":true,"authRoutes":true,"level":"info","message":"Route modules loaded:","service":"research-mgmt-api","studentRoutes":true,"supervisorRoutes":true,"timestamp":"2025-04-11 19:55:35.503"}
{"level":"info","message":"Attempting to connect to MongoDB database","service":"research-mgmt-api","timestamp":"2025-04-11 19:55:35.516"}
{"level":"info","message":"Attempting to connect to MongoDB...","service":"research-mgmt-api","timestamp":"2025-04-11 19:55:35.516"}
{"level":"info","message":"MongoDB Connected: ac-xdpuchx-shard-00-01.tvoe17p.mongodb.net","service":"research-mgmt-api","timestamp":"2025-04-11 19:55:36.183"}
{"level":"info","message":"✅ MongoDB connection established successfully","service":"research-mgmt-api","timestamp":"2025-04-11 19:55:36.183"}
{"level":"info","message":"🚀 Server running on port 300010","service":"research-mgmt-api","timestamp":"2025-04-11 19:55:36.187"}
{"level":"info","message":"JWT helper initialized","service":"research-mgmt-api","timestamp":"2025-04-11 19:55:41.022"}
{"adminRoutes":true,"authRoutes":true,"level":"info","message":"Route modules loaded:","service":"research-mgmt-api","studentRoutes":true,"supervisorRoutes":true,"timestamp":"2025-04-11 19:55:41.056"}
{"level":"info","message":"Attempting to connect to MongoDB database","service":"research-mgmt-api","timestamp":"2025-04-11 19:55:41.068"}
{"level":"info","message":"Attempting to connect to MongoDB...","service":"research-mgmt-api","timestamp":"2025-04-11 19:55:41.069"}
{"level":"info","message":"MongoDB Connected: ac-xdpuchx-shard-00-01.tvoe17p.mongodb.net","service":"research-mgmt-api","timestamp":"2025-04-11 19:55:41.713"}
{"level":"info","message":"✅ MongoDB connection established successfully","service":"research-mgmt-api","timestamp":"2025-04-11 19:55:41.713"}
{"level":"info","message":"🚀 Server running on port 300010","service":"research-mgmt-api","timestamp":"2025-04-11 19:55:41.718"}
{"level":"info","message":"JWT helper initialized","service":"research-mgmt-api","timestamp":"2025-04-11 19:55:57.667"}
{"adminRoutes":true,"authRoutes":true,"level":"info","message":"Route modules loaded:","service":"research-mgmt-api","studentRoutes":true,"supervisorRoutes":true,"timestamp":"2025-04-11 19:55:57.707"}
{"level":"info","message":"Attempting to connect to MongoDB database","service":"research-mgmt-api","timestamp":"2025-04-11 19:55:57.720"}
{"level":"info","message":"Attempting to connect to MongoDB...","service":"research-mgmt-api","timestamp":"2025-04-11 19:55:57.720"}
{"level":"info","message":"MongoDB Connected: ac-xdpuchx-shard-00-00.tvoe17p.mongodb.net","service":"research-mgmt-api","timestamp":"2025-04-11 19:55:58.474"}
{"level":"info","message":"✅ MongoDB connection established successfully","service":"research-mgmt-api","timestamp":"2025-04-11 19:55:58.474"}
{"level":"info","message":"🚀 Server running on port 300010","service":"research-mgmt-api","timestamp":"2025-04-11 19:55:58.478"}
{"level":"info","message":"MongoDB connection state: 1","service":"research-mgmt-api","timestamp":"2025-04-11 19:56:03.504"}
{"function":"registerUser","level":"info","message":"MongoDB connection verified","service":"research-mgmt-api","state":1,"timestamp":"2025-04-11 19:56:03.504"}
{"function":"registerUser","level":"info","message":"Argon2 hashing verified","service":"research-mgmt-api","success":true,"timestamp":"2025-04-11 19:56:03.520"}
{"level":"info","message":"Checking for existing user with email: studentfinal@example.com","service":"research-mgmt-api","timestamp":"2025-04-11 19:56:03.520"}
{"level":"info","message":"No existing user found with email: studentfinal@example.com. Proceeding with registration.","service":"research-mgmt-api","timestamp":"2025-04-11 19:56:03.574"}
{"level":"info","message":"Creating new user object for: studentfinal@example.com","service":"research-mgmt-api","timestamp":"2025-04-11 19:56:03.574"}
{"level":"info","message":"Saving user to database: studentfinal@example.com","service":"research-mgmt-api","timestamp":"2025-04-11 19:56:03.578"}
{"level":"info","message":"User successfully saved. ID: 67f91f73d5ceb060f43233df, Email: studentfinal@example.com","service":"research-mgmt-api","timestamp":"2025-04-11 19:56:03.650"}
{"level":"info","message":"Creating student profile with ID: STU123462","service":"research-mgmt-api","timestamp":"2025-04-11 19:56:03.651"}
{"level":"info","message":"Student profile created successfully: STU123462","service":"research-mgmt-api","timestamp":"2025-04-11 19:56:03.704"}
{"email":"studentfinal@example.com","function":"registerUser","level":"info","message":"New user registered successfully","role":"student","service":"research-mgmt-api","timestamp":"2025-04-11 19:56:03.706","userId":"67f91f73d5ceb060f43233df"}
{"level":"info","message":"HTTP POST /api/auth/register - 201 (204ms)","service":"research-mgmt-api","timestamp":"2025-04-11 19:56:03.706"}
{"level":"info","message":"HTTP GET /api/students/profile - 200 (0ms)","service":"research-mgmt-api","timestamp":"2025-04-11 19:56:14.904"}
{"level":"info","message":"JWT helper initialized","service":"research-mgmt-api","timestamp":"2025-04-11 19:56:25.571"}
{"adminRoutes":true,"authRoutes":true,"level":"info","message":"Route modules loaded:","service":"research-mgmt-api","studentRoutes":true,"supervisorRoutes":true,"timestamp":"2025-04-11 19:56:25.606"}
{"level":"info","message":"Attempting to connect to MongoDB database","service":"research-mgmt-api","timestamp":"2025-04-11 19:56:25.619"}
{"level":"info","message":"Attempting to connect to MongoDB...","service":"research-mgmt-api","timestamp":"2025-04-11 19:56:25.620"}
{"level":"info","message":"MongoDB Connected: ac-xdpuchx-shard-00-02.tvoe17p.mongodb.net","service":"research-mgmt-api","timestamp":"2025-04-11 19:56:26.304"}
{"level":"info","message":"✅ MongoDB connection established successfully","service":"research-mgmt-api","timestamp":"2025-04-11 19:56:26.305"}
{"level":"info","message":"🚀 Server running on port 300010","service":"research-mgmt-api","timestamp":"2025-04-11 19:56:26.310"}
{"level":"info","message":"JWT helper initialized","service":"research-mgmt-api","timestamp":"2025-04-11 19:56:28.369"}
{"adminRoutes":true,"authRoutes":true,"level":"info","message":"Route modules loaded:","service":"research-mgmt-api","studentRoutes":true,"supervisorRoutes":true,"timestamp":"2025-04-11 19:56:28.405"}
{"level":"info","message":"Attempting to connect to MongoDB database","service":"research-mgmt-api","timestamp":"2025-04-11 19:56:28.419"}
{"level":"info","message":"Attempting to connect to MongoDB...","service":"research-mgmt-api","timestamp":"2025-04-11 19:56:28.419"}
{"level":"info","message":"MongoDB Connected: ac-xdpuchx-shard-00-00.tvoe17p.mongodb.net","service":"research-mgmt-api","timestamp":"2025-04-11 19:56:29.113"}
{"level":"info","message":"✅ MongoDB connection established successfully","service":"research-mgmt-api","timestamp":"2025-04-11 19:56:29.114"}
{"level":"info","message":"🚀 Server running on port 300010","service":"research-mgmt-api","timestamp":"2025-04-11 19:56:29.120"}
{"level":"info","message":"JWT helper initialized","service":"research-mgmt-api","timestamp":"2025-04-11 19:56:45.855"}
{"adminRoutes":true,"authRoutes":true,"level":"info","message":"Route modules loaded:","service":"research-mgmt-api","studentRoutes":true,"supervisorRoutes":true,"timestamp":"2025-04-11 19:56:45.892"}
{"level":"info","message":"Attempting to connect to MongoDB database","service":"research-mgmt-api","timestamp":"2025-04-11 19:56:45.905"}
{"level":"info","message":"Attempting to connect to MongoDB...","service":"research-mgmt-api","timestamp":"2025-04-11 19:56:45.905"}
{"level":"info","message":"MongoDB Connected: ac-xdpuchx-shard-00-00.tvoe17p.mongodb.net","service":"research-mgmt-api","timestamp":"2025-04-11 19:56:46.557"}
{"level":"info","message":"✅ MongoDB connection established successfully","service":"research-mgmt-api","timestamp":"2025-04-11 19:56:46.557"}
{"level":"info","message":"🚀 Server running on port 300010","service":"research-mgmt-api","timestamp":"2025-04-11 19:56:46.562"}
{"level":"info","message":"JWT helper initialized","service":"research-mgmt-api","timestamp":"2025-04-11 19:56:51.165"}
{"adminRoutes":true,"authRoutes":true,"level":"info","message":"Route modules loaded:","service":"research-mgmt-api","studentRoutes":true,"supervisorRoutes":true,"timestamp":"2025-04-11 19:56:51.200"}
{"level":"info","message":"Attempting to connect to MongoDB database","service":"research-mgmt-api","timestamp":"2025-04-11 19:56:51.212"}
{"level":"info","message":"Attempting to connect to MongoDB...","service":"research-mgmt-api","timestamp":"2025-04-11 19:56:51.212"}
{"level":"info","message":"MongoDB Connected: ac-xdpuchx-shard-00-00.tvoe17p.mongodb.net","service":"research-mgmt-api","timestamp":"2025-04-11 19:56:51.870"}
{"level":"info","message":"✅ MongoDB connection established successfully","service":"research-mgmt-api","timestamp":"2025-04-11 19:56:51.871"}
{"level":"info","message":"🚀 Server running on port 300010","service":"research-mgmt-api","timestamp":"2025-04-11 19:56:51.876"}
{"level":"info","message":"JWT helper initialized","service":"research-mgmt-api","timestamp":"2025-04-11 20:00:10.753"}
{"adminRoutes":true,"authRoutes":true,"level":"info","message":"Route modules loaded:","service":"research-mgmt-api","studentRoutes":true,"supervisorRoutes":true,"timestamp":"2025-04-11 20:00:10.786"}
{"level":"info","message":"Attempting to connect to MongoDB database","service":"research-mgmt-api","timestamp":"2025-04-11 20:00:10.799"}
{"level":"info","message":"Attempting to connect to MongoDB...","service":"research-mgmt-api","timestamp":"2025-04-11 20:00:10.799"}
{"level":"info","message":"MongoDB Connected: ac-xdpuchx-shard-00-00.tvoe17p.mongodb.net","service":"research-mgmt-api","timestamp":"2025-04-11 20:00:11.591"}
{"level":"info","message":"✅ MongoDB connection established successfully","service":"research-mgmt-api","timestamp":"2025-04-11 20:00:11.592"}
{"level":"info","message":"🚀 Server running on port 300010","service":"research-mgmt-api","timestamp":"2025-04-11 20:00:11.596"}
{"level":"info","message":"HTTP GET / - 200 (0ms)","service":"research-mgmt-api","timestamp":"2025-04-11 20:01:00.779"}
{"level":"warn","message":"Unauthorized access attempt (no/invalid Authorization header): /favicon.ico","service":"research-mgmt-api","timestamp":"2025-04-11 20:01:01.100"}
{"level":"error","message":"HTTP GET /favicon.ico - 404 (0ms) Error: Route not found","service":"research-mgmt-api","timestamp":"2025-04-11 20:01:01.100"}
{"level":"info","message":"JWT helper initialized","service":"research-mgmt-api","timestamp":"2025-04-11 20:01:25.181"}
{"adminRoutes":true,"authRoutes":true,"level":"info","message":"Route modules loaded:","service":"research-mgmt-api","studentRoutes":true,"supervisorRoutes":true,"timestamp":"2025-04-11 20:01:25.215"}
{"level":"info","message":"Attempting to connect to MongoDB database","service":"research-mgmt-api","timestamp":"2025-04-11 20:01:25.228"}
{"level":"info","message":"Attempting to connect to MongoDB...","service":"research-mgmt-api","timestamp":"2025-04-11 20:01:25.228"}
{"level":"info","message":"MongoDB Connected: ac-xdpuchx-shard-00-01.tvoe17p.mongodb.net","service":"research-mgmt-api","timestamp":"2025-04-11 20:01:26.203"}
{"level":"info","message":"✅ MongoDB connection established successfully","service":"research-mgmt-api","timestamp":"2025-04-11 20:01:26.204"}
{"level":"info","message":"🚀 Server running on port 30002","service":"research-mgmt-api","timestamp":"2025-04-11 20:01:26.210"}
{"level":"info","message":"JWT helper initialized","service":"research-mgmt-api","timestamp":"2025-04-11 20:01:34.210"}
{"adminRoutes":true,"authRoutes":true,"level":"info","message":"Route modules loaded:","service":"research-mgmt-api","studentRoutes":true,"supervisorRoutes":true,"timestamp":"2025-04-11 20:01:34.245"}
{"level":"info","message":"Attempting to connect to MongoDB database","service":"research-mgmt-api","timestamp":"2025-04-11 20:01:34.258"}
{"level":"info","message":"Attempting to connect to MongoDB...","service":"research-mgmt-api","timestamp":"2025-04-11 20:01:34.258"}
{"level":"info","message":"MongoDB Connected: ac-xdpuchx-shard-00-00.tvoe17p.mongodb.net","service":"research-mgmt-api","timestamp":"2025-04-11 20:01:34.869"}
{"level":"info","message":"✅ MongoDB connection established successfully","service":"research-mgmt-api","timestamp":"2025-04-11 20:01:34.870"}
{"level":"info","message":"🚀 Server running on port 30002","service":"research-mgmt-api","timestamp":"2025-04-11 20:01:34.876"}
{"level":"info","message":"JWT helper initialized","service":"research-mgmt-api","timestamp":"2025-04-11 20:01:49.646"}
{"adminRoutes":true,"authRoutes":true,"level":"info","message":"Route modules loaded:","service":"research-mgmt-api","studentRoutes":true,"supervisorRoutes":true,"timestamp":"2025-04-11 20:01:49.681"}
{"level":"info","message":"Attempting to connect to MongoDB database","service":"research-mgmt-api","timestamp":"2025-04-11 20:01:49.693"}
{"level":"info","message":"Attempting to connect to MongoDB...","service":"research-mgmt-api","timestamp":"2025-04-11 20:01:49.694"}
{"level":"info","message":"MongoDB Connected: ac-xdpuchx-shard-00-00.tvoe17p.mongodb.net","service":"research-mgmt-api","timestamp":"2025-04-11 20:01:50.342"}
{"level":"info","message":"✅ MongoDB connection established successfully","service":"research-mgmt-api","timestamp":"2025-04-11 20:01:50.343"}
{"level":"info","message":"🚀 Server running on port 300000","service":"research-mgmt-api","timestamp":"2025-04-11 20:01:50.348"}
{"level":"info","message":"HTTP GET / - 200 (0ms)","service":"research-mgmt-api","timestamp":"2025-04-11 20:01:51.860"}
{"level":"warn","message":"Unauthorized access attempt (no/invalid Authorization header): /notifications","service":"research-mgmt-api","timestamp":"2025-04-11 20:04:22.104"}
{"level":"error","message":"HTTP GET /notifications - 404 (0ms) Error: Route not found","service":"research-mgmt-api","timestamp":"2025-04-11 20:04:22.104"}
{"level":"warn","message":"Unauthorized access attempt (no/invalid Authorization header): /notifications/unread/count","service":"research-mgmt-api","timestamp":"2025-04-11 20:04:22.105"}
{"level":"error","message":"HTTP GET /notifications/unread/count - 404 (0ms) Error: Route not found","service":"research-mgmt-api","timestamp":"2025-04-11 20:04:22.105"}
{"level":"warn","message":"Unauthorized access attempt (no/invalid Authorization header): /api/dashboard/student","service":"research-mgmt-api","timestamp":"2025-04-11 20:04:22.413"}
{"level":"error","message":"HTTP GET /api/dashboard/student - 404 (0ms) Error: Route not found","service":"research-mgmt-api","timestamp":"2025-04-11 20:04:22.414"}
{"level":"info","message":"HTTP GET / - 200 (0ms)","service":"research-mgmt-api","timestamp":"2025-04-11 20:04:46.402"}
{"level":"warn","message":"Unauthorized access attempt (no/invalid Authorization header): /docs","service":"research-mgmt-api","timestamp":"2025-04-11 20:04:54.154"}
{"level":"error","message":"HTTP GET /docs - 404 (0ms) Error: Route not found","service":"research-mgmt-api","timestamp":"2025-04-11 20:04:54.154"}
{"level":"info","message":"HTTP GET /swagger - 200 (0ms)","service":"research-mgmt-api","timestamp":"2025-04-11 20:05:01.667"}
{"level":"error","message":"HTTP GET /api-docs - 404 (0ms) Error: Route not found","service":"research-mgmt-api","timestamp":"2025-04-11 20:06:23.513"}
{"external":"29 MB","heapTotal":"31 MB","heapUsed":"53 MB","level":"info","message":"Memory usage stats:","rss":"213 MB","service":"research-mgmt-api","timestamp":"2025-04-11 20:06:49.701"}
{"level":"info","message":"JWT helper initialized","service":"research-mgmt-api","timestamp":"2025-04-11 20:08:10.351"}
{"level":"info","message":"JWT helper initialized","service":"research-mgmt-api","timestamp":"2025-04-11 20:08:58.360"}
{"level":"info","message":"JWT helper initialized","service":"research-mgmt-api","timestamp":"2025-04-11 20:13:01.047"}
{"adminRoutes":true,"authRoutes":true,"level":"info","message":"Route modules loaded:","service":"research-mgmt-api","studentRoutes":true,"supervisorRoutes":true,"timestamp":"2025-04-11 20:13:01.081"}
{"level":"info","message":"Attempting to connect to MongoDB database","service":"research-mgmt-api","timestamp":"2025-04-11 20:13:01.093"}
{"level":"info","message":"Attempting to connect to MongoDB...","service":"research-mgmt-api","timestamp":"2025-04-11 20:13:01.093"}
{"level":"info","message":"MongoDB Connected: ac-xdpuchx-shard-00-00.tvoe17p.mongodb.net","service":"research-mgmt-api","timestamp":"2025-04-11 20:13:02.036"}
{"level":"info","message":"✅ MongoDB connection established successfully","service":"research-mgmt-api","timestamp":"2025-04-11 20:13:02.036"}
{"level":"info","message":"🚀 Server running on port 300000","service":"research-mgmt-api","timestamp":"2025-04-11 20:13:02.041"}
{"level":"info","message":"MongoDB connection state: 1","service":"research-mgmt-api","timestamp":"2025-04-11 20:14:12.922"}
{"level":"info","message":"Login attempt for user: test@example.com","service":"research-mgmt-api","timestamp":"2025-04-11 20:14:12.922"}
{"level":"info","message":"Verifying password for user: test@example.com","service":"research-mgmt-api","timestamp":"2025-04-11 20:14:12.980"}
{"level":"warn","message":"Login failed: Invalid password for user test@example.com","service":"research-mgmt-api","timestamp":"2025-04-11 20:14:12.995"}
{"level":"error","message":"Login error: Invalid email or password","name":"UnauthorizedError","service":"research-mgmt-api","stack":"UnauthorizedError: Invalid email or password\n    at <anonymous> (/home/swadhin/r/server/src/controllers/authController.js:292:17)\n    at processTicksAndRejections (native:7:39)","status":401,"timestamp":"2025-04-11 20:14:12.995"}
{"level":"error","message":"HTTP POST /api/auth/login - 401 (75ms) Error: Invalid email or password","service":"research-mgmt-api","timestamp":"2025-04-11 20:14:12.996"}
{"level":"info","message":"HTTP GET /health - 200 (0ms)","service":"research-mgmt-api","timestamp":"2025-04-11 20:17:37.874"}
{"external":"29 MB","heapTotal":"31 MB","heapUsed":"53 MB","level":"info","message":"Memory usage stats:","rss":"235 MB","service":"research-mgmt-api","timestamp":"2025-04-11 20:18:01.100"}
{"level":"info","message":"HTTP GET /health - 200 (0ms)","service":"research-mgmt-api","timestamp":"2025-04-11 20:19:16.548"}
{"level":"error","message":"HTTP GET /api/auth/login - 404 (0ms) Error: Route not found","service":"research-mgmt-api","timestamp":"2025-04-11 20:22:53.486"}
{"external":"30 MB","heapTotal":"32 MB","heapUsed":"56 MB","level":"info","message":"Memory usage stats:","rss":"238 MB","service":"research-mgmt-api","timestamp":"2025-04-11 20:23:01.101"}
{"level":"info","message":"MongoDB connection state: 1","service":"research-mgmt-api","timestamp":"2025-04-11 20:24:12.113"}
{"level":"info","message":"Login attempt for user: teststudent1@gmail.com","service":"research-mgmt-api","timestamp":"2025-04-11 20:24:12.113"}
{"level":"info","message":"Verifying password for user: teststudent1@gmail.com","service":"research-mgmt-api","timestamp":"2025-04-11 20:24:12.173"}
{"level":"info","message":"Login successful for user: teststudent1@gmail.com","service":"research-mgmt-api","timestamp":"2025-04-11 20:24:12.189"}
{"level":"info","message":"HTTP POST /api/auth/login - 200 (76ms)","service":"research-mgmt-api","timestamp":"2025-04-11 20:24:12.189"}
{"level":"info","message":"HTTP GET /api/auth/profile - 200 (0ms)","service":"research-mgmt-api","timestamp":"2025-04-11 20:24:12.205"}
{"level":"error","message":"HTTP GET /api/teams - 404 (0ms) Error: Route not found","service":"research-mgmt-api","timestamp":"2025-04-11 20:24:12.207"}
{"level":"error","message":"HTTP GET /api/teams/:teamId - 404 (0ms) Error: Route not found","service":"research-mgmt-api","timestamp":"2025-04-11 20:24:12.209"}
{"level":"error","message":"HTTP POST /api/teams - 404 (0ms) Error: Route not found","service":"research-mgmt-api","timestamp":"2025-04-11 20:24:12.210"}
{"level":"error","message":"HTTP PUT /api/teams/:teamId - 404 (0ms) Error: Route not found","service":"research-mgmt-api","timestamp":"2025-04-11 20:24:12.212"}
{"level":"error","message":"HTTP GET /api/projects - 404 (0ms) Error: Route not found","service":"research-mgmt-api","timestamp":"2025-04-11 20:24:12.214"}
{"level":"error","message":"HTTP GET /api/projects/:projectId - 404 (0ms) Error: Route not found","service":"research-mgmt-api","timestamp":"2025-04-11 20:24:12.215"}
{"level":"error","message":"HTTP POST /api/projects - 404 (0ms) Error: Route not found","service":"research-mgmt-api","timestamp":"2025-04-11 20:24:12.216"}
{"level":"error","message":"HTTP PUT /api/projects/:projectId - 404 (0ms) Error: Route not found","service":"research-mgmt-api","timestamp":"2025-04-11 20:24:12.218"}
{"level":"error","message":"HTTP GET /api/sessions - 404 (0ms) Error: Route not found","service":"research-mgmt-api","timestamp":"2025-04-11 20:24:12.220"}
{"level":"error","message":"HTTP POST /api/sessions - 404 (0ms) Error: Route not found","service":"research-mgmt-api","timestamp":"2025-04-11 20:24:12.221"}
{"level":"info","message":"HTTP GET /api/notifications - 200 (0ms)","service":"research-mgmt-api","timestamp":"2025-04-11 20:24:12.223"}
{"level":"error","message":"HTTP POST /api/notifications/mark-read - 404 (0ms) Error: Route not found","service":"research-mgmt-api","timestamp":"2025-04-11 20:24:12.224"}
{"level":"error","message":"HTTP GET /api/dashboard - 404 (0ms) Error: Route not found","service":"research-mgmt-api","timestamp":"2025-04-11 20:24:12.225"}
{"level":"error","message":"HTTP GET /api/dashboard/stats - 404 (0ms) Error: Route not found","service":"research-mgmt-api","timestamp":"2025-04-11 20:24:12.226"}
{"level":"error","message":"HTTP GET /api/users - 404 (0ms) Error: Route not found","service":"research-mgmt-api","timestamp":"2025-04-11 20:24:12.227"}
{"level":"error","message":"HTTP GET /api/users/me - 404 (0ms) Error: Route not found","service":"research-mgmt-api","timestamp":"2025-04-11 20:24:12.229"}
{"level":"error","message":"HTTP GET /api/reports - 404 (0ms) Error: Route not found","service":"research-mgmt-api","timestamp":"2025-04-11 20:24:12.230"}
{"level":"error","message":"HTTP POST /api/reports - 404 (0ms) Error: Route not found","service":"research-mgmt-api","timestamp":"2025-04-11 20:24:12.231"}
{"level":"error","message":"HTTP GET /api/feedback - 404 (0ms) Error: Route not found","service":"research-mgmt-api","timestamp":"2025-04-11 20:24:12.232"}
{"level":"error","message":"HTTP POST /api/feedback - 404 (0ms) Error: Route not found","service":"research-mgmt-api","timestamp":"2025-04-11 20:24:12.233"}
{"level":"warn","message":"Unauthorized access attempt (no/invalid Authorization header): /api/dashboard/stats","service":"research-mgmt-api","timestamp":"2025-04-11 20:24:19.891"}
{"level":"error","message":"HTTP GET /api/dashboard/stats - 404 (0ms) Error: Route not found","service":"research-mgmt-api","timestamp":"2025-04-11 20:24:19.891"}
{"level":"warn","message":"Unauthorized access attempt (no/invalid Authorization header): //api/api/auth/login","service":"research-mgmt-api","timestamp":"2025-04-11 20:26:19.351"}
{"level":"error","message":"HTTP GET //api/api/auth/login - 404 (0ms) Error: Route not found","service":"research-mgmt-api","timestamp":"2025-04-11 20:26:19.351"}
{"level":"warn","message":"Unauthorized access attempt (no/invalid Authorization header): /api/api/auth/login","service":"research-mgmt-api","timestamp":"2025-04-11 20:26:31.989"}
{"level":"error","message":"HTTP GET /api/api/auth/login - 404 (0ms) Error: Route not found","service":"research-mgmt-api","timestamp":"2025-04-11 20:26:31.989"}
{"level":"warn","message":"Unauthorized access attempt (no/invalid Authorization header): /api/api/auth/login","service":"research-mgmt-api","timestamp":"2025-04-11 20:26:33.313"}
{"level":"error","message":"HTTP GET /api/api/auth/login - 404 (0ms) Error: Route not found","service":"research-mgmt-api","timestamp":"2025-04-11 20:26:33.313"}
{"level":"error","message":"HTTP GET /api/auth/login - 404 (0ms) Error: Route not found","service":"research-mgmt-api","timestamp":"2025-04-11 20:26:39.101"}
{"level":"error","message":"HTTP GET /api/auth/login - 404 (0ms) Error: Route not found","service":"research-mgmt-api","timestamp":"2025-04-11 20:26:40.137"}
{"level":"error","message":"HTTP GET /api/auth/login - 404 (0ms) Error: Route not found","service":"research-mgmt-api","timestamp":"2025-04-11 20:26:40.799"}
{"level":"error","message":"HTTP GET /api/auth/login - 404 (0ms) Error: Route not found","service":"research-mgmt-api","timestamp":"2025-04-11 20:26:41.769"}
{"level":"info","message":"MongoDB connection state: 1","service":"research-mgmt-api","timestamp":"2025-04-11 20:27:33.525"}
{"level":"info","message":"Login attempt for user: teststudent1@gmail.com","service":"research-mgmt-api","timestamp":"2025-04-11 20:27:33.525"}
{"level":"info","message":"Verifying password for user: teststudent1@gmail.com","service":"research-mgmt-api","timestamp":"2025-04-11 20:27:33.581"}
{"level":"info","message":"Login successful for user: teststudent1@gmail.com","service":"research-mgmt-api","timestamp":"2025-04-11 20:27:33.596"}
{"level":"info","message":"HTTP POST /api/auth/login - 200 (71ms)","service":"research-mgmt-api","timestamp":"2025-04-11 20:27:33.596"}
{"level":"warn","message":"Unauthorized access attempt (no/invalid Authorization header): /notifications","service":"research-mgmt-api","timestamp":"2025-04-11 20:27:33.648"}
{"level":"error","message":"HTTP GET /notifications - 404 (0ms) Error: Route not found","service":"research-mgmt-api","timestamp":"2025-04-11 20:27:33.648"}
{"level":"warn","message":"Unauthorized access attempt (no/invalid Authorization header): /notifications/unread/count","service":"research-mgmt-api","timestamp":"2025-04-11 20:27:33.652"}
{"level":"error","message":"HTTP GET /notifications/unread/count - 404 (0ms) Error: Route not found","service":"research-mgmt-api","timestamp":"2025-04-11 20:27:33.652"}
{"level":"warn","message":"Unauthorized access attempt (no/invalid Authorization header): /api/dashboard/student","service":"research-mgmt-api","timestamp":"2025-04-11 20:27:33.662"}
{"level":"error","message":"HTTP GET /api/dashboard/student - 404 (0ms) Error: Route not found","service":"research-mgmt-api","timestamp":"2025-04-11 20:27:33.662"}
{"level":"error","message":"HTTP GET /api/auth/login - 404 (0ms) Error: Route not found","service":"research-mgmt-api","timestamp":"2025-04-11 20:27:44.150"}
{"external":"25 MB","heapTotal":"30 MB","heapUsed":"45 MB","level":"info","message":"Memory usage stats:","rss":"234 MB","service":"research-mgmt-api","timestamp":"2025-04-11 20:28:01.101"}
{"level":"info","message":"MongoDB connection state: 1","service":"research-mgmt-api","timestamp":"2025-04-11 20:28:20.812"}
{"level":"info","message":"Login attempt for user: teststudent1@gmail.com","service":"research-mgmt-api","timestamp":"2025-04-11 20:28:20.812"}
{"level":"info","message":"Verifying password for user: teststudent1@gmail.com","service":"research-mgmt-api","timestamp":"2025-04-11 20:28:20.866"}
{"level":"info","message":"Login successful for user: teststudent1@gmail.com","service":"research-mgmt-api","timestamp":"2025-04-11 20:28:20.879"}
{"level":"info","message":"HTTP POST /api/auth/login - 200 (67ms)","service":"research-mgmt-api","timestamp":"2025-04-11 20:28:20.879"}
{"level":"warn","message":"Unauthorized access attempt (no/invalid Authorization header): /notifications","service":"research-mgmt-api","timestamp":"2025-04-11 20:28:20.919"}
{"level":"error","message":"HTTP GET /notifications - 404 (0ms) Error: Route not found","service":"research-mgmt-api","timestamp":"2025-04-11 20:28:20.919"}
{"level":"warn","message":"Unauthorized access attempt (no/invalid Authorization header): /notifications/unread/count","service":"research-mgmt-api","timestamp":"2025-04-11 20:28:20.921"}
{"level":"error","message":"HTTP GET /notifications/unread/count - 404 (0ms) Error: Route not found","service":"research-mgmt-api","timestamp":"2025-04-11 20:28:20.921"}
{"level":"warn","message":"Unauthorized access attempt (no/invalid Authorization header): /api/dashboard/student","service":"research-mgmt-api","timestamp":"2025-04-11 20:28:20.996"}
{"level":"error","message":"HTTP GET /api/dashboard/student - 404 (0ms) Error: Route not found","service":"research-mgmt-api","timestamp":"2025-04-11 20:28:20.996"}
{"level":"error","message":"HTTP GET /api/auth/login - 404 (0ms) Error: Route not found","service":"research-mgmt-api","timestamp":"2025-04-11 20:28:50.562"}
{"level":"error","message":"HTTP GET /api/auth/login - 404 (0ms) Error: Route not found","service":"research-mgmt-api","timestamp":"2025-04-11 20:29:09.612"}
{"level":"warn","message":"Unauthorized access attempt (no/invalid Authorization header): /api/dashboard/student","service":"research-mgmt-api","timestamp":"2025-04-11 20:29:45.018"}
{"level":"error","message":"HTTP GET /api/dashboard/student - 404 (0ms) Error: Route not found","service":"research-mgmt-api","timestamp":"2025-04-11 20:29:45.019"}
{"level":"warn","message":"Unauthorized access attempt (no/invalid Authorization header): /api/auth.profile","service":"research-mgmt-api","timestamp":"2025-04-11 20:31:47.217"}
{"level":"error","message":"HTTP GET /api/auth.profile - 404 (0ms) Error: Route not found","service":"research-mgmt-api","timestamp":"2025-04-11 20:31:47.217"}
{"level":"warn","message":"Unauthorized access attempt (no/invalid Authorization header): /api/auth/profile","service":"research-mgmt-api","timestamp":"2025-04-11 20:31:57.302"}
{"level":"error","message":"Application error: null is not an object (evaluating 'user.id')","service":"research-mgmt-api","stack":"TypeError: null is not an object (evaluating 'user.id')\n    at <anonymous> (/home/swadhin/r/server/src/routes/authRoutes.js:124:17)\n    at <anonymous> (/home/swadhin/r/server/src/routes/authRoutes.js:120:33)\n    at <anonymous> (file:///home/swadhin/r/server/node_modules/elysia/dist/bun/index.js:16:31)\n    at processTicksAndRejections (native:7:39)","timestamp":"2025-04-11 20:31:57.302"}
{"external":"23 MB","heapTotal":"30 MB","heapUsed":"42 MB","level":"info","message":"Memory usage stats:","rss":"216 MB","service":"research-mgmt-api","timestamp":"2025-04-11 20:33:01.101"}
{"level":"error","message":"HTTP GET /api/auth/login - 404 (0ms) Error: Route not found","service":"research-mgmt-api","timestamp":"2025-04-11 20:33:15.333"}
{"external":"23 MB","heapTotal":"30 MB","heapUsed":"42 MB","level":"info","message":"Memory usage stats:","rss":"216 MB","service":"research-mgmt-api","timestamp":"2025-04-11 20:38:01.102"}
{"external":"23 MB","heapTotal":"30 MB","heapUsed":"43 MB","level":"info","message":"Memory usage stats:","rss":"218 MB","service":"research-mgmt-api","timestamp":"2025-04-11 20:43:01.102"}
{"level":"info","message":"JWT helper initialized","service":"research-mgmt-api","timestamp":"2025-04-11 20:45:56.886"}
{"adminRoutes":true,"authRoutes":true,"level":"info","message":"Route modules loaded:","service":"research-mgmt-api","studentRoutes":true,"supervisorRoutes":true,"timestamp":"2025-04-11 20:45:56.922"}
{"level":"info","message":"Attempting to connect to MongoDB database","service":"research-mgmt-api","timestamp":"2025-04-11 20:45:56.935"}
{"level":"info","message":"Attempting to connect to MongoDB...","service":"research-mgmt-api","timestamp":"2025-04-11 20:45:56.935"}
{"level":"info","message":"MongoDB Connected: ac-xdpuchx-shard-00-01.tvoe17p.mongodb.net","service":"research-mgmt-api","timestamp":"2025-04-11 20:45:58.120"}
{"level":"info","message":"✅ MongoDB connection established successfully","service":"research-mgmt-api","timestamp":"2025-04-11 20:45:58.120"}
{"level":"error","message":"Server startup error: callback is not a function. (In 'callback(app.server)', 'callback' is \"0.0.0.0\")","service":"research-mgmt-api","stack":"TypeError: callback is not a function. (In 'callback(app.server)', 'callback' is \"0.0.0.0\")\n    at <anonymous> (/home/swadhin/r/server/node_modules/elysia/src/adapter/bun/index.ts:104:18)\n    at listen (/home/swadhin/r/server/node_modules/elysia/src/index.ts:6370:31)\n    at <anonymous> (/home/swadhin/r/server/src/index.js:451:15)\n    at processTicksAndRejections (native:7:39)","timestamp":"2025-04-11 20:45:58.124"}
{"level":"info","message":"⚠️ Port 300010 is not available. Trying port 3000101...","service":"research-mgmt-api","timestamp":"2025-04-11 20:45:58.124"}
{"level":"info","message":"Attempting to connect to MongoDB database","service":"research-mgmt-api","timestamp":"2025-04-11 20:45:58.125"}
{"level":"info","message":"Attempting to connect to MongoDB...","service":"research-mgmt-api","timestamp":"2025-04-11 20:45:58.125"}
{"level":"info","message":"Closing existing MongoDB connection before reconnecting","service":"research-mgmt-api","timestamp":"2025-04-11 20:45:58.125"}
{"level":"warn","message":"MongoDB disconnected","service":"research-mgmt-api","timestamp":"2025-04-11 20:45:58.164"}
{"level":"info","message":"MongoDB Connected: ac-xdpuchx-shard-00-01.tvoe17p.mongodb.net","service":"research-mgmt-api","timestamp":"2025-04-11 20:45:59.796"}
{"level":"info","message":"✅ MongoDB connection established successfully","service":"research-mgmt-api","timestamp":"2025-04-11 20:45:59.796"}
{"level":"error","message":"Server startup error: callback is not a function. (In 'callback(app.server)', 'callback' is \"0.0.0.0\")","service":"research-mgmt-api","stack":"TypeError: callback is not a function. (In 'callback(app.server)', 'callback' is \"0.0.0.0\")\n    at <anonymous> (/home/swadhin/r/server/node_modules/elysia/src/adapter/bun/index.ts:104:18)\n    at listen (/home/swadhin/r/server/node_modules/elysia/src/index.ts:6370:31)\n    at <anonymous> (/home/swadhin/r/server/src/index.js:451:15)\n    at processTicksAndRejections (native:7:39)","timestamp":"2025-04-11 20:45:59.800"}
{"level":"info","message":"⚠️ Port 300011 is not available. Trying port 3000111...","service":"research-mgmt-api","timestamp":"2025-04-11 20:45:59.800"}
{"level":"info","message":"Attempting to connect to MongoDB database","service":"research-mgmt-api","timestamp":"2025-04-11 20:45:59.800"}
{"level":"info","message":"Attempting to connect to MongoDB...","service":"research-mgmt-api","timestamp":"2025-04-11 20:45:59.800"}
{"level":"info","message":"Closing existing MongoDB connection before reconnecting","service":"research-mgmt-api","timestamp":"2025-04-11 20:45:59.800"}
{"level":"warn","message":"MongoDB disconnected","service":"research-mgmt-api","timestamp":"2025-04-11 20:45:59.820"}
{"level":"warn","message":"MongoDB disconnected","service":"research-mgmt-api","timestamp":"2025-04-11 20:45:59.820"}
{"level":"info","message":"MongoDB Connected: ac-xdpuchx-shard-00-01.tvoe17p.mongodb.net","service":"research-mgmt-api","timestamp":"2025-04-11 20:46:01.054"}
{"level":"info","message":"✅ MongoDB connection established successfully","service":"research-mgmt-api","timestamp":"2025-04-11 20:46:01.054"}
{"level":"error","message":"Server startup error: callback is not a function. (In 'callback(app.server)', 'callback' is \"0.0.0.0\")","service":"research-mgmt-api","stack":"TypeError: callback is not a function. (In 'callback(app.server)', 'callback' is \"0.0.0.0\")\n    at <anonymous> (/home/swadhin/r/server/node_modules/elysia/src/adapter/bun/index.ts:104:18)\n    at listen (/home/swadhin/r/server/node_modules/elysia/src/index.ts:6370:31)\n    at <anonymous> (/home/swadhin/r/server/src/index.js:451:15)\n    at processTicksAndRejections (native:7:39)","timestamp":"2025-04-11 20:46:01.057"}
{"level":"info","message":"⚠️ Port 300012 is not available. Trying port 3000121...","service":"research-mgmt-api","timestamp":"2025-04-11 20:46:01.057"}
{"level":"info","message":"Attempting to connect to MongoDB database","service":"research-mgmt-api","timestamp":"2025-04-11 20:46:01.058"}
{"level":"info","message":"Attempting to connect to MongoDB...","service":"research-mgmt-api","timestamp":"2025-04-11 20:46:01.058"}
{"level":"info","message":"Closing existing MongoDB connection before reconnecting","service":"research-mgmt-api","timestamp":"2025-04-11 20:46:01.058"}
{"level":"warn","message":"MongoDB disconnected","service":"research-mgmt-api","timestamp":"2025-04-11 20:46:01.090"}
{"level":"warn","message":"MongoDB disconnected","service":"research-mgmt-api","timestamp":"2025-04-11 20:46:01.090"}
{"level":"warn","message":"MongoDB disconnected","service":"research-mgmt-api","timestamp":"2025-04-11 20:46:01.091"}
{"level":"info","message":"MongoDB Connected: ac-xdpuchx-shard-00-01.tvoe17p.mongodb.net","service":"research-mgmt-api","timestamp":"2025-04-11 20:46:02.116"}
{"level":"info","message":"✅ MongoDB connection established successfully","service":"research-mgmt-api","timestamp":"2025-04-11 20:46:02.116"}
{"level":"error","message":"Server startup error: callback is not a function. (In 'callback(app.server)', 'callback' is \"0.0.0.0\")","service":"research-mgmt-api","stack":"TypeError: callback is not a function. (In 'callback(app.server)', 'callback' is \"0.0.0.0\")\n    at <anonymous> (/home/swadhin/r/server/node_modules/elysia/src/adapter/bun/index.ts:104:18)\n    at listen (/home/swadhin/r/server/node_modules/elysia/src/index.ts:6370:31)\n    at <anonymous> (/home/swadhin/r/server/src/index.js:451:15)\n    at processTicksAndRejections (native:7:39)","timestamp":"2025-04-11 20:46:02.119"}
{"level":"info","message":"⚠️ Port 300013 is not available. Trying port 3000131...","service":"research-mgmt-api","timestamp":"2025-04-11 20:46:02.119"}
{"level":"info","message":"Attempting to connect to MongoDB database","service":"research-mgmt-api","timestamp":"2025-04-11 20:46:02.119"}
{"level":"info","message":"Attempting to connect to MongoDB...","service":"research-mgmt-api","timestamp":"2025-04-11 20:46:02.119"}
{"level":"info","message":"Closing existing MongoDB connection before reconnecting","service":"research-mgmt-api","timestamp":"2025-04-11 20:46:02.119"}
{"level":"warn","message":"MongoDB disconnected","service":"research-mgmt-api","timestamp":"2025-04-11 20:46:02.180"}
{"level":"warn","message":"MongoDB disconnected","service":"research-mgmt-api","timestamp":"2025-04-11 20:46:02.180"}
{"level":"warn","message":"MongoDB disconnected","service":"research-mgmt-api","timestamp":"2025-04-11 20:46:02.180"}
{"level":"warn","message":"MongoDB disconnected","service":"research-mgmt-api","timestamp":"2025-04-11 20:46:02.180"}
{"level":"info","message":"MongoDB Connected: ac-xdpuchx-shard-00-01.tvoe17p.mongodb.net","service":"research-mgmt-api","timestamp":"2025-04-11 20:46:02.837"}
{"level":"info","message":"✅ MongoDB connection established successfully","service":"research-mgmt-api","timestamp":"2025-04-11 20:46:02.837"}
{"level":"error","message":"Server startup error: callback is not a function. (In 'callback(app.server)', 'callback' is \"0.0.0.0\")","service":"research-mgmt-api","stack":"TypeError: callback is not a function. (In 'callback(app.server)', 'callback' is \"0.0.0.0\")\n    at <anonymous> (/home/swadhin/r/server/node_modules/elysia/src/adapter/bun/index.ts:104:18)\n    at listen (/home/swadhin/r/server/node_modules/elysia/src/index.ts:6370:31)\n    at <anonymous> (/home/swadhin/r/server/src/index.js:451:15)\n    at processTicksAndRejections (native:7:39)","timestamp":"2025-04-11 20:46:02.840"}
{"level":"info","message":"⚠️ Port 300014 is not available. Trying port 3000141...","service":"research-mgmt-api","timestamp":"2025-04-11 20:46:02.840"}
{"level":"info","message":"Attempting to connect to MongoDB database","service":"research-mgmt-api","timestamp":"2025-04-11 20:46:02.840"}
{"level":"info","message":"Attempting to connect to MongoDB...","service":"research-mgmt-api","timestamp":"2025-04-11 20:46:02.840"}
{"level":"info","message":"Closing existing MongoDB connection before reconnecting","service":"research-mgmt-api","timestamp":"2025-04-11 20:46:02.840"}
{"level":"warn","message":"MongoDB disconnected","service":"research-mgmt-api","timestamp":"2025-04-11 20:46:02.898"}
{"level":"warn","message":"MongoDB disconnected","service":"research-mgmt-api","timestamp":"2025-04-11 20:46:02.898"}
{"level":"warn","message":"MongoDB disconnected","service":"research-mgmt-api","timestamp":"2025-04-11 20:46:02.898"}
{"level":"warn","message":"MongoDB disconnected","service":"research-mgmt-api","timestamp":"2025-04-11 20:46:02.898"}
{"level":"warn","message":"MongoDB disconnected","service":"research-mgmt-api","timestamp":"2025-04-11 20:46:02.898"}
{"level":"info","message":"MongoDB Connected: ac-xdpuchx-shard-00-01.tvoe17p.mongodb.net","service":"research-mgmt-api","timestamp":"2025-04-11 20:46:03.664"}
{"level":"info","message":"✅ MongoDB connection established successfully","service":"research-mgmt-api","timestamp":"2025-04-11 20:46:03.664"}
{"level":"error","message":"Server startup error: callback is not a function. (In 'callback(app.server)', 'callback' is \"0.0.0.0\")","service":"research-mgmt-api","stack":"TypeError: callback is not a function. (In 'callback(app.server)', 'callback' is \"0.0.0.0\")\n    at <anonymous> (/home/swadhin/r/server/node_modules/elysia/src/adapter/bun/index.ts:104:18)\n    at listen (/home/swadhin/r/server/node_modules/elysia/src/index.ts:6370:31)\n    at <anonymous> (/home/swadhin/r/server/src/index.js:451:15)\n    at processTicksAndRejections (native:7:39)","timestamp":"2025-04-11 20:46:03.667"}
{"level":"info","message":"⚠️ Port 300015 is not available. Trying port 3000151...","service":"research-mgmt-api","timestamp":"2025-04-11 20:46:03.667"}
{"level":"info","message":"Attempting to connect to MongoDB database","service":"research-mgmt-api","timestamp":"2025-04-11 20:46:03.667"}
{"level":"info","message":"Attempting to connect to MongoDB...","service":"research-mgmt-api","timestamp":"2025-04-11 20:46:03.667"}
{"level":"info","message":"Closing existing MongoDB connection before reconnecting","service":"research-mgmt-api","timestamp":"2025-04-11 20:46:03.667"}
{"level":"warn","message":"MongoDB disconnected","service":"research-mgmt-api","timestamp":"2025-04-11 20:46:03.747"}
{"level":"warn","message":"MongoDB disconnected","service":"research-mgmt-api","timestamp":"2025-04-11 20:46:03.747"}
{"level":"warn","message":"MongoDB disconnected","service":"research-mgmt-api","timestamp":"2025-04-11 20:46:03.747"}
{"level":"warn","message":"MongoDB disconnected","service":"research-mgmt-api","timestamp":"2025-04-11 20:46:03.747"}
{"level":"warn","message":"MongoDB disconnected","service":"research-mgmt-api","timestamp":"2025-04-11 20:46:03.747"}
{"level":"warn","message":"MongoDB disconnected","service":"research-mgmt-api","timestamp":"2025-04-11 20:46:03.747"}
{"level":"info","message":"MongoDB Connected: ac-xdpuchx-shard-00-01.tvoe17p.mongodb.net","service":"research-mgmt-api","timestamp":"2025-04-11 20:46:04.494"}
{"level":"info","message":"✅ MongoDB connection established successfully","service":"research-mgmt-api","timestamp":"2025-04-11 20:46:04.494"}
{"level":"error","message":"Server startup error: callback is not a function. (In 'callback(app.server)', 'callback' is \"0.0.0.0\")","service":"research-mgmt-api","stack":"TypeError: callback is not a function. (In 'callback(app.server)', 'callback' is \"0.0.0.0\")\n    at <anonymous> (/home/swadhin/r/server/node_modules/elysia/src/adapter/bun/index.ts:104:18)\n    at listen (/home/swadhin/r/server/node_modules/elysia/src/index.ts:6370:31)\n    at <anonymous> (/home/swadhin/r/server/src/index.js:451:15)\n    at processTicksAndRejections (native:7:39)","timestamp":"2025-04-11 20:46:04.497"}
{"level":"info","message":"⚠️ Port 300016 is not available. Trying port 3000161...","service":"research-mgmt-api","timestamp":"2025-04-11 20:46:04.497"}
{"level":"info","message":"Attempting to connect to MongoDB database","service":"research-mgmt-api","timestamp":"2025-04-11 20:46:04.498"}
{"level":"info","message":"Attempting to connect to MongoDB...","service":"research-mgmt-api","timestamp":"2025-04-11 20:46:04.498"}
{"level":"info","message":"Closing existing MongoDB connection before reconnecting","service":"research-mgmt-api","timestamp":"2025-04-11 20:46:04.498"}
{"level":"warn","message":"MongoDB disconnected","service":"research-mgmt-api","timestamp":"2025-04-11 20:46:04.526"}
{"level":"warn","message":"MongoDB disconnected","service":"research-mgmt-api","timestamp":"2025-04-11 20:46:04.526"}
{"level":"warn","message":"MongoDB disconnected","service":"research-mgmt-api","timestamp":"2025-04-11 20:46:04.526"}
{"level":"warn","message":"MongoDB disconnected","service":"research-mgmt-api","timestamp":"2025-04-11 20:46:04.526"}
{"level":"warn","message":"MongoDB disconnected","service":"research-mgmt-api","timestamp":"2025-04-11 20:46:04.526"}
{"level":"warn","message":"MongoDB disconnected","service":"research-mgmt-api","timestamp":"2025-04-11 20:46:04.526"}
{"level":"warn","message":"MongoDB disconnected","service":"research-mgmt-api","timestamp":"2025-04-11 20:46:04.526"}
{"level":"info","message":"MongoDB Connected: ac-xdpuchx-shard-00-01.tvoe17p.mongodb.net","service":"research-mgmt-api","timestamp":"2025-04-11 20:46:05.394"}
{"level":"info","message":"✅ MongoDB connection established successfully","service":"research-mgmt-api","timestamp":"2025-04-11 20:46:05.394"}
{"level":"error","message":"Server startup error: callback is not a function. (In 'callback(app.server)', 'callback' is \"0.0.0.0\")","service":"research-mgmt-api","stack":"TypeError: callback is not a function. (In 'callback(app.server)', 'callback' is \"0.0.0.0\")\n    at <anonymous> (/home/swadhin/r/server/node_modules/elysia/src/adapter/bun/index.ts:104:18)\n    at listen (/home/swadhin/r/server/node_modules/elysia/src/index.ts:6370:31)\n    at <anonymous> (/home/swadhin/r/server/src/index.js:451:15)\n    at processTicksAndRejections (native:7:39)","timestamp":"2025-04-11 20:46:05.398"}
{"level":"info","message":"⚠️ Port 300017 is not available. Trying port 3000171...","service":"research-mgmt-api","timestamp":"2025-04-11 20:46:05.398"}
{"level":"info","message":"Attempting to connect to MongoDB database","service":"research-mgmt-api","timestamp":"2025-04-11 20:46:05.398"}
{"level":"info","message":"Attempting to connect to MongoDB...","service":"research-mgmt-api","timestamp":"2025-04-11 20:46:05.398"}
{"level":"info","message":"Closing existing MongoDB connection before reconnecting","service":"research-mgmt-api","timestamp":"2025-04-11 20:46:05.398"}
{"level":"warn","message":"MongoDB disconnected","service":"research-mgmt-api","timestamp":"2025-04-11 20:46:05.409"}
{"level":"warn","message":"MongoDB disconnected","service":"research-mgmt-api","timestamp":"2025-04-11 20:46:05.409"}
{"level":"warn","message":"MongoDB disconnected","service":"research-mgmt-api","timestamp":"2025-04-11 20:46:05.409"}
{"level":"warn","message":"MongoDB disconnected","service":"research-mgmt-api","timestamp":"2025-04-11 20:46:05.409"}
{"level":"warn","message":"MongoDB disconnected","service":"research-mgmt-api","timestamp":"2025-04-11 20:46:05.409"}
{"level":"warn","message":"MongoDB disconnected","service":"research-mgmt-api","timestamp":"2025-04-11 20:46:05.409"}
{"level":"warn","message":"MongoDB disconnected","service":"research-mgmt-api","timestamp":"2025-04-11 20:46:05.409"}
{"level":"warn","message":"MongoDB disconnected","service":"research-mgmt-api","timestamp":"2025-04-11 20:46:05.409"}
{"level":"info","message":"MongoDB Connected: ac-xdpuchx-shard-00-01.tvoe17p.mongodb.net","service":"research-mgmt-api","timestamp":"2025-04-11 20:46:06.514"}
{"level":"info","message":"✅ MongoDB connection established successfully","service":"research-mgmt-api","timestamp":"2025-04-11 20:46:06.514"}
{"level":"error","message":"Server startup error: callback is not a function. (In 'callback(app.server)', 'callback' is \"0.0.0.0\")","service":"research-mgmt-api","stack":"TypeError: callback is not a function. (In 'callback(app.server)', 'callback' is \"0.0.0.0\")\n    at <anonymous> (/home/swadhin/r/server/node_modules/elysia/src/adapter/bun/index.ts:104:18)\n    at listen (/home/swadhin/r/server/node_modules/elysia/src/index.ts:6370:31)\n    at <anonymous> (/home/swadhin/r/server/src/index.js:451:15)\n    at processTicksAndRejections (native:7:39)","timestamp":"2025-04-11 20:46:06.517"}
{"level":"info","message":"⚠️ Port 300018 is not available. Trying port 3000181...","service":"research-mgmt-api","timestamp":"2025-04-11 20:46:06.518"}
{"level":"info","message":"Attempting to connect to MongoDB database","service":"research-mgmt-api","timestamp":"2025-04-11 20:46:06.518"}
{"level":"info","message":"Attempting to connect to MongoDB...","service":"research-mgmt-api","timestamp":"2025-04-11 20:46:06.518"}
{"level":"info","message":"Closing existing MongoDB connection before reconnecting","service":"research-mgmt-api","timestamp":"2025-04-11 20:46:06.518"}
{"level":"warn","message":"MongoDB disconnected","service":"research-mgmt-api","timestamp":"2025-04-11 20:46:06.575"}
{"level":"warn","message":"MongoDB disconnected","service":"research-mgmt-api","timestamp":"2025-04-11 20:46:06.575"}
{"level":"warn","message":"MongoDB disconnected","service":"research-mgmt-api","timestamp":"2025-04-11 20:46:06.575"}
{"level":"warn","message":"MongoDB disconnected","service":"research-mgmt-api","timestamp":"2025-04-11 20:46:06.575"}
{"level":"warn","message":"MongoDB disconnected","service":"research-mgmt-api","timestamp":"2025-04-11 20:46:06.575"}
{"level":"warn","message":"MongoDB disconnected","service":"research-mgmt-api","timestamp":"2025-04-11 20:46:06.575"}
{"level":"warn","message":"MongoDB disconnected","service":"research-mgmt-api","timestamp":"2025-04-11 20:46:06.575"}
{"level":"warn","message":"MongoDB disconnected","service":"research-mgmt-api","timestamp":"2025-04-11 20:46:06.575"}
{"level":"warn","message":"MongoDB disconnected","service":"research-mgmt-api","timestamp":"2025-04-11 20:46:06.575"}
{"level":"info","message":"JWT helper initialized","service":"research-mgmt-api","timestamp":"2025-04-11 20:46:34.587"}
{"adminRoutes":true,"authRoutes":true,"level":"info","message":"Route modules loaded:","service":"research-mgmt-api","studentRoutes":true,"supervisorRoutes":true,"timestamp":"2025-04-11 20:46:34.621"}
{"level":"info","message":"Attempting to connect to MongoDB database","service":"research-mgmt-api","timestamp":"2025-04-11 20:46:34.633"}
{"level":"info","message":"Attempting to connect to MongoDB...","service":"research-mgmt-api","timestamp":"2025-04-11 20:46:34.633"}
{"level":"info","message":"MongoDB Connected: ac-xdpuchx-shard-00-02.tvoe17p.mongodb.net","service":"research-mgmt-api","timestamp":"2025-04-11 20:46:35.260"}
{"level":"info","message":"✅ MongoDB connection established successfully","service":"research-mgmt-api","timestamp":"2025-04-11 20:46:35.260"}
{"level":"error","message":"Server startup error: callback is not a function. (In 'callback(app.server)', 'callback' is \"0.0.0.0\")","service":"research-mgmt-api","stack":"TypeError: callback is not a function. (In 'callback(app.server)', 'callback' is \"0.0.0.0\")\n    at <anonymous> (/home/swadhin/r/server/node_modules/elysia/src/adapter/bun/index.ts:104:18)\n    at listen (/home/swadhin/r/server/node_modules/elysia/src/index.ts:6370:31)\n    at <anonymous> (/home/swadhin/r/server/src/index.js:451:15)\n    at processTicksAndRejections (native:7:39)","timestamp":"2025-04-11 20:46:35.264"}
{"level":"info","message":"⚠️ Port 300000 is not available. Trying port 3000001...","service":"research-mgmt-api","timestamp":"2025-04-11 20:46:35.264"}
{"level":"info","message":"Attempting to connect to MongoDB database","service":"research-mgmt-api","timestamp":"2025-04-11 20:46:35.264"}
{"level":"info","message":"Attempting to connect to MongoDB...","service":"research-mgmt-api","timestamp":"2025-04-11 20:46:35.264"}
{"level":"info","message":"Closing existing MongoDB connection before reconnecting","service":"research-mgmt-api","timestamp":"2025-04-11 20:46:35.264"}
{"level":"warn","message":"MongoDB disconnected","service":"research-mgmt-api","timestamp":"2025-04-11 20:46:35.271"}
{"level":"info","message":"MongoDB Connected: ac-xdpuchx-shard-00-02.tvoe17p.mongodb.net","service":"research-mgmt-api","timestamp":"2025-04-11 20:46:35.835"}
{"level":"info","message":"✅ MongoDB connection established successfully","service":"research-mgmt-api","timestamp":"2025-04-11 20:46:35.835"}
{"level":"error","message":"Server startup error: callback is not a function. (In 'callback(app.server)', 'callback' is \"0.0.0.0\")","service":"research-mgmt-api","stack":"TypeError: callback is not a function. (In 'callback(app.server)', 'callback' is \"0.0.0.0\")\n    at <anonymous> (/home/swadhin/r/server/node_modules/elysia/src/adapter/bun/index.ts:104:18)\n    at listen (/home/swadhin/r/server/node_modules/elysia/src/index.ts:6370:31)\n    at <anonymous> (/home/swadhin/r/server/src/index.js:451:15)\n    at processTicksAndRejections (native:7:39)","timestamp":"2025-04-11 20:46:35.837"}
{"level":"info","message":"⚠️ Port 300001 is not available. Trying port 3000011...","service":"research-mgmt-api","timestamp":"2025-04-11 20:46:35.838"}
{"level":"info","message":"Attempting to connect to MongoDB database","service":"research-mgmt-api","timestamp":"2025-04-11 20:46:35.838"}
{"level":"info","message":"Attempting to connect to MongoDB...","service":"research-mgmt-api","timestamp":"2025-04-11 20:46:35.838"}
{"level":"info","message":"Closing existing MongoDB connection before reconnecting","service":"research-mgmt-api","timestamp":"2025-04-11 20:46:35.838"}
{"level":"warn","message":"MongoDB disconnected","service":"research-mgmt-api","timestamp":"2025-04-11 20:46:35.842"}
{"level":"warn","message":"MongoDB disconnected","service":"research-mgmt-api","timestamp":"2025-04-11 20:46:35.842"}
{"level":"info","message":"MongoDB Connected: ac-xdpuchx-shard-00-02.tvoe17p.mongodb.net","service":"research-mgmt-api","timestamp":"2025-04-11 20:46:36.673"}
{"level":"info","message":"✅ MongoDB connection established successfully","service":"research-mgmt-api","timestamp":"2025-04-11 20:46:36.674"}
{"level":"error","message":"Server startup error: callback is not a function. (In 'callback(app.server)', 'callback' is \"0.0.0.0\")","service":"research-mgmt-api","stack":"TypeError: callback is not a function. (In 'callback(app.server)', 'callback' is \"0.0.0.0\")\n    at <anonymous> (/home/swadhin/r/server/node_modules/elysia/src/adapter/bun/index.ts:104:18)\n    at listen (/home/swadhin/r/server/node_modules/elysia/src/index.ts:6370:31)\n    at <anonymous> (/home/swadhin/r/server/src/index.js:451:15)\n    at processTicksAndRejections (native:7:39)","timestamp":"2025-04-11 20:46:36.677"}
{"level":"info","message":"⚠️ Port 300002 is not available. Trying port 3000021...","service":"research-mgmt-api","timestamp":"2025-04-11 20:46:36.677"}
{"level":"info","message":"Attempting to connect to MongoDB database","service":"research-mgmt-api","timestamp":"2025-04-11 20:46:36.677"}
{"level":"info","message":"Attempting to connect to MongoDB...","service":"research-mgmt-api","timestamp":"2025-04-11 20:46:36.677"}
{"level":"info","message":"Closing existing MongoDB connection before reconnecting","service":"research-mgmt-api","timestamp":"2025-04-11 20:46:36.677"}
{"level":"warn","message":"MongoDB disconnected","service":"research-mgmt-api","timestamp":"2025-04-11 20:46:36.680"}
{"level":"warn","message":"MongoDB disconnected","service":"research-mgmt-api","timestamp":"2025-04-11 20:46:36.680"}
{"level":"warn","message":"MongoDB disconnected","service":"research-mgmt-api","timestamp":"2025-04-11 20:46:36.680"}
{"level":"info","message":"MongoDB Connected: ac-xdpuchx-shard-00-02.tvoe17p.mongodb.net","service":"research-mgmt-api","timestamp":"2025-04-11 20:46:37.267"}
{"level":"info","message":"✅ MongoDB connection established successfully","service":"research-mgmt-api","timestamp":"2025-04-11 20:46:37.267"}
{"level":"error","message":"Server startup error: callback is not a function. (In 'callback(app.server)', 'callback' is \"0.0.0.0\")","service":"research-mgmt-api","stack":"TypeError: callback is not a function. (In 'callback(app.server)', 'callback' is \"0.0.0.0\")\n    at <anonymous> (/home/swadhin/r/server/node_modules/elysia/src/adapter/bun/index.ts:104:18)\n    at listen (/home/swadhin/r/server/node_modules/elysia/src/index.ts:6370:31)\n    at <anonymous> (/home/swadhin/r/server/src/index.js:451:15)\n    at processTicksAndRejections (native:7:39)","timestamp":"2025-04-11 20:46:37.270"}
{"level":"info","message":"⚠️ Port 300003 is not available. Trying port 3000031...","service":"research-mgmt-api","timestamp":"2025-04-11 20:46:37.270"}
{"level":"info","message":"Attempting to connect to MongoDB database","service":"research-mgmt-api","timestamp":"2025-04-11 20:46:37.270"}
{"level":"info","message":"Attempting to connect to MongoDB...","service":"research-mgmt-api","timestamp":"2025-04-11 20:46:37.270"}
{"level":"info","message":"Closing existing MongoDB connection before reconnecting","service":"research-mgmt-api","timestamp":"2025-04-11 20:46:37.270"}
{"level":"warn","message":"MongoDB disconnected","service":"research-mgmt-api","timestamp":"2025-04-11 20:46:37.278"}
{"level":"warn","message":"MongoDB disconnected","service":"research-mgmt-api","timestamp":"2025-04-11 20:46:37.278"}
{"level":"warn","message":"MongoDB disconnected","service":"research-mgmt-api","timestamp":"2025-04-11 20:46:37.278"}
{"level":"warn","message":"MongoDB disconnected","service":"research-mgmt-api","timestamp":"2025-04-11 20:46:37.278"}
{"level":"info","message":"MongoDB Connected: ac-xdpuchx-shard-00-02.tvoe17p.mongodb.net","service":"research-mgmt-api","timestamp":"2025-04-11 20:46:37.946"}
{"level":"info","message":"✅ MongoDB connection established successfully","service":"research-mgmt-api","timestamp":"2025-04-11 20:46:37.946"}
{"level":"error","message":"Server startup error: callback is not a function. (In 'callback(app.server)', 'callback' is \"0.0.0.0\")","service":"research-mgmt-api","stack":"TypeError: callback is not a function. (In 'callback(app.server)', 'callback' is \"0.0.0.0\")\n    at <anonymous> (/home/swadhin/r/server/node_modules/elysia/src/adapter/bun/index.ts:104:18)\n    at listen (/home/swadhin/r/server/node_modules/elysia/src/index.ts:6370:31)\n    at <anonymous> (/home/swadhin/r/server/src/index.js:451:15)\n    at processTicksAndRejections (native:7:39)","timestamp":"2025-04-11 20:46:37.948"}
{"level":"info","message":"⚠️ Port 300004 is not available. Trying port 3000041...","service":"research-mgmt-api","timestamp":"2025-04-11 20:46:37.948"}
{"level":"info","message":"Attempting to connect to MongoDB database","service":"research-mgmt-api","timestamp":"2025-04-11 20:46:37.948"}
{"level":"info","message":"Attempting to connect to MongoDB...","service":"research-mgmt-api","timestamp":"2025-04-11 20:46:37.948"}
{"level":"info","message":"Closing existing MongoDB connection before reconnecting","service":"research-mgmt-api","timestamp":"2025-04-11 20:46:37.948"}
{"level":"warn","message":"MongoDB disconnected","service":"research-mgmt-api","timestamp":"2025-04-11 20:46:38.005"}
{"level":"warn","message":"MongoDB disconnected","service":"research-mgmt-api","timestamp":"2025-04-11 20:46:38.005"}
{"level":"warn","message":"MongoDB disconnected","service":"research-mgmt-api","timestamp":"2025-04-11 20:46:38.005"}
{"level":"warn","message":"MongoDB disconnected","service":"research-mgmt-api","timestamp":"2025-04-11 20:46:38.005"}
{"level":"warn","message":"MongoDB disconnected","service":"research-mgmt-api","timestamp":"2025-04-11 20:46:38.005"}
{"level":"info","message":"MongoDB Connected: ac-xdpuchx-shard-00-02.tvoe17p.mongodb.net","service":"research-mgmt-api","timestamp":"2025-04-11 20:46:38.797"}
{"level":"info","message":"✅ MongoDB connection established successfully","service":"research-mgmt-api","timestamp":"2025-04-11 20:46:38.797"}
{"level":"error","message":"Server startup error: callback is not a function. (In 'callback(app.server)', 'callback' is \"0.0.0.0\")","service":"research-mgmt-api","stack":"TypeError: callback is not a function. (In 'callback(app.server)', 'callback' is \"0.0.0.0\")\n    at <anonymous> (/home/swadhin/r/server/node_modules/elysia/src/adapter/bun/index.ts:104:18)\n    at listen (/home/swadhin/r/server/node_modules/elysia/src/index.ts:6370:31)\n    at <anonymous> (/home/swadhin/r/server/src/index.js:451:15)\n    at processTicksAndRejections (native:7:39)","timestamp":"2025-04-11 20:46:38.799"}
{"level":"info","message":"⚠️ Port 300005 is not available. Trying port 3000051...","service":"research-mgmt-api","timestamp":"2025-04-11 20:46:38.799"}
{"level":"info","message":"Attempting to connect to MongoDB database","service":"research-mgmt-api","timestamp":"2025-04-11 20:46:38.799"}
{"level":"info","message":"Attempting to connect to MongoDB...","service":"research-mgmt-api","timestamp":"2025-04-11 20:46:38.799"}
{"level":"info","message":"Closing existing MongoDB connection before reconnecting","service":"research-mgmt-api","timestamp":"2025-04-11 20:46:38.799"}
{"level":"warn","message":"MongoDB disconnected","service":"research-mgmt-api","timestamp":"2025-04-11 20:46:38.895"}
{"level":"warn","message":"MongoDB disconnected","service":"research-mgmt-api","timestamp":"2025-04-11 20:46:38.895"}
{"level":"warn","message":"MongoDB disconnected","service":"research-mgmt-api","timestamp":"2025-04-11 20:46:38.895"}
{"level":"warn","message":"MongoDB disconnected","service":"research-mgmt-api","timestamp":"2025-04-11 20:46:38.895"}
{"level":"warn","message":"MongoDB disconnected","service":"research-mgmt-api","timestamp":"2025-04-11 20:46:38.895"}
{"level":"warn","message":"MongoDB disconnected","service":"research-mgmt-api","timestamp":"2025-04-11 20:46:38.895"}
{"level":"info","message":"MongoDB Connected: ac-xdpuchx-shard-00-02.tvoe17p.mongodb.net","service":"research-mgmt-api","timestamp":"2025-04-11 20:46:39.540"}
{"level":"info","message":"✅ MongoDB connection established successfully","service":"research-mgmt-api","timestamp":"2025-04-11 20:46:39.540"}
{"level":"error","message":"Server startup error: callback is not a function. (In 'callback(app.server)', 'callback' is \"0.0.0.0\")","service":"research-mgmt-api","stack":"TypeError: callback is not a function. (In 'callback(app.server)', 'callback' is \"0.0.0.0\")\n    at <anonymous> (/home/swadhin/r/server/node_modules/elysia/src/adapter/bun/index.ts:104:18)\n    at listen (/home/swadhin/r/server/node_modules/elysia/src/index.ts:6370:31)\n    at <anonymous> (/home/swadhin/r/server/src/index.js:451:15)\n    at processTicksAndRejections (native:7:39)","timestamp":"2025-04-11 20:46:39.543"}
{"level":"info","message":"⚠️ Port 300006 is not available. Trying port 3000061...","service":"research-mgmt-api","timestamp":"2025-04-11 20:46:39.543"}
{"level":"info","message":"Attempting to connect to MongoDB database","service":"research-mgmt-api","timestamp":"2025-04-11 20:46:39.543"}
{"level":"info","message":"Attempting to connect to MongoDB...","service":"research-mgmt-api","timestamp":"2025-04-11 20:46:39.543"}
{"level":"info","message":"Closing existing MongoDB connection before reconnecting","service":"research-mgmt-api","timestamp":"2025-04-11 20:46:39.543"}
{"level":"warn","message":"MongoDB disconnected","service":"research-mgmt-api","timestamp":"2025-04-11 20:46:39.624"}
{"level":"warn","message":"MongoDB disconnected","service":"research-mgmt-api","timestamp":"2025-04-11 20:46:39.625"}
{"level":"warn","message":"MongoDB disconnected","service":"research-mgmt-api","timestamp":"2025-04-11 20:46:39.625"}
{"level":"warn","message":"MongoDB disconnected","service":"research-mgmt-api","timestamp":"2025-04-11 20:46:39.625"}
{"level":"warn","message":"MongoDB disconnected","service":"research-mgmt-api","timestamp":"2025-04-11 20:46:39.625"}
{"level":"warn","message":"MongoDB disconnected","service":"research-mgmt-api","timestamp":"2025-04-11 20:46:39.625"}
{"level":"warn","message":"MongoDB disconnected","service":"research-mgmt-api","timestamp":"2025-04-11 20:46:39.625"}
{"level":"info","message":"MongoDB Connected: ac-xdpuchx-shard-00-02.tvoe17p.mongodb.net","service":"research-mgmt-api","timestamp":"2025-04-11 20:46:40.488"}
{"level":"info","message":"✅ MongoDB connection established successfully","service":"research-mgmt-api","timestamp":"2025-04-11 20:46:40.488"}
{"level":"error","message":"Server startup error: callback is not a function. (In 'callback(app.server)', 'callback' is \"0.0.0.0\")","service":"research-mgmt-api","stack":"TypeError: callback is not a function. (In 'callback(app.server)', 'callback' is \"0.0.0.0\")\n    at <anonymous> (/home/swadhin/r/server/node_modules/elysia/src/adapter/bun/index.ts:104:18)\n    at listen (/home/swadhin/r/server/node_modules/elysia/src/index.ts:6370:31)\n    at <anonymous> (/home/swadhin/r/server/src/index.js:451:15)\n    at processTicksAndRejections (native:7:39)","timestamp":"2025-04-11 20:46:40.491"}
{"level":"info","message":"⚠️ Port 300007 is not available. Trying port 3000071...","service":"research-mgmt-api","timestamp":"2025-04-11 20:46:40.491"}
{"level":"info","message":"Attempting to connect to MongoDB database","service":"research-mgmt-api","timestamp":"2025-04-11 20:46:40.491"}
{"level":"info","message":"Attempting to connect to MongoDB...","service":"research-mgmt-api","timestamp":"2025-04-11 20:46:40.491"}
{"level":"info","message":"Closing existing MongoDB connection before reconnecting","service":"research-mgmt-api","timestamp":"2025-04-11 20:46:40.491"}
{"level":"warn","message":"MongoDB disconnected","service":"research-mgmt-api","timestamp":"2025-04-11 20:46:40.543"}
{"level":"warn","message":"MongoDB disconnected","service":"research-mgmt-api","timestamp":"2025-04-11 20:46:40.544"}
{"level":"warn","message":"MongoDB disconnected","service":"research-mgmt-api","timestamp":"2025-04-11 20:46:40.544"}
{"level":"warn","message":"MongoDB disconnected","service":"research-mgmt-api","timestamp":"2025-04-11 20:46:40.544"}
{"level":"warn","message":"MongoDB disconnected","service":"research-mgmt-api","timestamp":"2025-04-11 20:46:40.544"}
{"level":"warn","message":"MongoDB disconnected","service":"research-mgmt-api","timestamp":"2025-04-11 20:46:40.544"}
{"level":"warn","message":"MongoDB disconnected","service":"research-mgmt-api","timestamp":"2025-04-11 20:46:40.544"}
{"level":"warn","message":"MongoDB disconnected","service":"research-mgmt-api","timestamp":"2025-04-11 20:46:40.544"}
{"level":"info","message":"MongoDB Connected: ac-xdpuchx-shard-00-02.tvoe17p.mongodb.net","service":"research-mgmt-api","timestamp":"2025-04-11 20:46:42.169"}
{"level":"info","message":"✅ MongoDB connection established successfully","service":"research-mgmt-api","timestamp":"2025-04-11 20:46:42.169"}
{"level":"error","message":"Server startup error: callback is not a function. (In 'callback(app.server)', 'callback' is \"0.0.0.0\")","service":"research-mgmt-api","stack":"TypeError: callback is not a function. (In 'callback(app.server)', 'callback' is \"0.0.0.0\")\n    at <anonymous> (/home/swadhin/r/server/node_modules/elysia/src/adapter/bun/index.ts:104:18)\n    at listen (/home/swadhin/r/server/node_modules/elysia/src/index.ts:6370:31)\n    at <anonymous> (/home/swadhin/r/server/src/index.js:451:15)\n    at processTicksAndRejections (native:7:39)","timestamp":"2025-04-11 20:46:42.171"}
{"level":"info","message":"⚠️ Port 300008 is not available. Trying port 3000081...","service":"research-mgmt-api","timestamp":"2025-04-11 20:46:42.171"}
{"level":"info","message":"Attempting to connect to MongoDB database","service":"research-mgmt-api","timestamp":"2025-04-11 20:46:42.171"}
{"level":"info","message":"Attempting to connect to MongoDB...","service":"research-mgmt-api","timestamp":"2025-04-11 20:46:42.171"}
{"level":"info","message":"Closing existing MongoDB connection before reconnecting","service":"research-mgmt-api","timestamp":"2025-04-11 20:46:42.171"}
{"level":"warn","message":"MongoDB disconnected","service":"research-mgmt-api","timestamp":"2025-04-11 20:46:42.217"}
{"level":"warn","message":"MongoDB disconnected","service":"research-mgmt-api","timestamp":"2025-04-11 20:46:42.217"}
{"level":"warn","message":"MongoDB disconnected","service":"research-mgmt-api","timestamp":"2025-04-11 20:46:42.217"}
{"level":"warn","message":"MongoDB disconnected","service":"research-mgmt-api","timestamp":"2025-04-11 20:46:42.217"}
{"level":"warn","message":"MongoDB disconnected","service":"research-mgmt-api","timestamp":"2025-04-11 20:46:42.217"}
{"level":"warn","message":"MongoDB disconnected","service":"research-mgmt-api","timestamp":"2025-04-11 20:46:42.217"}
{"level":"warn","message":"MongoDB disconnected","service":"research-mgmt-api","timestamp":"2025-04-11 20:46:42.217"}
{"level":"warn","message":"MongoDB disconnected","service":"research-mgmt-api","timestamp":"2025-04-11 20:46:42.217"}
{"level":"warn","message":"MongoDB disconnected","service":"research-mgmt-api","timestamp":"2025-04-11 20:46:42.217"}
{"level":"info","message":"MongoDB Connected: ac-xdpuchx-shard-00-02.tvoe17p.mongodb.net","service":"research-mgmt-api","timestamp":"2025-04-11 20:46:43.033"}
{"level":"info","message":"✅ MongoDB connection established successfully","service":"research-mgmt-api","timestamp":"2025-04-11 20:46:43.033"}
{"level":"error","message":"Server startup error: callback is not a function. (In 'callback(app.server)', 'callback' is \"0.0.0.0\")","service":"research-mgmt-api","stack":"TypeError: callback is not a function. (In 'callback(app.server)', 'callback' is \"0.0.0.0\")\n    at <anonymous> (/home/swadhin/r/server/node_modules/elysia/src/adapter/bun/index.ts:104:18)\n    at listen (/home/swadhin/r/server/node_modules/elysia/src/index.ts:6370:31)\n    at <anonymous> (/home/swadhin/r/server/src/index.js:451:15)\n    at processTicksAndRejections (native:7:39)","timestamp":"2025-04-11 20:46:43.037"}
{"level":"info","message":"⚠️ Port 300009 is not available. Trying port 3000091...","service":"research-mgmt-api","timestamp":"2025-04-11 20:46:43.037"}
{"level":"info","message":"Attempting to connect to MongoDB database","service":"research-mgmt-api","timestamp":"2025-04-11 20:46:43.037"}
{"level":"info","message":"Attempting to connect to MongoDB...","service":"research-mgmt-api","timestamp":"2025-04-11 20:46:43.037"}
{"level":"info","message":"Closing existing MongoDB connection before reconnecting","service":"research-mgmt-api","timestamp":"2025-04-11 20:46:43.037"}
{"level":"warn","message":"MongoDB disconnected","service":"research-mgmt-api","timestamp":"2025-04-11 20:46:43.050"}
{"level":"warn","message":"MongoDB disconnected","service":"research-mgmt-api","timestamp":"2025-04-11 20:46:43.050"}
{"level":"warn","message":"MongoDB disconnected","service":"research-mgmt-api","timestamp":"2025-04-11 20:46:43.050"}
{"level":"warn","message":"MongoDB disconnected","service":"research-mgmt-api","timestamp":"2025-04-11 20:46:43.050"}
{"level":"warn","message":"MongoDB disconnected","service":"research-mgmt-api","timestamp":"2025-04-11 20:46:43.050"}
{"level":"warn","message":"MongoDB disconnected","service":"research-mgmt-api","timestamp":"2025-04-11 20:46:43.050"}
{"level":"warn","message":"MongoDB disconnected","service":"research-mgmt-api","timestamp":"2025-04-11 20:46:43.050"}
{"level":"warn","message":"MongoDB disconnected","service":"research-mgmt-api","timestamp":"2025-04-11 20:46:43.050"}
{"level":"warn","message":"MongoDB disconnected","service":"research-mgmt-api","timestamp":"2025-04-11 20:46:43.050"}
{"level":"warn","message":"MongoDB disconnected","service":"research-mgmt-api","timestamp":"2025-04-11 20:46:43.050"}
{"level":"info","message":"MongoDB Connected: ac-xdpuchx-shard-00-02.tvoe17p.mongodb.net","service":"research-mgmt-api","timestamp":"2025-04-11 20:46:44.379"}
{"level":"info","message":"✅ MongoDB connection established successfully","service":"research-mgmt-api","timestamp":"2025-04-11 20:46:44.379"}
{"level":"error","message":"Server startup error: callback is not a function. (In 'callback(app.server)', 'callback' is \"0.0.0.0\")","service":"research-mgmt-api","stack":"TypeError: callback is not a function. (In 'callback(app.server)', 'callback' is \"0.0.0.0\")\n    at <anonymous> (/home/swadhin/r/server/node_modules/elysia/src/adapter/bun/index.ts:104:18)\n    at listen (/home/swadhin/r/server/node_modules/elysia/src/index.ts:6370:31)\n    at <anonymous> (/home/swadhin/r/server/src/index.js:451:15)\n    at processTicksAndRejections (native:7:39)","timestamp":"2025-04-11 20:46:44.382"}
{"level":"info","message":"JWT helper initialized","service":"research-mgmt-api","timestamp":"2025-04-11 20:47:07.834"}
{"adminRoutes":true,"authRoutes":true,"level":"info","message":"Route modules loaded:","service":"research-mgmt-api","studentRoutes":true,"supervisorRoutes":true,"timestamp":"2025-04-11 20:47:07.869"}
{"level":"info","message":"Attempting to connect to MongoDB database","service":"research-mgmt-api","timestamp":"2025-04-11 20:47:07.883"}
{"level":"info","message":"Attempting to connect to MongoDB...","service":"research-mgmt-api","timestamp":"2025-04-11 20:47:07.883"}
{"level":"info","message":"HTTP GET / - 200 (0ms)","service":"research-mgmt-api","timestamp":"2025-04-11 20:47:12.408"}
{"level":"info","message":"MongoDB Connected: ac-xdpuchx-shard-00-02.tvoe17p.mongodb.net","service":"research-mgmt-api","timestamp":"2025-04-11 20:47:13.717"}
{"level":"info","message":"✅ MongoDB connection established successfully","service":"research-mgmt-api","timestamp":"2025-04-11 20:47:13.718"}
{"level":"error","message":"Server startup error: callback is not a function. (In 'callback(app.server)', 'callback' is \"0.0.0.0\")","service":"research-mgmt-api","stack":"TypeError: callback is not a function. (In 'callback(app.server)', 'callback' is \"0.0.0.0\")\n    at <anonymous> (/home/swadhin/r/server/node_modules/elysia/src/adapter/bun/index.ts:104:18)\n    at listen (/home/swadhin/r/server/node_modules/elysia/src/index.ts:6370:31)\n    at <anonymous> (/home/swadhin/r/server/src/index.js:451:15)\n    at processTicksAndRejections (native:7:39)","timestamp":"2025-04-11 20:47:13.722"}
{"level":"info","message":"⚠️ Port 300010 is not available. Trying port 3000101...","service":"research-mgmt-api","timestamp":"2025-04-11 20:47:13.722"}
{"level":"info","message":"Attempting to connect to MongoDB database","service":"research-mgmt-api","timestamp":"2025-04-11 20:47:13.722"}
{"level":"info","message":"Attempting to connect to MongoDB...","service":"research-mgmt-api","timestamp":"2025-04-11 20:47:13.722"}
{"level":"info","message":"Closing existing MongoDB connection before reconnecting","service":"research-mgmt-api","timestamp":"2025-04-11 20:47:13.723"}
{"level":"warn","message":"MongoDB disconnected","service":"research-mgmt-api","timestamp":"2025-04-11 20:47:13.783"}
{"level":"info","message":"MongoDB Connected: ac-xdpuchx-shard-00-02.tvoe17p.mongodb.net","service":"research-mgmt-api","timestamp":"2025-04-11 20:47:14.413"}
{"level":"info","message":"✅ MongoDB connection established successfully","service":"research-mgmt-api","timestamp":"2025-04-11 20:47:14.413"}
{"level":"error","message":"Server startup error: callback is not a function. (In 'callback(app.server)', 'callback' is \"0.0.0.0\")","service":"research-mgmt-api","stack":"TypeError: callback is not a function. (In 'callback(app.server)', 'callback' is \"0.0.0.0\")\n    at <anonymous> (/home/swadhin/r/server/node_modules/elysia/src/adapter/bun/index.ts:104:18)\n    at listen (/home/swadhin/r/server/node_modules/elysia/src/index.ts:6370:31)\n    at <anonymous> (/home/swadhin/r/server/src/index.js:451:15)\n    at processTicksAndRejections (native:7:39)","timestamp":"2025-04-11 20:47:14.415"}
{"level":"info","message":"⚠️ Port 300011 is not available. Trying port 3000111...","service":"research-mgmt-api","timestamp":"2025-04-11 20:47:14.415"}
{"level":"info","message":"Attempting to connect to MongoDB database","service":"research-mgmt-api","timestamp":"2025-04-11 20:47:14.415"}
{"level":"info","message":"Attempting to connect to MongoDB...","service":"research-mgmt-api","timestamp":"2025-04-11 20:47:14.416"}
{"level":"info","message":"Closing existing MongoDB connection before reconnecting","service":"research-mgmt-api","timestamp":"2025-04-11 20:47:14.416"}
{"level":"warn","message":"MongoDB disconnected","service":"research-mgmt-api","timestamp":"2025-04-11 20:47:14.539"}
{"level":"warn","message":"MongoDB disconnected","service":"research-mgmt-api","timestamp":"2025-04-11 20:47:14.540"}
{"level":"info","message":"MongoDB Connected: ac-xdpuchx-shard-00-02.tvoe17p.mongodb.net","service":"research-mgmt-api","timestamp":"2025-04-11 20:47:15.261"}
{"level":"info","message":"✅ MongoDB connection established successfully","service":"research-mgmt-api","timestamp":"2025-04-11 20:47:15.261"}
{"level":"error","message":"Server startup error: callback is not a function. (In 'callback(app.server)', 'callback' is \"0.0.0.0\")","service":"research-mgmt-api","stack":"TypeError: callback is not a function. (In 'callback(app.server)', 'callback' is \"0.0.0.0\")\n    at <anonymous> (/home/swadhin/r/server/node_modules/elysia/src/adapter/bun/index.ts:104:18)\n    at listen (/home/swadhin/r/server/node_modules/elysia/src/index.ts:6370:31)\n    at <anonymous> (/home/swadhin/r/server/src/index.js:451:15)\n    at processTicksAndRejections (native:7:39)","timestamp":"2025-04-11 20:47:15.264"}
{"level":"info","message":"⚠️ Port 300012 is not available. Trying port 3000121...","service":"research-mgmt-api","timestamp":"2025-04-11 20:47:15.264"}
{"level":"info","message":"Attempting to connect to MongoDB database","service":"research-mgmt-api","timestamp":"2025-04-11 20:47:15.265"}
{"level":"info","message":"Attempting to connect to MongoDB...","service":"research-mgmt-api","timestamp":"2025-04-11 20:47:15.265"}
{"level":"info","message":"Closing existing MongoDB connection before reconnecting","service":"research-mgmt-api","timestamp":"2025-04-11 20:47:15.265"}
{"level":"warn","message":"MongoDB disconnected","service":"research-mgmt-api","timestamp":"2025-04-11 20:47:15.342"}
{"level":"warn","message":"MongoDB disconnected","service":"research-mgmt-api","timestamp":"2025-04-11 20:47:15.343"}
{"level":"warn","message":"MongoDB disconnected","service":"research-mgmt-api","timestamp":"2025-04-11 20:47:15.343"}
{"level":"info","message":"MongoDB Connected: ac-xdpuchx-shard-00-02.tvoe17p.mongodb.net","service":"research-mgmt-api","timestamp":"2025-04-11 20:47:16.136"}
{"level":"info","message":"✅ MongoDB connection established successfully","service":"research-mgmt-api","timestamp":"2025-04-11 20:47:16.136"}
{"level":"error","message":"Server startup error: callback is not a function. (In 'callback(app.server)', 'callback' is \"0.0.0.0\")","service":"research-mgmt-api","stack":"TypeError: callback is not a function. (In 'callback(app.server)', 'callback' is \"0.0.0.0\")\n    at <anonymous> (/home/swadhin/r/server/node_modules/elysia/src/adapter/bun/index.ts:104:18)\n    at listen (/home/swadhin/r/server/node_modules/elysia/src/index.ts:6370:31)\n    at <anonymous> (/home/swadhin/r/server/src/index.js:451:15)\n    at processTicksAndRejections (native:7:39)","timestamp":"2025-04-11 20:47:16.139"}
{"level":"info","message":"⚠️ Port 300013 is not available. Trying port 3000131...","service":"research-mgmt-api","timestamp":"2025-04-11 20:47:16.139"}
{"level":"info","message":"Attempting to connect to MongoDB database","service":"research-mgmt-api","timestamp":"2025-04-11 20:47:16.139"}
{"level":"info","message":"Attempting to connect to MongoDB...","service":"research-mgmt-api","timestamp":"2025-04-11 20:47:16.139"}
{"level":"info","message":"Closing existing MongoDB connection before reconnecting","service":"research-mgmt-api","timestamp":"2025-04-11 20:47:16.139"}
{"level":"warn","message":"MongoDB disconnected","service":"research-mgmt-api","timestamp":"2025-04-11 20:47:16.221"}
{"level":"warn","message":"MongoDB disconnected","service":"research-mgmt-api","timestamp":"2025-04-11 20:47:16.221"}
{"level":"warn","message":"MongoDB disconnected","service":"research-mgmt-api","timestamp":"2025-04-11 20:47:16.221"}
{"level":"warn","message":"MongoDB disconnected","service":"research-mgmt-api","timestamp":"2025-04-11 20:47:16.221"}
{"level":"info","message":"MongoDB Connected: ac-xdpuchx-shard-00-02.tvoe17p.mongodb.net","service":"research-mgmt-api","timestamp":"2025-04-11 20:47:16.820"}
{"level":"info","message":"✅ MongoDB connection established successfully","service":"research-mgmt-api","timestamp":"2025-04-11 20:47:16.820"}
{"level":"error","message":"Server startup error: callback is not a function. (In 'callback(app.server)', 'callback' is \"0.0.0.0\")","service":"research-mgmt-api","stack":"TypeError: callback is not a function. (In 'callback(app.server)', 'callback' is \"0.0.0.0\")\n    at <anonymous> (/home/swadhin/r/server/node_modules/elysia/src/adapter/bun/index.ts:104:18)\n    at listen (/home/swadhin/r/server/node_modules/elysia/src/index.ts:6370:31)\n    at <anonymous> (/home/swadhin/r/server/src/index.js:451:15)\n    at processTicksAndRejections (native:7:39)","timestamp":"2025-04-11 20:47:16.823"}
{"level":"info","message":"⚠️ Port 300014 is not available. Trying port 3000141...","service":"research-mgmt-api","timestamp":"2025-04-11 20:47:16.823"}
{"level":"info","message":"Attempting to connect to MongoDB database","service":"research-mgmt-api","timestamp":"2025-04-11 20:47:16.823"}
{"level":"info","message":"Attempting to connect to MongoDB...","service":"research-mgmt-api","timestamp":"2025-04-11 20:47:16.823"}
{"level":"info","message":"Closing existing MongoDB connection before reconnecting","service":"research-mgmt-api","timestamp":"2025-04-11 20:47:16.823"}
{"level":"warn","message":"MongoDB disconnected","service":"research-mgmt-api","timestamp":"2025-04-11 20:47:16.827"}
{"level":"warn","message":"MongoDB disconnected","service":"research-mgmt-api","timestamp":"2025-04-11 20:47:16.828"}
{"level":"warn","message":"MongoDB disconnected","service":"research-mgmt-api","timestamp":"2025-04-11 20:47:16.828"}
{"level":"warn","message":"MongoDB disconnected","service":"research-mgmt-api","timestamp":"2025-04-11 20:47:16.828"}
{"level":"warn","message":"MongoDB disconnected","service":"research-mgmt-api","timestamp":"2025-04-11 20:47:16.828"}
{"level":"info","message":"MongoDB Connected: ac-xdpuchx-shard-00-02.tvoe17p.mongodb.net","service":"research-mgmt-api","timestamp":"2025-04-11 20:47:17.419"}
{"level":"info","message":"✅ MongoDB connection established successfully","service":"research-mgmt-api","timestamp":"2025-04-11 20:47:17.419"}
{"level":"error","message":"Server startup error: callback is not a function. (In 'callback(app.server)', 'callback' is \"0.0.0.0\")","service":"research-mgmt-api","stack":"TypeError: callback is not a function. (In 'callback(app.server)', 'callback' is \"0.0.0.0\")\n    at <anonymous> (/home/swadhin/r/server/node_modules/elysia/src/adapter/bun/index.ts:104:18)\n    at listen (/home/swadhin/r/server/node_modules/elysia/src/index.ts:6370:31)\n    at <anonymous> (/home/swadhin/r/server/src/index.js:451:15)\n    at processTicksAndRejections (native:7:39)","timestamp":"2025-04-11 20:47:17.423"}
{"level":"info","message":"⚠️ Port 300015 is not available. Trying port 3000151...","service":"research-mgmt-api","timestamp":"2025-04-11 20:47:17.424"}
{"level":"info","message":"Attempting to connect to MongoDB database","service":"research-mgmt-api","timestamp":"2025-04-11 20:47:17.424"}
{"level":"info","message":"Attempting to connect to MongoDB...","service":"research-mgmt-api","timestamp":"2025-04-11 20:47:17.424"}
{"level":"info","message":"Closing existing MongoDB connection before reconnecting","service":"research-mgmt-api","timestamp":"2025-04-11 20:47:17.424"}
{"level":"warn","message":"MongoDB disconnected","service":"research-mgmt-api","timestamp":"2025-04-11 20:47:17.504"}
{"level":"warn","message":"MongoDB disconnected","service":"research-mgmt-api","timestamp":"2025-04-11 20:47:17.504"}
{"level":"warn","message":"MongoDB disconnected","service":"research-mgmt-api","timestamp":"2025-04-11 20:47:17.504"}
{"level":"warn","message":"MongoDB disconnected","service":"research-mgmt-api","timestamp":"2025-04-11 20:47:17.504"}
{"level":"warn","message":"MongoDB disconnected","service":"research-mgmt-api","timestamp":"2025-04-11 20:47:17.504"}
{"level":"warn","message":"MongoDB disconnected","service":"research-mgmt-api","timestamp":"2025-04-11 20:47:17.504"}
{"level":"info","message":"MongoDB Connected: ac-xdpuchx-shard-00-02.tvoe17p.mongodb.net","service":"research-mgmt-api","timestamp":"2025-04-11 20:47:18.084"}
{"level":"info","message":"✅ MongoDB connection established successfully","service":"research-mgmt-api","timestamp":"2025-04-11 20:47:18.084"}
{"level":"error","message":"Server startup error: callback is not a function. (In 'callback(app.server)', 'callback' is \"0.0.0.0\")","service":"research-mgmt-api","stack":"TypeError: callback is not a function. (In 'callback(app.server)', 'callback' is \"0.0.0.0\")\n    at <anonymous> (/home/swadhin/r/server/node_modules/elysia/src/adapter/bun/index.ts:104:18)\n    at listen (/home/swadhin/r/server/node_modules/elysia/src/index.ts:6370:31)\n    at <anonymous> (/home/swadhin/r/server/src/index.js:451:15)\n    at processTicksAndRejections (native:7:39)","timestamp":"2025-04-11 20:47:18.086"}
{"level":"info","message":"⚠️ Port 300016 is not available. Trying port 3000161...","service":"research-mgmt-api","timestamp":"2025-04-11 20:47:18.086"}
{"level":"info","message":"Attempting to connect to MongoDB database","service":"research-mgmt-api","timestamp":"2025-04-11 20:47:18.086"}
{"level":"info","message":"Attempting to connect to MongoDB...","service":"research-mgmt-api","timestamp":"2025-04-11 20:47:18.086"}
{"level":"info","message":"Closing existing MongoDB connection before reconnecting","service":"research-mgmt-api","timestamp":"2025-04-11 20:47:18.086"}
{"level":"warn","message":"MongoDB disconnected","service":"research-mgmt-api","timestamp":"2025-04-11 20:47:18.089"}
{"level":"warn","message":"MongoDB disconnected","service":"research-mgmt-api","timestamp":"2025-04-11 20:47:18.089"}
{"level":"warn","message":"MongoDB disconnected","service":"research-mgmt-api","timestamp":"2025-04-11 20:47:18.089"}
{"level":"warn","message":"MongoDB disconnected","service":"research-mgmt-api","timestamp":"2025-04-11 20:47:18.089"}
{"level":"warn","message":"MongoDB disconnected","service":"research-mgmt-api","timestamp":"2025-04-11 20:47:18.089"}
{"level":"warn","message":"MongoDB disconnected","service":"research-mgmt-api","timestamp":"2025-04-11 20:47:18.089"}
{"level":"warn","message":"MongoDB disconnected","service":"research-mgmt-api","timestamp":"2025-04-11 20:47:18.089"}
{"level":"info","message":"MongoDB Connected: ac-xdpuchx-shard-00-02.tvoe17p.mongodb.net","service":"research-mgmt-api","timestamp":"2025-04-11 20:47:18.916"}
{"level":"info","message":"✅ MongoDB connection established successfully","service":"research-mgmt-api","timestamp":"2025-04-11 20:47:18.916"}
{"level":"error","message":"Server startup error: callback is not a function. (In 'callback(app.server)', 'callback' is \"0.0.0.0\")","service":"research-mgmt-api","stack":"TypeError: callback is not a function. (In 'callback(app.server)', 'callback' is \"0.0.0.0\")\n    at <anonymous> (/home/swadhin/r/server/node_modules/elysia/src/adapter/bun/index.ts:104:18)\n    at listen (/home/swadhin/r/server/node_modules/elysia/src/index.ts:6370:31)\n    at <anonymous> (/home/swadhin/r/server/src/index.js:451:15)\n    at processTicksAndRejections (native:7:39)","timestamp":"2025-04-11 20:47:18.919"}
{"level":"info","message":"⚠️ Port 300017 is not available. Trying port 3000171...","service":"research-mgmt-api","timestamp":"2025-04-11 20:47:18.919"}
{"level":"info","message":"Attempting to connect to MongoDB database","service":"research-mgmt-api","timestamp":"2025-04-11 20:47:18.919"}
{"level":"info","message":"Attempting to connect to MongoDB...","service":"research-mgmt-api","timestamp":"2025-04-11 20:47:18.920"}
{"level":"info","message":"Closing existing MongoDB connection before reconnecting","service":"research-mgmt-api","timestamp":"2025-04-11 20:47:18.920"}
{"level":"warn","message":"MongoDB disconnected","service":"research-mgmt-api","timestamp":"2025-04-11 20:47:19.004"}
{"level":"warn","message":"MongoDB disconnected","service":"research-mgmt-api","timestamp":"2025-04-11 20:47:19.004"}
{"level":"warn","message":"MongoDB disconnected","service":"research-mgmt-api","timestamp":"2025-04-11 20:47:19.004"}
{"level":"warn","message":"MongoDB disconnected","service":"research-mgmt-api","timestamp":"2025-04-11 20:47:19.004"}
{"level":"warn","message":"MongoDB disconnected","service":"research-mgmt-api","timestamp":"2025-04-11 20:47:19.004"}
{"level":"warn","message":"MongoDB disconnected","service":"research-mgmt-api","timestamp":"2025-04-11 20:47:19.004"}
{"level":"warn","message":"MongoDB disconnected","service":"research-mgmt-api","timestamp":"2025-04-11 20:47:19.004"}
{"level":"warn","message":"MongoDB disconnected","service":"research-mgmt-api","timestamp":"2025-04-11 20:47:19.004"}
{"level":"info","message":"MongoDB Connected: ac-xdpuchx-shard-00-02.tvoe17p.mongodb.net","service":"research-mgmt-api","timestamp":"2025-04-11 20:47:20.093"}
{"level":"info","message":"✅ MongoDB connection established successfully","service":"research-mgmt-api","timestamp":"2025-04-11 20:47:20.093"}
{"level":"error","message":"Server startup error: callback is not a function. (In 'callback(app.server)', 'callback' is \"0.0.0.0\")","service":"research-mgmt-api","stack":"TypeError: callback is not a function. (In 'callback(app.server)', 'callback' is \"0.0.0.0\")\n    at <anonymous> (/home/swadhin/r/server/node_modules/elysia/src/adapter/bun/index.ts:104:18)\n    at listen (/home/swadhin/r/server/node_modules/elysia/src/index.ts:6370:31)\n    at <anonymous> (/home/swadhin/r/server/src/index.js:451:15)\n    at processTicksAndRejections (native:7:39)","timestamp":"2025-04-11 20:47:20.096"}
{"level":"info","message":"⚠️ Port 300018 is not available. Trying port 3000181...","service":"research-mgmt-api","timestamp":"2025-04-11 20:47:20.096"}
{"level":"info","message":"Attempting to connect to MongoDB database","service":"research-mgmt-api","timestamp":"2025-04-11 20:47:20.096"}
{"level":"info","message":"Attempting to connect to MongoDB...","service":"research-mgmt-api","timestamp":"2025-04-11 20:47:20.096"}
{"level":"info","message":"Closing existing MongoDB connection before reconnecting","service":"research-mgmt-api","timestamp":"2025-04-11 20:47:20.096"}
{"level":"warn","message":"MongoDB disconnected","service":"research-mgmt-api","timestamp":"2025-04-11 20:47:20.114"}
{"level":"warn","message":"MongoDB disconnected","service":"research-mgmt-api","timestamp":"2025-04-11 20:47:20.114"}
{"level":"warn","message":"MongoDB disconnected","service":"research-mgmt-api","timestamp":"2025-04-11 20:47:20.114"}
{"level":"warn","message":"MongoDB disconnected","service":"research-mgmt-api","timestamp":"2025-04-11 20:47:20.114"}
{"level":"warn","message":"MongoDB disconnected","service":"research-mgmt-api","timestamp":"2025-04-11 20:47:20.114"}
{"level":"warn","message":"MongoDB disconnected","service":"research-mgmt-api","timestamp":"2025-04-11 20:47:20.114"}
{"level":"warn","message":"MongoDB disconnected","service":"research-mgmt-api","timestamp":"2025-04-11 20:47:20.114"}
{"level":"warn","message":"MongoDB disconnected","service":"research-mgmt-api","timestamp":"2025-04-11 20:47:20.114"}
{"level":"warn","message":"MongoDB disconnected","service":"research-mgmt-api","timestamp":"2025-04-11 20:47:20.114"}
{"level":"info","message":"MongoDB Connected: ac-xdpuchx-shard-00-02.tvoe17p.mongodb.net","service":"research-mgmt-api","timestamp":"2025-04-11 20:47:20.946"}
{"level":"info","message":"✅ MongoDB connection established successfully","service":"research-mgmt-api","timestamp":"2025-04-11 20:47:20.946"}
{"level":"error","message":"Server startup error: callback is not a function. (In 'callback(app.server)', 'callback' is \"0.0.0.0\")","service":"research-mgmt-api","stack":"TypeError: callback is not a function. (In 'callback(app.server)', 'callback' is \"0.0.0.0\")\n    at <anonymous> (/home/swadhin/r/server/node_modules/elysia/src/adapter/bun/index.ts:104:18)\n    at listen (/home/swadhin/r/server/node_modules/elysia/src/index.ts:6370:31)\n    at <anonymous> (/home/swadhin/r/server/src/index.js:451:15)\n    at processTicksAndRejections (native:7:39)","timestamp":"2025-04-11 20:47:20.949"}
{"level":"info","message":"⚠️ Port 300019 is not available. Trying port 3000191...","service":"research-mgmt-api","timestamp":"2025-04-11 20:47:20.949"}
{"level":"info","message":"Attempting to connect to MongoDB database","service":"research-mgmt-api","timestamp":"2025-04-11 20:47:20.949"}
{"level":"info","message":"Attempting to connect to MongoDB...","service":"research-mgmt-api","timestamp":"2025-04-11 20:47:20.949"}
{"level":"info","message":"Closing existing MongoDB connection before reconnecting","service":"research-mgmt-api","timestamp":"2025-04-11 20:47:20.949"}
{"level":"warn","message":"MongoDB disconnected","service":"research-mgmt-api","timestamp":"2025-04-11 20:47:21.060"}
{"level":"warn","message":"MongoDB disconnected","service":"research-mgmt-api","timestamp":"2025-04-11 20:47:21.060"}
{"level":"warn","message":"MongoDB disconnected","service":"research-mgmt-api","timestamp":"2025-04-11 20:47:21.060"}
{"level":"warn","message":"MongoDB disconnected","service":"research-mgmt-api","timestamp":"2025-04-11 20:47:21.060"}
{"level":"warn","message":"MongoDB disconnected","service":"research-mgmt-api","timestamp":"2025-04-11 20:47:21.060"}
{"level":"warn","message":"MongoDB disconnected","service":"research-mgmt-api","timestamp":"2025-04-11 20:47:21.060"}
{"level":"warn","message":"MongoDB disconnected","service":"research-mgmt-api","timestamp":"2025-04-11 20:47:21.060"}
{"level":"warn","message":"MongoDB disconnected","service":"research-mgmt-api","timestamp":"2025-04-11 20:47:21.060"}
{"level":"warn","message":"MongoDB disconnected","service":"research-mgmt-api","timestamp":"2025-04-11 20:47:21.060"}
{"level":"warn","message":"MongoDB disconnected","service":"research-mgmt-api","timestamp":"2025-04-11 20:47:21.060"}
{"level":"info","message":"MongoDB Connected: ac-xdpuchx-shard-00-02.tvoe17p.mongodb.net","service":"research-mgmt-api","timestamp":"2025-04-11 20:47:21.638"}
{"level":"info","message":"JWT helper initialized","service":"research-mgmt-api","timestamp":"2025-04-11 20:49:04.585"}
{"adminRoutes":true,"authRoutes":true,"level":"info","message":"Route modules loaded:","service":"research-mgmt-api","studentRoutes":true,"supervisorRoutes":true,"timestamp":"2025-04-11 20:49:04.618"}
{"level":"info","message":"Attempting to connect to MongoDB database","service":"research-mgmt-api","timestamp":"2025-04-11 20:49:04.630"}
{"level":"info","message":"Attempting to connect to MongoDB...","service":"research-mgmt-api","timestamp":"2025-04-11 20:49:04.630"}
{"level":"info","message":"MongoDB Connected: ac-xdpuchx-shard-00-02.tvoe17p.mongodb.net","service":"research-mgmt-api","timestamp":"2025-04-11 20:49:05.447"}
{"level":"info","message":"✅ MongoDB connection established successfully","service":"research-mgmt-api","timestamp":"2025-04-11 20:49:05.448"}
{"level":"info","message":"🚀 Server running on port 300010 and accessible from all network interfaces","service":"research-mgmt-api","timestamp":"2025-04-11 20:49:05.453"}
{"level":"info","message":"HTTP GET / - 200 (0ms)","service":"research-mgmt-api","timestamp":"2025-04-11 20:49:16.660"}
{"level":"error","message":"HTTP GET /api/auth/login - 404 (0ms) Error: Route not found","service":"research-mgmt-api","timestamp":"2025-04-11 20:49:40.459"}
{"level":"error","message":"HTTP GET /api/auth/login - 404 (0ms) Error: Route not found","service":"research-mgmt-api","timestamp":"2025-04-11 20:51:00.421"}
{"level":"info","message":"JWT helper initialized","service":"research-mgmt-api","timestamp":"2025-04-11 20:51:27.374"}
{"adminRoutes":true,"authRoutes":true,"level":"info","message":"Route modules loaded:","service":"research-mgmt-api","studentRoutes":true,"supervisorRoutes":true,"timestamp":"2025-04-11 20:51:27.408"}
{"level":"info","message":"Attempting to connect to MongoDB database","service":"research-mgmt-api","timestamp":"2025-04-11 20:51:27.421"}
{"level":"info","message":"Attempting to connect to MongoDB...","service":"research-mgmt-api","timestamp":"2025-04-11 20:51:27.421"}
{"level":"info","message":"MongoDB Connected: ac-xdpuchx-shard-00-01.tvoe17p.mongodb.net","service":"research-mgmt-api","timestamp":"2025-04-11 20:51:28.410"}
{"level":"info","message":"✅ MongoDB connection established successfully","service":"research-mgmt-api","timestamp":"2025-04-11 20:51:28.410"}
{"level":"info","message":"🚀 Server running on port 300000 and accessible from all network interfaces","service":"research-mgmt-api","timestamp":"2025-04-11 20:51:28.414"}
{"level":"info","message":"MongoDB connection state: 1","service":"research-mgmt-api","timestamp":"2025-04-11 20:51:40.719"}
{"level":"info","message":"Login attempt for user: teststudent1@gmail.com","service":"research-mgmt-api","timestamp":"2025-04-11 20:51:40.719"}
{"level":"info","message":"Verifying password for user: teststudent1@gmail.com","service":"research-mgmt-api","timestamp":"2025-04-11 20:51:40.781"}
{"level":"info","message":"Login successful for user: teststudent1@gmail.com","service":"research-mgmt-api","timestamp":"2025-04-11 20:51:40.802"}
{"level":"info","message":"HTTP POST /api/auth/login - 200 (84ms)","service":"research-mgmt-api","timestamp":"2025-04-11 20:51:40.802"}
{"level":"warn","message":"Unauthorized access attempt (no/invalid Authorization header): /notifications","service":"research-mgmt-api","timestamp":"2025-04-11 20:51:40.842"}
{"level":"error","message":"HTTP GET /notifications - 404 (0ms) Error: Route not found","service":"research-mgmt-api","timestamp":"2025-04-11 20:51:40.843"}
{"level":"warn","message":"Unauthorized access attempt (no/invalid Authorization header): /notifications/unread/count","service":"research-mgmt-api","timestamp":"2025-04-11 20:51:40.845"}
{"level":"error","message":"HTTP GET /notifications/unread/count - 404 (0ms) Error: Route not found","service":"research-mgmt-api","timestamp":"2025-04-11 20:51:40.845"}
{"level":"warn","message":"Unauthorized access attempt (no/invalid Authorization header): /api/dashboard/student","service":"research-mgmt-api","timestamp":"2025-04-11 20:51:40.925"}
{"level":"error","message":"HTTP GET /api/dashboard/student - 404 (0ms) Error: Route not found","service":"research-mgmt-api","timestamp":"2025-04-11 20:51:40.925"}
{"level":"warn","message":"Unauthorized access attempt (no/invalid Authorization header): /api/dashboard/student","service":"research-mgmt-api","timestamp":"2025-04-11 20:51:50.457"}
{"level":"error","message":"HTTP GET /api/dashboard/student - 404 (0ms) Error: Route not found","service":"research-mgmt-api","timestamp":"2025-04-11 20:51:50.457"}
{"level":"error","message":"HTTP GET /api/auth/login - 404 (0ms) Error: Route not found","service":"research-mgmt-api","timestamp":"2025-04-11 20:52:15.200"}
{"level":"info","message":"JWT helper initialized","service":"research-mgmt-api","timestamp":"2025-04-11 20:53:37.555"}
{"adminRoutes":true,"authRoutes":true,"level":"info","message":"Route modules loaded:","service":"research-mgmt-api","studentRoutes":true,"supervisorRoutes":true,"timestamp":"2025-04-11 20:53:37.589"}
{"level":"info","message":"Attempting to connect to MongoDB database","service":"research-mgmt-api","timestamp":"2025-04-11 20:53:37.601"}
{"level":"info","message":"Attempting to connect to MongoDB...","service":"research-mgmt-api","timestamp":"2025-04-11 20:53:37.601"}
{"level":"info","message":"MongoDB Connected: ac-xdpuchx-shard-00-02.tvoe17p.mongodb.net","service":"research-mgmt-api","timestamp":"2025-04-11 20:53:38.700"}
{"level":"info","message":"✅ MongoDB connection established successfully","service":"research-mgmt-api","timestamp":"2025-04-11 20:53:38.700"}
{"level":"info","message":"🚀 Server running on port 300000 and accessible from all network interfaces","service":"research-mgmt-api","timestamp":"2025-04-11 20:53:38.704"}
{"level":"error","message":"HTTP GET /api/auth/login - 404 (0ms) Error: Route not found","service":"research-mgmt-api","timestamp":"2025-04-11 20:54:00.594"}
{"level":"info","message":"JWT helper initialized","service":"research-mgmt-api","timestamp":"2025-04-11 20:54:28.336"}
{"adminRoutes":true,"authRoutes":true,"level":"info","message":"Route modules loaded:","service":"research-mgmt-api","studentRoutes":true,"supervisorRoutes":true,"timestamp":"2025-04-11 20:54:28.375"}
{"level":"info","message":"Attempting to connect to MongoDB database","service":"research-mgmt-api","timestamp":"2025-04-11 20:54:28.389"}
{"level":"info","message":"Attempting to connect to MongoDB...","service":"research-mgmt-api","timestamp":"2025-04-11 20:54:28.389"}
{"level":"info","message":"MongoDB Connected: ac-xdpuchx-shard-00-01.tvoe17p.mongodb.net","service":"research-mgmt-api","timestamp":"2025-04-11 20:54:29.398"}
{"level":"info","message":"✅ MongoDB connection established successfully","service":"research-mgmt-api","timestamp":"2025-04-11 20:54:29.398"}
{"level":"info","message":"🚀 Server running on port 300000 and accessible from all network interfaces","service":"research-mgmt-api","timestamp":"2025-04-11 20:54:29.405"}
{"level":"info","message":"JWT helper initialized","service":"research-mgmt-api","timestamp":"2025-04-11 20:54:30.805"}
{"adminRoutes":true,"authRoutes":true,"level":"info","message":"Route modules loaded:","service":"research-mgmt-api","studentRoutes":true,"supervisorRoutes":true,"timestamp":"2025-04-11 20:54:30.841"}
{"level":"info","message":"Attempting to connect to MongoDB database","service":"research-mgmt-api","timestamp":"2025-04-11 20:54:30.854"}
{"level":"info","message":"Attempting to connect to MongoDB...","service":"research-mgmt-api","timestamp":"2025-04-11 20:54:30.855"}
{"level":"info","message":"MongoDB Connected: ac-xdpuchx-shard-00-02.tvoe17p.mongodb.net","service":"research-mgmt-api","timestamp":"2025-04-11 20:54:31.537"}
{"level":"info","message":"✅ MongoDB connection established successfully","service":"research-mgmt-api","timestamp":"2025-04-11 20:54:31.537"}
{"level":"info","message":"🚀 Server running on port 300000 and accessible from all network interfaces","service":"research-mgmt-api","timestamp":"2025-04-11 20:54:31.542"}
{"level":"info","message":"JWT helper initialized","service":"research-mgmt-api","timestamp":"2025-04-11 20:55:13.001"}
{"adminRoutes":true,"authRoutes":true,"level":"info","message":"Route modules loaded:","service":"research-mgmt-api","studentRoutes":true,"supervisorRoutes":true,"timestamp":"2025-04-11 20:55:13.035"}
{"level":"info","message":"Attempting to connect to MongoDB database","service":"research-mgmt-api","timestamp":"2025-04-11 20:55:13.047"}
{"level":"info","message":"Attempting to connect to MongoDB...","service":"research-mgmt-api","timestamp":"2025-04-11 20:55:13.048"}
{"level":"info","message":"MongoDB Connected: ac-xdpuchx-shard-00-00.tvoe17p.mongodb.net","service":"research-mgmt-api","timestamp":"2025-04-11 20:55:14.193"}
{"level":"info","message":"✅ MongoDB connection established successfully","service":"research-mgmt-api","timestamp":"2025-04-11 20:55:14.193"}
{"level":"info","message":"🚀 Server running on port 300000 and accessible from all network interfaces","service":"research-mgmt-api","timestamp":"2025-04-11 20:55:14.197"}
{"level":"info","message":"JWT helper initialized","service":"research-mgmt-api","timestamp":"2025-04-11 20:55:23.210"}
{"adminRoutes":true,"authRoutes":true,"level":"info","message":"Route modules loaded:","service":"research-mgmt-api","studentRoutes":true,"supervisorRoutes":true,"timestamp":"2025-04-11 20:55:23.246"}
{"level":"info","message":"Attempting to connect to MongoDB database","service":"research-mgmt-api","timestamp":"2025-04-11 20:55:23.259"}
{"level":"info","message":"Attempting to connect to MongoDB...","service":"research-mgmt-api","timestamp":"2025-04-11 20:55:23.259"}
{"level":"info","message":"MongoDB Connected: ac-xdpuchx-shard-00-02.tvoe17p.mongodb.net","service":"research-mgmt-api","timestamp":"2025-04-11 20:55:24.625"}
{"level":"info","message":"✅ MongoDB connection established successfully","service":"research-mgmt-api","timestamp":"2025-04-11 20:55:24.626"}
{"level":"info","message":"🚀 Server running on port 300000 and accessible from all network interfaces","service":"research-mgmt-api","timestamp":"2025-04-11 20:55:24.630"}
{"level":"info","message":"JWT helper initialized","service":"research-mgmt-api","timestamp":"2025-04-11 20:55:27.575"}
{"adminRoutes":true,"authRoutes":true,"level":"info","message":"Route modules loaded:","service":"research-mgmt-api","studentRoutes":true,"supervisorRoutes":true,"timestamp":"2025-04-11 20:55:27.609"}
{"level":"info","message":"Attempting to connect to MongoDB database","service":"research-mgmt-api","timestamp":"2025-04-11 20:55:27.621"}
{"level":"info","message":"Attempting to connect to MongoDB...","service":"research-mgmt-api","timestamp":"2025-04-11 20:55:27.622"}
{"level":"info","message":"MongoDB Connected: ac-xdpuchx-shard-00-01.tvoe17p.mongodb.net","service":"research-mgmt-api","timestamp":"2025-04-11 20:55:29.383"}
{"level":"info","message":"✅ MongoDB connection established successfully","service":"research-mgmt-api","timestamp":"2025-04-11 20:55:29.383"}
{"level":"info","message":"🚀 Server running on port 300000 and accessible from all network interfaces","service":"research-mgmt-api","timestamp":"2025-04-11 20:55:29.388"}
{"level":"error","message":"HTTP GET /api/auth/login - 404 (0ms) Error: Route not found","service":"research-mgmt-api","timestamp":"2025-04-11 20:56:07.733"}
{"level":"info","message":"JWT helper initialized","service":"research-mgmt-api","timestamp":"2025-04-11 20:56:27.756"}
{"adminRoutes":true,"authRoutes":true,"level":"info","message":"Route modules loaded:","service":"research-mgmt-api","studentRoutes":true,"supervisorRoutes":true,"timestamp":"2025-04-11 20:56:27.790"}
{"level":"info","message":"Attempting to connect to MongoDB database","service":"research-mgmt-api","timestamp":"2025-04-11 20:56:27.802"}
{"level":"info","message":"Attempting to connect to MongoDB...","service":"research-mgmt-api","timestamp":"2025-04-11 20:56:27.802"}
{"level":"info","message":"MongoDB Connected: ac-xdpuchx-shard-00-01.tvoe17p.mongodb.net","service":"research-mgmt-api","timestamp":"2025-04-11 20:56:29.309"}
{"level":"info","message":"✅ MongoDB connection established successfully","service":"research-mgmt-api","timestamp":"2025-04-11 20:56:29.309"}
{"level":"info","message":"🚀 Server running on port 300000 and accessible from all network interfaces","service":"research-mgmt-api","timestamp":"2025-04-11 20:56:29.314"}
{"level":"error","message":"HTTP GET /api/auth/login - 404 (0ms) Error: Route not found","service":"research-mgmt-api","timestamp":"2025-04-11 20:56:35.799"}
{"level":"info","message":"JWT helper initialized","service":"research-mgmt-api","timestamp":"2025-04-11 20:56:50.369"}
{"adminRoutes":true,"authRoutes":true,"level":"info","message":"Route modules loaded:","service":"research-mgmt-api","studentRoutes":true,"supervisorRoutes":true,"timestamp":"2025-04-11 20:56:50.405"}
{"level":"info","message":"Attempting to connect to MongoDB database","service":"research-mgmt-api","timestamp":"2025-04-11 20:56:50.418"}
{"level":"info","message":"Attempting to connect to MongoDB...","service":"research-mgmt-api","timestamp":"2025-04-11 20:56:50.419"}
{"level":"info","message":"MongoDB Connected: ac-xdpuchx-shard-00-01.tvoe17p.mongodb.net","service":"research-mgmt-api","timestamp":"2025-04-11 20:56:51.189"}
{"level":"info","message":"✅ MongoDB connection established successfully","service":"research-mgmt-api","timestamp":"2025-04-11 20:56:51.189"}
{"level":"error","message":"Server startup error: callback is not a function. (In 'callback(app.server)', 'callback' is \"0.0.0.0\")","service":"research-mgmt-api","stack":"TypeError: callback is not a function. (In 'callback(app.server)', 'callback' is \"0.0.0.0\")\n    at <anonymous> (/home/swadhin/r/server/node_modules/elysia/src/adapter/bun/index.ts:104:18)\n    at listen (/home/swadhin/r/server/node_modules/elysia/src/index.ts:6370:31)\n    at <anonymous> (/home/swadhin/r/server/src/index.js:451:15)\n    at processTicksAndRejections (native:7:39)","timestamp":"2025-04-11 20:56:51.193"}
{"level":"info","message":"⚠️ Port 300000 is not available. Trying port 3000001...","service":"research-mgmt-api","timestamp":"2025-04-11 20:56:51.193"}
{"level":"info","message":"Attempting to connect to MongoDB database","service":"research-mgmt-api","timestamp":"2025-04-11 20:56:51.193"}
{"level":"info","message":"Attempting to connect to MongoDB...","service":"research-mgmt-api","timestamp":"2025-04-11 20:56:51.193"}
{"level":"info","message":"Closing existing MongoDB connection before reconnecting","service":"research-mgmt-api","timestamp":"2025-04-11 20:56:51.193"}
{"level":"warn","message":"MongoDB disconnected","service":"research-mgmt-api","timestamp":"2025-04-11 20:56:51.247"}
{"level":"info","message":"MongoDB Connected: ac-xdpuchx-shard-00-01.tvoe17p.mongodb.net","service":"research-mgmt-api","timestamp":"2025-04-11 20:56:51.912"}
{"level":"info","message":"✅ MongoDB connection established successfully","service":"research-mgmt-api","timestamp":"2025-04-11 20:56:51.912"}
{"level":"error","message":"Server startup error: callback is not a function. (In 'callback(app.server)', 'callback' is \"0.0.0.0\")","service":"research-mgmt-api","stack":"TypeError: callback is not a function. (In 'callback(app.server)', 'callback' is \"0.0.0.0\")\n    at <anonymous> (/home/swadhin/r/server/node_modules/elysia/src/adapter/bun/index.ts:104:18)\n    at listen (/home/swadhin/r/server/node_modules/elysia/src/index.ts:6370:31)\n    at <anonymous> (/home/swadhin/r/server/src/index.js:451:15)\n    at processTicksAndRejections (native:7:39)","timestamp":"2025-04-11 20:56:51.915"}
{"level":"info","message":"⚠️ Port 300001 is not available. Trying port 3000011...","service":"research-mgmt-api","timestamp":"2025-04-11 20:56:51.916"}
{"level":"info","message":"Attempting to connect to MongoDB database","service":"research-mgmt-api","timestamp":"2025-04-11 20:56:51.916"}
{"level":"info","message":"Attempting to connect to MongoDB...","service":"research-mgmt-api","timestamp":"2025-04-11 20:56:51.916"}
{"level":"info","message":"Closing existing MongoDB connection before reconnecting","service":"research-mgmt-api","timestamp":"2025-04-11 20:56:51.916"}
{"level":"warn","message":"MongoDB disconnected","service":"research-mgmt-api","timestamp":"2025-04-11 20:56:51.996"}
{"level":"warn","message":"MongoDB disconnected","service":"research-mgmt-api","timestamp":"2025-04-11 20:56:51.996"}
{"level":"info","message":"MongoDB Connected: ac-xdpuchx-shard-00-01.tvoe17p.mongodb.net","service":"research-mgmt-api","timestamp":"2025-04-11 20:56:52.957"}
{"level":"info","message":"✅ MongoDB connection established successfully","service":"research-mgmt-api","timestamp":"2025-04-11 20:56:52.957"}
{"level":"error","message":"Server startup error: callback is not a function. (In 'callback(app.server)', 'callback' is \"0.0.0.0\")","service":"research-mgmt-api","stack":"TypeError: callback is not a function. (In 'callback(app.server)', 'callback' is \"0.0.0.0\")\n    at <anonymous> (/home/swadhin/r/server/node_modules/elysia/src/adapter/bun/index.ts:104:18)\n    at listen (/home/swadhin/r/server/node_modules/elysia/src/index.ts:6370:31)\n    at <anonymous> (/home/swadhin/r/server/src/index.js:451:15)\n    at processTicksAndRejections (native:7:39)","timestamp":"2025-04-11 20:56:52.960"}
{"level":"info","message":"⚠️ Port 300002 is not available. Trying port 3000021...","service":"research-mgmt-api","timestamp":"2025-04-11 20:56:52.960"}
{"level":"info","message":"Attempting to connect to MongoDB database","service":"research-mgmt-api","timestamp":"2025-04-11 20:56:52.960"}
{"level":"info","message":"Attempting to connect to MongoDB...","service":"research-mgmt-api","timestamp":"2025-04-11 20:56:52.960"}
{"level":"info","message":"Closing existing MongoDB connection before reconnecting","service":"research-mgmt-api","timestamp":"2025-04-11 20:56:52.960"}
{"level":"warn","message":"MongoDB disconnected","service":"research-mgmt-api","timestamp":"2025-04-11 20:56:53.054"}
{"level":"warn","message":"MongoDB disconnected","service":"research-mgmt-api","timestamp":"2025-04-11 20:56:53.054"}
{"level":"warn","message":"MongoDB disconnected","service":"research-mgmt-api","timestamp":"2025-04-11 20:56:53.054"}
{"level":"info","message":"MongoDB Connected: ac-xdpuchx-shard-00-01.tvoe17p.mongodb.net","service":"research-mgmt-api","timestamp":"2025-04-11 20:56:53.821"}
{"level":"info","message":"✅ MongoDB connection established successfully","service":"research-mgmt-api","timestamp":"2025-04-11 20:56:53.822"}
{"level":"error","message":"Server startup error: callback is not a function. (In 'callback(app.server)', 'callback' is \"0.0.0.0\")","service":"research-mgmt-api","stack":"TypeError: callback is not a function. (In 'callback(app.server)', 'callback' is \"0.0.0.0\")\n    at <anonymous> (/home/swadhin/r/server/node_modules/elysia/src/adapter/bun/index.ts:104:18)\n    at listen (/home/swadhin/r/server/node_modules/elysia/src/index.ts:6370:31)\n    at <anonymous> (/home/swadhin/r/server/src/index.js:451:15)\n    at processTicksAndRejections (native:7:39)","timestamp":"2025-04-11 20:56:53.825"}
{"level":"info","message":"⚠️ Port 300003 is not available. Trying port 3000031...","service":"research-mgmt-api","timestamp":"2025-04-11 20:56:53.825"}
{"level":"info","message":"Attempting to connect to MongoDB database","service":"research-mgmt-api","timestamp":"2025-04-11 20:56:53.825"}
{"level":"info","message":"Attempting to connect to MongoDB...","service":"research-mgmt-api","timestamp":"2025-04-11 20:56:53.825"}
{"level":"info","message":"Closing existing MongoDB connection before reconnecting","service":"research-mgmt-api","timestamp":"2025-04-11 20:56:53.825"}
{"level":"warn","message":"MongoDB disconnected","service":"research-mgmt-api","timestamp":"2025-04-11 20:56:53.879"}
{"level":"warn","message":"MongoDB disconnected","service":"research-mgmt-api","timestamp":"2025-04-11 20:56:53.879"}
{"level":"warn","message":"MongoDB disconnected","service":"research-mgmt-api","timestamp":"2025-04-11 20:56:53.879"}
{"level":"warn","message":"MongoDB disconnected","service":"research-mgmt-api","timestamp":"2025-04-11 20:56:53.879"}
{"level":"info","message":"MongoDB Connected: ac-xdpuchx-shard-00-01.tvoe17p.mongodb.net","service":"research-mgmt-api","timestamp":"2025-04-11 20:56:54.687"}
{"level":"info","message":"✅ MongoDB connection established successfully","service":"research-mgmt-api","timestamp":"2025-04-11 20:56:54.688"}
{"level":"error","message":"Server startup error: callback is not a function. (In 'callback(app.server)', 'callback' is \"0.0.0.0\")","service":"research-mgmt-api","stack":"TypeError: callback is not a function. (In 'callback(app.server)', 'callback' is \"0.0.0.0\")\n    at <anonymous> (/home/swadhin/r/server/node_modules/elysia/src/adapter/bun/index.ts:104:18)\n    at listen (/home/swadhin/r/server/node_modules/elysia/src/index.ts:6370:31)\n    at <anonymous> (/home/swadhin/r/server/src/index.js:451:15)\n    at processTicksAndRejections (native:7:39)","timestamp":"2025-04-11 20:56:54.691"}
{"level":"info","message":"⚠️ Port 300004 is not available. Trying port 3000041...","service":"research-mgmt-api","timestamp":"2025-04-11 20:56:54.692"}
{"level":"info","message":"Attempting to connect to MongoDB database","service":"research-mgmt-api","timestamp":"2025-04-11 20:56:54.692"}
{"level":"info","message":"Attempting to connect to MongoDB...","service":"research-mgmt-api","timestamp":"2025-04-11 20:56:54.692"}
{"level":"info","message":"Closing existing MongoDB connection before reconnecting","service":"research-mgmt-api","timestamp":"2025-04-11 20:56:54.692"}
{"level":"warn","message":"MongoDB disconnected","service":"research-mgmt-api","timestamp":"2025-04-11 20:56:54.757"}
{"level":"warn","message":"MongoDB disconnected","service":"research-mgmt-api","timestamp":"2025-04-11 20:56:54.757"}
{"level":"warn","message":"MongoDB disconnected","service":"research-mgmt-api","timestamp":"2025-04-11 20:56:54.757"}
{"level":"warn","message":"MongoDB disconnected","service":"research-mgmt-api","timestamp":"2025-04-11 20:56:54.757"}
{"level":"warn","message":"MongoDB disconnected","service":"research-mgmt-api","timestamp":"2025-04-11 20:56:54.757"}
{"level":"info","message":"MongoDB Connected: ac-xdpuchx-shard-00-01.tvoe17p.mongodb.net","service":"research-mgmt-api","timestamp":"2025-04-11 20:56:55.542"}
{"level":"info","message":"✅ MongoDB connection established successfully","service":"research-mgmt-api","timestamp":"2025-04-11 20:56:55.542"}
{"level":"error","message":"Server startup error: callback is not a function. (In 'callback(app.server)', 'callback' is \"0.0.0.0\")","service":"research-mgmt-api","stack":"TypeError: callback is not a function. (In 'callback(app.server)', 'callback' is \"0.0.0.0\")\n    at <anonymous> (/home/swadhin/r/server/node_modules/elysia/src/adapter/bun/index.ts:104:18)\n    at listen (/home/swadhin/r/server/node_modules/elysia/src/index.ts:6370:31)\n    at <anonymous> (/home/swadhin/r/server/src/index.js:451:15)\n    at processTicksAndRejections (native:7:39)","timestamp":"2025-04-11 20:56:55.546"}
{"level":"info","message":"⚠️ Port 300005 is not available. Trying port 3000051...","service":"research-mgmt-api","timestamp":"2025-04-11 20:56:55.546"}
{"level":"info","message":"Attempting to connect to MongoDB database","service":"research-mgmt-api","timestamp":"2025-04-11 20:56:55.546"}
{"level":"info","message":"Attempting to connect to MongoDB...","service":"research-mgmt-api","timestamp":"2025-04-11 20:56:55.546"}
{"level":"info","message":"Closing existing MongoDB connection before reconnecting","service":"research-mgmt-api","timestamp":"2025-04-11 20:56:55.546"}
{"level":"warn","message":"MongoDB disconnected","service":"research-mgmt-api","timestamp":"2025-04-11 20:56:55.608"}
{"level":"warn","message":"MongoDB disconnected","service":"research-mgmt-api","timestamp":"2025-04-11 20:56:55.608"}
{"level":"warn","message":"MongoDB disconnected","service":"research-mgmt-api","timestamp":"2025-04-11 20:56:55.608"}
{"level":"warn","message":"MongoDB disconnected","service":"research-mgmt-api","timestamp":"2025-04-11 20:56:55.608"}
{"level":"warn","message":"MongoDB disconnected","service":"research-mgmt-api","timestamp":"2025-04-11 20:56:55.608"}
{"level":"warn","message":"MongoDB disconnected","service":"research-mgmt-api","timestamp":"2025-04-11 20:56:55.608"}
{"level":"info","message":"MongoDB Connected: ac-xdpuchx-shard-00-01.tvoe17p.mongodb.net","service":"research-mgmt-api","timestamp":"2025-04-11 20:56:56.469"}
{"level":"info","message":"✅ MongoDB connection established successfully","service":"research-mgmt-api","timestamp":"2025-04-11 20:56:56.469"}
{"level":"error","message":"Server startup error: callback is not a function. (In 'callback(app.server)', 'callback' is \"0.0.0.0\")","service":"research-mgmt-api","stack":"TypeError: callback is not a function. (In 'callback(app.server)', 'callback' is \"0.0.0.0\")\n    at <anonymous> (/home/swadhin/r/server/node_modules/elysia/src/adapter/bun/index.ts:104:18)\n    at listen (/home/swadhin/r/server/node_modules/elysia/src/index.ts:6370:31)\n    at <anonymous> (/home/swadhin/r/server/src/index.js:451:15)\n    at processTicksAndRejections (native:7:39)","timestamp":"2025-04-11 20:56:56.472"}
{"level":"info","message":"⚠️ Port 300006 is not available. Trying port 3000061...","service":"research-mgmt-api","timestamp":"2025-04-11 20:56:56.472"}
{"level":"info","message":"Attempting to connect to MongoDB database","service":"research-mgmt-api","timestamp":"2025-04-11 20:56:56.472"}
{"level":"info","message":"Attempting to connect to MongoDB...","service":"research-mgmt-api","timestamp":"2025-04-11 20:56:56.472"}
{"level":"info","message":"Closing existing MongoDB connection before reconnecting","service":"research-mgmt-api","timestamp":"2025-04-11 20:56:56.472"}
{"level":"warn","message":"MongoDB disconnected","service":"research-mgmt-api","timestamp":"2025-04-11 20:56:56.512"}
{"level":"warn","message":"MongoDB disconnected","service":"research-mgmt-api","timestamp":"2025-04-11 20:56:56.512"}
{"level":"warn","message":"MongoDB disconnected","service":"research-mgmt-api","timestamp":"2025-04-11 20:56:56.513"}
{"level":"warn","message":"MongoDB disconnected","service":"research-mgmt-api","timestamp":"2025-04-11 20:56:56.513"}
{"level":"warn","message":"MongoDB disconnected","service":"research-mgmt-api","timestamp":"2025-04-11 20:56:56.513"}
{"level":"warn","message":"MongoDB disconnected","service":"research-mgmt-api","timestamp":"2025-04-11 20:56:56.513"}
{"level":"warn","message":"MongoDB disconnected","service":"research-mgmt-api","timestamp":"2025-04-11 20:56:56.513"}
{"level":"info","message":"MongoDB Connected: ac-xdpuchx-shard-00-01.tvoe17p.mongodb.net","service":"research-mgmt-api","timestamp":"2025-04-11 20:56:57.190"}
{"level":"info","message":"✅ MongoDB connection established successfully","service":"research-mgmt-api","timestamp":"2025-04-11 20:56:57.190"}
{"level":"error","message":"Server startup error: callback is not a function. (In 'callback(app.server)', 'callback' is \"0.0.0.0\")","service":"research-mgmt-api","stack":"TypeError: callback is not a function. (In 'callback(app.server)', 'callback' is \"0.0.0.0\")\n    at <anonymous> (/home/swadhin/r/server/node_modules/elysia/src/adapter/bun/index.ts:104:18)\n    at listen (/home/swadhin/r/server/node_modules/elysia/src/index.ts:6370:31)\n    at <anonymous> (/home/swadhin/r/server/src/index.js:451:15)\n    at processTicksAndRejections (native:7:39)","timestamp":"2025-04-11 20:56:57.193"}
{"level":"info","message":"⚠️ Port 300007 is not available. Trying port 3000071...","service":"research-mgmt-api","timestamp":"2025-04-11 20:56:57.193"}
{"level":"info","message":"Attempting to connect to MongoDB database","service":"research-mgmt-api","timestamp":"2025-04-11 20:56:57.193"}
{"level":"info","message":"Attempting to connect to MongoDB...","service":"research-mgmt-api","timestamp":"2025-04-11 20:56:57.193"}
{"level":"info","message":"Closing existing MongoDB connection before reconnecting","service":"research-mgmt-api","timestamp":"2025-04-11 20:56:57.193"}
{"level":"warn","message":"MongoDB disconnected","service":"research-mgmt-api","timestamp":"2025-04-11 20:56:57.249"}
{"level":"warn","message":"MongoDB disconnected","service":"research-mgmt-api","timestamp":"2025-04-11 20:56:57.249"}
{"level":"warn","message":"MongoDB disconnected","service":"research-mgmt-api","timestamp":"2025-04-11 20:56:57.249"}
{"level":"warn","message":"MongoDB disconnected","service":"research-mgmt-api","timestamp":"2025-04-11 20:56:57.249"}
{"level":"warn","message":"MongoDB disconnected","service":"research-mgmt-api","timestamp":"2025-04-11 20:56:57.249"}
{"level":"warn","message":"MongoDB disconnected","service":"research-mgmt-api","timestamp":"2025-04-11 20:56:57.249"}
{"level":"warn","message":"MongoDB disconnected","service":"research-mgmt-api","timestamp":"2025-04-11 20:56:57.249"}
{"level":"warn","message":"MongoDB disconnected","service":"research-mgmt-api","timestamp":"2025-04-11 20:56:57.250"}
{"level":"info","message":"MongoDB Connected: ac-xdpuchx-shard-00-01.tvoe17p.mongodb.net","service":"research-mgmt-api","timestamp":"2025-04-11 20:56:57.999"}
{"level":"info","message":"✅ MongoDB connection established successfully","service":"research-mgmt-api","timestamp":"2025-04-11 20:56:58.000"}
{"level":"error","message":"Server startup error: callback is not a function. (In 'callback(app.server)', 'callback' is \"0.0.0.0\")","service":"research-mgmt-api","stack":"TypeError: callback is not a function. (In 'callback(app.server)', 'callback' is \"0.0.0.0\")\n    at <anonymous> (/home/swadhin/r/server/node_modules/elysia/src/adapter/bun/index.ts:104:18)\n    at listen (/home/swadhin/r/server/node_modules/elysia/src/index.ts:6370:31)\n    at <anonymous> (/home/swadhin/r/server/src/index.js:451:15)\n    at processTicksAndRejections (native:7:39)","timestamp":"2025-04-11 20:56:58.003"}
{"level":"info","message":"⚠️ Port 300008 is not available. Trying port 3000081...","service":"research-mgmt-api","timestamp":"2025-04-11 20:56:58.003"}
{"level":"info","message":"Attempting to connect to MongoDB database","service":"research-mgmt-api","timestamp":"2025-04-11 20:56:58.003"}
{"level":"info","message":"Attempting to connect to MongoDB...","service":"research-mgmt-api","timestamp":"2025-04-11 20:56:58.003"}
{"level":"info","message":"Closing existing MongoDB connection before reconnecting","service":"research-mgmt-api","timestamp":"2025-04-11 20:56:58.003"}
{"level":"warn","message":"MongoDB disconnected","service":"research-mgmt-api","timestamp":"2025-04-11 20:56:58.127"}
{"level":"warn","message":"MongoDB disconnected","service":"research-mgmt-api","timestamp":"2025-04-11 20:56:58.127"}
{"level":"warn","message":"MongoDB disconnected","service":"research-mgmt-api","timestamp":"2025-04-11 20:56:58.127"}
{"level":"warn","message":"MongoDB disconnected","service":"research-mgmt-api","timestamp":"2025-04-11 20:56:58.127"}
{"level":"warn","message":"MongoDB disconnected","service":"research-mgmt-api","timestamp":"2025-04-11 20:56:58.127"}
{"level":"warn","message":"MongoDB disconnected","service":"research-mgmt-api","timestamp":"2025-04-11 20:56:58.127"}
{"level":"warn","message":"MongoDB disconnected","service":"research-mgmt-api","timestamp":"2025-04-11 20:56:58.127"}
{"level":"warn","message":"MongoDB disconnected","service":"research-mgmt-api","timestamp":"2025-04-11 20:56:58.127"}
{"level":"warn","message":"MongoDB disconnected","service":"research-mgmt-api","timestamp":"2025-04-11 20:56:58.127"}
{"level":"info","message":"MongoDB Connected: ac-xdpuchx-shard-00-01.tvoe17p.mongodb.net","service":"research-mgmt-api","timestamp":"2025-04-11 20:56:59.450"}
{"level":"info","message":"✅ MongoDB connection established successfully","service":"research-mgmt-api","timestamp":"2025-04-11 20:56:59.450"}
{"level":"error","message":"Server startup error: callback is not a function. (In 'callback(app.server)', 'callback' is \"0.0.0.0\")","service":"research-mgmt-api","stack":"TypeError: callback is not a function. (In 'callback(app.server)', 'callback' is \"0.0.0.0\")\n    at <anonymous> (/home/swadhin/r/server/node_modules/elysia/src/adapter/bun/index.ts:104:18)\n    at listen (/home/swadhin/r/server/node_modules/elysia/src/index.ts:6370:31)\n    at <anonymous> (/home/swadhin/r/server/src/index.js:451:15)\n    at processTicksAndRejections (native:7:39)","timestamp":"2025-04-11 20:56:59.452"}
{"level":"info","message":"⚠️ Port 300009 is not available. Trying port 3000091...","service":"research-mgmt-api","timestamp":"2025-04-11 20:56:59.452"}
{"level":"info","message":"Attempting to connect to MongoDB database","service":"research-mgmt-api","timestamp":"2025-04-11 20:56:59.452"}
{"level":"info","message":"Attempting to connect to MongoDB...","service":"research-mgmt-api","timestamp":"2025-04-11 20:56:59.452"}
{"level":"info","message":"Closing existing MongoDB connection before reconnecting","service":"research-mgmt-api","timestamp":"2025-04-11 20:56:59.452"}
{"level":"warn","message":"MongoDB disconnected","service":"research-mgmt-api","timestamp":"2025-04-11 20:56:59.534"}
{"level":"warn","message":"MongoDB disconnected","service":"research-mgmt-api","timestamp":"2025-04-11 20:56:59.534"}
{"level":"warn","message":"MongoDB disconnected","service":"research-mgmt-api","timestamp":"2025-04-11 20:56:59.534"}
{"level":"warn","message":"MongoDB disconnected","service":"research-mgmt-api","timestamp":"2025-04-11 20:56:59.534"}
{"level":"warn","message":"MongoDB disconnected","service":"research-mgmt-api","timestamp":"2025-04-11 20:56:59.534"}
{"level":"warn","message":"MongoDB disconnected","service":"research-mgmt-api","timestamp":"2025-04-11 20:56:59.534"}
{"level":"warn","message":"MongoDB disconnected","service":"research-mgmt-api","timestamp":"2025-04-11 20:56:59.534"}
{"level":"warn","message":"MongoDB disconnected","service":"research-mgmt-api","timestamp":"2025-04-11 20:56:59.534"}
{"level":"warn","message":"MongoDB disconnected","service":"research-mgmt-api","timestamp":"2025-04-11 20:56:59.534"}
{"level":"warn","message":"MongoDB disconnected","service":"research-mgmt-api","timestamp":"2025-04-11 20:56:59.534"}
{"level":"info","message":"MongoDB Connected: ac-xdpuchx-shard-00-01.tvoe17p.mongodb.net","service":"research-mgmt-api","timestamp":"2025-04-11 20:57:00.606"}
{"level":"info","message":"✅ MongoDB connection established successfully","service":"research-mgmt-api","timestamp":"2025-04-11 20:57:00.606"}
{"level":"error","message":"Server startup error: callback is not a function. (In 'callback(app.server)', 'callback' is \"0.0.0.0\")","service":"research-mgmt-api","stack":"TypeError: callback is not a function. (In 'callback(app.server)', 'callback' is \"0.0.0.0\")\n    at <anonymous> (/home/swadhin/r/server/node_modules/elysia/src/adapter/bun/index.ts:104:18)\n    at listen (/home/swadhin/r/server/node_modules/elysia/src/index.ts:6370:31)\n    at <anonymous> (/home/swadhin/r/server/src/index.js:451:15)\n    at processTicksAndRejections (native:7:39)","timestamp":"2025-04-11 20:57:00.609"}
{"level":"info","message":"JWT helper initialized","service":"research-mgmt-api","timestamp":"2025-04-11 20:57:57.200"}
{"adminRoutes":true,"authRoutes":true,"level":"info","message":"Route modules loaded:","service":"research-mgmt-api","studentRoutes":true,"supervisorRoutes":true,"timestamp":"2025-04-11 20:57:57.234"}
{"level":"info","message":"Attempting to connect to MongoDB database","service":"research-mgmt-api","timestamp":"2025-04-11 20:57:57.246"}
{"level":"info","message":"Attempting to connect to MongoDB...","service":"research-mgmt-api","timestamp":"2025-04-11 20:57:57.246"}
{"level":"info","message":"MongoDB Connected: ac-xdpuchx-shard-00-01.tvoe17p.mongodb.net","service":"research-mgmt-api","timestamp":"2025-04-11 20:57:57.916"}
{"level":"info","message":"✅ MongoDB connection established successfully","service":"research-mgmt-api","timestamp":"2025-04-11 20:57:57.916"}
{"level":"error","message":"Server startup error: callback is not a function. (In 'callback(app.server)', 'callback' is \"0.0.0.0\")","service":"research-mgmt-api","stack":"TypeError: callback is not a function. (In 'callback(app.server)', 'callback' is \"0.0.0.0\")\n    at <anonymous> (/home/swadhin/r/server/node_modules/elysia/src/adapter/bun/index.ts:104:18)\n    at listen (/home/swadhin/r/server/node_modules/elysia/src/index.ts:6370:31)\n    at <anonymous> (/home/swadhin/r/server/src/index.js:451:15)\n    at processTicksAndRejections (native:7:39)","timestamp":"2025-04-11 20:57:57.921"}
{"level":"info","message":"⚠️ Port 300010 is not available. Trying port 3000101...","service":"research-mgmt-api","timestamp":"2025-04-11 20:57:57.921"}
{"level":"info","message":"Attempting to connect to MongoDB database","service":"research-mgmt-api","timestamp":"2025-04-11 20:57:57.921"}
{"level":"info","message":"Attempting to connect to MongoDB...","service":"research-mgmt-api","timestamp":"2025-04-11 20:57:57.921"}
{"level":"info","message":"Closing existing MongoDB connection before reconnecting","service":"research-mgmt-api","timestamp":"2025-04-11 20:57:57.921"}
{"level":"warn","message":"MongoDB disconnected","service":"research-mgmt-api","timestamp":"2025-04-11 20:57:57.981"}
{"level":"info","message":"MongoDB Connected: ac-xdpuchx-shard-00-01.tvoe17p.mongodb.net","service":"research-mgmt-api","timestamp":"2025-04-11 20:57:58.567"}
{"level":"info","message":"✅ MongoDB connection established successfully","service":"research-mgmt-api","timestamp":"2025-04-11 20:57:58.567"}
{"level":"error","message":"Server startup error: callback is not a function. (In 'callback(app.server)', 'callback' is \"0.0.0.0\")","service":"research-mgmt-api","stack":"TypeError: callback is not a function. (In 'callback(app.server)', 'callback' is \"0.0.0.0\")\n    at <anonymous> (/home/swadhin/r/server/node_modules/elysia/src/adapter/bun/index.ts:104:18)\n    at listen (/home/swadhin/r/server/node_modules/elysia/src/index.ts:6370:31)\n    at <anonymous> (/home/swadhin/r/server/src/index.js:451:15)\n    at processTicksAndRejections (native:7:39)","timestamp":"2025-04-11 20:57:58.570"}
{"level":"info","message":"⚠️ Port 300011 is not available. Trying port 3000111...","service":"research-mgmt-api","timestamp":"2025-04-11 20:57:58.570"}
{"level":"info","message":"Attempting to connect to MongoDB database","service":"research-mgmt-api","timestamp":"2025-04-11 20:57:58.570"}
{"level":"info","message":"Attempting to connect to MongoDB...","service":"research-mgmt-api","timestamp":"2025-04-11 20:57:58.570"}
{"level":"info","message":"Closing existing MongoDB connection before reconnecting","service":"research-mgmt-api","timestamp":"2025-04-11 20:57:58.570"}
{"level":"warn","message":"MongoDB disconnected","service":"research-mgmt-api","timestamp":"2025-04-11 20:57:58.639"}
{"level":"warn","message":"MongoDB disconnected","service":"research-mgmt-api","timestamp":"2025-04-11 20:57:58.639"}
{"level":"info","message":"MongoDB Connected: ac-xdpuchx-shard-00-01.tvoe17p.mongodb.net","service":"research-mgmt-api","timestamp":"2025-04-11 20:57:59.237"}
{"level":"info","message":"✅ MongoDB connection established successfully","service":"research-mgmt-api","timestamp":"2025-04-11 20:57:59.237"}
{"level":"error","message":"Server startup error: callback is not a function. (In 'callback(app.server)', 'callback' is \"0.0.0.0\")","service":"research-mgmt-api","stack":"TypeError: callback is not a function. (In 'callback(app.server)', 'callback' is \"0.0.0.0\")\n    at <anonymous> (/home/swadhin/r/server/node_modules/elysia/src/adapter/bun/index.ts:104:18)\n    at listen (/home/swadhin/r/server/node_modules/elysia/src/index.ts:6370:31)\n    at <anonymous> (/home/swadhin/r/server/src/index.js:451:15)\n    at processTicksAndRejections (native:7:39)","timestamp":"2025-04-11 20:57:59.240"}
{"level":"info","message":"⚠️ Port 300012 is not available. Trying port 3000121...","service":"research-mgmt-api","timestamp":"2025-04-11 20:57:59.241"}
{"level":"info","message":"Attempting to connect to MongoDB database","service":"research-mgmt-api","timestamp":"2025-04-11 20:57:59.241"}
{"level":"info","message":"Attempting to connect to MongoDB...","service":"research-mgmt-api","timestamp":"2025-04-11 20:57:59.241"}
{"level":"info","message":"Closing existing MongoDB connection before reconnecting","service":"research-mgmt-api","timestamp":"2025-04-11 20:57:59.241"}
{"level":"warn","message":"MongoDB disconnected","service":"research-mgmt-api","timestamp":"2025-04-11 20:57:59.245"}
{"level":"warn","message":"MongoDB disconnected","service":"research-mgmt-api","timestamp":"2025-04-11 20:57:59.245"}
{"level":"warn","message":"MongoDB disconnected","service":"research-mgmt-api","timestamp":"2025-04-11 20:57:59.245"}
{"level":"info","message":"MongoDB Connected: ac-xdpuchx-shard-00-01.tvoe17p.mongodb.net","service":"research-mgmt-api","timestamp":"2025-04-11 20:57:59.837"}
{"level":"info","message":"✅ MongoDB connection established successfully","service":"research-mgmt-api","timestamp":"2025-04-11 20:57:59.837"}
{"level":"error","message":"Server startup error: callback is not a function. (In 'callback(app.server)', 'callback' is \"0.0.0.0\")","service":"research-mgmt-api","stack":"TypeError: callback is not a function. (In 'callback(app.server)', 'callback' is \"0.0.0.0\")\n    at <anonymous> (/home/swadhin/r/server/node_modules/elysia/src/adapter/bun/index.ts:104:18)\n    at listen (/home/swadhin/r/server/node_modules/elysia/src/index.ts:6370:31)\n    at <anonymous> (/home/swadhin/r/server/src/index.js:451:15)\n    at processTicksAndRejections (native:7:39)","timestamp":"2025-04-11 20:57:59.840"}
{"level":"info","message":"⚠️ Port 300013 is not available. Trying port 3000131...","service":"research-mgmt-api","timestamp":"2025-04-11 20:57:59.840"}
{"level":"info","message":"Attempting to connect to MongoDB database","service":"research-mgmt-api","timestamp":"2025-04-11 20:57:59.840"}
{"level":"info","message":"Attempting to connect to MongoDB...","service":"research-mgmt-api","timestamp":"2025-04-11 20:57:59.841"}
{"level":"info","message":"Closing existing MongoDB connection before reconnecting","service":"research-mgmt-api","timestamp":"2025-04-11 20:57:59.841"}
{"level":"warn","message":"MongoDB disconnected","service":"research-mgmt-api","timestamp":"2025-04-11 20:57:59.931"}
{"level":"warn","message":"MongoDB disconnected","service":"research-mgmt-api","timestamp":"2025-04-11 20:57:59.931"}
{"level":"warn","message":"MongoDB disconnected","service":"research-mgmt-api","timestamp":"2025-04-11 20:57:59.931"}
{"level":"warn","message":"MongoDB disconnected","service":"research-mgmt-api","timestamp":"2025-04-11 20:57:59.931"}
{"level":"info","message":"MongoDB Connected: ac-xdpuchx-shard-00-01.tvoe17p.mongodb.net","service":"research-mgmt-api","timestamp":"2025-04-11 20:58:00.537"}
{"level":"info","message":"✅ MongoDB connection established successfully","service":"research-mgmt-api","timestamp":"2025-04-11 20:58:00.537"}
{"level":"error","message":"Server startup error: callback is not a function. (In 'callback(app.server)', 'callback' is \"0.0.0.0\")","service":"research-mgmt-api","stack":"TypeError: callback is not a function. (In 'callback(app.server)', 'callback' is \"0.0.0.0\")\n    at <anonymous> (/home/swadhin/r/server/node_modules/elysia/src/adapter/bun/index.ts:104:18)\n    at listen (/home/swadhin/r/server/node_modules/elysia/src/index.ts:6370:31)\n    at <anonymous> (/home/swadhin/r/server/src/index.js:451:15)\n    at processTicksAndRejections (native:7:39)","timestamp":"2025-04-11 20:58:00.540"}
{"level":"info","message":"⚠️ Port 300014 is not available. Trying port 3000141...","service":"research-mgmt-api","timestamp":"2025-04-11 20:58:00.540"}
{"level":"info","message":"Attempting to connect to MongoDB database","service":"research-mgmt-api","timestamp":"2025-04-11 20:58:00.540"}
{"level":"info","message":"Attempting to connect to MongoDB...","service":"research-mgmt-api","timestamp":"2025-04-11 20:58:00.540"}
{"level":"info","message":"Closing existing MongoDB connection before reconnecting","service":"research-mgmt-api","timestamp":"2025-04-11 20:58:00.540"}
{"level":"warn","message":"MongoDB disconnected","service":"research-mgmt-api","timestamp":"2025-04-11 20:58:00.550"}
{"level":"warn","message":"MongoDB disconnected","service":"research-mgmt-api","timestamp":"2025-04-11 20:58:00.550"}
{"level":"warn","message":"MongoDB disconnected","service":"research-mgmt-api","timestamp":"2025-04-11 20:58:00.550"}
{"level":"warn","message":"MongoDB disconnected","service":"research-mgmt-api","timestamp":"2025-04-11 20:58:00.550"}
{"level":"warn","message":"MongoDB disconnected","service":"research-mgmt-api","timestamp":"2025-04-11 20:58:00.550"}
{"level":"info","message":"MongoDB Connected: ac-xdpuchx-shard-00-01.tvoe17p.mongodb.net","service":"research-mgmt-api","timestamp":"2025-04-11 20:58:01.125"}
{"level":"info","message":"✅ MongoDB connection established successfully","service":"research-mgmt-api","timestamp":"2025-04-11 20:58:01.125"}
{"level":"error","message":"Server startup error: callback is not a function. (In 'callback(app.server)', 'callback' is \"0.0.0.0\")","service":"research-mgmt-api","stack":"TypeError: callback is not a function. (In 'callback(app.server)', 'callback' is \"0.0.0.0\")\n    at <anonymous> (/home/swadhin/r/server/node_modules/elysia/src/adapter/bun/index.ts:104:18)\n    at listen (/home/swadhin/r/server/node_modules/elysia/src/index.ts:6370:31)\n    at <anonymous> (/home/swadhin/r/server/src/index.js:451:15)\n    at processTicksAndRejections (native:7:39)","timestamp":"2025-04-11 20:58:01.129"}
{"level":"info","message":"⚠️ Port 300015 is not available. Trying port 3000151...","service":"research-mgmt-api","timestamp":"2025-04-11 20:58:01.129"}
{"level":"info","message":"Attempting to connect to MongoDB database","service":"research-mgmt-api","timestamp":"2025-04-11 20:58:01.129"}
{"level":"info","message":"Attempting to connect to MongoDB...","service":"research-mgmt-api","timestamp":"2025-04-11 20:58:01.129"}
{"level":"info","message":"Closing existing MongoDB connection before reconnecting","service":"research-mgmt-api","timestamp":"2025-04-11 20:58:01.129"}
{"level":"warn","message":"MongoDB disconnected","service":"research-mgmt-api","timestamp":"2025-04-11 20:58:01.179"}
{"level":"warn","message":"MongoDB disconnected","service":"research-mgmt-api","timestamp":"2025-04-11 20:58:01.179"}
{"level":"warn","message":"MongoDB disconnected","service":"research-mgmt-api","timestamp":"2025-04-11 20:58:01.179"}
{"level":"warn","message":"MongoDB disconnected","service":"research-mgmt-api","timestamp":"2025-04-11 20:58:01.179"}
{"level":"warn","message":"MongoDB disconnected","service":"research-mgmt-api","timestamp":"2025-04-11 20:58:01.179"}
{"level":"warn","message":"MongoDB disconnected","service":"research-mgmt-api","timestamp":"2025-04-11 20:58:01.179"}
{"level":"info","message":"MongoDB Connected: ac-xdpuchx-shard-00-01.tvoe17p.mongodb.net","service":"research-mgmt-api","timestamp":"2025-04-11 20:58:01.739"}
{"level":"info","message":"✅ MongoDB connection established successfully","service":"research-mgmt-api","timestamp":"2025-04-11 20:58:01.739"}
{"level":"error","message":"Server startup error: callback is not a function. (In 'callback(app.server)', 'callback' is \"0.0.0.0\")","service":"research-mgmt-api","stack":"TypeError: callback is not a function. (In 'callback(app.server)', 'callback' is \"0.0.0.0\")\n    at <anonymous> (/home/swadhin/r/server/node_modules/elysia/src/adapter/bun/index.ts:104:18)\n    at listen (/home/swadhin/r/server/node_modules/elysia/src/index.ts:6370:31)\n    at <anonymous> (/home/swadhin/r/server/src/index.js:451:15)\n    at processTicksAndRejections (native:7:39)","timestamp":"2025-04-11 20:58:01.742"}
{"level":"info","message":"⚠️ Port 300016 is not available. Trying port 3000161...","service":"research-mgmt-api","timestamp":"2025-04-11 20:58:01.742"}
{"level":"info","message":"Attempting to connect to MongoDB database","service":"research-mgmt-api","timestamp":"2025-04-11 20:58:01.742"}
{"level":"info","message":"Attempting to connect to MongoDB...","service":"research-mgmt-api","timestamp":"2025-04-11 20:58:01.742"}
{"level":"info","message":"Closing existing MongoDB connection before reconnecting","service":"research-mgmt-api","timestamp":"2025-04-11 20:58:01.742"}
{"level":"warn","message":"MongoDB disconnected","service":"research-mgmt-api","timestamp":"2025-04-11 20:58:01.793"}
{"level":"warn","message":"MongoDB disconnected","service":"research-mgmt-api","timestamp":"2025-04-11 20:58:01.793"}
{"level":"warn","message":"MongoDB disconnected","service":"research-mgmt-api","timestamp":"2025-04-11 20:58:01.793"}
{"level":"warn","message":"MongoDB disconnected","service":"research-mgmt-api","timestamp":"2025-04-11 20:58:01.794"}
{"level":"warn","message":"MongoDB disconnected","service":"research-mgmt-api","timestamp":"2025-04-11 20:58:01.794"}
{"level":"warn","message":"MongoDB disconnected","service":"research-mgmt-api","timestamp":"2025-04-11 20:58:01.794"}
{"level":"warn","message":"MongoDB disconnected","service":"research-mgmt-api","timestamp":"2025-04-11 20:58:01.794"}
{"level":"info","message":"MongoDB Connected: ac-xdpuchx-shard-00-01.tvoe17p.mongodb.net","service":"research-mgmt-api","timestamp":"2025-04-11 20:58:02.364"}
{"level":"info","message":"✅ MongoDB connection established successfully","service":"research-mgmt-api","timestamp":"2025-04-11 20:58:02.364"}
{"level":"error","message":"Server startup error: callback is not a function. (In 'callback(app.server)', 'callback' is \"0.0.0.0\")","service":"research-mgmt-api","stack":"TypeError: callback is not a function. (In 'callback(app.server)', 'callback' is \"0.0.0.0\")\n    at <anonymous> (/home/swadhin/r/server/node_modules/elysia/src/adapter/bun/index.ts:104:18)\n    at listen (/home/swadhin/r/server/node_modules/elysia/src/index.ts:6370:31)\n    at <anonymous> (/home/swadhin/r/server/src/index.js:451:15)\n    at processTicksAndRejections (native:7:39)","timestamp":"2025-04-11 20:58:02.366"}
{"level":"info","message":"⚠️ Port 300017 is not available. Trying port 3000171...","service":"research-mgmt-api","timestamp":"2025-04-11 20:58:02.366"}
{"level":"info","message":"Attempting to connect to MongoDB database","service":"research-mgmt-api","timestamp":"2025-04-11 20:58:02.367"}
{"level":"info","message":"Attempting to connect to MongoDB...","service":"research-mgmt-api","timestamp":"2025-04-11 20:58:02.367"}
{"level":"info","message":"Closing existing MongoDB connection before reconnecting","service":"research-mgmt-api","timestamp":"2025-04-11 20:58:02.367"}
{"level":"warn","message":"MongoDB disconnected","service":"research-mgmt-api","timestamp":"2025-04-11 20:58:02.455"}
{"level":"warn","message":"MongoDB disconnected","service":"research-mgmt-api","timestamp":"2025-04-11 20:58:02.455"}
{"level":"warn","message":"MongoDB disconnected","service":"research-mgmt-api","timestamp":"2025-04-11 20:58:02.455"}
{"level":"warn","message":"MongoDB disconnected","service":"research-mgmt-api","timestamp":"2025-04-11 20:58:02.456"}
{"level":"warn","message":"MongoDB disconnected","service":"research-mgmt-api","timestamp":"2025-04-11 20:58:02.456"}
{"level":"warn","message":"MongoDB disconnected","service":"research-mgmt-api","timestamp":"2025-04-11 20:58:02.456"}
{"level":"warn","message":"MongoDB disconnected","service":"research-mgmt-api","timestamp":"2025-04-11 20:58:02.456"}
{"level":"warn","message":"MongoDB disconnected","service":"research-mgmt-api","timestamp":"2025-04-11 20:58:02.456"}
{"level":"info","message":"MongoDB Connected: ac-xdpuchx-shard-00-01.tvoe17p.mongodb.net","service":"research-mgmt-api","timestamp":"2025-04-11 20:58:03.028"}
{"level":"info","message":"✅ MongoDB connection established successfully","service":"research-mgmt-api","timestamp":"2025-04-11 20:58:03.028"}
{"level":"error","message":"Server startup error: callback is not a function. (In 'callback(app.server)', 'callback' is \"0.0.0.0\")","service":"research-mgmt-api","stack":"TypeError: callback is not a function. (In 'callback(app.server)', 'callback' is \"0.0.0.0\")\n    at <anonymous> (/home/swadhin/r/server/node_modules/elysia/src/adapter/bun/index.ts:104:18)\n    at listen (/home/swadhin/r/server/node_modules/elysia/src/index.ts:6370:31)\n    at <anonymous> (/home/swadhin/r/server/src/index.js:451:15)\n    at processTicksAndRejections (native:7:39)","timestamp":"2025-04-11 20:58:03.031"}
{"level":"info","message":"⚠️ Port 300018 is not available. Trying port 3000181...","service":"research-mgmt-api","timestamp":"2025-04-11 20:58:03.031"}
{"level":"info","message":"Attempting to connect to MongoDB database","service":"research-mgmt-api","timestamp":"2025-04-11 20:58:03.031"}
{"level":"info","message":"Attempting to connect to MongoDB...","service":"research-mgmt-api","timestamp":"2025-04-11 20:58:03.031"}
{"level":"info","message":"Closing existing MongoDB connection before reconnecting","service":"research-mgmt-api","timestamp":"2025-04-11 20:58:03.031"}
{"level":"warn","message":"MongoDB disconnected","service":"research-mgmt-api","timestamp":"2025-04-11 20:58:03.121"}
{"level":"warn","message":"MongoDB disconnected","service":"research-mgmt-api","timestamp":"2025-04-11 20:58:03.121"}
{"level":"warn","message":"MongoDB disconnected","service":"research-mgmt-api","timestamp":"2025-04-11 20:58:03.121"}
{"level":"warn","message":"MongoDB disconnected","service":"research-mgmt-api","timestamp":"2025-04-11 20:58:03.121"}
{"level":"warn","message":"MongoDB disconnected","service":"research-mgmt-api","timestamp":"2025-04-11 20:58:03.121"}
{"level":"warn","message":"MongoDB disconnected","service":"research-mgmt-api","timestamp":"2025-04-11 20:58:03.121"}
{"level":"warn","message":"MongoDB disconnected","service":"research-mgmt-api","timestamp":"2025-04-11 20:58:03.121"}
{"level":"warn","message":"MongoDB disconnected","service":"research-mgmt-api","timestamp":"2025-04-11 20:58:03.121"}
{"level":"warn","message":"MongoDB disconnected","service":"research-mgmt-api","timestamp":"2025-04-11 20:58:03.121"}
{"level":"info","message":"MongoDB Connected: ac-xdpuchx-shard-00-01.tvoe17p.mongodb.net","service":"research-mgmt-api","timestamp":"2025-04-11 20:58:03.677"}
{"level":"info","message":"✅ MongoDB connection established successfully","service":"research-mgmt-api","timestamp":"2025-04-11 20:58:03.678"}
{"level":"error","message":"Server startup error: callback is not a function. (In 'callback(app.server)', 'callback' is \"0.0.0.0\")","service":"research-mgmt-api","stack":"TypeError: callback is not a function. (In 'callback(app.server)', 'callback' is \"0.0.0.0\")\n    at <anonymous> (/home/swadhin/r/server/node_modules/elysia/src/adapter/bun/index.ts:104:18)\n    at listen (/home/swadhin/r/server/node_modules/elysia/src/index.ts:6370:31)\n    at <anonymous> (/home/swadhin/r/server/src/index.js:451:15)\n    at processTicksAndRejections (native:7:39)","timestamp":"2025-04-11 20:58:03.681"}
{"level":"info","message":"⚠️ Port 300019 is not available. Trying port 3000191...","service":"research-mgmt-api","timestamp":"2025-04-11 20:58:03.681"}
{"level":"info","message":"Attempting to connect to MongoDB database","service":"research-mgmt-api","timestamp":"2025-04-11 20:58:03.681"}
{"level":"info","message":"Attempting to connect to MongoDB...","service":"research-mgmt-api","timestamp":"2025-04-11 20:58:03.681"}
{"level":"info","message":"Closing existing MongoDB connection before reconnecting","service":"research-mgmt-api","timestamp":"2025-04-11 20:58:03.681"}
{"level":"warn","message":"MongoDB disconnected","service":"research-mgmt-api","timestamp":"2025-04-11 20:58:03.755"}
{"level":"warn","message":"MongoDB disconnected","service":"research-mgmt-api","timestamp":"2025-04-11 20:58:03.755"}
{"level":"warn","message":"MongoDB disconnected","service":"research-mgmt-api","timestamp":"2025-04-11 20:58:03.755"}
{"level":"warn","message":"MongoDB disconnected","service":"research-mgmt-api","timestamp":"2025-04-11 20:58:03.755"}
{"level":"warn","message":"MongoDB disconnected","service":"research-mgmt-api","timestamp":"2025-04-11 20:58:03.755"}
{"level":"warn","message":"MongoDB disconnected","service":"research-mgmt-api","timestamp":"2025-04-11 20:58:03.755"}
{"level":"warn","message":"MongoDB disconnected","service":"research-mgmt-api","timestamp":"2025-04-11 20:58:03.755"}
{"level":"warn","message":"MongoDB disconnected","service":"research-mgmt-api","timestamp":"2025-04-11 20:58:03.756"}
{"level":"warn","message":"MongoDB disconnected","service":"research-mgmt-api","timestamp":"2025-04-11 20:58:03.756"}
{"level":"warn","message":"MongoDB disconnected","service":"research-mgmt-api","timestamp":"2025-04-11 20:58:03.756"}
{"level":"info","message":"MongoDB Connected: ac-xdpuchx-shard-00-01.tvoe17p.mongodb.net","service":"research-mgmt-api","timestamp":"2025-04-11 20:58:04.320"}
{"level":"info","message":"JWT helper initialized","service":"research-mgmt-api","timestamp":"2025-04-11 20:58:11.407"}
{"adminRoutes":true,"authRoutes":true,"level":"info","message":"Route modules loaded:","service":"research-mgmt-api","studentRoutes":true,"supervisorRoutes":true,"timestamp":"2025-04-11 20:58:11.442"}
{"level":"info","message":"Attempting to connect to MongoDB database","service":"research-mgmt-api","timestamp":"2025-04-11 20:58:11.455"}
{"level":"info","message":"Attempting to connect to MongoDB...","service":"research-mgmt-api","timestamp":"2025-04-11 20:58:11.456"}
{"level":"info","message":"MongoDB Connected: ac-xdpuchx-shard-00-02.tvoe17p.mongodb.net","service":"research-mgmt-api","timestamp":"2025-04-11 20:58:12.686"}
{"level":"info","message":"✅ MongoDB connection established successfully","service":"research-mgmt-api","timestamp":"2025-04-11 20:58:12.687"}
{"level":"error","message":"Server startup error: callback is not a function. (In 'callback(app.server)', 'callback' is \"0.0.0.0\")","service":"research-mgmt-api","stack":"TypeError: callback is not a function. (In 'callback(app.server)', 'callback' is \"0.0.0.0\")\n    at <anonymous> (/home/swadhin/r/server/node_modules/elysia/src/adapter/bun/index.ts:104:18)\n    at listen (/home/swadhin/r/server/node_modules/elysia/src/index.ts:6370:31)\n    at <anonymous> (/home/swadhin/r/server/src/index.js:451:15)\n    at processTicksAndRejections (native:7:39)","timestamp":"2025-04-11 20:58:12.691"}
{"level":"info","message":"⚠️ Port 300000 is not available. Trying port 3000001...","service":"research-mgmt-api","timestamp":"2025-04-11 20:58:12.691"}
{"level":"info","message":"Attempting to connect to MongoDB database","service":"research-mgmt-api","timestamp":"2025-04-11 20:58:12.691"}
{"level":"info","message":"Attempting to connect to MongoDB...","service":"research-mgmt-api","timestamp":"2025-04-11 20:58:12.691"}
{"level":"info","message":"Closing existing MongoDB connection before reconnecting","service":"research-mgmt-api","timestamp":"2025-04-11 20:58:12.691"}
{"level":"warn","message":"MongoDB disconnected","service":"research-mgmt-api","timestamp":"2025-04-11 20:58:12.701"}
{"level":"info","message":"MongoDB Connected: ac-xdpuchx-shard-00-02.tvoe17p.mongodb.net","service":"research-mgmt-api","timestamp":"2025-04-11 20:58:13.457"}
{"level":"info","message":"✅ MongoDB connection established successfully","service":"research-mgmt-api","timestamp":"2025-04-11 20:58:13.457"}
{"level":"error","message":"Server startup error: callback is not a function. (In 'callback(app.server)', 'callback' is \"0.0.0.0\")","service":"research-mgmt-api","stack":"TypeError: callback is not a function. (In 'callback(app.server)', 'callback' is \"0.0.0.0\")\n    at <anonymous> (/home/swadhin/r/server/node_modules/elysia/src/adapter/bun/index.ts:104:18)\n    at listen (/home/swadhin/r/server/node_modules/elysia/src/index.ts:6370:31)\n    at <anonymous> (/home/swadhin/r/server/src/index.js:451:15)\n    at processTicksAndRejections (native:7:39)","timestamp":"2025-04-11 20:58:13.460"}
{"level":"info","message":"⚠️ Port 300001 is not available. Trying port 3000011...","service":"research-mgmt-api","timestamp":"2025-04-11 20:58:13.460"}
{"level":"info","message":"Attempting to connect to MongoDB database","service":"research-mgmt-api","timestamp":"2025-04-11 20:58:13.460"}
{"level":"info","message":"Attempting to connect to MongoDB...","service":"research-mgmt-api","timestamp":"2025-04-11 20:58:13.460"}
{"level":"info","message":"Closing existing MongoDB connection before reconnecting","service":"research-mgmt-api","timestamp":"2025-04-11 20:58:13.460"}
{"level":"warn","message":"MongoDB disconnected","service":"research-mgmt-api","timestamp":"2025-04-11 20:58:13.539"}
{"level":"warn","message":"MongoDB disconnected","service":"research-mgmt-api","timestamp":"2025-04-11 20:58:13.539"}
{"level":"info","message":"MongoDB Connected: ac-xdpuchx-shard-00-02.tvoe17p.mongodb.net","service":"research-mgmt-api","timestamp":"2025-04-11 20:58:14.301"}
{"level":"info","message":"✅ MongoDB connection established successfully","service":"research-mgmt-api","timestamp":"2025-04-11 20:58:14.301"}
{"level":"error","message":"Server startup error: callback is not a function. (In 'callback(app.server)', 'callback' is \"0.0.0.0\")","service":"research-mgmt-api","stack":"TypeError: callback is not a function. (In 'callback(app.server)', 'callback' is \"0.0.0.0\")\n    at <anonymous> (/home/swadhin/r/server/node_modules/elysia/src/adapter/bun/index.ts:104:18)\n    at listen (/home/swadhin/r/server/node_modules/elysia/src/index.ts:6370:31)\n    at <anonymous> (/home/swadhin/r/server/src/index.js:451:15)\n    at processTicksAndRejections (native:7:39)","timestamp":"2025-04-11 20:58:14.304"}
{"level":"info","message":"⚠️ Port 300002 is not available. Trying port 3000021...","service":"research-mgmt-api","timestamp":"2025-04-11 20:58:14.304"}
{"level":"info","message":"Attempting to connect to MongoDB database","service":"research-mgmt-api","timestamp":"2025-04-11 20:58:14.305"}
{"level":"info","message":"Attempting to connect to MongoDB...","service":"research-mgmt-api","timestamp":"2025-04-11 20:58:14.305"}
{"level":"info","message":"Closing existing MongoDB connection before reconnecting","service":"research-mgmt-api","timestamp":"2025-04-11 20:58:14.305"}
{"level":"warn","message":"MongoDB disconnected","service":"research-mgmt-api","timestamp":"2025-04-11 20:58:14.388"}
{"level":"warn","message":"MongoDB disconnected","service":"research-mgmt-api","timestamp":"2025-04-11 20:58:14.389"}
{"level":"warn","message":"MongoDB disconnected","service":"research-mgmt-api","timestamp":"2025-04-11 20:58:14.389"}
{"level":"info","message":"MongoDB Connected: ac-xdpuchx-shard-00-02.tvoe17p.mongodb.net","service":"research-mgmt-api","timestamp":"2025-04-11 20:58:15.035"}
{"level":"info","message":"✅ MongoDB connection established successfully","service":"research-mgmt-api","timestamp":"2025-04-11 20:58:15.035"}
{"level":"error","message":"Server startup error: callback is not a function. (In 'callback(app.server)', 'callback' is \"0.0.0.0\")","service":"research-mgmt-api","stack":"TypeError: callback is not a function. (In 'callback(app.server)', 'callback' is \"0.0.0.0\")\n    at <anonymous> (/home/swadhin/r/server/node_modules/elysia/src/adapter/bun/index.ts:104:18)\n    at listen (/home/swadhin/r/server/node_modules/elysia/src/index.ts:6370:31)\n    at <anonymous> (/home/swadhin/r/server/src/index.js:451:15)\n    at processTicksAndRejections (native:7:39)","timestamp":"2025-04-11 20:58:15.038"}
{"level":"info","message":"⚠️ Port 300003 is not available. Trying port 3000031...","service":"research-mgmt-api","timestamp":"2025-04-11 20:58:15.039"}
{"level":"info","message":"Attempting to connect to MongoDB database","service":"research-mgmt-api","timestamp":"2025-04-11 20:58:15.039"}
{"level":"info","message":"Attempting to connect to MongoDB...","service":"research-mgmt-api","timestamp":"2025-04-11 20:58:15.039"}
{"level":"info","message":"Closing existing MongoDB connection before reconnecting","service":"research-mgmt-api","timestamp":"2025-04-11 20:58:15.039"}
{"level":"warn","message":"MongoDB disconnected","service":"research-mgmt-api","timestamp":"2025-04-11 20:58:15.049"}
{"level":"warn","message":"MongoDB disconnected","service":"research-mgmt-api","timestamp":"2025-04-11 20:58:15.049"}
{"level":"warn","message":"MongoDB disconnected","service":"research-mgmt-api","timestamp":"2025-04-11 20:58:15.049"}
{"level":"warn","message":"MongoDB disconnected","service":"research-mgmt-api","timestamp":"2025-04-11 20:58:15.049"}
{"level":"info","message":"MongoDB Connected: ac-xdpuchx-shard-00-02.tvoe17p.mongodb.net","service":"research-mgmt-api","timestamp":"2025-04-11 20:58:15.909"}
{"level":"info","message":"✅ MongoDB connection established successfully","service":"research-mgmt-api","timestamp":"2025-04-11 20:58:15.909"}
{"level":"error","message":"Server startup error: callback is not a function. (In 'callback(app.server)', 'callback' is \"0.0.0.0\")","service":"research-mgmt-api","stack":"TypeError: callback is not a function. (In 'callback(app.server)', 'callback' is \"0.0.0.0\")\n    at <anonymous> (/home/swadhin/r/server/node_modules/elysia/src/adapter/bun/index.ts:104:18)\n    at listen (/home/swadhin/r/server/node_modules/elysia/src/index.ts:6370:31)\n    at <anonymous> (/home/swadhin/r/server/src/index.js:451:15)\n    at processTicksAndRejections (native:7:39)","timestamp":"2025-04-11 20:58:15.912"}
{"level":"info","message":"⚠️ Port 300004 is not available. Trying port 3000041...","service":"research-mgmt-api","timestamp":"2025-04-11 20:58:15.912"}
{"level":"info","message":"Attempting to connect to MongoDB database","service":"research-mgmt-api","timestamp":"2025-04-11 20:58:15.912"}
{"level":"info","message":"Attempting to connect to MongoDB...","service":"research-mgmt-api","timestamp":"2025-04-11 20:58:15.912"}
{"level":"info","message":"Closing existing MongoDB connection before reconnecting","service":"research-mgmt-api","timestamp":"2025-04-11 20:58:15.913"}
{"level":"warn","message":"MongoDB disconnected","service":"research-mgmt-api","timestamp":"2025-04-11 20:58:15.920"}
{"level":"warn","message":"MongoDB disconnected","service":"research-mgmt-api","timestamp":"2025-04-11 20:58:15.920"}
{"level":"warn","message":"MongoDB disconnected","service":"research-mgmt-api","timestamp":"2025-04-11 20:58:15.921"}
{"level":"warn","message":"MongoDB disconnected","service":"research-mgmt-api","timestamp":"2025-04-11 20:58:15.921"}
{"level":"warn","message":"MongoDB disconnected","service":"research-mgmt-api","timestamp":"2025-04-11 20:58:15.921"}
{"level":"info","message":"MongoDB Connected: ac-xdpuchx-shard-00-02.tvoe17p.mongodb.net","service":"research-mgmt-api","timestamp":"2025-04-11 20:58:16.813"}
{"level":"info","message":"✅ MongoDB connection established successfully","service":"research-mgmt-api","timestamp":"2025-04-11 20:58:16.813"}
{"level":"error","message":"Server startup error: callback is not a function. (In 'callback(app.server)', 'callback' is \"0.0.0.0\")","service":"research-mgmt-api","stack":"TypeError: callback is not a function. (In 'callback(app.server)', 'callback' is \"0.0.0.0\")\n    at <anonymous> (/home/swadhin/r/server/node_modules/elysia/src/adapter/bun/index.ts:104:18)\n    at listen (/home/swadhin/r/server/node_modules/elysia/src/index.ts:6370:31)\n    at <anonymous> (/home/swadhin/r/server/src/index.js:451:15)\n    at processTicksAndRejections (native:7:39)","timestamp":"2025-04-11 20:58:16.815"}
{"level":"info","message":"⚠️ Port 300005 is not available. Trying port 3000051...","service":"research-mgmt-api","timestamp":"2025-04-11 20:58:16.816"}
{"level":"info","message":"Attempting to connect to MongoDB database","service":"research-mgmt-api","timestamp":"2025-04-11 20:58:16.816"}
{"level":"info","message":"Attempting to connect to MongoDB...","service":"research-mgmt-api","timestamp":"2025-04-11 20:58:16.816"}
{"level":"info","message":"Closing existing MongoDB connection before reconnecting","service":"research-mgmt-api","timestamp":"2025-04-11 20:58:16.816"}
{"level":"warn","message":"MongoDB disconnected","service":"research-mgmt-api","timestamp":"2025-04-11 20:58:16.823"}
{"level":"warn","message":"MongoDB disconnected","service":"research-mgmt-api","timestamp":"2025-04-11 20:58:16.823"}
{"level":"warn","message":"MongoDB disconnected","service":"research-mgmt-api","timestamp":"2025-04-11 20:58:16.823"}
{"level":"warn","message":"MongoDB disconnected","service":"research-mgmt-api","timestamp":"2025-04-11 20:58:16.823"}
{"level":"warn","message":"MongoDB disconnected","service":"research-mgmt-api","timestamp":"2025-04-11 20:58:16.823"}
{"level":"warn","message":"MongoDB disconnected","service":"research-mgmt-api","timestamp":"2025-04-11 20:58:16.823"}
{"level":"info","message":"MongoDB Connected: ac-xdpuchx-shard-00-02.tvoe17p.mongodb.net","service":"research-mgmt-api","timestamp":"2025-04-11 20:58:17.395"}
{"level":"info","message":"✅ MongoDB connection established successfully","service":"research-mgmt-api","timestamp":"2025-04-11 20:58:17.395"}
{"level":"error","message":"Server startup error: callback is not a function. (In 'callback(app.server)', 'callback' is \"0.0.0.0\")","service":"research-mgmt-api","stack":"TypeError: callback is not a function. (In 'callback(app.server)', 'callback' is \"0.0.0.0\")\n    at <anonymous> (/home/swadhin/r/server/node_modules/elysia/src/adapter/bun/index.ts:104:18)\n    at listen (/home/swadhin/r/server/node_modules/elysia/src/index.ts:6370:31)\n    at <anonymous> (/home/swadhin/r/server/src/index.js:451:15)\n    at processTicksAndRejections (native:7:39)","timestamp":"2025-04-11 20:58:17.399"}
{"level":"info","message":"⚠️ Port 300006 is not available. Trying port 3000061...","service":"research-mgmt-api","timestamp":"2025-04-11 20:58:17.399"}
{"level":"info","message":"Attempting to connect to MongoDB database","service":"research-mgmt-api","timestamp":"2025-04-11 20:58:17.399"}
{"level":"info","message":"Attempting to connect to MongoDB...","service":"research-mgmt-api","timestamp":"2025-04-11 20:58:17.399"}
{"level":"info","message":"Closing existing MongoDB connection before reconnecting","service":"research-mgmt-api","timestamp":"2025-04-11 20:58:17.399"}
{"level":"warn","message":"MongoDB disconnected","service":"research-mgmt-api","timestamp":"2025-04-11 20:58:17.480"}
{"level":"warn","message":"MongoDB disconnected","service":"research-mgmt-api","timestamp":"2025-04-11 20:58:17.480"}
{"level":"warn","message":"MongoDB disconnected","service":"research-mgmt-api","timestamp":"2025-04-11 20:58:17.480"}
{"level":"warn","message":"MongoDB disconnected","service":"research-mgmt-api","timestamp":"2025-04-11 20:58:17.480"}
{"level":"warn","message":"MongoDB disconnected","service":"research-mgmt-api","timestamp":"2025-04-11 20:58:17.480"}
{"level":"warn","message":"MongoDB disconnected","service":"research-mgmt-api","timestamp":"2025-04-11 20:58:17.480"}
{"level":"warn","message":"MongoDB disconnected","service":"research-mgmt-api","timestamp":"2025-04-11 20:58:17.480"}
{"level":"info","message":"MongoDB Connected: ac-xdpuchx-shard-00-02.tvoe17p.mongodb.net","service":"research-mgmt-api","timestamp":"2025-04-11 20:58:18.074"}
{"level":"info","message":"✅ MongoDB connection established successfully","service":"research-mgmt-api","timestamp":"2025-04-11 20:58:18.074"}
{"level":"error","message":"Server startup error: callback is not a function. (In 'callback(app.server)', 'callback' is \"0.0.0.0\")","service":"research-mgmt-api","stack":"TypeError: callback is not a function. (In 'callback(app.server)', 'callback' is \"0.0.0.0\")\n    at <anonymous> (/home/swadhin/r/server/node_modules/elysia/src/adapter/bun/index.ts:104:18)\n    at listen (/home/swadhin/r/server/node_modules/elysia/src/index.ts:6370:31)\n    at <anonymous> (/home/swadhin/r/server/src/index.js:451:15)\n    at processTicksAndRejections (native:7:39)","timestamp":"2025-04-11 20:58:18.076"}
{"level":"info","message":"⚠️ Port 300007 is not available. Trying port 3000071...","service":"research-mgmt-api","timestamp":"2025-04-11 20:58:18.076"}
{"level":"info","message":"Attempting to connect to MongoDB database","service":"research-mgmt-api","timestamp":"2025-04-11 20:58:18.076"}
{"level":"info","message":"Attempting to connect to MongoDB...","service":"research-mgmt-api","timestamp":"2025-04-11 20:58:18.076"}
{"level":"info","message":"Closing existing MongoDB connection before reconnecting","service":"research-mgmt-api","timestamp":"2025-04-11 20:58:18.076"}
{"level":"warn","message":"MongoDB disconnected","service":"research-mgmt-api","timestamp":"2025-04-11 20:58:18.184"}
{"level":"warn","message":"MongoDB disconnected","service":"research-mgmt-api","timestamp":"2025-04-11 20:58:18.184"}
{"level":"warn","message":"MongoDB disconnected","service":"research-mgmt-api","timestamp":"2025-04-11 20:58:18.184"}
{"level":"warn","message":"MongoDB disconnected","service":"research-mgmt-api","timestamp":"2025-04-11 20:58:18.184"}
{"level":"warn","message":"MongoDB disconnected","service":"research-mgmt-api","timestamp":"2025-04-11 20:58:18.184"}
{"level":"warn","message":"MongoDB disconnected","service":"research-mgmt-api","timestamp":"2025-04-11 20:58:18.184"}
{"level":"warn","message":"MongoDB disconnected","service":"research-mgmt-api","timestamp":"2025-04-11 20:58:18.184"}
{"level":"warn","message":"MongoDB disconnected","service":"research-mgmt-api","timestamp":"2025-04-11 20:58:18.184"}
{"level":"info","message":"MongoDB Connected: ac-xdpuchx-shard-00-02.tvoe17p.mongodb.net","service":"research-mgmt-api","timestamp":"2025-04-11 20:58:18.796"}
{"level":"info","message":"✅ MongoDB connection established successfully","service":"research-mgmt-api","timestamp":"2025-04-11 20:58:18.796"}
{"level":"error","message":"Server startup error: callback is not a function. (In 'callback(app.server)', 'callback' is \"0.0.0.0\")","service":"research-mgmt-api","stack":"TypeError: callback is not a function. (In 'callback(app.server)', 'callback' is \"0.0.0.0\")\n    at <anonymous> (/home/swadhin/r/server/node_modules/elysia/src/adapter/bun/index.ts:104:18)\n    at listen (/home/swadhin/r/server/node_modules/elysia/src/index.ts:6370:31)\n    at <anonymous> (/home/swadhin/r/server/src/index.js:451:15)\n    at processTicksAndRejections (native:7:39)","timestamp":"2025-04-11 20:58:18.798"}
{"level":"info","message":"⚠️ Port 300008 is not available. Trying port 3000081...","service":"research-mgmt-api","timestamp":"2025-04-11 20:58:18.798"}
{"level":"info","message":"Attempting to connect to MongoDB database","service":"research-mgmt-api","timestamp":"2025-04-11 20:58:18.798"}
{"level":"info","message":"Attempting to connect to MongoDB...","service":"research-mgmt-api","timestamp":"2025-04-11 20:58:18.798"}
{"level":"info","message":"Closing existing MongoDB connection before reconnecting","service":"research-mgmt-api","timestamp":"2025-04-11 20:58:18.798"}
{"level":"warn","message":"MongoDB disconnected","service":"research-mgmt-api","timestamp":"2025-04-11 20:58:18.911"}
{"level":"warn","message":"MongoDB disconnected","service":"research-mgmt-api","timestamp":"2025-04-11 20:58:18.911"}
{"level":"warn","message":"MongoDB disconnected","service":"research-mgmt-api","timestamp":"2025-04-11 20:58:18.911"}
{"level":"warn","message":"MongoDB disconnected","service":"research-mgmt-api","timestamp":"2025-04-11 20:58:18.911"}
{"level":"warn","message":"MongoDB disconnected","service":"research-mgmt-api","timestamp":"2025-04-11 20:58:18.911"}
{"level":"warn","message":"MongoDB disconnected","service":"research-mgmt-api","timestamp":"2025-04-11 20:58:18.911"}
{"level":"warn","message":"MongoDB disconnected","service":"research-mgmt-api","timestamp":"2025-04-11 20:58:18.911"}
{"level":"warn","message":"MongoDB disconnected","service":"research-mgmt-api","timestamp":"2025-04-11 20:58:18.911"}
{"level":"warn","message":"MongoDB disconnected","service":"research-mgmt-api","timestamp":"2025-04-11 20:58:18.911"}
{"level":"info","message":"MongoDB Connected: ac-xdpuchx-shard-00-02.tvoe17p.mongodb.net","service":"research-mgmt-api","timestamp":"2025-04-11 20:58:19.593"}
{"level":"info","message":"✅ MongoDB connection established successfully","service":"research-mgmt-api","timestamp":"2025-04-11 20:58:19.593"}
{"level":"error","message":"Server startup error: callback is not a function. (In 'callback(app.server)', 'callback' is \"0.0.0.0\")","service":"research-mgmt-api","stack":"TypeError: callback is not a function. (In 'callback(app.server)', 'callback' is \"0.0.0.0\")\n    at <anonymous> (/home/swadhin/r/server/node_modules/elysia/src/adapter/bun/index.ts:104:18)\n    at listen (/home/swadhin/r/server/node_modules/elysia/src/index.ts:6370:31)\n    at <anonymous> (/home/swadhin/r/server/src/index.js:451:15)\n    at processTicksAndRejections (native:7:39)","timestamp":"2025-04-11 20:58:19.596"}
{"level":"info","message":"⚠️ Port 300009 is not available. Trying port 3000091...","service":"research-mgmt-api","timestamp":"2025-04-11 20:58:19.596"}
{"level":"info","message":"Attempting to connect to MongoDB database","service":"research-mgmt-api","timestamp":"2025-04-11 20:58:19.596"}
{"level":"info","message":"Attempting to connect to MongoDB...","service":"research-mgmt-api","timestamp":"2025-04-11 20:58:19.596"}
{"level":"info","message":"Closing existing MongoDB connection before reconnecting","service":"research-mgmt-api","timestamp":"2025-04-11 20:58:19.596"}
{"level":"warn","message":"MongoDB disconnected","service":"research-mgmt-api","timestamp":"2025-04-11 20:58:19.750"}
{"level":"warn","message":"MongoDB disconnected","service":"research-mgmt-api","timestamp":"2025-04-11 20:58:19.750"}
{"level":"warn","message":"MongoDB disconnected","service":"research-mgmt-api","timestamp":"2025-04-11 20:58:19.750"}
{"level":"warn","message":"MongoDB disconnected","service":"research-mgmt-api","timestamp":"2025-04-11 20:58:19.750"}
{"level":"warn","message":"MongoDB disconnected","service":"research-mgmt-api","timestamp":"2025-04-11 20:58:19.750"}
{"level":"warn","message":"MongoDB disconnected","service":"research-mgmt-api","timestamp":"2025-04-11 20:58:19.750"}
{"level":"warn","message":"MongoDB disconnected","service":"research-mgmt-api","timestamp":"2025-04-11 20:58:19.750"}
{"level":"warn","message":"MongoDB disconnected","service":"research-mgmt-api","timestamp":"2025-04-11 20:58:19.750"}
{"level":"warn","message":"MongoDB disconnected","service":"research-mgmt-api","timestamp":"2025-04-11 20:58:19.750"}
{"level":"warn","message":"MongoDB disconnected","service":"research-mgmt-api","timestamp":"2025-04-11 20:58:19.750"}
{"level":"info","message":"MongoDB Connected: ac-xdpuchx-shard-00-02.tvoe17p.mongodb.net","service":"research-mgmt-api","timestamp":"2025-04-11 20:58:20.502"}
{"level":"info","message":"✅ MongoDB connection established successfully","service":"research-mgmt-api","timestamp":"2025-04-11 20:58:20.502"}
{"level":"error","message":"Server startup error: callback is not a function. (In 'callback(app.server)', 'callback' is \"0.0.0.0\")","service":"research-mgmt-api","stack":"TypeError: callback is not a function. (In 'callback(app.server)', 'callback' is \"0.0.0.0\")\n    at <anonymous> (/home/swadhin/r/server/node_modules/elysia/src/adapter/bun/index.ts:104:18)\n    at listen (/home/swadhin/r/server/node_modules/elysia/src/index.ts:6370:31)\n    at <anonymous> (/home/swadhin/r/server/src/index.js:451:15)\n    at processTicksAndRejections (native:7:39)","timestamp":"2025-04-11 20:58:20.505"}
{"level":"info","message":"JWT helper initialized","service":"research-mgmt-api","timestamp":"2025-04-11 21:30:12.341"}
{"adminRoutes":true,"authRoutes":true,"level":"info","message":"Route modules loaded:","service":"research-mgmt-api","studentRoutes":true,"supervisorRoutes":true,"timestamp":"2025-04-11 21:30:12.376"}
{"level":"info","message":"Attempting to connect to MongoDB database","service":"research-mgmt-api","timestamp":"2025-04-11 21:30:12.388"}
{"level":"info","message":"Attempting to connect to MongoDB...","service":"research-mgmt-api","timestamp":"2025-04-11 21:30:12.388"}
{"level":"info","message":"MongoDB Connected: ac-xdpuchx-shard-00-01.tvoe17p.mongodb.net","service":"research-mgmt-api","timestamp":"2025-04-11 21:30:13.552"}
{"level":"info","message":"✅ MongoDB connection established successfully","service":"research-mgmt-api","timestamp":"2025-04-11 21:30:13.552"}
{"level":"error","message":"Server startup error: callback is not a function. (In 'callback(app.server)', 'callback' is \"0.0.0.0\")","service":"research-mgmt-api","stack":"TypeError: callback is not a function. (In 'callback(app.server)', 'callback' is \"0.0.0.0\")\n    at <anonymous> (/home/swadhin/r/server/node_modules/elysia/src/adapter/bun/index.ts:104:18)\n    at listen (/home/swadhin/r/server/node_modules/elysia/src/index.ts:6370:31)\n    at <anonymous> (/home/swadhin/r/server/src/index.js:451:15)\n    at processTicksAndRejections (native:7:39)","timestamp":"2025-04-11 21:30:13.556"}
{"level":"info","message":"⚠️ Port 300000 is not available. Trying port 3000001...","service":"research-mgmt-api","timestamp":"2025-04-11 21:30:13.556"}
{"level":"info","message":"Attempting to connect to MongoDB database","service":"research-mgmt-api","timestamp":"2025-04-11 21:30:13.556"}
{"level":"info","message":"Attempting to connect to MongoDB...","service":"research-mgmt-api","timestamp":"2025-04-11 21:30:13.557"}
{"level":"info","message":"Closing existing MongoDB connection before reconnecting","service":"research-mgmt-api","timestamp":"2025-04-11 21:30:13.557"}
{"level":"warn","message":"MongoDB disconnected","service":"research-mgmt-api","timestamp":"2025-04-11 21:30:13.646"}
{"level":"info","message":"MongoDB Connected: ac-xdpuchx-shard-00-01.tvoe17p.mongodb.net","service":"research-mgmt-api","timestamp":"2025-04-11 21:30:15.167"}
{"level":"info","message":"✅ MongoDB connection established successfully","service":"research-mgmt-api","timestamp":"2025-04-11 21:30:15.168"}
{"level":"error","message":"Server startup error: callback is not a function. (In 'callback(app.server)', 'callback' is \"0.0.0.0\")","service":"research-mgmt-api","stack":"TypeError: callback is not a function. (In 'callback(app.server)', 'callback' is \"0.0.0.0\")\n    at <anonymous> (/home/swadhin/r/server/node_modules/elysia/src/adapter/bun/index.ts:104:18)\n    at listen (/home/swadhin/r/server/node_modules/elysia/src/index.ts:6370:31)\n    at <anonymous> (/home/swadhin/r/server/src/index.js:451:15)\n    at processTicksAndRejections (native:7:39)","timestamp":"2025-04-11 21:30:15.173"}
{"level":"info","message":"⚠️ Port 300001 is not available. Trying port 3000011...","service":"research-mgmt-api","timestamp":"2025-04-11 21:30:15.173"}
{"level":"info","message":"Attempting to connect to MongoDB database","service":"research-mgmt-api","timestamp":"2025-04-11 21:30:15.173"}
{"level":"info","message":"Attempting to connect to MongoDB...","service":"research-mgmt-api","timestamp":"2025-04-11 21:30:15.173"}
{"level":"info","message":"Closing existing MongoDB connection before reconnecting","service":"research-mgmt-api","timestamp":"2025-04-11 21:30:15.173"}
{"level":"warn","message":"MongoDB disconnected","service":"research-mgmt-api","timestamp":"2025-04-11 21:30:15.214"}
{"level":"warn","message":"MongoDB disconnected","service":"research-mgmt-api","timestamp":"2025-04-11 21:30:15.214"}
{"level":"info","message":"MongoDB Connected: ac-xdpuchx-shard-00-01.tvoe17p.mongodb.net","service":"research-mgmt-api","timestamp":"2025-04-11 21:30:15.915"}
{"level":"info","message":"✅ MongoDB connection established successfully","service":"research-mgmt-api","timestamp":"2025-04-11 21:30:15.915"}
{"level":"error","message":"Server startup error: callback is not a function. (In 'callback(app.server)', 'callback' is \"0.0.0.0\")","service":"research-mgmt-api","stack":"TypeError: callback is not a function. (In 'callback(app.server)', 'callback' is \"0.0.0.0\")\n    at <anonymous> (/home/swadhin/r/server/node_modules/elysia/src/adapter/bun/index.ts:104:18)\n    at listen (/home/swadhin/r/server/node_modules/elysia/src/index.ts:6370:31)\n    at <anonymous> (/home/swadhin/r/server/src/index.js:451:15)\n    at processTicksAndRejections (native:7:39)","timestamp":"2025-04-11 21:30:15.918"}
{"level":"info","message":"⚠️ Port 300002 is not available. Trying port 3000021...","service":"research-mgmt-api","timestamp":"2025-04-11 21:30:15.919"}
{"level":"info","message":"Attempting to connect to MongoDB database","service":"research-mgmt-api","timestamp":"2025-04-11 21:30:15.919"}
{"level":"info","message":"Attempting to connect to MongoDB...","service":"research-mgmt-api","timestamp":"2025-04-11 21:30:15.919"}
{"level":"info","message":"Closing existing MongoDB connection before reconnecting","service":"research-mgmt-api","timestamp":"2025-04-11 21:30:15.919"}
{"level":"warn","message":"MongoDB disconnected","service":"research-mgmt-api","timestamp":"2025-04-11 21:30:15.923"}
{"level":"warn","message":"MongoDB disconnected","service":"research-mgmt-api","timestamp":"2025-04-11 21:30:15.923"}
{"level":"warn","message":"MongoDB disconnected","service":"research-mgmt-api","timestamp":"2025-04-11 21:30:15.923"}
{"level":"info","message":"MongoDB Connected: ac-xdpuchx-shard-00-01.tvoe17p.mongodb.net","service":"research-mgmt-api","timestamp":"2025-04-11 21:30:16.536"}
{"level":"info","message":"✅ MongoDB connection established successfully","service":"research-mgmt-api","timestamp":"2025-04-11 21:30:16.536"}
{"level":"error","message":"Server startup error: callback is not a function. (In 'callback(app.server)', 'callback' is \"0.0.0.0\")","service":"research-mgmt-api","stack":"TypeError: callback is not a function. (In 'callback(app.server)', 'callback' is \"0.0.0.0\")\n    at <anonymous> (/home/swadhin/r/server/node_modules/elysia/src/adapter/bun/index.ts:104:18)\n    at listen (/home/swadhin/r/server/node_modules/elysia/src/index.ts:6370:31)\n    at <anonymous> (/home/swadhin/r/server/src/index.js:451:15)\n    at processTicksAndRejections (native:7:39)","timestamp":"2025-04-11 21:30:16.539"}
{"level":"info","message":"⚠️ Port 300003 is not available. Trying port 3000031...","service":"research-mgmt-api","timestamp":"2025-04-11 21:30:16.539"}
{"level":"info","message":"Attempting to connect to MongoDB database","service":"research-mgmt-api","timestamp":"2025-04-11 21:30:16.539"}
{"level":"info","message":"Attempting to connect to MongoDB...","service":"research-mgmt-api","timestamp":"2025-04-11 21:30:16.539"}
{"level":"info","message":"Closing existing MongoDB connection before reconnecting","service":"research-mgmt-api","timestamp":"2025-04-11 21:30:16.539"}
{"level":"warn","message":"MongoDB disconnected","service":"research-mgmt-api","timestamp":"2025-04-11 21:30:16.594"}
{"level":"warn","message":"MongoDB disconnected","service":"research-mgmt-api","timestamp":"2025-04-11 21:30:16.594"}
{"level":"warn","message":"MongoDB disconnected","service":"research-mgmt-api","timestamp":"2025-04-11 21:30:16.594"}
{"level":"warn","message":"MongoDB disconnected","service":"research-mgmt-api","timestamp":"2025-04-11 21:30:16.594"}
{"level":"info","message":"MongoDB Connected: ac-xdpuchx-shard-00-01.tvoe17p.mongodb.net","service":"research-mgmt-api","timestamp":"2025-04-11 21:30:17.461"}
{"level":"info","message":"✅ MongoDB connection established successfully","service":"research-mgmt-api","timestamp":"2025-04-11 21:30:17.461"}
{"level":"error","message":"Server startup error: callback is not a function. (In 'callback(app.server)', 'callback' is \"0.0.0.0\")","service":"research-mgmt-api","stack":"TypeError: callback is not a function. (In 'callback(app.server)', 'callback' is \"0.0.0.0\")\n    at <anonymous> (/home/swadhin/r/server/node_modules/elysia/src/adapter/bun/index.ts:104:18)\n    at listen (/home/swadhin/r/server/node_modules/elysia/src/index.ts:6370:31)\n    at <anonymous> (/home/swadhin/r/server/src/index.js:451:15)\n    at processTicksAndRejections (native:7:39)","timestamp":"2025-04-11 21:30:17.464"}
{"level":"info","message":"⚠️ Port 300004 is not available. Trying port 3000041...","service":"research-mgmt-api","timestamp":"2025-04-11 21:30:17.464"}
{"level":"info","message":"Attempting to connect to MongoDB database","service":"research-mgmt-api","timestamp":"2025-04-11 21:30:17.464"}
{"level":"info","message":"Attempting to connect to MongoDB...","service":"research-mgmt-api","timestamp":"2025-04-11 21:30:17.464"}
{"level":"info","message":"Closing existing MongoDB connection before reconnecting","service":"research-mgmt-api","timestamp":"2025-04-11 21:30:17.464"}
{"level":"warn","message":"MongoDB disconnected","service":"research-mgmt-api","timestamp":"2025-04-11 21:30:17.566"}
{"level":"warn","message":"MongoDB disconnected","service":"research-mgmt-api","timestamp":"2025-04-11 21:30:17.566"}
{"level":"warn","message":"MongoDB disconnected","service":"research-mgmt-api","timestamp":"2025-04-11 21:30:17.566"}
{"level":"warn","message":"MongoDB disconnected","service":"research-mgmt-api","timestamp":"2025-04-11 21:30:17.566"}
{"level":"warn","message":"MongoDB disconnected","service":"research-mgmt-api","timestamp":"2025-04-11 21:30:17.566"}
{"level":"info","message":"MongoDB Connected: ac-xdpuchx-shard-00-01.tvoe17p.mongodb.net","service":"research-mgmt-api","timestamp":"2025-04-11 21:30:18.468"}
{"level":"info","message":"✅ MongoDB connection established successfully","service":"research-mgmt-api","timestamp":"2025-04-11 21:30:18.468"}
{"level":"error","message":"Server startup error: callback is not a function. (In 'callback(app.server)', 'callback' is \"0.0.0.0\")","service":"research-mgmt-api","stack":"TypeError: callback is not a function. (In 'callback(app.server)', 'callback' is \"0.0.0.0\")\n    at <anonymous> (/home/swadhin/r/server/node_modules/elysia/src/adapter/bun/index.ts:104:18)\n    at listen (/home/swadhin/r/server/node_modules/elysia/src/index.ts:6370:31)\n    at <anonymous> (/home/swadhin/r/server/src/index.js:451:15)\n    at processTicksAndRejections (native:7:39)","timestamp":"2025-04-11 21:30:18.470"}
{"level":"info","message":"⚠️ Port 300005 is not available. Trying port 3000051...","service":"research-mgmt-api","timestamp":"2025-04-11 21:30:18.470"}
{"level":"info","message":"Attempting to connect to MongoDB database","service":"research-mgmt-api","timestamp":"2025-04-11 21:30:18.470"}
{"level":"info","message":"Attempting to connect to MongoDB...","service":"research-mgmt-api","timestamp":"2025-04-11 21:30:18.470"}
{"level":"info","message":"Closing existing MongoDB connection before reconnecting","service":"research-mgmt-api","timestamp":"2025-04-11 21:30:18.470"}
{"level":"warn","message":"MongoDB disconnected","service":"research-mgmt-api","timestamp":"2025-04-11 21:30:18.543"}
{"level":"warn","message":"MongoDB disconnected","service":"research-mgmt-api","timestamp":"2025-04-11 21:30:18.543"}
{"level":"warn","message":"MongoDB disconnected","service":"research-mgmt-api","timestamp":"2025-04-11 21:30:18.543"}
{"level":"warn","message":"MongoDB disconnected","service":"research-mgmt-api","timestamp":"2025-04-11 21:30:18.543"}
{"level":"warn","message":"MongoDB disconnected","service":"research-mgmt-api","timestamp":"2025-04-11 21:30:18.543"}
{"level":"warn","message":"MongoDB disconnected","service":"research-mgmt-api","timestamp":"2025-04-11 21:30:18.543"}
{"level":"info","message":"MongoDB Connected: ac-xdpuchx-shard-00-01.tvoe17p.mongodb.net","service":"research-mgmt-api","timestamp":"2025-04-11 21:30:19.498"}
{"level":"info","message":"✅ MongoDB connection established successfully","service":"research-mgmt-api","timestamp":"2025-04-11 21:30:19.498"}
{"level":"error","message":"Server startup error: callback is not a function. (In 'callback(app.server)', 'callback' is \"0.0.0.0\")","service":"research-mgmt-api","stack":"TypeError: callback is not a function. (In 'callback(app.server)', 'callback' is \"0.0.0.0\")\n    at <anonymous> (/home/swadhin/r/server/node_modules/elysia/src/adapter/bun/index.ts:104:18)\n    at listen (/home/swadhin/r/server/node_modules/elysia/src/index.ts:6370:31)\n    at <anonymous> (/home/swadhin/r/server/src/index.js:451:15)\n    at processTicksAndRejections (native:7:39)","timestamp":"2025-04-11 21:30:19.500"}
{"level":"info","message":"⚠️ Port 300006 is not available. Trying port 3000061...","service":"research-mgmt-api","timestamp":"2025-04-11 21:30:19.500"}
{"level":"info","message":"Attempting to connect to MongoDB database","service":"research-mgmt-api","timestamp":"2025-04-11 21:30:19.500"}
{"level":"info","message":"Attempting to connect to MongoDB...","service":"research-mgmt-api","timestamp":"2025-04-11 21:30:19.500"}
{"level":"info","message":"Closing existing MongoDB connection before reconnecting","service":"research-mgmt-api","timestamp":"2025-04-11 21:30:19.500"}
{"level":"warn","message":"MongoDB disconnected","service":"research-mgmt-api","timestamp":"2025-04-11 21:30:19.578"}
{"level":"warn","message":"MongoDB disconnected","service":"research-mgmt-api","timestamp":"2025-04-11 21:30:19.578"}
{"level":"warn","message":"MongoDB disconnected","service":"research-mgmt-api","timestamp":"2025-04-11 21:30:19.578"}
{"level":"warn","message":"MongoDB disconnected","service":"research-mgmt-api","timestamp":"2025-04-11 21:30:19.578"}
{"level":"warn","message":"MongoDB disconnected","service":"research-mgmt-api","timestamp":"2025-04-11 21:30:19.578"}
{"level":"warn","message":"MongoDB disconnected","service":"research-mgmt-api","timestamp":"2025-04-11 21:30:19.578"}
{"level":"warn","message":"MongoDB disconnected","service":"research-mgmt-api","timestamp":"2025-04-11 21:30:19.578"}
{"level":"info","message":"MongoDB Connected: ac-xdpuchx-shard-00-01.tvoe17p.mongodb.net","service":"research-mgmt-api","timestamp":"2025-04-11 21:30:20.700"}
{"level":"info","message":"✅ MongoDB connection established successfully","service":"research-mgmt-api","timestamp":"2025-04-11 21:30:20.701"}
{"level":"error","message":"Server startup error: callback is not a function. (In 'callback(app.server)', 'callback' is \"0.0.0.0\")","service":"research-mgmt-api","stack":"TypeError: callback is not a function. (In 'callback(app.server)', 'callback' is \"0.0.0.0\")\n    at <anonymous> (/home/swadhin/r/server/node_modules/elysia/src/adapter/bun/index.ts:104:18)\n    at listen (/home/swadhin/r/server/node_modules/elysia/src/index.ts:6370:31)\n    at <anonymous> (/home/swadhin/r/server/src/index.js:451:15)\n    at processTicksAndRejections (native:7:39)","timestamp":"2025-04-11 21:30:20.704"}
{"level":"info","message":"⚠️ Port 300007 is not available. Trying port 3000071...","service":"research-mgmt-api","timestamp":"2025-04-11 21:30:20.704"}
{"level":"info","message":"Attempting to connect to MongoDB database","service":"research-mgmt-api","timestamp":"2025-04-11 21:30:20.704"}
{"level":"info","message":"Attempting to connect to MongoDB...","service":"research-mgmt-api","timestamp":"2025-04-11 21:30:20.705"}
{"level":"info","message":"Closing existing MongoDB connection before reconnecting","service":"research-mgmt-api","timestamp":"2025-04-11 21:30:20.705"}
{"level":"warn","message":"MongoDB disconnected","service":"research-mgmt-api","timestamp":"2025-04-11 21:30:20.719"}
{"level":"warn","message":"MongoDB disconnected","service":"research-mgmt-api","timestamp":"2025-04-11 21:30:20.719"}
{"level":"warn","message":"MongoDB disconnected","service":"research-mgmt-api","timestamp":"2025-04-11 21:30:20.719"}
{"level":"warn","message":"MongoDB disconnected","service":"research-mgmt-api","timestamp":"2025-04-11 21:30:20.719"}
{"level":"warn","message":"MongoDB disconnected","service":"research-mgmt-api","timestamp":"2025-04-11 21:30:20.719"}
{"level":"warn","message":"MongoDB disconnected","service":"research-mgmt-api","timestamp":"2025-04-11 21:30:20.719"}
{"level":"warn","message":"MongoDB disconnected","service":"research-mgmt-api","timestamp":"2025-04-11 21:30:20.719"}
{"level":"warn","message":"MongoDB disconnected","service":"research-mgmt-api","timestamp":"2025-04-11 21:30:20.719"}
{"level":"info","message":"MongoDB Connected: ac-xdpuchx-shard-00-01.tvoe17p.mongodb.net","service":"research-mgmt-api","timestamp":"2025-04-11 21:30:21.970"}
{"level":"info","message":"✅ MongoDB connection established successfully","service":"research-mgmt-api","timestamp":"2025-04-11 21:30:21.970"}
{"level":"error","message":"Server startup error: callback is not a function. (In 'callback(app.server)', 'callback' is \"0.0.0.0\")","service":"research-mgmt-api","stack":"TypeError: callback is not a function. (In 'callback(app.server)', 'callback' is \"0.0.0.0\")\n    at <anonymous> (/home/swadhin/r/server/node_modules/elysia/src/adapter/bun/index.ts:104:18)\n    at listen (/home/swadhin/r/server/node_modules/elysia/src/index.ts:6370:31)\n    at <anonymous> (/home/swadhin/r/server/src/index.js:451:15)\n    at processTicksAndRejections (native:7:39)","timestamp":"2025-04-11 21:30:21.973"}
{"level":"info","message":"⚠️ Port 300008 is not available. Trying port 3000081...","service":"research-mgmt-api","timestamp":"2025-04-11 21:30:21.973"}
{"level":"info","message":"Attempting to connect to MongoDB database","service":"research-mgmt-api","timestamp":"2025-04-11 21:30:21.973"}
{"level":"info","message":"Attempting to connect to MongoDB...","service":"research-mgmt-api","timestamp":"2025-04-11 21:30:21.973"}
{"level":"info","message":"Closing existing MongoDB connection before reconnecting","service":"research-mgmt-api","timestamp":"2025-04-11 21:30:21.973"}
{"level":"warn","message":"MongoDB disconnected","service":"research-mgmt-api","timestamp":"2025-04-11 21:30:22.049"}
{"level":"warn","message":"MongoDB disconnected","service":"research-mgmt-api","timestamp":"2025-04-11 21:30:22.049"}
{"level":"warn","message":"MongoDB disconnected","service":"research-mgmt-api","timestamp":"2025-04-11 21:30:22.049"}
{"level":"warn","message":"MongoDB disconnected","service":"research-mgmt-api","timestamp":"2025-04-11 21:30:22.049"}
{"level":"warn","message":"MongoDB disconnected","service":"research-mgmt-api","timestamp":"2025-04-11 21:30:22.049"}
{"level":"warn","message":"MongoDB disconnected","service":"research-mgmt-api","timestamp":"2025-04-11 21:30:22.049"}
{"level":"warn","message":"MongoDB disconnected","service":"research-mgmt-api","timestamp":"2025-04-11 21:30:22.049"}
{"level":"warn","message":"MongoDB disconnected","service":"research-mgmt-api","timestamp":"2025-04-11 21:30:22.050"}
{"level":"warn","message":"MongoDB disconnected","service":"research-mgmt-api","timestamp":"2025-04-11 21:30:22.050"}
{"level":"info","message":"MongoDB Connected: ac-xdpuchx-shard-00-01.tvoe17p.mongodb.net","service":"research-mgmt-api","timestamp":"2025-04-11 21:30:22.642"}
{"level":"info","message":"✅ MongoDB connection established successfully","service":"research-mgmt-api","timestamp":"2025-04-11 21:30:22.643"}
{"level":"error","message":"Server startup error: callback is not a function. (In 'callback(app.server)', 'callback' is \"0.0.0.0\")","service":"research-mgmt-api","stack":"TypeError: callback is not a function. (In 'callback(app.server)', 'callback' is \"0.0.0.0\")\n    at <anonymous> (/home/swadhin/r/server/node_modules/elysia/src/adapter/bun/index.ts:104:18)\n    at listen (/home/swadhin/r/server/node_modules/elysia/src/index.ts:6370:31)\n    at <anonymous> (/home/swadhin/r/server/src/index.js:451:15)\n    at processTicksAndRejections (native:7:39)","timestamp":"2025-04-11 21:30:22.646"}
{"level":"info","message":"⚠️ Port 300009 is not available. Trying port 3000091...","service":"research-mgmt-api","timestamp":"2025-04-11 21:30:22.646"}
{"level":"info","message":"Attempting to connect to MongoDB database","service":"research-mgmt-api","timestamp":"2025-04-11 21:30:22.646"}
{"level":"info","message":"Attempting to connect to MongoDB...","service":"research-mgmt-api","timestamp":"2025-04-11 21:30:22.646"}
{"level":"info","message":"Closing existing MongoDB connection before reconnecting","service":"research-mgmt-api","timestamp":"2025-04-11 21:30:22.646"}
{"level":"warn","message":"MongoDB disconnected","service":"research-mgmt-api","timestamp":"2025-04-11 21:30:22.718"}
{"level":"warn","message":"MongoDB disconnected","service":"research-mgmt-api","timestamp":"2025-04-11 21:30:22.718"}
{"level":"warn","message":"MongoDB disconnected","service":"research-mgmt-api","timestamp":"2025-04-11 21:30:22.718"}
{"level":"warn","message":"MongoDB disconnected","service":"research-mgmt-api","timestamp":"2025-04-11 21:30:22.718"}
{"level":"warn","message":"MongoDB disconnected","service":"research-mgmt-api","timestamp":"2025-04-11 21:30:22.718"}
{"level":"warn","message":"MongoDB disconnected","service":"research-mgmt-api","timestamp":"2025-04-11 21:30:22.718"}
{"level":"warn","message":"MongoDB disconnected","service":"research-mgmt-api","timestamp":"2025-04-11 21:30:22.718"}
{"level":"warn","message":"MongoDB disconnected","service":"research-mgmt-api","timestamp":"2025-04-11 21:30:22.718"}
{"level":"warn","message":"MongoDB disconnected","service":"research-mgmt-api","timestamp":"2025-04-11 21:30:22.718"}
{"level":"warn","message":"MongoDB disconnected","service":"research-mgmt-api","timestamp":"2025-04-11 21:30:22.718"}
{"level":"info","message":"MongoDB Connected: ac-xdpuchx-shard-00-01.tvoe17p.mongodb.net","service":"research-mgmt-api","timestamp":"2025-04-11 21:30:23.298"}
{"level":"info","message":"✅ MongoDB connection established successfully","service":"research-mgmt-api","timestamp":"2025-04-11 21:30:23.299"}
{"level":"error","message":"Server startup error: callback is not a function. (In 'callback(app.server)', 'callback' is \"0.0.0.0\")","service":"research-mgmt-api","stack":"TypeError: callback is not a function. (In 'callback(app.server)', 'callback' is \"0.0.0.0\")\n    at <anonymous> (/home/swadhin/r/server/node_modules/elysia/src/adapter/bun/index.ts:104:18)\n    at listen (/home/swadhin/r/server/node_modules/elysia/src/index.ts:6370:31)\n    at <anonymous> (/home/swadhin/r/server/src/index.js:451:15)\n    at processTicksAndRejections (native:7:39)","timestamp":"2025-04-11 21:30:23.301"}
{"level":"info","message":"JWT helper initialized","service":"research-mgmt-api","timestamp":"2025-04-11 22:21:17.019"}
{"adminRoutes":true,"authRoutes":true,"level":"info","message":"Route modules loaded:","service":"research-mgmt-api","studentRoutes":true,"supervisorRoutes":true,"timestamp":"2025-04-11 22:21:17.053"}
{"level":"info","message":"Attempting to connect to MongoDB database","service":"research-mgmt-api","timestamp":"2025-04-11 22:21:17.065"}
{"level":"info","message":"Attempting to connect to MongoDB...","service":"research-mgmt-api","timestamp":"2025-04-11 22:21:17.065"}
{"level":"info","message":"MongoDB Connected: ac-xdpuchx-shard-00-01.tvoe17p.mongodb.net","service":"research-mgmt-api","timestamp":"2025-04-11 22:21:24.086"}
{"level":"info","message":"✅ MongoDB connection established successfully","service":"research-mgmt-api","timestamp":"2025-04-11 22:21:24.086"}
{"level":"error","message":"Server startup error: callback is not a function. (In 'callback(app.server)', 'callback' is \"0.0.0.0\")","service":"research-mgmt-api","stack":"TypeError: callback is not a function. (In 'callback(app.server)', 'callback' is \"0.0.0.0\")\n    at <anonymous> (/home/swadhin/r/server/node_modules/elysia/src/adapter/bun/index.ts:104:18)\n    at listen (/home/swadhin/r/server/node_modules/elysia/src/index.ts:6370:31)\n    at <anonymous> (/home/swadhin/r/server/src/index.js:451:15)\n    at processTicksAndRejections (native:7:39)","timestamp":"2025-04-11 22:21:24.090"}
{"level":"info","message":"⚠️ Port 300000 is not available. Trying port 3000001...","service":"research-mgmt-api","timestamp":"2025-04-11 22:21:24.090"}
{"level":"info","message":"Attempting to connect to MongoDB database","service":"research-mgmt-api","timestamp":"2025-04-11 22:21:24.090"}
{"level":"info","message":"Attempting to connect to MongoDB...","service":"research-mgmt-api","timestamp":"2025-04-11 22:21:24.091"}
{"level":"info","message":"Closing existing MongoDB connection before reconnecting","service":"research-mgmt-api","timestamp":"2025-04-11 22:21:24.091"}
{"level":"warn","message":"MongoDB disconnected","service":"research-mgmt-api","timestamp":"2025-04-11 22:21:24.114"}
{"level":"info","message":"MongoDB Connected: ac-xdpuchx-shard-00-01.tvoe17p.mongodb.net","service":"research-mgmt-api","timestamp":"2025-04-11 22:21:24.694"}
{"level":"info","message":"✅ MongoDB connection established successfully","service":"research-mgmt-api","timestamp":"2025-04-11 22:21:24.695"}
{"level":"error","message":"Server startup error: callback is not a function. (In 'callback(app.server)', 'callback' is \"0.0.0.0\")","service":"research-mgmt-api","stack":"TypeError: callback is not a function. (In 'callback(app.server)', 'callback' is \"0.0.0.0\")\n    at <anonymous> (/home/swadhin/r/server/node_modules/elysia/src/adapter/bun/index.ts:104:18)\n    at listen (/home/swadhin/r/server/node_modules/elysia/src/index.ts:6370:31)\n    at <anonymous> (/home/swadhin/r/server/src/index.js:451:15)\n    at processTicksAndRejections (native:7:39)","timestamp":"2025-04-11 22:21:24.698"}
{"level":"info","message":"⚠️ Port 300001 is not available. Trying port 3000011...","service":"research-mgmt-api","timestamp":"2025-04-11 22:21:24.698"}
{"level":"info","message":"Attempting to connect to MongoDB database","service":"research-mgmt-api","timestamp":"2025-04-11 22:21:24.698"}
{"level":"info","message":"Attempting to connect to MongoDB...","service":"research-mgmt-api","timestamp":"2025-04-11 22:21:24.698"}
{"level":"info","message":"Closing existing MongoDB connection before reconnecting","service":"research-mgmt-api","timestamp":"2025-04-11 22:21:24.698"}
{"level":"warn","message":"MongoDB disconnected","service":"research-mgmt-api","timestamp":"2025-04-11 22:21:24.784"}
{"level":"warn","message":"MongoDB disconnected","service":"research-mgmt-api","timestamp":"2025-04-11 22:21:24.784"}
{"level":"info","message":"MongoDB Connected: ac-xdpuchx-shard-00-01.tvoe17p.mongodb.net","service":"research-mgmt-api","timestamp":"2025-04-11 22:21:25.349"}
{"level":"info","message":"✅ MongoDB connection established successfully","service":"research-mgmt-api","timestamp":"2025-04-11 22:21:25.350"}
{"level":"error","message":"Server startup error: callback is not a function. (In 'callback(app.server)', 'callback' is \"0.0.0.0\")","service":"research-mgmt-api","stack":"TypeError: callback is not a function. (In 'callback(app.server)', 'callback' is \"0.0.0.0\")\n    at <anonymous> (/home/swadhin/r/server/node_modules/elysia/src/adapter/bun/index.ts:104:18)\n    at listen (/home/swadhin/r/server/node_modules/elysia/src/index.ts:6370:31)\n    at <anonymous> (/home/swadhin/r/server/src/index.js:451:15)\n    at processTicksAndRejections (native:7:39)","timestamp":"2025-04-11 22:21:25.353"}
{"level":"info","message":"⚠️ Port 300002 is not available. Trying port 3000021...","service":"research-mgmt-api","timestamp":"2025-04-11 22:21:25.353"}
{"level":"info","message":"Attempting to connect to MongoDB database","service":"research-mgmt-api","timestamp":"2025-04-11 22:21:25.353"}
{"level":"info","message":"Attempting to connect to MongoDB...","service":"research-mgmt-api","timestamp":"2025-04-11 22:21:25.353"}
{"level":"info","message":"Closing existing MongoDB connection before reconnecting","service":"research-mgmt-api","timestamp":"2025-04-11 22:21:25.353"}
{"level":"warn","message":"MongoDB disconnected","service":"research-mgmt-api","timestamp":"2025-04-11 22:21:25.438"}
{"level":"warn","message":"MongoDB disconnected","service":"research-mgmt-api","timestamp":"2025-04-11 22:21:25.438"}
{"level":"warn","message":"MongoDB disconnected","service":"research-mgmt-api","timestamp":"2025-04-11 22:21:25.438"}
{"level":"info","message":"MongoDB Connected: ac-xdpuchx-shard-00-01.tvoe17p.mongodb.net","service":"research-mgmt-api","timestamp":"2025-04-11 22:21:25.990"}
{"level":"info","message":"✅ MongoDB connection established successfully","service":"research-mgmt-api","timestamp":"2025-04-11 22:21:25.990"}
{"level":"error","message":"Server startup error: callback is not a function. (In 'callback(app.server)', 'callback' is \"0.0.0.0\")","service":"research-mgmt-api","stack":"TypeError: callback is not a function. (In 'callback(app.server)', 'callback' is \"0.0.0.0\")\n    at <anonymous> (/home/swadhin/r/server/node_modules/elysia/src/adapter/bun/index.ts:104:18)\n    at listen (/home/swadhin/r/server/node_modules/elysia/src/index.ts:6370:31)\n    at <anonymous> (/home/swadhin/r/server/src/index.js:451:15)\n    at processTicksAndRejections (native:7:39)","timestamp":"2025-04-11 22:21:25.992"}
{"level":"info","message":"⚠️ Port 300003 is not available. Trying port 3000031...","service":"research-mgmt-api","timestamp":"2025-04-11 22:21:25.992"}
{"level":"info","message":"Attempting to connect to MongoDB database","service":"research-mgmt-api","timestamp":"2025-04-11 22:21:25.992"}
{"level":"info","message":"Attempting to connect to MongoDB...","service":"research-mgmt-api","timestamp":"2025-04-11 22:21:25.992"}
{"level":"info","message":"Closing existing MongoDB connection before reconnecting","service":"research-mgmt-api","timestamp":"2025-04-11 22:21:25.992"}
{"level":"warn","message":"MongoDB disconnected","service":"research-mgmt-api","timestamp":"2025-04-11 22:21:26.058"}
{"level":"warn","message":"MongoDB disconnected","service":"research-mgmt-api","timestamp":"2025-04-11 22:21:26.058"}
{"level":"warn","message":"MongoDB disconnected","service":"research-mgmt-api","timestamp":"2025-04-11 22:21:26.058"}
{"level":"warn","message":"MongoDB disconnected","service":"research-mgmt-api","timestamp":"2025-04-11 22:21:26.059"}
{"level":"info","message":"MongoDB Connected: ac-xdpuchx-shard-00-01.tvoe17p.mongodb.net","service":"research-mgmt-api","timestamp":"2025-04-11 22:21:26.620"}
{"level":"info","message":"✅ MongoDB connection established successfully","service":"research-mgmt-api","timestamp":"2025-04-11 22:21:26.621"}
{"level":"error","message":"Server startup error: callback is not a function. (In 'callback(app.server)', 'callback' is \"0.0.0.0\")","service":"research-mgmt-api","stack":"TypeError: callback is not a function. (In 'callback(app.server)', 'callback' is \"0.0.0.0\")\n    at <anonymous> (/home/swadhin/r/server/node_modules/elysia/src/adapter/bun/index.ts:104:18)\n    at listen (/home/swadhin/r/server/node_modules/elysia/src/index.ts:6370:31)\n    at <anonymous> (/home/swadhin/r/server/src/index.js:451:15)\n    at processTicksAndRejections (native:7:39)","timestamp":"2025-04-11 22:21:26.624"}
{"level":"info","message":"⚠️ Port 300004 is not available. Trying port 3000041...","service":"research-mgmt-api","timestamp":"2025-04-11 22:21:26.624"}
{"level":"info","message":"Attempting to connect to MongoDB database","service":"research-mgmt-api","timestamp":"2025-04-11 22:21:26.624"}
{"level":"info","message":"Attempting to connect to MongoDB...","service":"research-mgmt-api","timestamp":"2025-04-11 22:21:26.624"}
{"level":"info","message":"Closing existing MongoDB connection before reconnecting","service":"research-mgmt-api","timestamp":"2025-04-11 22:21:26.624"}
{"level":"warn","message":"MongoDB disconnected","service":"research-mgmt-api","timestamp":"2025-04-11 22:21:26.675"}
{"level":"warn","message":"MongoDB disconnected","service":"research-mgmt-api","timestamp":"2025-04-11 22:21:26.675"}
{"level":"warn","message":"MongoDB disconnected","service":"research-mgmt-api","timestamp":"2025-04-11 22:21:26.675"}
{"level":"warn","message":"MongoDB disconnected","service":"research-mgmt-api","timestamp":"2025-04-11 22:21:26.675"}
{"level":"warn","message":"MongoDB disconnected","service":"research-mgmt-api","timestamp":"2025-04-11 22:21:26.675"}
{"level":"info","message":"MongoDB Connected: ac-xdpuchx-shard-00-01.tvoe17p.mongodb.net","service":"research-mgmt-api","timestamp":"2025-04-11 22:21:27.237"}
{"level":"info","message":"✅ MongoDB connection established successfully","service":"research-mgmt-api","timestamp":"2025-04-11 22:21:27.238"}
{"level":"error","message":"Server startup error: callback is not a function. (In 'callback(app.server)', 'callback' is \"0.0.0.0\")","service":"research-mgmt-api","stack":"TypeError: callback is not a function. (In 'callback(app.server)', 'callback' is \"0.0.0.0\")\n    at <anonymous> (/home/swadhin/r/server/node_modules/elysia/src/adapter/bun/index.ts:104:18)\n    at listen (/home/swadhin/r/server/node_modules/elysia/src/index.ts:6370:31)\n    at <anonymous> (/home/swadhin/r/server/src/index.js:451:15)\n    at processTicksAndRejections (native:7:39)","timestamp":"2025-04-11 22:21:27.240"}
{"level":"info","message":"⚠️ Port 300005 is not available. Trying port 3000051...","service":"research-mgmt-api","timestamp":"2025-04-11 22:21:27.240"}
{"level":"info","message":"Attempting to connect to MongoDB database","service":"research-mgmt-api","timestamp":"2025-04-11 22:21:27.240"}
{"level":"info","message":"Attempting to connect to MongoDB...","service":"research-mgmt-api","timestamp":"2025-04-11 22:21:27.241"}
{"level":"info","message":"Closing existing MongoDB connection before reconnecting","service":"research-mgmt-api","timestamp":"2025-04-11 22:21:27.241"}
{"level":"warn","message":"MongoDB disconnected","service":"research-mgmt-api","timestamp":"2025-04-11 22:21:27.326"}
{"level":"warn","message":"MongoDB disconnected","service":"research-mgmt-api","timestamp":"2025-04-11 22:21:27.326"}
{"level":"warn","message":"MongoDB disconnected","service":"research-mgmt-api","timestamp":"2025-04-11 22:21:27.326"}
{"level":"warn","message":"MongoDB disconnected","service":"research-mgmt-api","timestamp":"2025-04-11 22:21:27.326"}
{"level":"warn","message":"MongoDB disconnected","service":"research-mgmt-api","timestamp":"2025-04-11 22:21:27.326"}
{"level":"warn","message":"MongoDB disconnected","service":"research-mgmt-api","timestamp":"2025-04-11 22:21:27.326"}
{"level":"info","message":"MongoDB Connected: ac-xdpuchx-shard-00-01.tvoe17p.mongodb.net","service":"research-mgmt-api","timestamp":"2025-04-11 22:21:27.983"}
{"level":"info","message":"✅ MongoDB connection established successfully","service":"research-mgmt-api","timestamp":"2025-04-11 22:21:27.983"}
{"level":"error","message":"Server startup error: callback is not a function. (In 'callback(app.server)', 'callback' is \"0.0.0.0\")","service":"research-mgmt-api","stack":"TypeError: callback is not a function. (In 'callback(app.server)', 'callback' is \"0.0.0.0\")\n    at <anonymous> (/home/swadhin/r/server/node_modules/elysia/src/adapter/bun/index.ts:104:18)\n    at listen (/home/swadhin/r/server/node_modules/elysia/src/index.ts:6370:31)\n    at <anonymous> (/home/swadhin/r/server/src/index.js:451:15)\n    at processTicksAndRejections (native:7:39)","timestamp":"2025-04-11 22:21:27.986"}
{"level":"info","message":"⚠️ Port 300006 is not available. Trying port 3000061...","service":"research-mgmt-api","timestamp":"2025-04-11 22:21:27.987"}
{"level":"info","message":"Attempting to connect to MongoDB database","service":"research-mgmt-api","timestamp":"2025-04-11 22:21:27.987"}
{"level":"info","message":"Attempting to connect to MongoDB...","service":"research-mgmt-api","timestamp":"2025-04-11 22:21:27.987"}
{"level":"info","message":"Closing existing MongoDB connection before reconnecting","service":"research-mgmt-api","timestamp":"2025-04-11 22:21:27.987"}
{"level":"warn","message":"MongoDB disconnected","service":"research-mgmt-api","timestamp":"2025-04-11 22:21:27.992"}
{"level":"warn","message":"MongoDB disconnected","service":"research-mgmt-api","timestamp":"2025-04-11 22:21:27.992"}
{"level":"warn","message":"MongoDB disconnected","service":"research-mgmt-api","timestamp":"2025-04-11 22:21:27.992"}
{"level":"warn","message":"MongoDB disconnected","service":"research-mgmt-api","timestamp":"2025-04-11 22:21:27.992"}
{"level":"warn","message":"MongoDB disconnected","service":"research-mgmt-api","timestamp":"2025-04-11 22:21:27.992"}
{"level":"warn","message":"MongoDB disconnected","service":"research-mgmt-api","timestamp":"2025-04-11 22:21:27.992"}
{"level":"warn","message":"MongoDB disconnected","service":"research-mgmt-api","timestamp":"2025-04-11 22:21:27.992"}
{"level":"info","message":"MongoDB Connected: ac-xdpuchx-shard-00-01.tvoe17p.mongodb.net","service":"research-mgmt-api","timestamp":"2025-04-11 22:21:28.564"}
{"level":"info","message":"✅ MongoDB connection established successfully","service":"research-mgmt-api","timestamp":"2025-04-11 22:21:28.564"}
{"level":"error","message":"Server startup error: callback is not a function. (In 'callback(app.server)', 'callback' is \"0.0.0.0\")","service":"research-mgmt-api","stack":"TypeError: callback is not a function. (In 'callback(app.server)', 'callback' is \"0.0.0.0\")\n    at <anonymous> (/home/swadhin/r/server/node_modules/elysia/src/adapter/bun/index.ts:104:18)\n    at listen (/home/swadhin/r/server/node_modules/elysia/src/index.ts:6370:31)\n    at <anonymous> (/home/swadhin/r/server/src/index.js:451:15)\n    at processTicksAndRejections (native:7:39)","timestamp":"2025-04-11 22:21:28.567"}
{"level":"info","message":"⚠️ Port 300007 is not available. Trying port 3000071...","service":"research-mgmt-api","timestamp":"2025-04-11 22:21:28.567"}
{"level":"info","message":"Attempting to connect to MongoDB database","service":"research-mgmt-api","timestamp":"2025-04-11 22:21:28.567"}
{"level":"info","message":"Attempting to connect to MongoDB...","service":"research-mgmt-api","timestamp":"2025-04-11 22:21:28.567"}
{"level":"info","message":"Closing existing MongoDB connection before reconnecting","service":"research-mgmt-api","timestamp":"2025-04-11 22:21:28.567"}
{"level":"warn","message":"MongoDB disconnected","service":"research-mgmt-api","timestamp":"2025-04-11 22:21:28.571"}
{"level":"warn","message":"MongoDB disconnected","service":"research-mgmt-api","timestamp":"2025-04-11 22:21:28.571"}
{"level":"warn","message":"MongoDB disconnected","service":"research-mgmt-api","timestamp":"2025-04-11 22:21:28.571"}
{"level":"warn","message":"MongoDB disconnected","service":"research-mgmt-api","timestamp":"2025-04-11 22:21:28.571"}
{"level":"warn","message":"MongoDB disconnected","service":"research-mgmt-api","timestamp":"2025-04-11 22:21:28.571"}
{"level":"warn","message":"MongoDB disconnected","service":"research-mgmt-api","timestamp":"2025-04-11 22:21:28.571"}
{"level":"warn","message":"MongoDB disconnected","service":"research-mgmt-api","timestamp":"2025-04-11 22:21:28.571"}
{"level":"warn","message":"MongoDB disconnected","service":"research-mgmt-api","timestamp":"2025-04-11 22:21:28.571"}
{"level":"info","message":"MongoDB Connected: ac-xdpuchx-shard-00-01.tvoe17p.mongodb.net","service":"research-mgmt-api","timestamp":"2025-04-11 22:21:29.418"}
{"level":"info","message":"✅ MongoDB connection established successfully","service":"research-mgmt-api","timestamp":"2025-04-11 22:21:29.418"}
{"level":"error","message":"Server startup error: callback is not a function. (In 'callback(app.server)', 'callback' is \"0.0.0.0\")","service":"research-mgmt-api","stack":"TypeError: callback is not a function. (In 'callback(app.server)', 'callback' is \"0.0.0.0\")\n    at <anonymous> (/home/swadhin/r/server/node_modules/elysia/src/adapter/bun/index.ts:104:18)\n    at listen (/home/swadhin/r/server/node_modules/elysia/src/index.ts:6370:31)\n    at <anonymous> (/home/swadhin/r/server/src/index.js:451:15)\n    at processTicksAndRejections (native:7:39)","timestamp":"2025-04-11 22:21:29.421"}
{"level":"info","message":"⚠️ Port 300008 is not available. Trying port 3000081...","service":"research-mgmt-api","timestamp":"2025-04-11 22:21:29.421"}
{"level":"info","message":"Attempting to connect to MongoDB database","service":"research-mgmt-api","timestamp":"2025-04-11 22:21:29.421"}
{"level":"info","message":"Attempting to connect to MongoDB...","service":"research-mgmt-api","timestamp":"2025-04-11 22:21:29.421"}
{"level":"info","message":"Closing existing MongoDB connection before reconnecting","service":"research-mgmt-api","timestamp":"2025-04-11 22:21:29.421"}
{"level":"warn","message":"MongoDB disconnected","service":"research-mgmt-api","timestamp":"2025-04-11 22:21:29.424"}
{"level":"warn","message":"MongoDB disconnected","service":"research-mgmt-api","timestamp":"2025-04-11 22:21:29.424"}
{"level":"warn","message":"MongoDB disconnected","service":"research-mgmt-api","timestamp":"2025-04-11 22:21:29.424"}
{"level":"warn","message":"MongoDB disconnected","service":"research-mgmt-api","timestamp":"2025-04-11 22:21:29.424"}
{"level":"warn","message":"MongoDB disconnected","service":"research-mgmt-api","timestamp":"2025-04-11 22:21:29.424"}
{"level":"warn","message":"MongoDB disconnected","service":"research-mgmt-api","timestamp":"2025-04-11 22:21:29.424"}
{"level":"warn","message":"MongoDB disconnected","service":"research-mgmt-api","timestamp":"2025-04-11 22:21:29.424"}
{"level":"warn","message":"MongoDB disconnected","service":"research-mgmt-api","timestamp":"2025-04-11 22:21:29.424"}
{"level":"warn","message":"MongoDB disconnected","service":"research-mgmt-api","timestamp":"2025-04-11 22:21:29.424"}
{"level":"info","message":"MongoDB Connected: ac-xdpuchx-shard-00-01.tvoe17p.mongodb.net","service":"research-mgmt-api","timestamp":"2025-04-11 22:21:29.979"}
{"level":"info","message":"✅ MongoDB connection established successfully","service":"research-mgmt-api","timestamp":"2025-04-11 22:21:29.979"}
{"level":"error","message":"Server startup error: callback is not a function. (In 'callback(app.server)', 'callback' is \"0.0.0.0\")","service":"research-mgmt-api","stack":"TypeError: callback is not a function. (In 'callback(app.server)', 'callback' is \"0.0.0.0\")\n    at <anonymous> (/home/swadhin/r/server/node_modules/elysia/src/adapter/bun/index.ts:104:18)\n    at listen (/home/swadhin/r/server/node_modules/elysia/src/index.ts:6370:31)\n    at <anonymous> (/home/swadhin/r/server/src/index.js:451:15)\n    at processTicksAndRejections (native:7:39)","timestamp":"2025-04-11 22:21:29.983"}
{"level":"info","message":"⚠️ Port 300009 is not available. Trying port 3000091...","service":"research-mgmt-api","timestamp":"2025-04-11 22:21:29.984"}
{"level":"info","message":"Attempting to connect to MongoDB database","service":"research-mgmt-api","timestamp":"2025-04-11 22:21:29.984"}
{"level":"info","message":"Attempting to connect to MongoDB...","service":"research-mgmt-api","timestamp":"2025-04-11 22:21:29.984"}
{"level":"info","message":"Closing existing MongoDB connection before reconnecting","service":"research-mgmt-api","timestamp":"2025-04-11 22:21:29.984"}
{"level":"warn","message":"MongoDB disconnected","service":"research-mgmt-api","timestamp":"2025-04-11 22:21:30.050"}
{"level":"warn","message":"MongoDB disconnected","service":"research-mgmt-api","timestamp":"2025-04-11 22:21:30.051"}
{"level":"warn","message":"MongoDB disconnected","service":"research-mgmt-api","timestamp":"2025-04-11 22:21:30.051"}
{"level":"warn","message":"MongoDB disconnected","service":"research-mgmt-api","timestamp":"2025-04-11 22:21:30.051"}
{"level":"warn","message":"MongoDB disconnected","service":"research-mgmt-api","timestamp":"2025-04-11 22:21:30.051"}
{"level":"warn","message":"MongoDB disconnected","service":"research-mgmt-api","timestamp":"2025-04-11 22:21:30.051"}
{"level":"warn","message":"MongoDB disconnected","service":"research-mgmt-api","timestamp":"2025-04-11 22:21:30.051"}
{"level":"warn","message":"MongoDB disconnected","service":"research-mgmt-api","timestamp":"2025-04-11 22:21:30.051"}
{"level":"warn","message":"MongoDB disconnected","service":"research-mgmt-api","timestamp":"2025-04-11 22:21:30.051"}
{"level":"warn","message":"MongoDB disconnected","service":"research-mgmt-api","timestamp":"2025-04-11 22:21:30.051"}
{"level":"info","message":"MongoDB Connected: ac-xdpuchx-shard-00-01.tvoe17p.mongodb.net","service":"research-mgmt-api","timestamp":"2025-04-11 22:21:30.633"}
{"level":"info","message":"✅ MongoDB connection established successfully","service":"research-mgmt-api","timestamp":"2025-04-11 22:21:30.633"}
{"level":"error","message":"Server startup error: callback is not a function. (In 'callback(app.server)', 'callback' is \"0.0.0.0\")","service":"research-mgmt-api","stack":"TypeError: callback is not a function. (In 'callback(app.server)', 'callback' is \"0.0.0.0\")\n    at <anonymous> (/home/swadhin/r/server/node_modules/elysia/src/adapter/bun/index.ts:104:18)\n    at listen (/home/swadhin/r/server/node_modules/elysia/src/index.ts:6370:31)\n    at <anonymous> (/home/swadhin/r/server/src/index.js:451:15)\n    at processTicksAndRejections (native:7:39)","timestamp":"2025-04-11 22:21:30.636"}
{"level":"info","message":"JWT helper initialized","service":"research-mgmt-api","timestamp":"2025-04-11 22:42:58.169"}
{"adminRoutes":true,"authRoutes":true,"level":"info","message":"Route modules loaded:","service":"research-mgmt-api","studentRoutes":true,"supervisorRoutes":true,"timestamp":"2025-04-11 22:42:58.202"}
{"level":"info","message":"Attempting to connect to MongoDB database","service":"research-mgmt-api","timestamp":"2025-04-11 22:42:58.215"}
{"level":"info","message":"Attempting to connect to MongoDB...","service":"research-mgmt-api","timestamp":"2025-04-11 22:42:58.215"}
{"level":"info","message":"MongoDB Connected: ac-xdpuchx-shard-00-01.tvoe17p.mongodb.net","service":"research-mgmt-api","timestamp":"2025-04-11 22:42:59.829"}
{"level":"info","message":"✅ MongoDB connection established successfully","service":"research-mgmt-api","timestamp":"2025-04-11 22:42:59.829"}
{"level":"error","message":"Server startup error: callback is not a function. (In 'callback(app.server)', 'callback' is \"0.0.0.0\")","service":"research-mgmt-api","stack":"TypeError: callback is not a function. (In 'callback(app.server)', 'callback' is \"0.0.0.0\")\n    at <anonymous> (/home/swadhin/r/server/node_modules/elysia/src/adapter/bun/index.ts:104:18)\n    at listen (/home/swadhin/r/server/node_modules/elysia/src/index.ts:6370:31)\n    at <anonymous> (/home/swadhin/r/server/src/index.js:451:15)\n    at processTicksAndRejections (native:7:39)","timestamp":"2025-04-11 22:42:59.832"}
{"level":"info","message":"⚠️ Port 300000 is not available. Trying port 3000001...","service":"research-mgmt-api","timestamp":"2025-04-11 22:42:59.833"}
{"level":"info","message":"Attempting to connect to MongoDB database","service":"research-mgmt-api","timestamp":"2025-04-11 22:42:59.833"}
{"level":"info","message":"Attempting to connect to MongoDB...","service":"research-mgmt-api","timestamp":"2025-04-11 22:42:59.833"}
{"level":"info","message":"Closing existing MongoDB connection before reconnecting","service":"research-mgmt-api","timestamp":"2025-04-11 22:42:59.834"}
{"level":"warn","message":"MongoDB disconnected","service":"research-mgmt-api","timestamp":"2025-04-11 22:42:59.888"}
{"level":"warn","message":"MongoDB disconnected","service":"research-mgmt-api","timestamp":"2025-04-11 22:43:01.185"}
{"level":"warn","message":"MongoDB disconnected","service":"research-mgmt-api","timestamp":"2025-04-11 22:43:01.186"}
{"level":"info","message":"MongoDB reconnected successfully","service":"research-mgmt-api","timestamp":"2025-04-11 22:43:03.622"}
{"level":"info","message":"MongoDB reconnected successfully","service":"research-mgmt-api","timestamp":"2025-04-11 22:43:03.623"}
{"level":"info","message":"MongoDB Connected: ac-xdpuchx-shard-00-01.tvoe17p.mongodb.net","service":"research-mgmt-api","timestamp":"2025-04-11 22:43:04.319"}
{"level":"info","message":"✅ MongoDB connection established successfully","service":"research-mgmt-api","timestamp":"2025-04-11 22:43:04.319"}
{"level":"error","message":"Server startup error: callback is not a function. (In 'callback(app.server)', 'callback' is \"0.0.0.0\")","service":"research-mgmt-api","stack":"TypeError: callback is not a function. (In 'callback(app.server)', 'callback' is \"0.0.0.0\")\n    at <anonymous> (/home/swadhin/r/server/node_modules/elysia/src/adapter/bun/index.ts:104:18)\n    at listen (/home/swadhin/r/server/node_modules/elysia/src/index.ts:6370:31)\n    at <anonymous> (/home/swadhin/r/server/src/index.js:451:15)\n    at processTicksAndRejections (native:7:39)","timestamp":"2025-04-11 22:43:04.322"}
{"level":"info","message":"⚠️ Port 300001 is not available. Trying port 3000011...","service":"research-mgmt-api","timestamp":"2025-04-11 22:43:04.322"}
{"level":"info","message":"Attempting to connect to MongoDB database","service":"research-mgmt-api","timestamp":"2025-04-11 22:43:04.322"}
{"level":"info","message":"Attempting to connect to MongoDB...","service":"research-mgmt-api","timestamp":"2025-04-11 22:43:04.322"}
{"level":"info","message":"Closing existing MongoDB connection before reconnecting","service":"research-mgmt-api","timestamp":"2025-04-11 22:43:04.322"}
{"level":"warn","message":"MongoDB disconnected","service":"research-mgmt-api","timestamp":"2025-04-11 22:43:04.338"}
{"level":"warn","message":"MongoDB disconnected","service":"research-mgmt-api","timestamp":"2025-04-11 22:43:04.338"}
{"level":"info","message":"MongoDB Connected: ac-xdpuchx-shard-00-01.tvoe17p.mongodb.net","service":"research-mgmt-api","timestamp":"2025-04-11 22:43:05.517"}
{"level":"info","message":"✅ MongoDB connection established successfully","service":"research-mgmt-api","timestamp":"2025-04-11 22:43:05.517"}
{"level":"error","message":"Server startup error: callback is not a function. (In 'callback(app.server)', 'callback' is \"0.0.0.0\")","service":"research-mgmt-api","stack":"TypeError: callback is not a function. (In 'callback(app.server)', 'callback' is \"0.0.0.0\")\n    at <anonymous> (/home/swadhin/r/server/node_modules/elysia/src/adapter/bun/index.ts:104:18)\n    at listen (/home/swadhin/r/server/node_modules/elysia/src/index.ts:6370:31)\n    at <anonymous> (/home/swadhin/r/server/src/index.js:451:15)\n    at processTicksAndRejections (native:7:39)","timestamp":"2025-04-11 22:43:05.521"}
{"level":"info","message":"⚠️ Port 300002 is not available. Trying port 3000021...","service":"research-mgmt-api","timestamp":"2025-04-11 22:43:05.521"}
{"level":"info","message":"Attempting to connect to MongoDB database","service":"research-mgmt-api","timestamp":"2025-04-11 22:43:05.521"}
{"level":"info","message":"Attempting to connect to MongoDB...","service":"research-mgmt-api","timestamp":"2025-04-11 22:43:05.521"}
{"level":"info","message":"Closing existing MongoDB connection before reconnecting","service":"research-mgmt-api","timestamp":"2025-04-11 22:43:05.521"}
{"level":"warn","message":"MongoDB disconnected","service":"research-mgmt-api","timestamp":"2025-04-11 22:43:05.564"}
{"level":"warn","message":"MongoDB disconnected","service":"research-mgmt-api","timestamp":"2025-04-11 22:43:05.564"}
{"level":"warn","message":"MongoDB disconnected","service":"research-mgmt-api","timestamp":"2025-04-11 22:43:05.564"}
{"level":"info","message":"MongoDB Connected: ac-xdpuchx-shard-00-01.tvoe17p.mongodb.net","service":"research-mgmt-api","timestamp":"2025-04-11 22:43:07.487"}
{"level":"info","message":"✅ MongoDB connection established successfully","service":"research-mgmt-api","timestamp":"2025-04-11 22:43:07.487"}
{"level":"error","message":"Server startup error: callback is not a function. (In 'callback(app.server)', 'callback' is \"0.0.0.0\")","service":"research-mgmt-api","stack":"TypeError: callback is not a function. (In 'callback(app.server)', 'callback' is \"0.0.0.0\")\n    at <anonymous> (/home/swadhin/r/server/node_modules/elysia/src/adapter/bun/index.ts:104:18)\n    at listen (/home/swadhin/r/server/node_modules/elysia/src/index.ts:6370:31)\n    at <anonymous> (/home/swadhin/r/server/src/index.js:451:15)\n    at processTicksAndRejections (native:7:39)","timestamp":"2025-04-11 22:43:07.489"}
{"level":"info","message":"⚠️ Port 300003 is not available. Trying port 3000031...","service":"research-mgmt-api","timestamp":"2025-04-11 22:43:07.489"}
{"level":"info","message":"Attempting to connect to MongoDB database","service":"research-mgmt-api","timestamp":"2025-04-11 22:43:07.489"}
{"level":"info","message":"Attempting to connect to MongoDB...","service":"research-mgmt-api","timestamp":"2025-04-11 22:43:07.489"}
{"level":"info","message":"Closing existing MongoDB connection before reconnecting","service":"research-mgmt-api","timestamp":"2025-04-11 22:43:07.489"}
{"level":"warn","message":"MongoDB disconnected","service":"research-mgmt-api","timestamp":"2025-04-11 22:43:07.551"}
{"level":"warn","message":"MongoDB disconnected","service":"research-mgmt-api","timestamp":"2025-04-11 22:43:07.551"}
{"level":"warn","message":"MongoDB disconnected","service":"research-mgmt-api","timestamp":"2025-04-11 22:43:07.552"}
{"level":"warn","message":"MongoDB disconnected","service":"research-mgmt-api","timestamp":"2025-04-11 22:43:07.552"}
{"level":"info","message":"MongoDB Connected: ac-xdpuchx-shard-00-01.tvoe17p.mongodb.net","service":"research-mgmt-api","timestamp":"2025-04-11 22:43:08.795"}
{"level":"info","message":"✅ MongoDB connection established successfully","service":"research-mgmt-api","timestamp":"2025-04-11 22:43:08.795"}
{"level":"error","message":"Server startup error: callback is not a function. (In 'callback(app.server)', 'callback' is \"0.0.0.0\")","service":"research-mgmt-api","stack":"TypeError: callback is not a function. (In 'callback(app.server)', 'callback' is \"0.0.0.0\")\n    at <anonymous> (/home/swadhin/r/server/node_modules/elysia/src/adapter/bun/index.ts:104:18)\n    at listen (/home/swadhin/r/server/node_modules/elysia/src/index.ts:6370:31)\n    at <anonymous> (/home/swadhin/r/server/src/index.js:451:15)\n    at processTicksAndRejections (native:7:39)","timestamp":"2025-04-11 22:43:08.799"}
{"level":"info","message":"⚠️ Port 300004 is not available. Trying port 3000041...","service":"research-mgmt-api","timestamp":"2025-04-11 22:43:08.799"}
{"level":"info","message":"Attempting to connect to MongoDB database","service":"research-mgmt-api","timestamp":"2025-04-11 22:43:08.799"}
{"level":"info","message":"Attempting to connect to MongoDB...","service":"research-mgmt-api","timestamp":"2025-04-11 22:43:08.799"}
{"level":"info","message":"Closing existing MongoDB connection before reconnecting","service":"research-mgmt-api","timestamp":"2025-04-11 22:43:08.799"}
{"level":"warn","message":"MongoDB disconnected","service":"research-mgmt-api","timestamp":"2025-04-11 22:43:08.960"}
{"level":"warn","message":"MongoDB disconnected","service":"research-mgmt-api","timestamp":"2025-04-11 22:43:08.961"}
{"level":"warn","message":"MongoDB disconnected","service":"research-mgmt-api","timestamp":"2025-04-11 22:43:08.961"}
{"level":"warn","message":"MongoDB disconnected","service":"research-mgmt-api","timestamp":"2025-04-11 22:43:08.961"}
{"level":"warn","message":"MongoDB disconnected","service":"research-mgmt-api","timestamp":"2025-04-11 22:43:08.961"}
{"level":"info","message":"MongoDB Connected: ac-xdpuchx-shard-00-01.tvoe17p.mongodb.net","service":"research-mgmt-api","timestamp":"2025-04-11 22:43:10.301"}
{"level":"info","message":"✅ MongoDB connection established successfully","service":"research-mgmt-api","timestamp":"2025-04-11 22:43:10.301"}
{"level":"error","message":"Server startup error: callback is not a function. (In 'callback(app.server)', 'callback' is \"0.0.0.0\")","service":"research-mgmt-api","stack":"TypeError: callback is not a function. (In 'callback(app.server)', 'callback' is \"0.0.0.0\")\n    at <anonymous> (/home/swadhin/r/server/node_modules/elysia/src/adapter/bun/index.ts:104:18)\n    at listen (/home/swadhin/r/server/node_modules/elysia/src/index.ts:6370:31)\n    at <anonymous> (/home/swadhin/r/server/src/index.js:451:15)\n    at processTicksAndRejections (native:7:39)","timestamp":"2025-04-11 22:43:10.305"}
{"level":"info","message":"⚠️ Port 300005 is not available. Trying port 3000051...","service":"research-mgmt-api","timestamp":"2025-04-11 22:43:10.305"}
{"level":"info","message":"Attempting to connect to MongoDB database","service":"research-mgmt-api","timestamp":"2025-04-11 22:43:10.305"}
{"level":"info","message":"Attempting to connect to MongoDB...","service":"research-mgmt-api","timestamp":"2025-04-11 22:43:10.305"}
{"level":"info","message":"Closing existing MongoDB connection before reconnecting","service":"research-mgmt-api","timestamp":"2025-04-11 22:43:10.305"}
{"level":"warn","message":"MongoDB disconnected","service":"research-mgmt-api","timestamp":"2025-04-11 22:43:10.390"}
{"level":"warn","message":"MongoDB disconnected","service":"research-mgmt-api","timestamp":"2025-04-11 22:43:10.391"}
{"level":"warn","message":"MongoDB disconnected","service":"research-mgmt-api","timestamp":"2025-04-11 22:43:10.391"}
{"level":"warn","message":"MongoDB disconnected","service":"research-mgmt-api","timestamp":"2025-04-11 22:43:10.391"}
{"level":"warn","message":"MongoDB disconnected","service":"research-mgmt-api","timestamp":"2025-04-11 22:43:10.391"}
{"level":"warn","message":"MongoDB disconnected","service":"research-mgmt-api","timestamp":"2025-04-11 22:43:10.391"}
{"level":"info","message":"MongoDB Connected: ac-xdpuchx-shard-00-01.tvoe17p.mongodb.net","service":"research-mgmt-api","timestamp":"2025-04-11 22:43:12.748"}
{"level":"info","message":"✅ MongoDB connection established successfully","service":"research-mgmt-api","timestamp":"2025-04-11 22:43:12.749"}
{"level":"error","message":"Server startup error: callback is not a function. (In 'callback(app.server)', 'callback' is \"0.0.0.0\")","service":"research-mgmt-api","stack":"TypeError: callback is not a function. (In 'callback(app.server)', 'callback' is \"0.0.0.0\")\n    at <anonymous> (/home/swadhin/r/server/node_modules/elysia/src/adapter/bun/index.ts:104:18)\n    at listen (/home/swadhin/r/server/node_modules/elysia/src/index.ts:6370:31)\n    at <anonymous> (/home/swadhin/r/server/src/index.js:451:15)\n    at processTicksAndRejections (native:7:39)","timestamp":"2025-04-11 22:43:12.752"}
{"level":"info","message":"⚠️ Port 300006 is not available. Trying port 3000061...","service":"research-mgmt-api","timestamp":"2025-04-11 22:43:12.752"}
{"level":"info","message":"Attempting to connect to MongoDB database","service":"research-mgmt-api","timestamp":"2025-04-11 22:43:12.752"}
{"level":"info","message":"Attempting to connect to MongoDB...","service":"research-mgmt-api","timestamp":"2025-04-11 22:43:12.752"}
{"level":"info","message":"Closing existing MongoDB connection before reconnecting","service":"research-mgmt-api","timestamp":"2025-04-11 22:43:12.752"}
{"level":"warn","message":"MongoDB disconnected","service":"research-mgmt-api","timestamp":"2025-04-11 22:43:12.755"}
{"level":"warn","message":"MongoDB disconnected","service":"research-mgmt-api","timestamp":"2025-04-11 22:43:12.755"}
{"level":"warn","message":"MongoDB disconnected","service":"research-mgmt-api","timestamp":"2025-04-11 22:43:12.755"}
{"level":"warn","message":"MongoDB disconnected","service":"research-mgmt-api","timestamp":"2025-04-11 22:43:12.755"}
{"level":"warn","message":"MongoDB disconnected","service":"research-mgmt-api","timestamp":"2025-04-11 22:43:12.755"}
{"level":"warn","message":"MongoDB disconnected","service":"research-mgmt-api","timestamp":"2025-04-11 22:43:12.755"}
{"level":"warn","message":"MongoDB disconnected","service":"research-mgmt-api","timestamp":"2025-04-11 22:43:12.755"}
{"level":"info","message":"MongoDB Connected: ac-xdpuchx-shard-00-01.tvoe17p.mongodb.net","service":"research-mgmt-api","timestamp":"2025-04-11 22:43:15.048"}
{"level":"info","message":"✅ MongoDB connection established successfully","service":"research-mgmt-api","timestamp":"2025-04-11 22:43:15.049"}
{"level":"error","message":"Server startup error: callback is not a function. (In 'callback(app.server)', 'callback' is \"0.0.0.0\")","service":"research-mgmt-api","stack":"TypeError: callback is not a function. (In 'callback(app.server)', 'callback' is \"0.0.0.0\")\n    at <anonymous> (/home/swadhin/r/server/node_modules/elysia/src/adapter/bun/index.ts:104:18)\n    at listen (/home/swadhin/r/server/node_modules/elysia/src/index.ts:6370:31)\n    at <anonymous> (/home/swadhin/r/server/src/index.js:451:15)\n    at processTicksAndRejections (native:7:39)","timestamp":"2025-04-11 22:43:15.052"}
{"level":"info","message":"⚠️ Port 300007 is not available. Trying port 3000071...","service":"research-mgmt-api","timestamp":"2025-04-11 22:43:15.052"}
{"level":"info","message":"Attempting to connect to MongoDB database","service":"research-mgmt-api","timestamp":"2025-04-11 22:43:15.052"}
{"level":"info","message":"Attempting to connect to MongoDB...","service":"research-mgmt-api","timestamp":"2025-04-11 22:43:15.052"}
{"level":"info","message":"Closing existing MongoDB connection before reconnecting","service":"research-mgmt-api","timestamp":"2025-04-11 22:43:15.052"}
{"level":"warn","message":"MongoDB disconnected","service":"research-mgmt-api","timestamp":"2025-04-11 22:43:15.076"}
{"level":"warn","message":"MongoDB disconnected","service":"research-mgmt-api","timestamp":"2025-04-11 22:43:15.076"}
{"level":"warn","message":"MongoDB disconnected","service":"research-mgmt-api","timestamp":"2025-04-11 22:43:15.076"}
{"level":"warn","message":"MongoDB disconnected","service":"research-mgmt-api","timestamp":"2025-04-11 22:43:15.076"}
{"level":"warn","message":"MongoDB disconnected","service":"research-mgmt-api","timestamp":"2025-04-11 22:43:15.076"}
{"level":"warn","message":"MongoDB disconnected","service":"research-mgmt-api","timestamp":"2025-04-11 22:43:15.076"}
{"level":"warn","message":"MongoDB disconnected","service":"research-mgmt-api","timestamp":"2025-04-11 22:43:15.076"}
{"level":"warn","message":"MongoDB disconnected","service":"research-mgmt-api","timestamp":"2025-04-11 22:43:15.076"}
{"level":"info","message":"MongoDB Connected: ac-xdpuchx-shard-00-01.tvoe17p.mongodb.net","service":"research-mgmt-api","timestamp":"2025-04-11 22:43:16.376"}
{"level":"info","message":"✅ MongoDB connection established successfully","service":"research-mgmt-api","timestamp":"2025-04-11 22:43:16.376"}
{"level":"error","message":"Server startup error: callback is not a function. (In 'callback(app.server)', 'callback' is \"0.0.0.0\")","service":"research-mgmt-api","stack":"TypeError: callback is not a function. (In 'callback(app.server)', 'callback' is \"0.0.0.0\")\n    at <anonymous> (/home/swadhin/r/server/node_modules/elysia/src/adapter/bun/index.ts:104:18)\n    at listen (/home/swadhin/r/server/node_modules/elysia/src/index.ts:6370:31)\n    at <anonymous> (/home/swadhin/r/server/src/index.js:451:15)\n    at processTicksAndRejections (native:7:39)","timestamp":"2025-04-11 22:43:16.380"}
{"level":"info","message":"⚠️ Port 300008 is not available. Trying port 3000081...","service":"research-mgmt-api","timestamp":"2025-04-11 22:43:16.380"}
{"level":"info","message":"Attempting to connect to MongoDB database","service":"research-mgmt-api","timestamp":"2025-04-11 22:43:16.380"}
{"level":"info","message":"Attempting to connect to MongoDB...","service":"research-mgmt-api","timestamp":"2025-04-11 22:43:16.380"}
{"level":"info","message":"Closing existing MongoDB connection before reconnecting","service":"research-mgmt-api","timestamp":"2025-04-11 22:43:16.380"}
{"level":"warn","message":"MongoDB disconnected","service":"research-mgmt-api","timestamp":"2025-04-11 22:43:16.452"}
{"level":"warn","message":"MongoDB disconnected","service":"research-mgmt-api","timestamp":"2025-04-11 22:43:16.452"}
{"level":"warn","message":"MongoDB disconnected","service":"research-mgmt-api","timestamp":"2025-04-11 22:43:16.452"}
{"level":"warn","message":"MongoDB disconnected","service":"research-mgmt-api","timestamp":"2025-04-11 22:43:16.452"}
{"level":"warn","message":"MongoDB disconnected","service":"research-mgmt-api","timestamp":"2025-04-11 22:43:16.452"}
{"level":"warn","message":"MongoDB disconnected","service":"research-mgmt-api","timestamp":"2025-04-11 22:43:16.452"}
{"level":"warn","message":"MongoDB disconnected","service":"research-mgmt-api","timestamp":"2025-04-11 22:43:16.452"}
{"level":"warn","message":"MongoDB disconnected","service":"research-mgmt-api","timestamp":"2025-04-11 22:43:16.452"}
{"level":"warn","message":"MongoDB disconnected","service":"research-mgmt-api","timestamp":"2025-04-11 22:43:16.452"}
{"level":"info","message":"MongoDB Connected: ac-xdpuchx-shard-00-01.tvoe17p.mongodb.net","service":"research-mgmt-api","timestamp":"2025-04-11 22:43:17.624"}
{"level":"info","message":"✅ MongoDB connection established successfully","service":"research-mgmt-api","timestamp":"2025-04-11 22:43:17.625"}
{"level":"error","message":"Server startup error: callback is not a function. (In 'callback(app.server)', 'callback' is \"0.0.0.0\")","service":"research-mgmt-api","stack":"TypeError: callback is not a function. (In 'callback(app.server)', 'callback' is \"0.0.0.0\")\n    at <anonymous> (/home/swadhin/r/server/node_modules/elysia/src/adapter/bun/index.ts:104:18)\n    at listen (/home/swadhin/r/server/node_modules/elysia/src/index.ts:6370:31)\n    at <anonymous> (/home/swadhin/r/server/src/index.js:451:15)\n    at processTicksAndRejections (native:7:39)","timestamp":"2025-04-11 22:43:17.629"}
{"level":"info","message":"⚠️ Port 300009 is not available. Trying port 3000091...","service":"research-mgmt-api","timestamp":"2025-04-11 22:43:17.629"}
{"level":"info","message":"Attempting to connect to MongoDB database","service":"research-mgmt-api","timestamp":"2025-04-11 22:43:17.629"}
{"level":"info","message":"Attempting to connect to MongoDB...","service":"research-mgmt-api","timestamp":"2025-04-11 22:43:17.629"}
{"level":"info","message":"Closing existing MongoDB connection before reconnecting","service":"research-mgmt-api","timestamp":"2025-04-11 22:43:17.629"}
{"level":"warn","message":"MongoDB disconnected","service":"research-mgmt-api","timestamp":"2025-04-11 22:43:17.699"}
{"level":"warn","message":"MongoDB disconnected","service":"research-mgmt-api","timestamp":"2025-04-11 22:43:17.700"}
{"level":"warn","message":"MongoDB disconnected","service":"research-mgmt-api","timestamp":"2025-04-11 22:43:17.700"}
{"level":"warn","message":"MongoDB disconnected","service":"research-mgmt-api","timestamp":"2025-04-11 22:43:17.700"}
{"level":"warn","message":"MongoDB disconnected","service":"research-mgmt-api","timestamp":"2025-04-11 22:43:17.700"}
{"level":"warn","message":"MongoDB disconnected","service":"research-mgmt-api","timestamp":"2025-04-11 22:43:17.700"}
{"level":"warn","message":"MongoDB disconnected","service":"research-mgmt-api","timestamp":"2025-04-11 22:43:17.700"}
{"level":"warn","message":"MongoDB disconnected","service":"research-mgmt-api","timestamp":"2025-04-11 22:43:17.700"}
{"level":"warn","message":"MongoDB disconnected","service":"research-mgmt-api","timestamp":"2025-04-11 22:43:17.700"}
{"level":"warn","message":"MongoDB disconnected","service":"research-mgmt-api","timestamp":"2025-04-11 22:43:17.700"}
{"level":"info","message":"MongoDB Connected: ac-xdpuchx-shard-00-01.tvoe17p.mongodb.net","service":"research-mgmt-api","timestamp":"2025-04-11 22:43:18.726"}
{"level":"info","message":"✅ MongoDB connection established successfully","service":"research-mgmt-api","timestamp":"2025-04-11 22:43:18.727"}
{"level":"error","message":"Server startup error: callback is not a function. (In 'callback(app.server)', 'callback' is \"0.0.0.0\")","service":"research-mgmt-api","stack":"TypeError: callback is not a function. (In 'callback(app.server)', 'callback' is \"0.0.0.0\")\n    at <anonymous> (/home/swadhin/r/server/node_modules/elysia/src/adapter/bun/index.ts:104:18)\n    at listen (/home/swadhin/r/server/node_modules/elysia/src/index.ts:6370:31)\n    at <anonymous> (/home/swadhin/r/server/src/index.js:451:15)\n    at processTicksAndRejections (native:7:39)","timestamp":"2025-04-11 22:43:18.730"}
{"level":"info","message":"JWT helper initialized","service":"research-mgmt-api","timestamp":"2025-04-11 22:44:51.743"}
{"adminRoutes":true,"authRoutes":true,"level":"info","message":"Route modules loaded:","service":"research-mgmt-api","studentRoutes":true,"supervisorRoutes":true,"timestamp":"2025-04-11 22:44:51.777"}
{"level":"info","message":"Attempting to connect to MongoDB database","service":"research-mgmt-api","timestamp":"2025-04-11 22:44:51.789"}
{"level":"info","message":"Attempting to connect to MongoDB...","service":"research-mgmt-api","timestamp":"2025-04-11 22:44:51.789"}
{"level":"info","message":"MongoDB Connected: ac-xdpuchx-shard-00-01.tvoe17p.mongodb.net","service":"research-mgmt-api","timestamp":"2025-04-11 22:44:52.613"}
{"level":"info","message":"✅ MongoDB connection established successfully","service":"research-mgmt-api","timestamp":"2025-04-11 22:44:52.613"}
{"level":"info","message":"🚀 Server running on port 300000 and accessible from all network interfaces","service":"research-mgmt-api","timestamp":"2025-04-11 22:44:52.617"}
{"external":"28 MB","heapTotal":"31 MB","heapUsed":"52 MB","level":"info","message":"Memory usage stats:","rss":"210 MB","service":"research-mgmt-api","timestamp":"2025-04-11 22:49:51.797"}
{"external":"29 MB","heapTotal":"31 MB","heapUsed":"54 MB","level":"info","message":"Memory usage stats:","rss":"214 MB","service":"research-mgmt-api","timestamp":"2025-04-11 22:54:51.796"}
{"level":"info","message":"JWT helper initialized","service":"research-mgmt-api","timestamp":"2025-04-11 22:58:37.330"}
{"adminRoutes":true,"authRoutes":true,"level":"info","message":"Route modules loaded:","service":"research-mgmt-api","studentRoutes":true,"supervisorRoutes":true,"timestamp":"2025-04-11 22:58:37.363"}
{"level":"info","message":"Attempting to connect to MongoDB database","service":"research-mgmt-api","timestamp":"2025-04-11 22:58:37.376"}
{"level":"info","message":"Attempting to connect to MongoDB...","service":"research-mgmt-api","timestamp":"2025-04-11 22:58:37.376"}
{"level":"info","message":"MongoDB Connected: ac-xdpuchx-shard-00-02.tvoe17p.mongodb.net","service":"research-mgmt-api","timestamp":"2025-04-11 22:58:38.552"}
{"level":"info","message":"✅ MongoDB connection established successfully","service":"research-mgmt-api","timestamp":"2025-04-11 22:58:38.552"}
{"level":"info","message":"🚀 Server running on port 300000 and accessible from all network interfaces","service":"research-mgmt-api","timestamp":"2025-04-11 22:58:38.558"}
{"level":"info","message":"HTTP GET / - 200 (0ms)","service":"research-mgmt-api","timestamp":"2025-04-11 22:58:53.817"}
{"level":"warn","message":"Unauthorized access attempt (no/invalid Authorization header): /favicon.ico","service":"research-mgmt-api","timestamp":"2025-04-11 22:58:54.450"}
{"level":"error","message":"HTTP GET /favicon.ico - 404 (0ms) Error: Route not found","service":"research-mgmt-api","timestamp":"2025-04-11 22:58:54.450"}
{"level":"info","message":"JWT helper initialized","service":"research-mgmt-api","timestamp":"2025-04-11 22:59:05.441"}
{"adminRoutes":true,"authRoutes":true,"level":"info","message":"Route modules loaded:","service":"research-mgmt-api","studentRoutes":true,"supervisorRoutes":true,"timestamp":"2025-04-11 22:59:05.477"}
{"level":"info","message":"Attempting to connect to MongoDB database","service":"research-mgmt-api","timestamp":"2025-04-11 22:59:05.490"}
{"level":"info","message":"Attempting to connect to MongoDB...","service":"research-mgmt-api","timestamp":"2025-04-11 22:59:05.490"}
{"level":"info","message":"MongoDB Connected: ac-xdpuchx-shard-00-01.tvoe17p.mongodb.net","service":"research-mgmt-api","timestamp":"2025-04-11 22:59:07.124"}
{"level":"info","message":"✅ MongoDB connection established successfully","service":"research-mgmt-api","timestamp":"2025-04-11 22:59:07.124"}
{"level":"info","message":"🚀 Server running on port 300000 and accessible from all network interfaces","service":"research-mgmt-api","timestamp":"2025-04-11 22:59:07.129"}
{"external":"28 MB","heapTotal":"30 MB","heapUsed":"52 MB","level":"info","message":"Memory usage stats:","rss":"214 MB","service":"research-mgmt-api","timestamp":"2025-04-11 23:04:05.497"}
{"external":"29 MB","heapTotal":"31 MB","heapUsed":"54 MB","level":"info","message":"Memory usage stats:","rss":"216 MB","service":"research-mgmt-api","timestamp":"2025-04-11 23:09:05.498"}
{"level":"info","message":"JWT helper initialized","service":"research-mgmt-api","timestamp":"2025-04-11 23:13:24.007"}
{"adminRoutes":true,"authRoutes":true,"level":"info","message":"Route modules loaded:","service":"research-mgmt-api","studentRoutes":true,"supervisorRoutes":true,"timestamp":"2025-04-11 23:13:24.040"}
{"level":"info","message":"Attempting to connect to MongoDB database","service":"research-mgmt-api","timestamp":"2025-04-11 23:13:24.053"}
{"level":"info","message":"Attempting to connect to MongoDB...","service":"research-mgmt-api","timestamp":"2025-04-11 23:13:24.053"}
{"level":"warn","message":"MongoDB disconnected","service":"research-mgmt-api","timestamp":"2025-04-11 23:13:34.825"}
{"level":"info","message":"MongoDB reconnected successfully","service":"research-mgmt-api","timestamp":"2025-04-11 23:13:35.571"}
{"level":"info","message":"MongoDB Connected: ac-xdpuchx-shard-00-02.tvoe17p.mongodb.net","service":"research-mgmt-api","timestamp":"2025-04-11 23:13:36.219"}
{"level":"info","message":"✅ MongoDB connection established successfully","service":"research-mgmt-api","timestamp":"2025-04-11 23:13:36.220"}
{"level":"info","message":"🚀 Server running on port 300000 and accessible from all network interfaces","service":"research-mgmt-api","timestamp":"2025-04-11 23:13:36.225"}
{"level":"info","message":"JWT helper initialized","service":"research-mgmt-api","timestamp":"2025-04-11 23:13:56.374"}
{"adminRoutes":true,"authRoutes":true,"level":"info","message":"Route modules loaded:","service":"research-mgmt-api","studentRoutes":true,"supervisorRoutes":true,"timestamp":"2025-04-11 23:13:56.408"}
{"level":"info","message":"Attempting to connect to MongoDB database","service":"research-mgmt-api","timestamp":"2025-04-11 23:13:56.421"}
{"level":"info","message":"Attempting to connect to MongoDB...","service":"research-mgmt-api","timestamp":"2025-04-11 23:13:56.421"}
{"level":"info","message":"MongoDB Connected: ac-xdpuchx-shard-00-01.tvoe17p.mongodb.net","service":"research-mgmt-api","timestamp":"2025-04-11 23:14:13.436"}
{"level":"info","message":"✅ MongoDB connection established successfully","service":"research-mgmt-api","timestamp":"2025-04-11 23:14:13.436"}
{"level":"info","message":"🚀 Server running on port 300000 and accessible from all network interfaces","service":"research-mgmt-api","timestamp":"2025-04-11 23:14:13.443"}
{"level":"info","message":"JWT helper initialized","service":"research-mgmt-api","timestamp":"2025-04-11 23:14:33.223"}
{"adminRoutes":true,"authRoutes":true,"level":"info","message":"Route modules loaded:","service":"research-mgmt-api","studentRoutes":true,"supervisorRoutes":true,"timestamp":"2025-04-11 23:14:33.257"}
{"level":"info","message":"Attempting to connect to MongoDB database","service":"research-mgmt-api","timestamp":"2025-04-11 23:14:33.270"}
{"level":"info","message":"Attempting to connect to MongoDB...","service":"research-mgmt-api","timestamp":"2025-04-11 23:14:33.270"}
{"level":"info","message":"MongoDB Connected: ac-xdpuchx-shard-00-00.tvoe17p.mongodb.net","service":"research-mgmt-api","timestamp":"2025-04-11 23:14:34.257"}
{"level":"info","message":"✅ MongoDB connection established successfully","service":"research-mgmt-api","timestamp":"2025-04-11 23:14:34.257"}
{"level":"info","message":"🚀 Server running on port 300000 and accessible from all network interfaces","service":"research-mgmt-api","timestamp":"2025-04-11 23:14:34.262"}
{"level":"info","message":"JWT helper initialized","service":"research-mgmt-api","timestamp":"2025-04-11 23:15:27.037"}
{"adminRoutes":true,"authRoutes":true,"level":"info","message":"Route modules loaded:","service":"research-mgmt-api","studentRoutes":true,"supervisorRoutes":true,"timestamp":"2025-04-11 23:15:27.071"}
{"level":"info","message":"Attempting to connect to MongoDB database","service":"research-mgmt-api","timestamp":"2025-04-11 23:15:27.084"}
{"level":"info","message":"Attempting to connect to MongoDB...","service":"research-mgmt-api","timestamp":"2025-04-11 23:15:27.085"}
{"level":"info","message":"MongoDB Connected: ac-xdpuchx-shard-00-01.tvoe17p.mongodb.net","service":"research-mgmt-api","timestamp":"2025-04-11 23:15:30.860"}
{"level":"info","message":"✅ MongoDB connection established successfully","service":"research-mgmt-api","timestamp":"2025-04-11 23:15:30.861"}
{"level":"info","message":"🚀 Server running on port 300000 and accessible from all network interfaces","service":"research-mgmt-api","timestamp":"2025-04-11 23:15:30.866"}
{"level":"info","message":"JWT helper initialized","service":"research-mgmt-api","timestamp":"2025-04-11 23:16:01.739"}
{"adminRoutes":true,"authRoutes":true,"level":"info","message":"Route modules loaded:","service":"research-mgmt-api","studentRoutes":true,"supervisorRoutes":true,"timestamp":"2025-04-11 23:16:01.776"}
{"level":"info","message":"Attempting to connect to MongoDB database","service":"research-mgmt-api","timestamp":"2025-04-11 23:16:01.790"}
{"level":"info","message":"Attempting to connect to MongoDB...","service":"research-mgmt-api","timestamp":"2025-04-11 23:16:01.790"}
{"level":"info","message":"JWT helper initialized","service":"research-mgmt-api","timestamp":"2025-04-11 23:16:02.643"}
{"adminRoutes":true,"authRoutes":true,"level":"info","message":"Route modules loaded:","service":"research-mgmt-api","studentRoutes":true,"supervisorRoutes":true,"timestamp":"2025-04-11 23:16:02.677"}
{"level":"info","message":"Attempting to connect to MongoDB database","service":"research-mgmt-api","timestamp":"2025-04-11 23:16:02.691"}
{"level":"info","message":"Attempting to connect to MongoDB...","service":"research-mgmt-api","timestamp":"2025-04-11 23:16:02.691"}
{"level":"info","message":"MongoDB Connected: ac-xdpuchx-shard-00-00.tvoe17p.mongodb.net","service":"research-mgmt-api","timestamp":"2025-04-11 23:16:08.224"}
{"level":"info","message":"✅ MongoDB connection established successfully","service":"research-mgmt-api","timestamp":"2025-04-11 23:16:08.224"}
{"level":"info","message":"🚀 Server running on port 300000 and accessible from all network interfaces","service":"research-mgmt-api","timestamp":"2025-04-11 23:16:08.230"}
{"external":"28 MB","heapTotal":"31 MB","heapUsed":"52 MB","level":"info","message":"Memory usage stats:","rss":"211 MB","service":"research-mgmt-api","timestamp":"2025-04-11 23:21:02.699"}
{"level":"info","message":"JWT helper initialized","service":"research-mgmt-api","timestamp":"2025-04-11 23:21:10.897"}
{"adminRoutes":true,"authRoutes":true,"level":"info","message":"Route modules loaded:","service":"research-mgmt-api","studentRoutes":true,"supervisorRoutes":true,"timestamp":"2025-04-11 23:21:10.934"}
{"level":"info","message":"Attempting to connect to MongoDB database","service":"research-mgmt-api","timestamp":"2025-04-11 23:21:10.954"}
{"level":"info","message":"Attempting to connect to MongoDB...","service":"research-mgmt-api","timestamp":"2025-04-11 23:21:10.955"}
{"level":"info","message":"JWT helper initialized","service":"research-mgmt-api","timestamp":"2025-04-11 23:21:16.074"}
{"adminRoutes":true,"authRoutes":true,"level":"info","message":"Route modules loaded:","service":"research-mgmt-api","studentRoutes":true,"supervisorRoutes":true,"timestamp":"2025-04-11 23:21:16.108"}
{"level":"info","message":"Attempting to connect to MongoDB database","service":"research-mgmt-api","timestamp":"2025-04-11 23:21:16.123"}
{"level":"info","message":"Attempting to connect to MongoDB...","service":"research-mgmt-api","timestamp":"2025-04-11 23:21:16.123"}
{"level":"info","message":"MongoDB Connected: ac-xdpuchx-shard-00-00.tvoe17p.mongodb.net","service":"research-mgmt-api","timestamp":"2025-04-11 23:21:27.688"}
{"level":"info","message":"✅ MongoDB connection established successfully","service":"research-mgmt-api","timestamp":"2025-04-11 23:21:27.688"}
{"level":"info","message":"🚀 Server running on port 300000 and accessible from all network interfaces","service":"research-mgmt-api","timestamp":"2025-04-11 23:21:27.694"}
{"level":"info","message":"JWT helper initialized","service":"research-mgmt-api","timestamp":"2025-04-11 23:21:40.737"}
{"adminRoutes":true,"authRoutes":true,"level":"info","message":"Route modules loaded:","service":"research-mgmt-api","studentRoutes":true,"supervisorRoutes":true,"timestamp":"2025-04-11 23:21:40.771"}
{"level":"info","message":"Attempting to connect to MongoDB database","service":"research-mgmt-api","timestamp":"2025-04-11 23:21:40.785"}
{"level":"info","message":"Attempting to connect to MongoDB...","service":"research-mgmt-api","timestamp":"2025-04-11 23:21:40.786"}
{"level":"warn","message":"MongoDB disconnected","service":"research-mgmt-api","timestamp":"2025-04-11 23:21:46.368"}
{"level":"info","message":"MongoDB reconnected successfully","service":"research-mgmt-api","timestamp":"2025-04-11 23:21:46.395"}
{"level":"info","message":"MongoDB Connected: ac-xdpuchx-shard-00-00.tvoe17p.mongodb.net","service":"research-mgmt-api","timestamp":"2025-04-11 23:21:48.164"}
{"level":"info","message":"✅ MongoDB connection established successfully","service":"research-mgmt-api","timestamp":"2025-04-11 23:21:48.164"}
{"level":"info","message":"🚀 Server running on port 300000 and accessible from all network interfaces","service":"research-mgmt-api","timestamp":"2025-04-11 23:21:48.170"}
{"level":"info","message":"JWT helper initialized","service":"research-mgmt-api","timestamp":"2025-04-11 23:22:33.095"}
{"adminRoutes":true,"authRoutes":true,"level":"info","message":"Route modules loaded:","service":"research-mgmt-api","studentRoutes":true,"supervisorRoutes":true,"timestamp":"2025-04-11 23:22:33.130"}
{"level":"info","message":"Attempting to connect to MongoDB database","service":"research-mgmt-api","timestamp":"2025-04-11 23:22:33.146"}
{"level":"info","message":"Attempting to connect to MongoDB...","service":"research-mgmt-api","timestamp":"2025-04-11 23:22:33.146"}
{"level":"info","message":"MongoDB Connected: ac-xdpuchx-shard-00-01.tvoe17p.mongodb.net","service":"research-mgmt-api","timestamp":"2025-04-11 23:22:35.800"}
{"level":"info","message":"✅ MongoDB connection established successfully","service":"research-mgmt-api","timestamp":"2025-04-11 23:22:35.800"}
{"level":"info","message":"🚀 Server running on port 300000 and accessible from all network interfaces","service":"research-mgmt-api","timestamp":"2025-04-11 23:22:35.807"}
{"level":"error","message":"HTTP GET /api/auth/login - 404 (0ms) Error: Route not found","service":"research-mgmt-api","timestamp":"2025-04-11 23:27:06.625"}
{"external":"28 MB","heapTotal":"31 MB","heapUsed":"52 MB","level":"info","message":"Memory usage stats:","rss":"212 MB","service":"research-mgmt-api","timestamp":"2025-04-11 23:27:33.153"}
{"level":"info","message":"HTTP GET / - 200 (0ms)","service":"research-mgmt-api","timestamp":"2025-04-11 23:27:54.962"}
{"level":"info","message":"HTTP GET /health - 200 (0ms)","service":"research-mgmt-api","timestamp":"2025-04-11 23:27:54.976"}
{"level":"warn","message":"Unauthorized access attempt (no/invalid Authorization header): /api/admin/users","service":"research-mgmt-api","timestamp":"2025-04-11 23:27:54.988"}
{"level":"error","message":"HTTP GET /api/admin/users - 404 (0ms) Error: Route not found","service":"research-mgmt-api","timestamp":"2025-04-11 23:27:54.988"}
{"code":"ERR_JWS_SIGNATURE_VERIFICATION_FAILED","level":"error","message":"Error verifying JWT token: signature verification failed","name":"JWSSignatureVerificationFailed","service":"research-mgmt-api","stack":"JWSSignatureVerificationFailed: signature verification failed\n    at <anonymous> (/home/swadhin/r/server/node_modules/jose/dist/webapi/jws/flattened/verify.js:88:15)\n    at processTicksAndRejections (native:7:39)","timestamp":"2025-04-11 23:27:55.005"}
{"level":"warn","message":"Invalid token provided for: /api/admin/users","service":"research-mgmt-api","timestamp":"2025-04-11 23:27:55.005"}
{"level":"error","message":"HTTP GET /api/admin/users - 404 (0ms) Error: Route not found","service":"research-mgmt-api","timestamp":"2025-04-11 23:27:55.005"}
{"level":"info","message":"MongoDB connection state: 1","service":"research-mgmt-api","timestamp":"2025-04-11 23:27:55.026"}
{"level":"info","message":"Login attempt for user: admin@example.com","service":"research-mgmt-api","timestamp":"2025-04-11 23:27:55.026"}
{"level":"warn","message":"Login failed: No user found with email admin@example.com","service":"research-mgmt-api","timestamp":"2025-04-11 23:27:55.147"}
{"level":"error","message":"Login error: Invalid email or password","name":"UnauthorizedError","service":"research-mgmt-api","stack":"UnauthorizedError: Invalid email or password\n    at <anonymous> (/home/swadhin/r/server/src/controllers/authController.js:277:17)\n    at processTicksAndRejections (native:7:39)","status":401,"timestamp":"2025-04-11 23:27:55.147"}
{"level":"error","message":"HTTP POST /api/auth/login - 401 (122ms) Error: Invalid email or password","service":"research-mgmt-api","timestamp":"2025-04-11 23:27:55.148"}
{"level":"info","message":"MongoDB connection state: 1","service":"research-mgmt-api","timestamp":"2025-04-11 23:27:55.158"}
{"level":"info","message":"Login attempt for user: student@example.com","service":"research-mgmt-api","timestamp":"2025-04-11 23:27:55.159"}
{"level":"info","message":"Verifying password for user: student@example.com","service":"research-mgmt-api","timestamp":"2025-04-11 23:27:55.238"}
{"level":"info","message":"Login successful for user: student@example.com","service":"research-mgmt-api","timestamp":"2025-04-11 23:27:55.259"}
{"level":"info","message":"HTTP POST /api/auth/login - 200 (101ms)","service":"research-mgmt-api","timestamp":"2025-04-11 23:27:55.259"}
{"level":"info","message":"MongoDB connection state: 1","service":"research-mgmt-api","timestamp":"2025-04-11 23:27:55.273"}
{"level":"info","message":"Login attempt for user: supervisor@example.com","service":"research-mgmt-api","timestamp":"2025-04-11 23:27:55.273"}
{"level":"info","message":"Verifying password for user: supervisor@example.com","service":"research-mgmt-api","timestamp":"2025-04-11 23:27:55.347"}
{"level":"warn","message":"Login failed: Account not approved for user supervisor@example.com","service":"research-mgmt-api","timestamp":"2025-04-11 23:27:55.364"}
{"level":"error","message":"Login error: Account not approved. Please wait for administrator approval.","name":"UnauthorizedError","service":"research-mgmt-api","stack":"UnauthorizedError: Account not approved. Please wait for administrator approval.\n    at <anonymous> (/home/swadhin/r/server/src/controllers/authController.js:297:17)\n    at processTicksAndRejections (native:7:39)","status":401,"timestamp":"2025-04-11 23:27:55.364"}
{"level":"error","message":"HTTP POST /api/auth/login - 401 (91ms) Error: Account not approved. Please wait for administrator approval.","service":"research-mgmt-api","timestamp":"2025-04-11 23:27:55.364"}
{"level":"error","message":"HTTP GET /api/admin/users - 404 (0ms) Error: Route not found","service":"research-mgmt-api","timestamp":"2025-04-11 23:27:55.379"}
{"level":"info","message":"Token revoked successfully","service":"research-mgmt-api","timestamp":"2025-04-11 23:27:55.395"}
{"level":"info","message":"User 67f91c69819ac3cc84ff6958 logged out successfully","service":"research-mgmt-api","timestamp":"2025-04-11 23:27:55.396"}
{"level":"info","message":"HTTP POST /api/auth/logout - 200 (0ms)","service":"research-mgmt-api","timestamp":"2025-04-11 23:27:55.396"}
{"level":"warn","message":"Attempt to use revoked token","service":"research-mgmt-api","timestamp":"2025-04-11 23:27:55.408"}
{"level":"warn","message":"Invalid token provided for: /api/student/team","service":"research-mgmt-api","timestamp":"2025-04-11 23:27:55.408"}
{"level":"error","message":"HTTP GET /api/student/team - 404 (0ms) Error: Route not found","service":"research-mgmt-api","timestamp":"2025-04-11 23:27:55.408"}
{"level":"info","message":"JWT helper initialized","service":"research-mgmt-api","timestamp":"2025-04-11 23:29:19.592"}
{"adminRoutes":true,"authRoutes":true,"level":"info","message":"Route modules loaded:","service":"research-mgmt-api","studentRoutes":true,"supervisorRoutes":true,"timestamp":"2025-04-11 23:29:19.625"}
{"level":"info","message":"Attempting to connect to MongoDB database","service":"research-mgmt-api","timestamp":"2025-04-11 23:29:19.639"}
{"level":"info","message":"Attempting to connect to MongoDB...","service":"research-mgmt-api","timestamp":"2025-04-11 23:29:19.640"}
{"level":"info","message":"MongoDB Connected: ac-xdpuchx-shard-00-00.tvoe17p.mongodb.net","service":"research-mgmt-api","timestamp":"2025-04-11 23:29:21.514"}
{"level":"info","message":"✅ MongoDB connection established successfully","service":"research-mgmt-api","timestamp":"2025-04-11 23:29:21.515"}
{"level":"info","message":"🚀 Server running on port 300000 and accessible from all network interfaces","service":"research-mgmt-api","timestamp":"2025-04-11 23:29:21.520"}
{"level":"warn","message":"Unauthorized access attempt (no/invalid Authorization header): /notifications","service":"research-mgmt-api","timestamp":"2025-04-11 23:29:41.865"}
{"level":"error","message":"HTTP GET /notifications - 404 (0ms) Error: Route not found","service":"research-mgmt-api","timestamp":"2025-04-11 23:29:41.865"}
{"level":"warn","message":"Unauthorized access attempt (no/invalid Authorization header): /notifications/unread/count","service":"research-mgmt-api","timestamp":"2025-04-11 23:29:41.867"}
{"level":"error","message":"HTTP GET /notifications/unread/count - 404 (0ms) Error: Route not found","service":"research-mgmt-api","timestamp":"2025-04-11 23:29:41.867"}
{"level":"warn","message":"Unauthorized access attempt (no/invalid Authorization header): /api/dashboard/student","service":"research-mgmt-api","timestamp":"2025-04-11 23:29:42.160"}
{"level":"error","message":"HTTP GET /api/dashboard/student - 404 (0ms) Error: Route not found","service":"research-mgmt-api","timestamp":"2025-04-11 23:29:42.160"}
{"level":"info","message":"MongoDB connection state: 1","service":"research-mgmt-api","timestamp":"2025-04-11 23:29:58.670"}
{"level":"info","message":"Login attempt for user: teststudent1@gmail.com","service":"research-mgmt-api","timestamp":"2025-04-11 23:29:58.670"}
{"level":"info","message":"Verifying password for user: teststudent1@gmail.com","service":"research-mgmt-api","timestamp":"2025-04-11 23:29:58.775"}
{"level":"info","message":"Login successful for user: teststudent1@gmail.com","service":"research-mgmt-api","timestamp":"2025-04-11 23:29:58.793"}
{"level":"info","message":"HTTP POST /api/auth/login - 200 (124ms)","service":"research-mgmt-api","timestamp":"2025-04-11 23:29:58.793"}
{"level":"warn","message":"Unauthorized access attempt (no/invalid Authorization header): /notifications","service":"research-mgmt-api","timestamp":"2025-04-11 23:29:58.821"}
{"level":"error","message":"HTTP GET /notifications - 404 (0ms) Error: Route not found","service":"research-mgmt-api","timestamp":"2025-04-11 23:29:58.821"}
{"level":"warn","message":"Unauthorized access attempt (no/invalid Authorization header): /notifications/unread/count","service":"research-mgmt-api","timestamp":"2025-04-11 23:29:58.824"}
{"level":"error","message":"HTTP GET /notifications/unread/count - 404 (0ms) Error: Route not found","service":"research-mgmt-api","timestamp":"2025-04-11 23:29:58.824"}
{"level":"warn","message":"Unauthorized access attempt (no/invalid Authorization header): /notifications","service":"research-mgmt-api","timestamp":"2025-04-11 23:30:32.520"}
{"level":"error","message":"HTTP GET /notifications - 404 (0ms) Error: Route not found","service":"research-mgmt-api","timestamp":"2025-04-11 23:30:32.521"}
{"level":"warn","message":"Unauthorized access attempt (no/invalid Authorization header): /notifications/unread/count","service":"research-mgmt-api","timestamp":"2025-04-11 23:30:32.523"}
{"level":"error","message":"HTTP GET /notifications/unread/count - 404 (0ms) Error: Route not found","service":"research-mgmt-api","timestamp":"2025-04-11 23:30:32.523"}
{"level":"warn","message":"Unauthorized access attempt (no/invalid Authorization header): /api/dashboard/student","service":"research-mgmt-api","timestamp":"2025-04-11 23:30:32.828"}
{"level":"error","message":"HTTP GET /api/dashboard/student - 404 (0ms) Error: Route not found","service":"research-mgmt-api","timestamp":"2025-04-11 23:30:32.828"}
{"level":"info","message":"MongoDB connection state: 1","service":"research-mgmt-api","timestamp":"2025-04-11 23:30:39.641"}
{"level":"info","message":"Login attempt for user: teststudent1@gmail.com","service":"research-mgmt-api","timestamp":"2025-04-11 23:30:39.641"}
{"level":"info","message":"Verifying password for user: teststudent1@gmail.com","service":"research-mgmt-api","timestamp":"2025-04-11 23:30:39.719"}
{"level":"info","message":"Login successful for user: teststudent1@gmail.com","service":"research-mgmt-api","timestamp":"2025-04-11 23:30:39.737"}
{"level":"info","message":"HTTP POST /api/auth/login - 200 (97ms)","service":"research-mgmt-api","timestamp":"2025-04-11 23:30:39.737"}
{"level":"warn","message":"Unauthorized access attempt (no/invalid Authorization header): /notifications","service":"research-mgmt-api","timestamp":"2025-04-11 23:30:39.766"}
{"level":"error","message":"HTTP GET /notifications - 404 (0ms) Error: Route not found","service":"research-mgmt-api","timestamp":"2025-04-11 23:30:39.766"}
{"level":"warn","message":"Unauthorized access attempt (no/invalid Authorization header): /notifications/unread/count","service":"research-mgmt-api","timestamp":"2025-04-11 23:30:39.769"}
{"level":"error","message":"HTTP GET /notifications/unread/count - 404 (0ms) Error: Route not found","service":"research-mgmt-api","timestamp":"2025-04-11 23:30:39.769"}
{"external":"30 MB","heapTotal":"31 MB","heapUsed":"55 MB","level":"info","message":"Memory usage stats:","rss":"218 MB","service":"research-mgmt-api","timestamp":"2025-04-11 23:34:19.646"}
{"level":"info","message":"JWT helper initialized","service":"research-mgmt-api","timestamp":"2025-04-11 23:37:15.040"}
{"adminRoutes":true,"authRoutes":true,"level":"info","message":"Route modules loaded:","service":"research-mgmt-api","studentRoutes":true,"supervisorRoutes":true,"timestamp":"2025-04-11 23:37:15.075"}
{"level":"info","message":"Attempting to connect to MongoDB database","service":"research-mgmt-api","timestamp":"2025-04-11 23:37:15.091"}
{"level":"info","message":"Attempting to connect to MongoDB...","service":"research-mgmt-api","timestamp":"2025-04-11 23:37:15.091"}
{"level":"info","message":"MongoDB Connected: ac-xdpuchx-shard-00-02.tvoe17p.mongodb.net","service":"research-mgmt-api","timestamp":"2025-04-11 23:37:22.382"}
{"level":"info","message":"✅ MongoDB connection established successfully","service":"research-mgmt-api","timestamp":"2025-04-11 23:37:22.382"}
{"level":"info","message":"🚀 Server running on port 300000 and accessible from all network interfaces","service":"research-mgmt-api","timestamp":"2025-04-11 23:37:22.388"}
{"level":"info","message":"JWT helper initialized","service":"research-mgmt-api","timestamp":"2025-04-11 23:37:44.941"}
{"adminRoutes":true,"authRoutes":true,"level":"info","message":"Route modules loaded:","service":"research-mgmt-api","studentRoutes":true,"supervisorRoutes":true,"timestamp":"2025-04-11 23:37:44.975"}
{"level":"info","message":"Attempting to connect to MongoDB database","service":"research-mgmt-api","timestamp":"2025-04-11 23:37:44.989"}
{"level":"info","message":"Attempting to connect to MongoDB...","service":"research-mgmt-api","timestamp":"2025-04-11 23:37:44.989"}
{"level":"info","message":"JWT helper initialized","service":"research-mgmt-api","timestamp":"2025-04-11 23:37:50.152"}
{"adminRoutes":true,"authRoutes":true,"level":"info","message":"Route modules loaded:","service":"research-mgmt-api","studentRoutes":true,"supervisorRoutes":true,"timestamp":"2025-04-11 23:37:50.189"}
{"level":"info","message":"Attempting to connect to MongoDB database","service":"research-mgmt-api","timestamp":"2025-04-11 23:37:50.205"}
{"level":"info","message":"Attempting to connect to MongoDB...","service":"research-mgmt-api","timestamp":"2025-04-11 23:37:50.205"}
{"level":"info","message":"JWT helper initialized","service":"research-mgmt-api","timestamp":"2025-04-11 23:37:50.907"}
{"adminRoutes":true,"authRoutes":true,"level":"info","message":"Route modules loaded:","service":"research-mgmt-api","studentRoutes":true,"supervisorRoutes":true,"timestamp":"2025-04-11 23:37:50.941"}
{"level":"info","message":"Registered API redirect from /notifications to /api/notifications","service":"research-mgmt-api","timestamp":"2025-04-11 23:37:50.955"}
{"level":"info","message":"Registered API redirect from /notifications/unread/count to /api/notifications/unread/count","service":"research-mgmt-api","timestamp":"2025-04-11 23:37:50.955"}
{"level":"info","message":"Attempting to connect to MongoDB database","service":"research-mgmt-api","timestamp":"2025-04-11 23:37:50.956"}
{"level":"info","message":"Attempting to connect to MongoDB...","service":"research-mgmt-api","timestamp":"2025-04-11 23:37:50.956"}
{"level":"info","message":"MongoDB Connected: ac-xdpuchx-shard-00-01.tvoe17p.mongodb.net","service":"research-mgmt-api","timestamp":"2025-04-11 23:37:52.151"}
{"level":"info","message":"✅ MongoDB connection established successfully","service":"research-mgmt-api","timestamp":"2025-04-11 23:37:52.151"}
{"level":"info","message":"🚀 Server running on port 300000 and accessible from all network interfaces","service":"research-mgmt-api","timestamp":"2025-04-11 23:37:52.157"}
{"level":"info","message":"JWT helper initialized","service":"research-mgmt-api","timestamp":"2025-04-11 23:38:06.914"}
{"adminRoutes":true,"authRoutes":true,"level":"info","message":"Route modules loaded:","service":"research-mgmt-api","studentRoutes":true,"supervisorRoutes":true,"timestamp":"2025-04-11 23:38:06.947"}
{"level":"info","message":"Registered API redirect from /notifications to /api/notifications","service":"research-mgmt-api","timestamp":"2025-04-11 23:38:06.961"}
{"level":"info","message":"Registered API redirect from /notifications/unread/count to /api/notifications/unread/count","service":"research-mgmt-api","timestamp":"2025-04-11 23:38:06.961"}
{"level":"info","message":"Attempting to connect to MongoDB database","service":"research-mgmt-api","timestamp":"2025-04-11 23:38:06.961"}
{"level":"info","message":"Attempting to connect to MongoDB...","service":"research-mgmt-api","timestamp":"2025-04-11 23:38:06.961"}
{"level":"info","message":"MongoDB Connected: ac-xdpuchx-shard-00-01.tvoe17p.mongodb.net","service":"research-mgmt-api","timestamp":"2025-04-11 23:38:14.472"}
{"level":"info","message":"✅ MongoDB connection established successfully","service":"research-mgmt-api","timestamp":"2025-04-11 23:38:14.472"}
{"level":"info","message":"🚀 Server running on port 300000 and accessible from all network interfaces","service":"research-mgmt-api","timestamp":"2025-04-11 23:38:14.477"}
{"level":"info","message":"JWT helper initialized","service":"research-mgmt-api","timestamp":"2025-04-11 23:38:20.411"}
{"adminRoutes":true,"authRoutes":true,"level":"info","message":"Route modules loaded:","service":"research-mgmt-api","studentRoutes":true,"supervisorRoutes":true,"timestamp":"2025-04-11 23:38:20.447"}
{"level":"info","message":"Registered API redirect from /notifications to /api/notifications","service":"research-mgmt-api","timestamp":"2025-04-11 23:38:20.462"}
{"level":"info","message":"Registered API redirect from /notifications/unread/count to /api/notifications/unread/count","service":"research-mgmt-api","timestamp":"2025-04-11 23:38:20.463"}
{"level":"info","message":"Attempting to connect to MongoDB database","service":"research-mgmt-api","timestamp":"2025-04-11 23:38:20.463"}
{"level":"info","message":"Attempting to connect to MongoDB...","service":"research-mgmt-api","timestamp":"2025-04-11 23:38:20.463"}
{"level":"info","message":"MongoDB Connected: ac-xdpuchx-shard-00-02.tvoe17p.mongodb.net","service":"research-mgmt-api","timestamp":"2025-04-11 23:38:27.228"}
{"level":"info","message":"✅ MongoDB connection established successfully","service":"research-mgmt-api","timestamp":"2025-04-11 23:38:27.228"}
{"level":"info","message":"🚀 Server running on port 300000 and accessible from all network interfaces","service":"research-mgmt-api","timestamp":"2025-04-11 23:38:27.232"}
{"level":"info","message":"JWT helper initialized","service":"research-mgmt-api","timestamp":"2025-04-11 23:38:32.877"}
{"adminRoutes":true,"authRoutes":true,"level":"info","message":"Route modules loaded:","service":"research-mgmt-api","studentRoutes":true,"supervisorRoutes":true,"timestamp":"2025-04-11 23:38:32.913"}
{"level":"info","message":"Registered API redirect from /notifications to /api/notifications","service":"research-mgmt-api","timestamp":"2025-04-11 23:38:32.927"}
{"level":"info","message":"Registered API redirect from /notifications/unread/count to /api/notifications/unread/count","service":"research-mgmt-api","timestamp":"2025-04-11 23:38:32.927"}
{"level":"info","message":"Attempting to connect to MongoDB database","service":"research-mgmt-api","timestamp":"2025-04-11 23:38:32.928"}
{"level":"info","message":"Attempting to connect to MongoDB...","service":"research-mgmt-api","timestamp":"2025-04-11 23:38:32.928"}
{"level":"info","message":"MongoDB Connected: ac-xdpuchx-shard-00-00.tvoe17p.mongodb.net","service":"research-mgmt-api","timestamp":"2025-04-11 23:38:33.994"}
{"level":"info","message":"✅ MongoDB connection established successfully","service":"research-mgmt-api","timestamp":"2025-04-11 23:38:33.994"}
{"level":"info","message":"🚀 Server running on port 300000 and accessible from all network interfaces","service":"research-mgmt-api","timestamp":"2025-04-11 23:38:34.002"}
{"level":"info","message":"JWT helper initialized","service":"research-mgmt-api","timestamp":"2025-04-11 23:38:41.600"}
{"adminRoutes":true,"authRoutes":true,"level":"info","message":"Route modules loaded:","service":"research-mgmt-api","studentRoutes":true,"supervisorRoutes":true,"timestamp":"2025-04-11 23:38:41.634"}
{"level":"info","message":"Registered API redirect from /notifications to /api/notifications","service":"research-mgmt-api","timestamp":"2025-04-11 23:38:41.648"}
{"level":"info","message":"Registered API redirect from /notifications/unread/count to /api/notifications/unread/count","service":"research-mgmt-api","timestamp":"2025-04-11 23:38:41.648"}
{"level":"info","message":"Registered API redirect from /user/profile to /api/user/profile","service":"research-mgmt-api","timestamp":"2025-04-11 23:38:41.648"}
{"level":"info","message":"Registered API redirect from /dashboard to /api/dashboard","service":"research-mgmt-api","timestamp":"2025-04-11 23:38:41.648"}
{"level":"info","message":"Registered API redirect from /projects to /api/projects","service":"research-mgmt-api","timestamp":"2025-04-11 23:38:41.649"}
{"level":"info","message":"Registered API redirect from /sessions to /api/sessions","service":"research-mgmt-api","timestamp":"2025-04-11 23:38:41.649"}
{"level":"info","message":"Registered API redirect from /messages to /api/messages","service":"research-mgmt-api","timestamp":"2025-04-11 23:38:41.649"}
{"level":"info","message":"Registered API redirect from /calendar to /api/calendar","service":"research-mgmt-api","timestamp":"2025-04-11 23:38:41.649"}
{"level":"info","message":"Attempting to connect to MongoDB database","service":"research-mgmt-api","timestamp":"2025-04-11 23:38:41.649"}
{"level":"info","message":"Attempting to connect to MongoDB...","service":"research-mgmt-api","timestamp":"2025-04-11 23:38:41.650"}
{"level":"info","message":"MongoDB Connected: ac-xdpuchx-shard-00-02.tvoe17p.mongodb.net","service":"research-mgmt-api","timestamp":"2025-04-11 23:38:48.202"}
{"level":"info","message":"✅ MongoDB connection established successfully","service":"research-mgmt-api","timestamp":"2025-04-11 23:38:48.202"}
{"level":"info","message":"🚀 Server running on port 300000 and accessible from all network interfaces","service":"research-mgmt-api","timestamp":"2025-04-11 23:38:48.207"}
{"level":"info","message":"JWT helper initialized","service":"research-mgmt-api","timestamp":"2025-04-11 23:39:00.995"}
{"adminRoutes":true,"authRoutes":true,"level":"info","message":"Route modules loaded:","service":"research-mgmt-api","studentRoutes":true,"supervisorRoutes":true,"timestamp":"2025-04-11 23:39:01.029"}
{"level":"info","message":"Registered API redirect from /notifications to /api/notifications","service":"research-mgmt-api","timestamp":"2025-04-11 23:39:01.042"}
{"level":"info","message":"Registered API redirect from /notifications/unread/count to /api/notifications/unread/count","service":"research-mgmt-api","timestamp":"2025-04-11 23:39:01.043"}
{"level":"info","message":"Registered API redirect from /user/profile to /api/user/profile","service":"research-mgmt-api","timestamp":"2025-04-11 23:39:01.043"}
{"level":"info","message":"Registered API redirect from /dashboard to /api/dashboard","service":"research-mgmt-api","timestamp":"2025-04-11 23:39:01.043"}
{"level":"info","message":"Registered API redirect from /projects to /api/projects","service":"research-mgmt-api","timestamp":"2025-04-11 23:39:01.043"}
{"level":"info","message":"Registered API redirect from /sessions to /api/sessions","service":"research-mgmt-api","timestamp":"2025-04-11 23:39:01.043"}
{"level":"info","message":"Registered API redirect from /messages to /api/messages","service":"research-mgmt-api","timestamp":"2025-04-11 23:39:01.043"}
{"level":"info","message":"Registered API redirect from /calendar to /api/calendar","service":"research-mgmt-api","timestamp":"2025-04-11 23:39:01.044"}
{"level":"info","message":"Attempting to connect to MongoDB database","service":"research-mgmt-api","timestamp":"2025-04-11 23:39:01.044"}
{"level":"info","message":"Attempting to connect to MongoDB...","service":"research-mgmt-api","timestamp":"2025-04-11 23:39:01.044"}
{"level":"info","message":"MongoDB Connected: ac-xdpuchx-shard-00-00.tvoe17p.mongodb.net","service":"research-mgmt-api","timestamp":"2025-04-11 23:39:03.221"}
{"level":"info","message":"✅ MongoDB connection established successfully","service":"research-mgmt-api","timestamp":"2025-04-11 23:39:03.221"}
{"level":"info","message":"🚀 Server running on port 300000 and accessible from all network interfaces","service":"research-mgmt-api","timestamp":"2025-04-11 23:39:03.226"}
{"level":"info","message":"JWT helper initialized","service":"research-mgmt-api","timestamp":"2025-04-11 23:39:04.751"}
{"adminRoutes":true,"authRoutes":true,"level":"info","message":"Route modules loaded:","service":"research-mgmt-api","studentRoutes":true,"supervisorRoutes":true,"timestamp":"2025-04-11 23:39:04.786"}
{"level":"info","message":"Registered API redirect from GET /notifications to GET /api/notifications","service":"research-mgmt-api","timestamp":"2025-04-11 23:39:04.801"}
{"level":"info","message":"Registered API redirect from GET /notifications/unread/count to GET /api/notifications/unread/count","service":"research-mgmt-api","timestamp":"2025-04-11 23:39:04.801"}
{"level":"info","message":"Registered API redirect from GET /user/profile to GET /api/user/profile","service":"research-mgmt-api","timestamp":"2025-04-11 23:39:04.801"}
{"level":"info","message":"Registered API redirect from GET /dashboard to GET /api/dashboard","service":"research-mgmt-api","timestamp":"2025-04-11 23:39:04.801"}
{"level":"info","message":"Registered API redirect from GET /projects to GET /api/projects","service":"research-mgmt-api","timestamp":"2025-04-11 23:39:04.801"}
{"level":"info","message":"Registered API redirect from GET /sessions to GET /api/sessions","service":"research-mgmt-api","timestamp":"2025-04-11 23:39:04.802"}
{"level":"info","message":"Registered API redirect from GET /messages to GET /api/messages","service":"research-mgmt-api","timestamp":"2025-04-11 23:39:04.802"}
{"level":"info","message":"Registered API redirect from GET /calendar to GET /api/calendar","service":"research-mgmt-api","timestamp":"2025-04-11 23:39:04.802"}
{"level":"info","message":"Attempting to connect to MongoDB database","service":"research-mgmt-api","timestamp":"2025-04-11 23:39:04.802"}
{"level":"info","message":"Attempting to connect to MongoDB...","service":"research-mgmt-api","timestamp":"2025-04-11 23:39:04.803"}
{"level":"info","message":"MongoDB Connected: ac-xdpuchx-shard-00-02.tvoe17p.mongodb.net","service":"research-mgmt-api","timestamp":"2025-04-11 23:39:05.920"}
{"level":"info","message":"✅ MongoDB connection established successfully","service":"research-mgmt-api","timestamp":"2025-04-11 23:39:05.921"}
{"level":"info","message":"🚀 Server running on port 300000 and accessible from all network interfaces","service":"research-mgmt-api","timestamp":"2025-04-11 23:39:05.926"}
{"level":"info","message":"JWT helper initialized","service":"research-mgmt-api","timestamp":"2025-04-11 23:39:14.586"}
{"adminRoutes":true,"authRoutes":true,"level":"info","message":"Route modules loaded:","service":"research-mgmt-api","studentRoutes":true,"supervisorRoutes":true,"timestamp":"2025-04-11 23:39:14.620"}
{"level":"info","message":"Registered API redirect from GET /notifications to GET /api/notifications","service":"research-mgmt-api","timestamp":"2025-04-11 23:39:14.635"}
{"level":"info","message":"Registered API redirect from GET /notifications/unread/count to GET /api/notifications/unread/count","service":"research-mgmt-api","timestamp":"2025-04-11 23:39:14.635"}
{"level":"info","message":"Registered API redirect from GET /user/profile to GET /api/user/profile","service":"research-mgmt-api","timestamp":"2025-04-11 23:39:14.635"}
{"level":"info","message":"Registered API redirect from GET /dashboard to GET /api/dashboard","service":"research-mgmt-api","timestamp":"2025-04-11 23:39:14.635"}
{"level":"info","message":"Registered API redirect from GET /projects to GET /api/projects","service":"research-mgmt-api","timestamp":"2025-04-11 23:39:14.635"}
{"level":"info","message":"Registered API redirect from GET /sessions to GET /api/sessions","service":"research-mgmt-api","timestamp":"2025-04-11 23:39:14.635"}
{"level":"info","message":"Registered API redirect from GET /messages to GET /api/messages","service":"research-mgmt-api","timestamp":"2025-04-11 23:39:14.635"}
{"level":"info","message":"Registered API redirect from GET /calendar to GET /api/calendar","service":"research-mgmt-api","timestamp":"2025-04-11 23:39:14.636"}
{"level":"info","message":"Attempting to connect to MongoDB database","service":"research-mgmt-api","timestamp":"2025-04-11 23:39:14.636"}
{"level":"info","message":"Attempting to connect to MongoDB...","service":"research-mgmt-api","timestamp":"2025-04-11 23:39:14.636"}
{"level":"info","message":"MongoDB Connected: ac-xdpuchx-shard-00-02.tvoe17p.mongodb.net","service":"research-mgmt-api","timestamp":"2025-04-11 23:39:15.878"}
{"level":"info","message":"✅ MongoDB connection established successfully","service":"research-mgmt-api","timestamp":"2025-04-11 23:39:15.878"}
{"level":"info","message":"🚀 Server running on port 300000 and accessible from all network interfaces","service":"research-mgmt-api","timestamp":"2025-04-11 23:39:15.883"}
{"level":"info","message":"JWT helper initialized","service":"research-mgmt-api","timestamp":"2025-04-11 23:39:19.793"}
{"adminRoutes":true,"authRoutes":true,"level":"info","message":"Route modules loaded:","service":"research-mgmt-api","studentRoutes":true,"supervisorRoutes":true,"timestamp":"2025-04-11 23:39:19.828"}
{"level":"info","message":"Registered API redirect from GET /notifications to GET /api/notifications","service":"research-mgmt-api","timestamp":"2025-04-11 23:39:19.843"}
{"level":"info","message":"Registered API redirect from GET /notifications/unread/count to GET /api/notifications/unread/count","service":"research-mgmt-api","timestamp":"2025-04-11 23:39:19.843"}
{"level":"info","message":"Registered API redirect from GET /user/profile to GET /api/user/profile","service":"research-mgmt-api","timestamp":"2025-04-11 23:39:19.843"}
{"level":"info","message":"Registered API redirect from GET /dashboard to GET /api/dashboard","service":"research-mgmt-api","timestamp":"2025-04-11 23:39:19.844"}
{"level":"info","message":"Registered API redirect from GET /calendar to GET /api/calendar","service":"research-mgmt-api","timestamp":"2025-04-11 23:39:19.844"}
{"level":"info","message":"Registered API redirect from GET /projects to GET /api/projects","service":"research-mgmt-api","timestamp":"2025-04-11 23:39:19.844"}
{"level":"info","message":"Registered API redirect from POST /projects to POST /api/projects","service":"research-mgmt-api","timestamp":"2025-04-11 23:39:19.844"}
{"level":"info","message":"Registered API redirect from GET /sessions to GET /api/sessions","service":"research-mgmt-api","timestamp":"2025-04-11 23:39:19.844"}
{"level":"info","message":"Registered API redirect from POST /sessions to POST /api/sessions","service":"research-mgmt-api","timestamp":"2025-04-11 23:39:19.844"}
{"level":"info","message":"Registered API redirect from GET /messages to GET /api/messages","service":"research-mgmt-api","timestamp":"2025-04-11 23:39:19.845"}
{"level":"info","message":"Registered API redirect from POST /messages to POST /api/messages","service":"research-mgmt-api","timestamp":"2025-04-11 23:39:19.845"}
{"level":"info","message":"Registered API redirect from GET /projects/:id to GET /api/projects/:id","service":"research-mgmt-api","timestamp":"2025-04-11 23:39:19.845"}
{"level":"info","message":"Registered API redirect from PUT /projects/:id to PUT /api/projects/:id","service":"research-mgmt-api","timestamp":"2025-04-11 23:39:19.845"}
{"level":"info","message":"Registered API redirect from DELETE /projects/:id to DELETE /api/projects/:id","service":"research-mgmt-api","timestamp":"2025-04-11 23:39:19.845"}
{"level":"info","message":"Registered API redirect from GET /users/:id to GET /api/users/:id","service":"research-mgmt-api","timestamp":"2025-04-11 23:39:19.845"}
{"level":"info","message":"Registered API redirect from PUT /users/:id to PUT /api/users/:id","service":"research-mgmt-api","timestamp":"2025-04-11 23:39:19.845"}
{"level":"info","message":"Attempting to connect to MongoDB database","service":"research-mgmt-api","timestamp":"2025-04-11 23:39:19.846"}
{"level":"info","message":"Attempting to connect to MongoDB...","service":"research-mgmt-api","timestamp":"2025-04-11 23:39:19.846"}
{"level":"info","message":"MongoDB Connected: ac-xdpuchx-shard-00-01.tvoe17p.mongodb.net","service":"research-mgmt-api","timestamp":"2025-04-11 23:39:21.356"}
{"level":"info","message":"✅ MongoDB connection established successfully","service":"research-mgmt-api","timestamp":"2025-04-11 23:39:21.357"}
{"level":"info","message":"🚀 Server running on port 300000 and accessible from all network interfaces","service":"research-mgmt-api","timestamp":"2025-04-11 23:39:21.364"}
{"level":"info","message":"JWT helper initialized","service":"research-mgmt-api","timestamp":"2025-04-11 23:39:28.610"}
{"adminRoutes":true,"authRoutes":true,"level":"info","message":"Route modules loaded:","service":"research-mgmt-api","studentRoutes":true,"supervisorRoutes":true,"timestamp":"2025-04-11 23:39:28.645"}
{"level":"info","message":"Registered API redirect from GET /notifications to GET /api/notifications","service":"research-mgmt-api","timestamp":"2025-04-11 23:39:28.660"}
{"level":"info","message":"Registered API redirect from GET /notifications/unread/count to GET /api/notifications/unread/count","service":"research-mgmt-api","timestamp":"2025-04-11 23:39:28.660"}
{"level":"info","message":"Registered API redirect from GET /user/profile to GET /api/user/profile","service":"research-mgmt-api","timestamp":"2025-04-11 23:39:28.660"}
{"level":"info","message":"Registered API redirect from GET /dashboard to GET /api/dashboard","service":"research-mgmt-api","timestamp":"2025-04-11 23:39:28.660"}
{"level":"info","message":"Registered API redirect from GET /calendar to GET /api/calendar","service":"research-mgmt-api","timestamp":"2025-04-11 23:39:28.660"}
{"level":"info","message":"Registered API redirect from GET /projects to GET /api/projects","service":"research-mgmt-api","timestamp":"2025-04-11 23:39:28.661"}
{"level":"info","message":"Registered API redirect from POST /projects to POST /api/projects","service":"research-mgmt-api","timestamp":"2025-04-11 23:39:28.661"}
{"level":"info","message":"Registered API redirect from GET /sessions to GET /api/sessions","service":"research-mgmt-api","timestamp":"2025-04-11 23:39:28.661"}
{"level":"info","message":"Registered API redirect from POST /sessions to POST /api/sessions","service":"research-mgmt-api","timestamp":"2025-04-11 23:39:28.661"}
{"level":"info","message":"Registered API redirect from GET /messages to GET /api/messages","service":"research-mgmt-api","timestamp":"2025-04-11 23:39:28.661"}
{"level":"info","message":"Registered API redirect from POST /messages to POST /api/messages","service":"research-mgmt-api","timestamp":"2025-04-11 23:39:28.661"}
{"level":"info","message":"Registered API redirect from GET /projects/:id to GET /api/projects/:id","service":"research-mgmt-api","timestamp":"2025-04-11 23:39:28.661"}
{"level":"info","message":"Registered API redirect from PUT /projects/:id to PUT /api/projects/:id","service":"research-mgmt-api","timestamp":"2025-04-11 23:39:28.661"}
{"level":"info","message":"Registered API redirect from DELETE /projects/:id to DELETE /api/projects/:id","service":"research-mgmt-api","timestamp":"2025-04-11 23:39:28.662"}
{"level":"info","message":"Registered API redirect from GET /users/:id to GET /api/users/:id","service":"research-mgmt-api","timestamp":"2025-04-11 23:39:28.662"}
{"level":"info","message":"Registered API redirect from PUT /users/:id to PUT /api/users/:id","service":"research-mgmt-api","timestamp":"2025-04-11 23:39:28.662"}
{"level":"info","message":"Attempting to connect to MongoDB database","service":"research-mgmt-api","timestamp":"2025-04-11 23:39:28.662"}
{"level":"info","message":"Attempting to connect to MongoDB...","service":"research-mgmt-api","timestamp":"2025-04-11 23:39:28.663"}
{"error":"Failed to start server. Is port 30000 in use?","level":"error","location":"uncaughtException handler","message":"Uncaught Exception:","service":"research-mgmt-api","stack":"Error: Failed to start server. Is port 30000 in use?\n    at serve (unknown)\n    at bun:main:12:28\n    at moduleEvaluation (native)\n    at <anonymous> (native:2)\n    at processTicksAndRejections (native:7:39)","timestamp":"2025-04-11 23:39:28.675"}
{"level":"warn","message":"Unauthorized access attempt (no/invalid Authorization header): /notifications","service":"research-mgmt-api","timestamp":"2025-04-11 23:40:47.146"}
{"level":"warn","message":"Unauthorized access attempt (no/invalid Authorization header): GET /notifications","service":"research-mgmt-api","timestamp":"2025-04-11 23:40:47.146"}
{"level":"error","message":"HTTP GET /notifications - 401 (0ms) Error: Authentication required","service":"research-mgmt-api","timestamp":"2025-04-11 23:40:47.147"}
{"level":"warn","message":"Unauthorized access attempt (no/invalid Authorization header): /notifications/unread/count","service":"research-mgmt-api","timestamp":"2025-04-11 23:40:47.148"}
{"level":"warn","message":"Unauthorized access attempt (no/invalid Authorization header): GET /notifications/unread/count","service":"research-mgmt-api","timestamp":"2025-04-11 23:40:47.148"}
{"level":"error","message":"HTTP GET /notifications/unread/count - 401 (0ms) Error: Authentication required","service":"research-mgmt-api","timestamp":"2025-04-11 23:40:47.148"}
{"level":"warn","message":"Unauthorized access attempt (no/invalid Authorization header): /api/dashboard/student","service":"research-mgmt-api","timestamp":"2025-04-11 23:40:47.449"}
{"level":"error","message":"HTTP GET /api/dashboard/student - 404 (0ms) Error: Route not found","service":"research-mgmt-api","timestamp":"2025-04-11 23:40:47.449"}
{"level":"warn","message":"Unauthorized access attempt (no/invalid Authorization header): /api/dashboard/student","service":"research-mgmt-api","timestamp":"2025-04-11 23:41:05.263"}
{"level":"error","message":"HTTP GET /api/dashboard/student - 404 (0ms) Error: Route not found","service":"research-mgmt-api","timestamp":"2025-04-11 23:41:05.264"}
{"level":"warn","message":"Unauthorized access attempt (no/invalid Authorization header): /api/api/dashboard/student","service":"research-mgmt-api","timestamp":"2025-04-11 23:41:14.315"}
{"level":"error","message":"HTTP GET /api/api/dashboard/student - 404 (0ms) Error: Route not found","service":"research-mgmt-api","timestamp":"2025-04-11 23:41:14.316"}
{"level":"warn","message":"Unauthorized access attempt (no/invalid Authorization header): /api/notifications","service":"research-mgmt-api","timestamp":"2025-04-11 23:42:29.354"}
{"level":"warn","message":"HTTP GET /api/notifications - 401 (0ms)","service":"research-mgmt-api","timestamp":"2025-04-11 23:42:29.354"}
{"level":"warn","message":"Unauthorized access attempt (no/invalid Authorization header): /api/notifications/unread/count","service":"research-mgmt-api","timestamp":"2025-04-11 23:42:29.355"}
{"level":"warn","message":"HTTP GET /api/notifications/unread/count - 401 (0ms)","service":"research-mgmt-api","timestamp":"2025-04-11 23:42:29.355"}
{"level":"warn","message":"Unauthorized access attempt (no/invalid Authorization header): /api/notifications","service":"research-mgmt-api","timestamp":"2025-04-11 23:42:31.844"}
{"level":"warn","message":"HTTP GET /api/notifications - 401 (0ms)","service":"research-mgmt-api","timestamp":"2025-04-11 23:42:31.845"}
{"level":"warn","message":"Unauthorized access attempt (no/invalid Authorization header): /api/notifications/unread/count","service":"research-mgmt-api","timestamp":"2025-04-11 23:42:31.846"}
{"level":"warn","message":"HTTP GET /api/notifications/unread/count - 401 (0ms)","service":"research-mgmt-api","timestamp":"2025-04-11 23:42:31.846"}
{"level":"warn","message":"Unauthorized access attempt (no/invalid Authorization header): /api/dashboard/student","service":"research-mgmt-api","timestamp":"2025-04-11 23:42:32.286"}
{"level":"error","message":"HTTP GET /api/dashboard/student - 404 (0ms) Error: Route not found","service":"research-mgmt-api","timestamp":"2025-04-11 23:42:32.286"}
{"level":"warn","message":"Unauthorized access attempt (no/invalid Authorization header): /api/notifications","service":"research-mgmt-api","timestamp":"2025-04-11 23:42:33.853"}
{"level":"warn","message":"HTTP GET /api/notifications - 401 (0ms)","service":"research-mgmt-api","timestamp":"2025-04-11 23:42:33.853"}
{"level":"warn","message":"Unauthorized access attempt (no/invalid Authorization header): /api/notifications/unread/count","service":"research-mgmt-api","timestamp":"2025-04-11 23:42:33.854"}
{"level":"warn","message":"HTTP GET /api/notifications/unread/count - 401 (0ms)","service":"research-mgmt-api","timestamp":"2025-04-11 23:42:33.854"}
{"level":"warn","message":"Unauthorized access attempt (no/invalid Authorization header): /api/dashboard/student","service":"research-mgmt-api","timestamp":"2025-04-11 23:42:34.307"}
{"level":"error","message":"HTTP GET /api/dashboard/student - 404 (0ms) Error: Route not found","service":"research-mgmt-api","timestamp":"2025-04-11 23:42:34.307"}
{"level":"warn","message":"Unauthorized access attempt (no/invalid Authorization header): /api/notifications","service":"research-mgmt-api","timestamp":"2025-04-11 23:42:35.860"}
{"level":"warn","message":"HTTP GET /api/notifications - 401 (0ms)","service":"research-mgmt-api","timestamp":"2025-04-11 23:42:35.861"}
{"level":"warn","message":"Unauthorized access attempt (no/invalid Authorization header): /api/notifications/unread/count","service":"research-mgmt-api","timestamp":"2025-04-11 23:42:35.861"}
{"level":"warn","message":"HTTP GET /api/notifications/unread/count - 401 (0ms)","service":"research-mgmt-api","timestamp":"2025-04-11 23:42:35.861"}
{"level":"warn","message":"Unauthorized access attempt (no/invalid Authorization header): /api/dashboard/student","service":"research-mgmt-api","timestamp":"2025-04-11 23:42:36.300"}
{"level":"error","message":"HTTP GET /api/dashboard/student - 404 (0ms) Error: Route not found","service":"research-mgmt-api","timestamp":"2025-04-11 23:42:36.300"}
{"level":"warn","message":"Unauthorized access attempt (no/invalid Authorization header): /api/notifications","service":"research-mgmt-api","timestamp":"2025-04-11 23:42:37.896"}
{"level":"warn","message":"HTTP GET /api/notifications - 401 (0ms)","service":"research-mgmt-api","timestamp":"2025-04-11 23:42:37.897"}
{"level":"warn","message":"Unauthorized access attempt (no/invalid Authorization header): /api/notifications/unread/count","service":"research-mgmt-api","timestamp":"2025-04-11 23:42:37.898"}
{"level":"warn","message":"HTTP GET /api/notifications/unread/count - 401 (0ms)","service":"research-mgmt-api","timestamp":"2025-04-11 23:42:37.898"}
{"level":"warn","message":"Unauthorized access attempt (no/invalid Authorization header): /api/dashboard/student","service":"research-mgmt-api","timestamp":"2025-04-11 23:42:38.388"}
{"level":"error","message":"HTTP GET /api/dashboard/student - 404 (0ms) Error: Route not found","service":"research-mgmt-api","timestamp":"2025-04-11 23:42:38.388"}
{"level":"warn","message":"Unauthorized access attempt (no/invalid Authorization header): /api/notifications","service":"research-mgmt-api","timestamp":"2025-04-11 23:42:39.813"}
{"level":"warn","message":"HTTP GET /api/notifications - 401 (0ms)","service":"research-mgmt-api","timestamp":"2025-04-11 23:42:39.814"}
{"level":"warn","message":"Unauthorized access attempt (no/invalid Authorization header): /api/notifications/unread/count","service":"research-mgmt-api","timestamp":"2025-04-11 23:42:39.814"}
{"level":"warn","message":"HTTP GET /api/notifications/unread/count - 401 (0ms)","service":"research-mgmt-api","timestamp":"2025-04-11 23:42:39.815"}
{"level":"warn","message":"Unauthorized access attempt (no/invalid Authorization header): /api/dashboard/student","service":"research-mgmt-api","timestamp":"2025-04-11 23:42:40.300"}
{"level":"error","message":"HTTP GET /api/dashboard/student - 404 (0ms) Error: Route not found","service":"research-mgmt-api","timestamp":"2025-04-11 23:42:40.301"}
{"level":"warn","message":"Unauthorized access attempt (no/invalid Authorization header): /api/notifications","service":"research-mgmt-api","timestamp":"2025-04-11 23:42:41.823"}
{"level":"warn","message":"HTTP GET /api/notifications - 401 (0ms)","service":"research-mgmt-api","timestamp":"2025-04-11 23:42:41.823"}
{"level":"warn","message":"Unauthorized access attempt (no/invalid Authorization header): /api/notifications/unread/count","service":"research-mgmt-api","timestamp":"2025-04-11 23:42:41.823"}
{"level":"warn","message":"HTTP GET /api/notifications/unread/count - 401 (0ms)","service":"research-mgmt-api","timestamp":"2025-04-11 23:42:41.823"}
{"level":"warn","message":"Unauthorized access attempt (no/invalid Authorization header): /api/dashboard/student","service":"research-mgmt-api","timestamp":"2025-04-11 23:42:42.260"}
{"level":"error","message":"HTTP GET /api/dashboard/student - 404 (0ms) Error: Route not found","service":"research-mgmt-api","timestamp":"2025-04-11 23:42:42.260"}
{"level":"warn","message":"Unauthorized access attempt (no/invalid Authorization header): /api/notifications","service":"research-mgmt-api","timestamp":"2025-04-11 23:42:43.816"}
{"level":"warn","message":"HTTP GET /api/notifications - 401 (0ms)","service":"research-mgmt-api","timestamp":"2025-04-11 23:42:43.817"}
{"level":"warn","message":"Unauthorized access attempt (no/invalid Authorization header): /api/notifications/unread/count","service":"research-mgmt-api","timestamp":"2025-04-11 23:42:43.818"}
{"level":"warn","message":"HTTP GET /api/notifications/unread/count - 401 (0ms)","service":"research-mgmt-api","timestamp":"2025-04-11 23:42:43.818"}
{"level":"warn","message":"Unauthorized access attempt (no/invalid Authorization header): /api/dashboard/student","service":"research-mgmt-api","timestamp":"2025-04-11 23:42:44.231"}
{"level":"error","message":"HTTP GET /api/dashboard/student - 404 (0ms) Error: Route not found","service":"research-mgmt-api","timestamp":"2025-04-11 23:42:44.231"}
{"level":"warn","message":"Unauthorized access attempt (no/invalid Authorization header): /api/notifications","service":"research-mgmt-api","timestamp":"2025-04-11 23:42:45.849"}
{"level":"warn","message":"HTTP GET /api/notifications - 401 (0ms)","service":"research-mgmt-api","timestamp":"2025-04-11 23:42:45.849"}
{"level":"warn","message":"Unauthorized access attempt (no/invalid Authorization header): /api/notifications/unread/count","service":"research-mgmt-api","timestamp":"2025-04-11 23:42:45.850"}
{"level":"warn","message":"HTTP GET /api/notifications/unread/count - 401 (0ms)","service":"research-mgmt-api","timestamp":"2025-04-11 23:42:45.850"}
{"level":"warn","message":"Unauthorized access attempt (no/invalid Authorization header): /api/dashboard/student","service":"research-mgmt-api","timestamp":"2025-04-11 23:42:46.301"}
{"level":"error","message":"HTTP GET /api/dashboard/student - 404 (0ms) Error: Route not found","service":"research-mgmt-api","timestamp":"2025-04-11 23:42:46.301"}
{"level":"warn","message":"Unauthorized access attempt (no/invalid Authorization header): /api/notifications","service":"research-mgmt-api","timestamp":"2025-04-11 23:42:47.756"}
{"level":"warn","message":"HTTP GET /api/notifications - 401 (0ms)","service":"research-mgmt-api","timestamp":"2025-04-11 23:42:47.756"}
{"level":"warn","message":"Unauthorized access attempt (no/invalid Authorization header): /api/notifications/unread/count","service":"research-mgmt-api","timestamp":"2025-04-11 23:42:47.758"}
{"level":"warn","message":"HTTP GET /api/notifications/unread/count - 401 (0ms)","service":"research-mgmt-api","timestamp":"2025-04-11 23:42:47.758"}
{"level":"warn","message":"Unauthorized access attempt (no/invalid Authorization header): /api/dashboard/student","service":"research-mgmt-api","timestamp":"2025-04-11 23:42:48.125"}
{"level":"error","message":"HTTP GET /api/dashboard/student - 404 (0ms) Error: Route not found","service":"research-mgmt-api","timestamp":"2025-04-11 23:42:48.126"}
{"level":"warn","message":"Unauthorized access attempt (no/invalid Authorization header): /api/notifications","service":"research-mgmt-api","timestamp":"2025-04-11 23:42:49.090"}
{"level":"warn","message":"HTTP GET /api/notifications - 401 (0ms)","service":"research-mgmt-api","timestamp":"2025-04-11 23:42:49.090"}
{"level":"warn","message":"Unauthorized access attempt (no/invalid Authorization header): /api/notifications/unread/count","service":"research-mgmt-api","timestamp":"2025-04-11 23:42:49.091"}
{"level":"warn","message":"HTTP GET /api/notifications/unread/count - 401 (0ms)","service":"research-mgmt-api","timestamp":"2025-04-11 23:42:49.091"}
{"level":"warn","message":"Unauthorized access attempt (no/invalid Authorization header): /api/dashboard/student","service":"research-mgmt-api","timestamp":"2025-04-11 23:42:49.440"}
{"level":"error","message":"HTTP GET /api/dashboard/student - 404 (0ms) Error: Route not found","service":"research-mgmt-api","timestamp":"2025-04-11 23:42:49.440"}
{"level":"warn","message":"Unauthorized access attempt (no/invalid Authorization header): /api/notifications","service":"research-mgmt-api","timestamp":"2025-04-11 23:42:49.830"}
{"level":"warn","message":"HTTP GET /api/notifications - 401 (0ms)","service":"research-mgmt-api","timestamp":"2025-04-11 23:42:49.831"}
{"level":"warn","message":"Unauthorized access attempt (no/invalid Authorization header): /api/notifications/unread/count","service":"research-mgmt-api","timestamp":"2025-04-11 23:42:49.833"}
{"level":"warn","message":"HTTP GET /api/notifications/unread/count - 401 (0ms)","service":"research-mgmt-api","timestamp":"2025-04-11 23:42:49.833"}
{"level":"warn","message":"Unauthorized access attempt (no/invalid Authorization header): /api/dashboard/student","service":"research-mgmt-api","timestamp":"2025-04-11 23:42:50.319"}
{"level":"error","message":"HTTP GET /api/dashboard/student - 404 (0ms) Error: Route not found","service":"research-mgmt-api","timestamp":"2025-04-11 23:42:50.320"}
{"level":"warn","message":"Unauthorized access attempt (no/invalid Authorization header): /api/notifications","service":"research-mgmt-api","timestamp":"2025-04-11 23:42:50.621"}
{"level":"warn","message":"HTTP GET /api/notifications - 401 (0ms)","service":"research-mgmt-api","timestamp":"2025-04-11 23:42:50.621"}
{"level":"warn","message":"Unauthorized access attempt (no/invalid Authorization header): /api/notifications/unread/count","service":"research-mgmt-api","timestamp":"2025-04-11 23:42:50.622"}
{"level":"warn","message":"HTTP GET /api/notifications/unread/count - 401 (0ms)","service":"research-mgmt-api","timestamp":"2025-04-11 23:42:50.623"}
{"level":"warn","message":"Unauthorized access attempt (no/invalid Authorization header): /api/dashboard/student","service":"research-mgmt-api","timestamp":"2025-04-11 23:42:50.912"}
{"level":"error","message":"HTTP GET /api/dashboard/student - 404 (0ms) Error: Route not found","service":"research-mgmt-api","timestamp":"2025-04-11 23:42:50.913"}
{"level":"warn","message":"Unauthorized access attempt (no/invalid Authorization header): /api/notifications","service":"research-mgmt-api","timestamp":"2025-04-11 23:42:51.848"}
{"level":"warn","message":"HTTP GET /api/notifications - 401 (0ms)","service":"research-mgmt-api","timestamp":"2025-04-11 23:42:51.848"}
{"level":"warn","message":"Unauthorized access attempt (no/invalid Authorization header): /api/notifications/unread/count","service":"research-mgmt-api","timestamp":"2025-04-11 23:42:51.850"}
{"level":"warn","message":"HTTP GET /api/notifications/unread/count - 401 (0ms)","service":"research-mgmt-api","timestamp":"2025-04-11 23:42:51.850"}
{"level":"warn","message":"Unauthorized access attempt (no/invalid Authorization header): /api/notifications","service":"research-mgmt-api","timestamp":"2025-04-11 23:42:52.185"}
{"level":"warn","message":"HTTP GET /api/notifications - 401 (0ms)","service":"research-mgmt-api","timestamp":"2025-04-11 23:42:52.185"}
{"level":"warn","message":"Unauthorized access attempt (no/invalid Authorization header): /api/notifications/unread/count","service":"research-mgmt-api","timestamp":"2025-04-11 23:42:52.188"}
{"level":"warn","message":"HTTP GET /api/notifications/unread/count - 401 (0ms)","service":"research-mgmt-api","timestamp":"2025-04-11 23:42:52.188"}
{"level":"warn","message":"Unauthorized access attempt (no/invalid Authorization header): /api/dashboard/student","service":"research-mgmt-api","timestamp":"2025-04-11 23:42:52.284"}
{"level":"error","message":"HTTP GET /api/dashboard/student - 404 (0ms) Error: Route not found","service":"research-mgmt-api","timestamp":"2025-04-11 23:42:52.285"}
{"level":"warn","message":"Unauthorized access attempt (no/invalid Authorization header): /api/dashboard/student","service":"research-mgmt-api","timestamp":"2025-04-11 23:42:52.489"}
{"level":"error","message":"HTTP GET /api/dashboard/student - 404 (0ms) Error: Route not found","service":"research-mgmt-api","timestamp":"2025-04-11 23:42:52.489"}
{"level":"warn","message":"Unauthorized access attempt (no/invalid Authorization header): /api/notifications","service":"research-mgmt-api","timestamp":"2025-04-11 23:42:53.749"}
{"level":"warn","message":"HTTP GET /api/notifications - 401 (0ms)","service":"research-mgmt-api","timestamp":"2025-04-11 23:42:53.749"}
{"level":"warn","message":"Unauthorized access attempt (no/invalid Authorization header): /api/notifications/unread/count","service":"research-mgmt-api","timestamp":"2025-04-11 23:42:53.752"}
{"level":"warn","message":"HTTP GET /api/notifications/unread/count - 401 (0ms)","service":"research-mgmt-api","timestamp":"2025-04-11 23:42:53.752"}
{"level":"warn","message":"Unauthorized access attempt (no/invalid Authorization header): /api/notifications","service":"research-mgmt-api","timestamp":"2025-04-11 23:42:53.959"}
{"level":"warn","message":"HTTP GET /api/notifications - 401 (0ms)","service":"research-mgmt-api","timestamp":"2025-04-11 23:42:53.959"}
{"level":"warn","message":"Unauthorized access attempt (no/invalid Authorization header): /api/notifications/unread/count","service":"research-mgmt-api","timestamp":"2025-04-11 23:42:53.960"}
{"level":"warn","message":"HTTP GET /api/notifications/unread/count - 401 (0ms)","service":"research-mgmt-api","timestamp":"2025-04-11 23:42:53.961"}
{"level":"warn","message":"Unauthorized access attempt (no/invalid Authorization header): /api/dashboard/student","service":"research-mgmt-api","timestamp":"2025-04-11 23:42:54.052"}
{"level":"error","message":"HTTP GET /api/dashboard/student - 404 (0ms) Error: Route not found","service":"research-mgmt-api","timestamp":"2025-04-11 23:42:54.052"}
{"level":"warn","message":"Unauthorized access attempt (no/invalid Authorization header): /api/dashboard/student","service":"research-mgmt-api","timestamp":"2025-04-11 23:42:54.420"}
{"level":"error","message":"HTTP GET /api/dashboard/student - 404 (0ms) Error: Route not found","service":"research-mgmt-api","timestamp":"2025-04-11 23:42:54.420"}
{"level":"warn","message":"Unauthorized access attempt (no/invalid Authorization header): /api/notifications","service":"research-mgmt-api","timestamp":"2025-04-11 23:42:55.284"}
{"level":"warn","message":"HTTP GET /api/notifications - 401 (0ms)","service":"research-mgmt-api","timestamp":"2025-04-11 23:42:55.284"}
{"level":"warn","message":"Unauthorized access attempt (no/invalid Authorization header): /api/notifications/unread/count","service":"research-mgmt-api","timestamp":"2025-04-11 23:42:55.285"}
{"level":"warn","message":"HTTP GET /api/notifications/unread/count - 401 (0ms)","service":"research-mgmt-api","timestamp":"2025-04-11 23:42:55.285"}
{"level":"warn","message":"Unauthorized access attempt (no/invalid Authorization header): /api/dashboard/student","service":"research-mgmt-api","timestamp":"2025-04-11 23:42:55.588"}
{"level":"error","message":"HTTP GET /api/dashboard/student - 404 (0ms) Error: Route not found","service":"research-mgmt-api","timestamp":"2025-04-11 23:42:55.588"}
{"level":"warn","message":"Unauthorized access attempt (no/invalid Authorization header): /api/notifications","service":"research-mgmt-api","timestamp":"2025-04-11 23:42:55.873"}
{"level":"warn","message":"HTTP GET /api/notifications - 401 (0ms)","service":"research-mgmt-api","timestamp":"2025-04-11 23:42:55.873"}
{"level":"warn","message":"Unauthorized access attempt (no/invalid Authorization header): /api/notifications/unread/count","service":"research-mgmt-api","timestamp":"2025-04-11 23:42:55.874"}
{"level":"warn","message":"HTTP GET /api/notifications/unread/count - 401 (0ms)","service":"research-mgmt-api","timestamp":"2025-04-11 23:42:55.874"}
{"level":"warn","message":"Unauthorized access attempt (no/invalid Authorization header): /api/dashboard/student","service":"research-mgmt-api","timestamp":"2025-04-11 23:42:56.302"}
{"level":"error","message":"HTTP GET /api/dashboard/student - 404 (0ms) Error: Route not found","service":"research-mgmt-api","timestamp":"2025-04-11 23:42:56.302"}
{"level":"warn","message":"Unauthorized access attempt (no/invalid Authorization header): /api/notifications","service":"research-mgmt-api","timestamp":"2025-04-11 23:42:56.788"}
{"level":"warn","message":"HTTP GET /api/notifications - 401 (0ms)","service":"research-mgmt-api","timestamp":"2025-04-11 23:42:56.788"}
{"level":"warn","message":"Unauthorized access attempt (no/invalid Authorization header): /api/notifications/unread/count","service":"research-mgmt-api","timestamp":"2025-04-11 23:42:56.789"}
{"level":"warn","message":"HTTP GET /api/notifications/unread/count - 401 (0ms)","service":"research-mgmt-api","timestamp":"2025-04-11 23:42:56.789"}
{"level":"warn","message":"Unauthorized access attempt (no/invalid Authorization header): /api/dashboard/student","service":"research-mgmt-api","timestamp":"2025-04-11 23:42:57.071"}
{"level":"error","message":"HTTP GET /api/dashboard/student - 404 (0ms) Error: Route not found","service":"research-mgmt-api","timestamp":"2025-04-11 23:42:57.071"}
{"level":"warn","message":"Unauthorized access attempt (no/invalid Authorization header): /api/notifications","service":"research-mgmt-api","timestamp":"2025-04-11 23:42:57.881"}
{"level":"warn","message":"HTTP GET /api/notifications - 401 (0ms)","service":"research-mgmt-api","timestamp":"2025-04-11 23:42:57.881"}
{"level":"error","message":"Application error: Too many requests, please try again later","service":"research-mgmt-api","stack":"Error: Too many requests, please try again later\n    at <anonymous> (/home/swadhin/r/server/src/index.js:306:15)\n    at <anonymous> (file:///home/swadhin/r/server/node_modules/elysia/dist/bun/index.js:23:13)\n    at processTicksAndRejections (native:7:39)","timestamp":"2025-04-11 23:42:57.883"}
{"level":"error","message":"Application error: Too many requests, please try again later","service":"research-mgmt-api","stack":"Error: Too many requests, please try again later\n    at <anonymous> (/home/swadhin/r/server/src/index.js:306:15)\n    at <anonymous> (file:///home/swadhin/r/server/node_modules/elysia/dist/bun/index.js:23:13)\n    at processTicksAndRejections (native:7:39)","timestamp":"2025-04-11 23:42:58.371"}
{"level":"error","message":"Application error: Too many requests, please try again later","service":"research-mgmt-api","stack":"Error: Too many requests, please try again later\n    at <anonymous> (/home/swadhin/r/server/src/index.js:306:15)\n    at <anonymous> (file:///home/swadhin/r/server/node_modules/elysia/dist/bun/index.js:23:13)\n    at processTicksAndRejections (native:7:39)","timestamp":"2025-04-11 23:42:59.807"}
{"level":"error","message":"Application error: Too many requests, please try again later","service":"research-mgmt-api","stack":"Error: Too many requests, please try again later\n    at <anonymous> (/home/swadhin/r/server/src/index.js:306:15)\n    at <anonymous> (file:///home/swadhin/r/server/node_modules/elysia/dist/bun/index.js:23:13)\n    at processTicksAndRejections (native:7:39)","timestamp":"2025-04-11 23:42:59.809"}
{"level":"error","message":"Application error: Too many requests, please try again later","service":"research-mgmt-api","stack":"Error: Too many requests, please try again later\n    at <anonymous> (/home/swadhin/r/server/src/index.js:306:15)\n    at <anonymous> (file:///home/swadhin/r/server/node_modules/elysia/dist/bun/index.js:23:13)\n    at processTicksAndRejections (native:7:39)","timestamp":"2025-04-11 23:43:00.320"}
{"level":"error","message":"Application error: Too many requests, please try again later","service":"research-mgmt-api","stack":"Error: Too many requests, please try again later\n    at <anonymous> (/home/swadhin/r/server/src/index.js:306:15)\n    at <anonymous> (file:///home/swadhin/r/server/node_modules/elysia/dist/bun/index.js:23:13)\n    at processTicksAndRejections (native:7:39)","timestamp":"2025-04-11 23:43:10.782"}
{"level":"error","message":"Application error: Too many requests, please try again later","service":"research-mgmt-api","stack":"Error: Too many requests, please try again later\n    at <anonymous> (/home/swadhin/r/server/src/index.js:306:15)\n    at <anonymous> (file:///home/swadhin/r/server/node_modules/elysia/dist/bun/index.js:23:13)\n    at processTicksAndRejections (native:7:39)","timestamp":"2025-04-11 23:43:10.783"}
{"level":"error","message":"Application error: Too many requests, please try again later","service":"research-mgmt-api","stack":"Error: Too many requests, please try again later\n    at <anonymous> (/home/swadhin/r/server/src/index.js:306:15)\n    at <anonymous> (file:///home/swadhin/r/server/node_modules/elysia/dist/bun/index.js:23:13)\n    at processTicksAndRejections (native:7:39)","timestamp":"2025-04-11 23:43:11.207"}
{"level":"error","message":"Application error: Too many requests, please try again later","service":"research-mgmt-api","stack":"Error: Too many requests, please try again later\n    at <anonymous> (/home/swadhin/r/server/src/index.js:306:15)\n    at <anonymous> (file:///home/swadhin/r/server/node_modules/elysia/dist/bun/index.js:23:13)\n    at processTicksAndRejections (native:7:39)","timestamp":"2025-04-11 23:43:11.730"}
{"level":"error","message":"Application error: Too many requests, please try again later","service":"research-mgmt-api","stack":"Error: Too many requests, please try again later\n    at <anonymous> (/home/swadhin/r/server/src/index.js:306:15)\n    at <anonymous> (file:///home/swadhin/r/server/node_modules/elysia/dist/bun/index.js:23:13)\n    at processTicksAndRejections (native:7:39)","timestamp":"2025-04-11 23:43:11.731"}
{"level":"error","message":"Application error: Too many requests, please try again later","service":"research-mgmt-api","stack":"Error: Too many requests, please try again later\n    at <anonymous> (/home/swadhin/r/server/src/index.js:306:15)\n    at <anonymous> (file:///home/swadhin/r/server/node_modules/elysia/dist/bun/index.js:23:13)\n    at processTicksAndRejections (native:7:39)","timestamp":"2025-04-11 23:43:12.112"}
{"level":"warn","message":"Unauthorized access attempt (no/invalid Authorization header): /api/notifications","service":"research-mgmt-api","timestamp":"2025-04-11 23:43:57.658"}
{"level":"warn","message":"HTTP GET /api/notifications - 401 (0ms)","service":"research-mgmt-api","timestamp":"2025-04-11 23:43:57.658"}
{"level":"warn","message":"Unauthorized access attempt (no/invalid Authorization header): /api/notifications/unread/count","service":"research-mgmt-api","timestamp":"2025-04-11 23:43:57.660"}
{"level":"warn","message":"HTTP GET /api/notifications/unread/count - 401 (0ms)","service":"research-mgmt-api","timestamp":"2025-04-11 23:43:57.660"}
{"level":"warn","message":"Unauthorized access attempt (no/invalid Authorization header): /api/dashboard/student","service":"research-mgmt-api","timestamp":"2025-04-11 23:43:57.940"}
{"level":"error","message":"HTTP GET /api/dashboard/student - 404 (0ms) Error: Route not found","service":"research-mgmt-api","timestamp":"2025-04-11 23:43:57.940"}
{"level":"warn","message":"Unauthorized access attempt (no/invalid Authorization header): /api/notifications","service":"research-mgmt-api","timestamp":"2025-04-11 23:43:59.056"}
{"level":"warn","message":"HTTP GET /api/notifications - 401 (0ms)","service":"research-mgmt-api","timestamp":"2025-04-11 23:43:59.056"}
{"level":"warn","message":"Unauthorized access attempt (no/invalid Authorization header): /api/notifications/unread/count","service":"research-mgmt-api","timestamp":"2025-04-11 23:43:59.059"}
{"level":"warn","message":"HTTP GET /api/notifications/unread/count - 401 (0ms)","service":"research-mgmt-api","timestamp":"2025-04-11 23:43:59.059"}
{"level":"warn","message":"Unauthorized access attempt (no/invalid Authorization header): /api/dashboard/student","service":"research-mgmt-api","timestamp":"2025-04-11 23:43:59.144"}
{"level":"error","message":"HTTP GET /api/dashboard/student - 404 (0ms) Error: Route not found","service":"research-mgmt-api","timestamp":"2025-04-11 23:43:59.144"}
{"level":"warn","message":"Unauthorized access attempt (no/invalid Authorization header): /api/notifications","service":"research-mgmt-api","timestamp":"2025-04-11 23:44:00.276"}
{"level":"warn","message":"HTTP GET /api/notifications - 401 (0ms)","service":"research-mgmt-api","timestamp":"2025-04-11 23:44:00.277"}
{"level":"warn","message":"Unauthorized access attempt (no/invalid Authorization header): /api/notifications/unread/count","service":"research-mgmt-api","timestamp":"2025-04-11 23:44:00.278"}
{"level":"warn","message":"HTTP GET /api/notifications/unread/count - 401 (0ms)","service":"research-mgmt-api","timestamp":"2025-04-11 23:44:00.278"}
{"level":"warn","message":"Unauthorized access attempt (no/invalid Authorization header): /api/dashboard/student","service":"research-mgmt-api","timestamp":"2025-04-11 23:44:00.405"}
{"level":"error","message":"HTTP GET /api/dashboard/student - 404 (0ms) Error: Route not found","service":"research-mgmt-api","timestamp":"2025-04-11 23:44:00.405"}
{"level":"warn","message":"Unauthorized access attempt (no/invalid Authorization header): /api/notifications","service":"research-mgmt-api","timestamp":"2025-04-11 23:44:01.463"}
{"level":"warn","message":"HTTP GET /api/notifications - 401 (0ms)","service":"research-mgmt-api","timestamp":"2025-04-11 23:44:01.463"}
{"level":"warn","message":"Unauthorized access attempt (no/invalid Authorization header): /api/notifications/unread/count","service":"research-mgmt-api","timestamp":"2025-04-11 23:44:01.465"}
{"level":"warn","message":"HTTP GET /api/notifications/unread/count - 401 (0ms)","service":"research-mgmt-api","timestamp":"2025-04-11 23:44:01.465"}
{"level":"warn","message":"Unauthorized access attempt (no/invalid Authorization header): /api/dashboard/student","service":"research-mgmt-api","timestamp":"2025-04-11 23:44:01.588"}
{"level":"error","message":"HTTP GET /api/dashboard/student - 404 (0ms) Error: Route not found","service":"research-mgmt-api","timestamp":"2025-04-11 23:44:01.588"}
{"level":"warn","message":"Unauthorized access attempt (no/invalid Authorization header): /api/notifications","service":"research-mgmt-api","timestamp":"2025-04-11 23:44:02.637"}
{"level":"warn","message":"HTTP GET /api/notifications - 401 (0ms)","service":"research-mgmt-api","timestamp":"2025-04-11 23:44:02.637"}
{"level":"warn","message":"Unauthorized access attempt (no/invalid Authorization header): /api/notifications/unread/count","service":"research-mgmt-api","timestamp":"2025-04-11 23:44:02.638"}
{"level":"warn","message":"HTTP GET /api/notifications/unread/count - 401 (0ms)","service":"research-mgmt-api","timestamp":"2025-04-11 23:44:02.639"}
{"level":"warn","message":"Unauthorized access attempt (no/invalid Authorization header): /api/dashboard/student","service":"research-mgmt-api","timestamp":"2025-04-11 23:44:02.752"}
{"level":"error","message":"HTTP GET /api/dashboard/student - 404 (0ms) Error: Route not found","service":"research-mgmt-api","timestamp":"2025-04-11 23:44:02.752"}
{"level":"warn","message":"Unauthorized access attempt (no/invalid Authorization header): /api/notifications","service":"research-mgmt-api","timestamp":"2025-04-11 23:44:03.872"}
{"level":"warn","message":"HTTP GET /api/notifications - 401 (0ms)","service":"research-mgmt-api","timestamp":"2025-04-11 23:44:03.872"}
{"level":"warn","message":"Unauthorized access attempt (no/invalid Authorization header): /api/notifications/unread/count","service":"research-mgmt-api","timestamp":"2025-04-11 23:44:03.873"}
{"level":"warn","message":"HTTP GET /api/notifications/unread/count - 401 (0ms)","service":"research-mgmt-api","timestamp":"2025-04-11 23:44:03.873"}
{"level":"warn","message":"Unauthorized access attempt (no/invalid Authorization header): /api/dashboard/student","service":"research-mgmt-api","timestamp":"2025-04-11 23:44:03.977"}
{"level":"error","message":"HTTP GET /api/dashboard/student - 404 (0ms) Error: Route not found","service":"research-mgmt-api","timestamp":"2025-04-11 23:44:03.977"}
{"level":"warn","message":"Unauthorized access attempt (no/invalid Authorization header): /api/notifications","service":"research-mgmt-api","timestamp":"2025-04-11 23:44:05.047"}
{"level":"warn","message":"HTTP GET /api/notifications - 401 (0ms)","service":"research-mgmt-api","timestamp":"2025-04-11 23:44:05.047"}
{"level":"warn","message":"Unauthorized access attempt (no/invalid Authorization header): /api/notifications/unread/count","service":"research-mgmt-api","timestamp":"2025-04-11 23:44:05.048"}
{"level":"warn","message":"HTTP GET /api/notifications/unread/count - 401 (0ms)","service":"research-mgmt-api","timestamp":"2025-04-11 23:44:05.048"}
{"level":"warn","message":"Unauthorized access attempt (no/invalid Authorization header): /api/dashboard/student","service":"research-mgmt-api","timestamp":"2025-04-11 23:44:05.160"}
{"level":"error","message":"HTTP GET /api/dashboard/student - 404 (0ms) Error: Route not found","service":"research-mgmt-api","timestamp":"2025-04-11 23:44:05.160"}
{"level":"warn","message":"Unauthorized access attempt (no/invalid Authorization header): /api/notifications","service":"research-mgmt-api","timestamp":"2025-04-11 23:44:06.225"}
{"level":"warn","message":"HTTP GET /api/notifications - 401 (0ms)","service":"research-mgmt-api","timestamp":"2025-04-11 23:44:06.225"}
{"level":"warn","message":"Unauthorized access attempt (no/invalid Authorization header): /api/notifications/unread/count","service":"research-mgmt-api","timestamp":"2025-04-11 23:44:06.236"}
{"level":"warn","message":"HTTP GET /api/notifications/unread/count - 401 (0ms)","service":"research-mgmt-api","timestamp":"2025-04-11 23:44:06.236"}
{"level":"warn","message":"Unauthorized access attempt (no/invalid Authorization header): /api/dashboard/student","service":"research-mgmt-api","timestamp":"2025-04-11 23:44:06.348"}
{"level":"error","message":"HTTP GET /api/dashboard/student - 404 (0ms) Error: Route not found","service":"research-mgmt-api","timestamp":"2025-04-11 23:44:06.349"}
{"external":"22 MB","heapTotal":"30 MB","heapUsed":"41 MB","level":"info","message":"Memory usage stats:","rss":"207 MB","service":"research-mgmt-api","timestamp":"2025-04-11 23:44:19.854"}
{"level":"warn","message":"Unauthorized access attempt (no/invalid Authorization header): /api/notifications","service":"research-mgmt-api","timestamp":"2025-04-11 23:44:38.808"}
{"level":"warn","message":"HTTP GET /api/notifications - 401 (0ms)","service":"research-mgmt-api","timestamp":"2025-04-11 23:44:38.809"}
{"level":"warn","message":"Unauthorized access attempt (no/invalid Authorization header): /api/notifications/unread/count","service":"research-mgmt-api","timestamp":"2025-04-11 23:44:38.810"}
{"level":"warn","message":"HTTP GET /api/notifications/unread/count - 401 (0ms)","service":"research-mgmt-api","timestamp":"2025-04-11 23:44:38.810"}
{"level":"warn","message":"Unauthorized access attempt (no/invalid Authorization header): /api/dashboard/student","service":"research-mgmt-api","timestamp":"2025-04-11 23:44:39.248"}
{"level":"error","message":"HTTP GET /api/dashboard/student - 404 (0ms) Error: Route not found","service":"research-mgmt-api","timestamp":"2025-04-11 23:44:39.248"}
{"level":"warn","message":"Unauthorized access attempt (no/invalid Authorization header): /api/notifications","service":"research-mgmt-api","timestamp":"2025-04-11 23:44:40.862"}
{"level":"warn","message":"HTTP GET /api/notifications - 401 (0ms)","service":"research-mgmt-api","timestamp":"2025-04-11 23:44:40.863"}
{"level":"warn","message":"Unauthorized access attempt (no/invalid Authorization header): /api/notifications/unread/count","service":"research-mgmt-api","timestamp":"2025-04-11 23:44:40.864"}
{"level":"warn","message":"HTTP GET /api/notifications/unread/count - 401 (0ms)","service":"research-mgmt-api","timestamp":"2025-04-11 23:44:40.864"}
{"level":"warn","message":"Unauthorized access attempt (no/invalid Authorization header): /api/dashboard/student","service":"research-mgmt-api","timestamp":"2025-04-11 23:44:41.292"}
{"level":"error","message":"HTTP GET /api/dashboard/student - 404 (0ms) Error: Route not found","service":"research-mgmt-api","timestamp":"2025-04-11 23:44:41.292"}
{"level":"warn","message":"Unauthorized access attempt (no/invalid Authorization header): /api/notifications","service":"research-mgmt-api","timestamp":"2025-04-11 23:44:41.794"}
{"level":"warn","message":"HTTP GET /api/notifications - 401 (0ms)","service":"research-mgmt-api","timestamp":"2025-04-11 23:44:41.794"}
{"level":"warn","message":"Unauthorized access attempt (no/invalid Authorization header): /api/notifications/unread/count","service":"research-mgmt-api","timestamp":"2025-04-11 23:44:41.795"}
{"level":"warn","message":"HTTP GET /api/notifications/unread/count - 401 (0ms)","service":"research-mgmt-api","timestamp":"2025-04-11 23:44:41.795"}
{"level":"warn","message":"Unauthorized access attempt (no/invalid Authorization header): /api/dashboard/student","service":"research-mgmt-api","timestamp":"2025-04-11 23:44:42.239"}
{"level":"error","message":"HTTP GET /api/dashboard/student - 404 (0ms) Error: Route not found","service":"research-mgmt-api","timestamp":"2025-04-11 23:44:42.239"}
{"level":"warn","message":"Unauthorized access attempt (no/invalid Authorization header): /api/notifications","service":"research-mgmt-api","timestamp":"2025-04-11 23:44:43.831"}
{"level":"warn","message":"HTTP GET /api/notifications - 401 (0ms)","service":"research-mgmt-api","timestamp":"2025-04-11 23:44:43.831"}
{"level":"warn","message":"Unauthorized access attempt (no/invalid Authorization header): /api/notifications/unread/count","service":"research-mgmt-api","timestamp":"2025-04-11 23:44:43.832"}
{"level":"warn","message":"HTTP GET /api/notifications/unread/count - 401 (0ms)","service":"research-mgmt-api","timestamp":"2025-04-11 23:44:43.832"}
{"level":"warn","message":"Unauthorized access attempt (no/invalid Authorization header): /api/dashboard/student","service":"research-mgmt-api","timestamp":"2025-04-11 23:44:44.230"}
{"level":"error","message":"HTTP GET /api/dashboard/student - 404 (0ms) Error: Route not found","service":"research-mgmt-api","timestamp":"2025-04-11 23:44:44.230"}
{"level":"warn","message":"Unauthorized access attempt (no/invalid Authorization header): /api/notifications","service":"research-mgmt-api","timestamp":"2025-04-11 23:44:45.866"}
{"level":"warn","message":"HTTP GET /api/notifications - 401 (0ms)","service":"research-mgmt-api","timestamp":"2025-04-11 23:44:45.867"}
{"level":"warn","message":"Unauthorized access attempt (no/invalid Authorization header): /api/notifications/unread/count","service":"research-mgmt-api","timestamp":"2025-04-11 23:44:45.868"}
{"level":"warn","message":"HTTP GET /api/notifications/unread/count - 401 (0ms)","service":"research-mgmt-api","timestamp":"2025-04-11 23:44:45.868"}
{"level":"warn","message":"Unauthorized access attempt (no/invalid Authorization header): /api/dashboard/student","service":"research-mgmt-api","timestamp":"2025-04-11 23:44:46.323"}
{"level":"error","message":"HTTP GET /api/dashboard/student - 404 (0ms) Error: Route not found","service":"research-mgmt-api","timestamp":"2025-04-11 23:44:46.324"}
{"level":"warn","message":"Unauthorized access attempt (no/invalid Authorization header): /api/notifications","service":"research-mgmt-api","timestamp":"2025-04-11 23:44:47.856"}
{"level":"warn","message":"HTTP GET /api/notifications - 401 (0ms)","service":"research-mgmt-api","timestamp":"2025-04-11 23:44:47.857"}
{"level":"warn","message":"Unauthorized access attempt (no/invalid Authorization header): /api/notifications/unread/count","service":"research-mgmt-api","timestamp":"2025-04-11 23:44:47.857"}
{"level":"warn","message":"HTTP GET /api/notifications/unread/count - 401 (0ms)","service":"research-mgmt-api","timestamp":"2025-04-11 23:44:47.857"}
{"level":"warn","message":"Unauthorized access attempt (no/invalid Authorization header): /api/dashboard/student","service":"research-mgmt-api","timestamp":"2025-04-11 23:44:48.313"}
{"level":"error","message":"HTTP GET /api/dashboard/student - 404 (0ms) Error: Route not found","service":"research-mgmt-api","timestamp":"2025-04-11 23:44:48.313"}
{"level":"warn","message":"Unauthorized access attempt (no/invalid Authorization header): /api/notifications","service":"research-mgmt-api","timestamp":"2025-04-11 23:44:49.801"}
{"level":"warn","message":"HTTP GET /api/notifications - 401 (0ms)","service":"research-mgmt-api","timestamp":"2025-04-11 23:44:49.802"}
{"level":"warn","message":"Unauthorized access attempt (no/invalid Authorization header): /api/notifications/unread/count","service":"research-mgmt-api","timestamp":"2025-04-11 23:44:49.802"}
{"level":"warn","message":"HTTP GET /api/notifications/unread/count - 401 (0ms)","service":"research-mgmt-api","timestamp":"2025-04-11 23:44:49.802"}
{"level":"warn","message":"Unauthorized access attempt (no/invalid Authorization header): /api/dashboard/student","service":"research-mgmt-api","timestamp":"2025-04-11 23:44:50.210"}
{"level":"error","message":"HTTP GET /api/dashboard/student - 404 (0ms) Error: Route not found","service":"research-mgmt-api","timestamp":"2025-04-11 23:44:50.211"}
{"level":"warn","message":"Unauthorized access attempt (no/invalid Authorization header): /api/notifications","service":"research-mgmt-api","timestamp":"2025-04-11 23:44:51.881"}
{"level":"warn","message":"HTTP GET /api/notifications - 401 (0ms)","service":"research-mgmt-api","timestamp":"2025-04-11 23:44:51.881"}
{"level":"warn","message":"Unauthorized access attempt (no/invalid Authorization header): /api/notifications/unread/count","service":"research-mgmt-api","timestamp":"2025-04-11 23:44:51.882"}
{"level":"warn","message":"HTTP GET /api/notifications/unread/count - 401 (0ms)","service":"research-mgmt-api","timestamp":"2025-04-11 23:44:51.882"}
{"level":"warn","message":"Unauthorized access attempt (no/invalid Authorization header): /api/dashboard/student","service":"research-mgmt-api","timestamp":"2025-04-11 23:44:52.311"}
{"level":"error","message":"HTTP GET /api/dashboard/student - 404 (0ms) Error: Route not found","service":"research-mgmt-api","timestamp":"2025-04-11 23:44:52.311"}
{"level":"warn","message":"Unauthorized access attempt (no/invalid Authorization header): /api/notifications","service":"research-mgmt-api","timestamp":"2025-04-11 23:44:53.836"}
{"level":"warn","message":"HTTP GET /api/notifications - 401 (0ms)","service":"research-mgmt-api","timestamp":"2025-04-11 23:44:53.837"}
{"level":"warn","message":"Unauthorized access attempt (no/invalid Authorization header): /api/notifications/unread/count","service":"research-mgmt-api","timestamp":"2025-04-11 23:44:53.839"}
{"level":"warn","message":"HTTP GET /api/notifications/unread/count - 401 (0ms)","service":"research-mgmt-api","timestamp":"2025-04-11 23:44:53.839"}
{"level":"warn","message":"Unauthorized access attempt (no/invalid Authorization header): /api/dashboard/student","service":"research-mgmt-api","timestamp":"2025-04-11 23:44:54.324"}
{"level":"error","message":"HTTP GET /api/dashboard/student - 404 (0ms) Error: Route not found","service":"research-mgmt-api","timestamp":"2025-04-11 23:44:54.325"}
{"level":"warn","message":"Unauthorized access attempt (no/invalid Authorization header): /api/notifications","service":"research-mgmt-api","timestamp":"2025-04-11 23:44:55.842"}
{"level":"warn","message":"HTTP GET /api/notifications - 401 (0ms)","service":"research-mgmt-api","timestamp":"2025-04-11 23:44:55.843"}
{"level":"warn","message":"Unauthorized access attempt (no/invalid Authorization header): /api/notifications/unread/count","service":"research-mgmt-api","timestamp":"2025-04-11 23:44:55.844"}
{"level":"warn","message":"HTTP GET /api/notifications/unread/count - 401 (0ms)","service":"research-mgmt-api","timestamp":"2025-04-11 23:44:55.844"}
{"level":"warn","message":"Unauthorized access attempt (no/invalid Authorization header): /api/dashboard/student","service":"research-mgmt-api","timestamp":"2025-04-11 23:44:56.297"}
{"level":"error","message":"HTTP GET /api/dashboard/student - 404 (0ms) Error: Route not found","service":"research-mgmt-api","timestamp":"2025-04-11 23:44:56.298"}
{"level":"warn","message":"Unauthorized access attempt (no/invalid Authorization header): /api/notifications","service":"research-mgmt-api","timestamp":"2025-04-11 23:44:57.874"}
{"level":"warn","message":"HTTP GET /api/notifications - 401 (0ms)","service":"research-mgmt-api","timestamp":"2025-04-11 23:44:57.875"}
{"level":"warn","message":"Unauthorized access attempt (no/invalid Authorization header): /api/notifications/unread/count","service":"research-mgmt-api","timestamp":"2025-04-11 23:44:57.875"}
{"level":"warn","message":"HTTP GET /api/notifications/unread/count - 401 (0ms)","service":"research-mgmt-api","timestamp":"2025-04-11 23:44:57.876"}
{"level":"warn","message":"Unauthorized access attempt (no/invalid Authorization header): /api/dashboard/student","service":"research-mgmt-api","timestamp":"2025-04-11 23:44:58.339"}
{"level":"error","message":"HTTP GET /api/dashboard/student - 404 (0ms) Error: Route not found","service":"research-mgmt-api","timestamp":"2025-04-11 23:44:58.339"}
{"level":"warn","message":"Unauthorized access attempt (no/invalid Authorization header): /api/notifications","service":"research-mgmt-api","timestamp":"2025-04-11 23:44:59.460"}
{"level":"warn","message":"HTTP GET /api/notifications - 401 (0ms)","service":"research-mgmt-api","timestamp":"2025-04-11 23:44:59.460"}
{"level":"warn","message":"Unauthorized access attempt (no/invalid Authorization header): /api/notifications/unread/count","service":"research-mgmt-api","timestamp":"2025-04-11 23:44:59.461"}
{"level":"warn","message":"HTTP GET /api/notifications/unread/count - 401 (0ms)","service":"research-mgmt-api","timestamp":"2025-04-11 23:44:59.461"}
{"level":"warn","message":"Unauthorized access attempt (no/invalid Authorization header): /api/dashboard/student","service":"research-mgmt-api","timestamp":"2025-04-11 23:44:59.758"}
{"level":"error","message":"HTTP GET /api/dashboard/student - 404 (0ms) Error: Route not found","service":"research-mgmt-api","timestamp":"2025-04-11 23:44:59.758"}
{"level":"warn","message":"Unauthorized access attempt (no/invalid Authorization header): /api/dashboard/student","service":"research-mgmt-api","timestamp":"2025-04-11 23:47:25.171"}
{"level":"error","message":"HTTP GET /api/dashboard/student - 404 (0ms) Error: Route not found","service":"research-mgmt-api","timestamp":"2025-04-11 23:47:25.171"}
{"level":"warn","message":"Unauthorized access attempt (no/invalid Authorization header): /api/dashboard/student","service":"research-mgmt-api","timestamp":"2025-04-11 23:47:57.241"}
{"level":"error","message":"HTTP GET /api/dashboard/student - 404 (0ms) Error: Route not found","service":"research-mgmt-api","timestamp":"2025-04-11 23:47:57.242"}
{"level":"warn","message":"Unauthorized access attempt (no/invalid Authorization header): /api/dashboard/student","service":"research-mgmt-api","timestamp":"2025-04-11 23:48:11.427"}
{"level":"error","message":"HTTP GET /api/dashboard/student - 404 (0ms) Error: Route not found","service":"research-mgmt-api","timestamp":"2025-04-11 23:48:11.427"}
{"level":"warn","message":"Unauthorized access attempt (no/invalid Authorization header): /dashboard/student","service":"research-mgmt-api","timestamp":"2025-04-11 23:48:18.957"}
{"level":"error","message":"HTTP GET /dashboard/student - 404 (0ms) Error: Route not found","service":"research-mgmt-api","timestamp":"2025-04-11 23:48:18.957"}
{"level":"info","message":"JWT helper initialized","service":"research-mgmt-api","timestamp":"2025-04-11 23:48:32.126"}
{"adminRoutes":true,"authRoutes":true,"level":"info","message":"Route modules loaded:","service":"research-mgmt-api","studentRoutes":true,"supervisorRoutes":true,"timestamp":"2025-04-11 23:48:32.160"}
{"level":"info","message":"Registered API redirect from GET /notifications to GET /api/notifications","service":"research-mgmt-api","timestamp":"2025-04-11 23:48:32.175"}
{"level":"info","message":"Registered API redirect from GET /notifications/unread/count to GET /api/notifications/unread/count","service":"research-mgmt-api","timestamp":"2025-04-11 23:48:32.175"}
{"level":"info","message":"Registered API redirect from GET /user/profile to GET /api/user/profile","service":"research-mgmt-api","timestamp":"2025-04-11 23:48:32.175"}
{"level":"info","message":"Registered API redirect from GET /dashboard to GET /api/dashboard","service":"research-mgmt-api","timestamp":"2025-04-11 23:48:32.175"}
{"level":"info","message":"Registered API redirect from GET /calendar to GET /api/calendar","service":"research-mgmt-api","timestamp":"2025-04-11 23:48:32.175"}
{"level":"info","message":"Registered API redirect from GET /projects to GET /api/projects","service":"research-mgmt-api","timestamp":"2025-04-11 23:48:32.176"}
{"level":"info","message":"Registered API redirect from POST /projects to POST /api/projects","service":"research-mgmt-api","timestamp":"2025-04-11 23:48:32.176"}
{"level":"info","message":"Registered API redirect from GET /sessions to GET /api/sessions","service":"research-mgmt-api","timestamp":"2025-04-11 23:48:32.176"}
{"level":"info","message":"Registered API redirect from POST /sessions to POST /api/sessions","service":"research-mgmt-api","timestamp":"2025-04-11 23:48:32.176"}
{"level":"info","message":"Registered API redirect from GET /messages to GET /api/messages","service":"research-mgmt-api","timestamp":"2025-04-11 23:48:32.176"}
{"level":"info","message":"Registered API redirect from POST /messages to POST /api/messages","service":"research-mgmt-api","timestamp":"2025-04-11 23:48:32.176"}
{"level":"info","message":"Registered API redirect from GET /projects/:id to GET /api/projects/:id","service":"research-mgmt-api","timestamp":"2025-04-11 23:48:32.176"}
{"level":"info","message":"Registered API redirect from PUT /projects/:id to PUT /api/projects/:id","service":"research-mgmt-api","timestamp":"2025-04-11 23:48:32.176"}
{"level":"info","message":"Registered API redirect from DELETE /projects/:id to DELETE /api/projects/:id","service":"research-mgmt-api","timestamp":"2025-04-11 23:48:32.176"}
{"level":"info","message":"Registered API redirect from GET /users/:id to GET /api/users/:id","service":"research-mgmt-api","timestamp":"2025-04-11 23:48:32.176"}
{"level":"info","message":"Registered API redirect from PUT /users/:id to PUT /api/users/:id","service":"research-mgmt-api","timestamp":"2025-04-11 23:48:32.177"}
{"level":"info","message":"Attempting to connect to MongoDB database","service":"research-mgmt-api","timestamp":"2025-04-11 23:48:32.177"}
{"level":"info","message":"Attempting to connect to MongoDB...","service":"research-mgmt-api","timestamp":"2025-04-11 23:48:32.177"}
{"level":"warn","message":"Unauthorized access attempt (no/invalid Authorization header): /api/dashboard/student","service":"research-mgmt-api","timestamp":"2025-04-11 23:48:33.314"}
{"level":"error","message":"HTTP GET /api/dashboard/student - 404 (0ms) Error: Route not found","service":"research-mgmt-api","timestamp":"2025-04-11 23:48:33.314"}
{"level":"info","message":"MongoDB Connected: ac-xdpuchx-shard-00-00.tvoe17p.mongodb.net","service":"research-mgmt-api","timestamp":"2025-04-11 23:48:33.478"}
{"level":"info","message":"✅ MongoDB connection established successfully","service":"research-mgmt-api","timestamp":"2025-04-11 23:48:33.478"}
{"level":"info","message":"🚀 Server running on port 300000 and accessible from all network interfaces","service":"research-mgmt-api","timestamp":"2025-04-11 23:48:33.482"}
{"level":"info","message":"JWT helper initialized","service":"research-mgmt-api","timestamp":"2025-04-11 23:49:51.796"}
{"adminRoutes":true,"authRoutes":true,"level":"info","message":"Route modules loaded:","service":"research-mgmt-api","studentRoutes":true,"supervisorRoutes":true,"timestamp":"2025-04-11 23:49:51.830"}
{"level":"info","message":"Registered API redirect from GET /notifications to GET /api/notifications","service":"research-mgmt-api","timestamp":"2025-04-11 23:49:51.845"}
{"level":"info","message":"Registered API redirect from GET /notifications/unread/count to GET /api/notifications/unread/count","service":"research-mgmt-api","timestamp":"2025-04-11 23:49:51.845"}
{"level":"info","message":"Registered API redirect from GET /user/profile to GET /api/user/profile","service":"research-mgmt-api","timestamp":"2025-04-11 23:49:51.845"}
{"level":"info","message":"Registered API redirect from GET /dashboard to GET /api/dashboard","service":"research-mgmt-api","timestamp":"2025-04-11 23:49:51.845"}
{"level":"info","message":"Registered API redirect from GET /calendar to GET /api/calendar","service":"research-mgmt-api","timestamp":"2025-04-11 23:49:51.845"}
{"level":"info","message":"Registered API redirect from GET /projects to GET /api/projects","service":"research-mgmt-api","timestamp":"2025-04-11 23:49:51.845"}
{"level":"info","message":"Registered API redirect from POST /projects to POST /api/projects","service":"research-mgmt-api","timestamp":"2025-04-11 23:49:51.846"}
{"level":"info","message":"Registered API redirect from GET /sessions to GET /api/sessions","service":"research-mgmt-api","timestamp":"2025-04-11 23:49:51.846"}
{"level":"info","message":"Registered API redirect from POST /sessions to POST /api/sessions","service":"research-mgmt-api","timestamp":"2025-04-11 23:49:51.846"}
{"level":"info","message":"Registered API redirect from GET /messages to GET /api/messages","service":"research-mgmt-api","timestamp":"2025-04-11 23:49:51.846"}
{"level":"info","message":"Registered API redirect from POST /messages to POST /api/messages","service":"research-mgmt-api","timestamp":"2025-04-11 23:49:51.846"}
{"level":"info","message":"Registered API redirect from GET /projects/:id to GET /api/projects/:id","service":"research-mgmt-api","timestamp":"2025-04-11 23:49:51.846"}
{"level":"info","message":"Registered API redirect from PUT /projects/:id to PUT /api/projects/:id","service":"research-mgmt-api","timestamp":"2025-04-11 23:49:51.846"}
{"level":"info","message":"Registered API redirect from DELETE /projects/:id to DELETE /api/projects/:id","service":"research-mgmt-api","timestamp":"2025-04-11 23:49:51.846"}
{"level":"info","message":"Registered API redirect from GET /users/:id to GET /api/users/:id","service":"research-mgmt-api","timestamp":"2025-04-11 23:49:51.846"}
{"level":"info","message":"Registered API redirect from PUT /users/:id to PUT /api/users/:id","service":"research-mgmt-api","timestamp":"2025-04-11 23:49:51.846"}
{"level":"info","message":"Attempting to connect to MongoDB database","service":"research-mgmt-api","timestamp":"2025-04-11 23:49:51.847"}
{"level":"info","message":"Attempting to connect to MongoDB...","service":"research-mgmt-api","timestamp":"2025-04-11 23:49:51.847"}
{"level":"info","message":"MongoDB Connected: ac-xdpuchx-shard-00-02.tvoe17p.mongodb.net","service":"research-mgmt-api","timestamp":"2025-04-11 23:49:53.003"}
{"level":"info","message":"✅ MongoDB connection established successfully","service":"research-mgmt-api","timestamp":"2025-04-11 23:49:53.003"}
{"level":"info","message":"🚀 Server running on port 300000 and accessible from all network interfaces","service":"research-mgmt-api","timestamp":"2025-04-11 23:49:53.007"}
{"level":"warn","message":"Unauthorized access attempt (no/invalid Authorization header): /api/dashboard/student","service":"research-mgmt-api","timestamp":"2025-04-11 23:50:23.792"}
{"level":"error","message":"HTTP GET /api/dashboard/student - 404 (0ms) Error: Route not found","service":"research-mgmt-api","timestamp":"2025-04-11 23:50:23.792"}
{"level":"warn","message":"Unauthorized access attempt (no/invalid Authorization header): /api/dashboard/student","service":"research-mgmt-api","timestamp":"2025-04-11 23:51:46.781"}
{"level":"error","message":"HTTP GET /api/dashboard/student - 404 (0ms) Error: Route not found","service":"research-mgmt-api","timestamp":"2025-04-11 23:51:46.782"}
{"level":"info","message":"JWT helper initialized","service":"research-mgmt-api","timestamp":"2025-04-11 23:52:27.090"}
{"adminRoutes":true,"authRoutes":true,"level":"info","message":"Route modules loaded:","service":"research-mgmt-api","studentRoutes":true,"supervisorRoutes":true,"timestamp":"2025-04-11 23:52:27.124"}
{"level":"info","message":"Registered API redirect from GET /notifications to GET /api/notifications","service":"research-mgmt-api","timestamp":"2025-04-11 23:52:27.138"}
{"level":"info","message":"Registered API redirect from GET /notifications/unread/count to GET /api/notifications/unread/count","service":"research-mgmt-api","timestamp":"2025-04-11 23:52:27.138"}
{"level":"info","message":"Registered API redirect from GET /user/profile to GET /api/user/profile","service":"research-mgmt-api","timestamp":"2025-04-11 23:52:27.138"}
{"level":"info","message":"Registered API redirect from GET /dashboard to GET /api/dashboard","service":"research-mgmt-api","timestamp":"2025-04-11 23:52:27.138"}
{"level":"info","message":"Registered API redirect from GET /calendar to GET /api/calendar","service":"research-mgmt-api","timestamp":"2025-04-11 23:52:27.139"}
{"level":"info","message":"Registered API redirect from GET /projects to GET /api/projects","service":"research-mgmt-api","timestamp":"2025-04-11 23:52:27.139"}
{"level":"info","message":"Registered API redirect from POST /projects to POST /api/projects","service":"research-mgmt-api","timestamp":"2025-04-11 23:52:27.139"}
{"level":"info","message":"Registered API redirect from GET /sessions to GET /api/sessions","service":"research-mgmt-api","timestamp":"2025-04-11 23:52:27.139"}
{"level":"info","message":"Registered API redirect from POST /sessions to POST /api/sessions","service":"research-mgmt-api","timestamp":"2025-04-11 23:52:27.139"}
{"level":"info","message":"Registered API redirect from GET /messages to GET /api/messages","service":"research-mgmt-api","timestamp":"2025-04-11 23:52:27.139"}
{"level":"info","message":"Registered API redirect from POST /messages to POST /api/messages","service":"research-mgmt-api","timestamp":"2025-04-11 23:52:27.139"}
{"level":"info","message":"Registered API redirect from GET /projects/:id to GET /api/projects/:id","service":"research-mgmt-api","timestamp":"2025-04-11 23:52:27.140"}
{"level":"info","message":"Registered API redirect from PUT /projects/:id to PUT /api/projects/:id","service":"research-mgmt-api","timestamp":"2025-04-11 23:52:27.140"}
{"level":"info","message":"Registered API redirect from DELETE /projects/:id to DELETE /api/projects/:id","service":"research-mgmt-api","timestamp":"2025-04-11 23:52:27.140"}
{"level":"info","message":"Registered API redirect from GET /users/:id to GET /api/users/:id","service":"research-mgmt-api","timestamp":"2025-04-11 23:52:27.140"}
{"level":"info","message":"Registered API redirect from PUT /users/:id to PUT /api/users/:id","service":"research-mgmt-api","timestamp":"2025-04-11 23:52:27.140"}
{"level":"info","message":"Attempting to connect to MongoDB database","service":"research-mgmt-api","timestamp":"2025-04-11 23:52:27.140"}
{"level":"info","message":"Attempting to connect to MongoDB...","service":"research-mgmt-api","timestamp":"2025-04-11 23:52:27.141"}
{"level":"warn","message":"Unauthorized access attempt (no/invalid Authorization header): /api/dashboard/student","service":"research-mgmt-api","timestamp":"2025-04-11 23:52:29.977"}
{"level":"error","message":"HTTP GET /api/dashboard/student - 404 (0ms) Error: Route not found","service":"research-mgmt-api","timestamp":"2025-04-11 23:52:29.978"}
{"level":"info","message":"MongoDB Connected: ac-xdpuchx-shard-00-02.tvoe17p.mongodb.net","service":"research-mgmt-api","timestamp":"2025-04-11 23:52:38.226"}
{"level":"info","message":"✅ MongoDB connection established successfully","service":"research-mgmt-api","timestamp":"2025-04-11 23:52:38.226"}
{"level":"info","message":"🚀 Server running on port 300000 and accessible from all network interfaces","service":"research-mgmt-api","timestamp":"2025-04-11 23:52:38.230"}
{"level":"warn","message":"Unauthorized access attempt (no/invalid Authorization header): /dashboard/student","service":"research-mgmt-api","timestamp":"2025-04-11 23:52:39.345"}
{"level":"error","message":"HTTP GET /dashboard/student - 404 (0ms) Error: Route not found","service":"research-mgmt-api","timestamp":"2025-04-11 23:52:39.345"}
{"level":"info","message":"JWT helper initialized","service":"research-mgmt-api","timestamp":"2025-04-11 23:52:56.449"}
{"adminRoutes":true,"authRoutes":true,"level":"info","message":"Route modules loaded:","service":"research-mgmt-api","studentRoutes":true,"supervisorRoutes":true,"timestamp":"2025-04-11 23:52:56.484"}
{"level":"info","message":"Registered API redirect from GET /notifications to GET /api/notifications","service":"research-mgmt-api","timestamp":"2025-04-11 23:52:56.498"}
{"level":"info","message":"Registered API redirect from GET /notifications/unread/count to GET /api/notifications/unread/count","service":"research-mgmt-api","timestamp":"2025-04-11 23:52:56.498"}
{"level":"info","message":"Registered API redirect from GET /user/profile to GET /api/user/profile","service":"research-mgmt-api","timestamp":"2025-04-11 23:52:56.499"}
{"level":"info","message":"Registered API redirect from GET /dashboard to GET /api/dashboard","service":"research-mgmt-api","timestamp":"2025-04-11 23:52:56.499"}
{"level":"info","message":"Registered API redirect from GET /calendar to GET /api/calendar","service":"research-mgmt-api","timestamp":"2025-04-11 23:52:56.499"}
{"level":"info","message":"Registered API redirect from GET /projects to GET /api/projects","service":"research-mgmt-api","timestamp":"2025-04-11 23:52:56.499"}
{"level":"info","message":"Registered API redirect from POST /projects to POST /api/projects","service":"research-mgmt-api","timestamp":"2025-04-11 23:52:56.499"}
{"level":"info","message":"Registered API redirect from GET /sessions to GET /api/sessions","service":"research-mgmt-api","timestamp":"2025-04-11 23:52:56.499"}
{"level":"info","message":"Registered API redirect from POST /sessions to POST /api/sessions","service":"research-mgmt-api","timestamp":"2025-04-11 23:52:56.499"}
{"level":"info","message":"Registered API redirect from GET /messages to GET /api/messages","service":"research-mgmt-api","timestamp":"2025-04-11 23:52:56.500"}
{"level":"info","message":"Registered API redirect from POST /messages to POST /api/messages","service":"research-mgmt-api","timestamp":"2025-04-11 23:52:56.500"}
{"level":"info","message":"Registered API redirect from GET /projects/:id to GET /api/projects/:id","service":"research-mgmt-api","timestamp":"2025-04-11 23:52:56.500"}
{"level":"info","message":"Registered API redirect from PUT /projects/:id to PUT /api/projects/:id","service":"research-mgmt-api","timestamp":"2025-04-11 23:52:56.500"}
{"level":"info","message":"Registered API redirect from DELETE /projects/:id to DELETE /api/projects/:id","service":"research-mgmt-api","timestamp":"2025-04-11 23:52:56.500"}
{"level":"info","message":"Registered API redirect from GET /users/:id to GET /api/users/:id","service":"research-mgmt-api","timestamp":"2025-04-11 23:52:56.500"}
{"level":"info","message":"Registered API redirect from PUT /users/:id to PUT /api/users/:id","service":"research-mgmt-api","timestamp":"2025-04-11 23:52:56.500"}
{"level":"info","message":"Attempting to connect to MongoDB database","service":"research-mgmt-api","timestamp":"2025-04-11 23:52:56.501"}
{"level":"info","message":"Attempting to connect to MongoDB...","service":"research-mgmt-api","timestamp":"2025-04-11 23:52:56.501"}
{"level":"info","message":"MongoDB Connected: ac-xdpuchx-shard-00-02.tvoe17p.mongodb.net","service":"research-mgmt-api","timestamp":"2025-04-11 23:52:57.488"}
{"level":"info","message":"✅ MongoDB connection established successfully","service":"research-mgmt-api","timestamp":"2025-04-11 23:52:57.488"}
{"level":"info","message":"🚀 Server running on port 300000 and accessible from all network interfaces","service":"research-mgmt-api","timestamp":"2025-04-11 23:52:57.492"}
{"level":"warn","message":"Unauthorized access attempt (no/invalid Authorization header): /api/dashboard","service":"research-mgmt-api","timestamp":"2025-04-11 23:53:17.907"}
{"level":"info","message":"📊 Fetching student dashboard data","service":"research-mgmt-api","timestamp":"2025-04-11 23:53:17.908"}
{"level":"error","message":"HTTP GET /api/dashboard - 404 (1ms) Error: Authentication required","service":"research-mgmt-api","timestamp":"2025-04-11 23:53:17.908"}
{"level":"warn","message":"Unauthorized access attempt (no/invalid Authorization header): /api/dashboard","service":"research-mgmt-api","timestamp":"2025-04-11 23:54:59.869"}
{"level":"info","message":"📊 Fetching student dashboard data","service":"research-mgmt-api","timestamp":"2025-04-11 23:54:59.870"}
{"level":"error","message":"HTTP GET /api/dashboard - 404 (0ms) Error: Authentication required","service":"research-mgmt-api","timestamp":"2025-04-11 23:54:59.870"}
{"level":"info","message":"MongoDB connection state: 1","service":"research-mgmt-api","timestamp":"2025-04-11 23:55:19.651"}
{"level":"info","message":"Login attempt for user: teststudent1@gmail.com","service":"research-mgmt-api","timestamp":"2025-04-11 23:55:19.651"}
{"level":"info","message":"Verifying password for user: teststudent1@gmail.com","service":"research-mgmt-api","timestamp":"2025-04-11 23:55:19.749"}
{"level":"info","message":"Login successful for user: teststudent1@gmail.com","service":"research-mgmt-api","timestamp":"2025-04-11 23:55:19.769"}
{"level":"info","message":"HTTP POST /api/auth/login - 200 (119ms)","service":"research-mgmt-api","timestamp":"2025-04-11 23:55:19.769"}
{"level":"warn","message":"Unauthorized access attempt (no/invalid Authorization header): /api/student-teams","service":"research-mgmt-api","timestamp":"2025-04-11 23:55:29.427"}
{"level":"error","message":"HTTP GET /api/student-teams - 404 (0ms) Error: Route not found","service":"research-mgmt-api","timestamp":"2025-04-11 23:55:29.427"}
{"level":"warn","message":"Unauthorized access attempt (no/invalid Authorization header): /api/student-teams/invitations","service":"research-mgmt-api","timestamp":"2025-04-11 23:55:29.428"}
{"level":"error","message":"HTTP GET /api/student-teams/invitations - 404 (0ms) Error: Route not found","service":"research-mgmt-api","timestamp":"2025-04-11 23:55:29.428"}
{"level":"warn","message":"Unauthorized access attempt (no/invalid Authorization header): /api/student-teams","service":"research-mgmt-api","timestamp":"2025-04-11 23:55:47.187"}
{"level":"error","message":"HTTP GET /api/student-teams - 404 (0ms) Error: Route not found","service":"research-mgmt-api","timestamp":"2025-04-11 23:55:47.187"}
{"level":"warn","message":"Unauthorized access attempt (no/invalid Authorization header): /api/student-teams/invitations","service":"research-mgmt-api","timestamp":"2025-04-11 23:55:47.188"}
{"level":"error","message":"HTTP GET /api/student-teams/invitations - 404 (0ms) Error: Route not found","service":"research-mgmt-api","timestamp":"2025-04-11 23:55:47.189"}
{"level":"info","message":"MongoDB connection state: 1","service":"research-mgmt-api","timestamp":"2025-04-11 23:56:13.793"}
{"level":"info","message":"Login attempt for user: teststudent1@gmail.com","service":"research-mgmt-api","timestamp":"2025-04-11 23:56:13.793"}
{"level":"info","message":"Verifying password for user: teststudent1@gmail.com","service":"research-mgmt-api","timestamp":"2025-04-11 23:56:13.880"}
{"level":"info","message":"Login successful for user: teststudent1@gmail.com","service":"research-mgmt-api","timestamp":"2025-04-11 23:56:13.893"}
{"level":"info","message":"HTTP POST /api/auth/login - 200 (101ms)","service":"research-mgmt-api","timestamp":"2025-04-11 23:56:13.893"}
{"level":"warn","message":"Unauthorized access attempt (no/invalid Authorization header): /api/student-teams","service":"research-mgmt-api","timestamp":"2025-04-11 23:56:42.593"}
{"level":"error","message":"HTTP GET /api/student-teams - 404 (0ms) Error: Route not found","service":"research-mgmt-api","timestamp":"2025-04-11 23:56:42.594"}
{"level":"warn","message":"Unauthorized access attempt (no/invalid Authorization header): /api/student-teams/invitations","service":"research-mgmt-api","timestamp":"2025-04-11 23:56:42.594"}
{"level":"error","message":"HTTP GET /api/student-teams/invitations - 404 (0ms) Error: Route not found","service":"research-mgmt-api","timestamp":"2025-04-11 23:56:42.594"}
{"external":"30 MB","heapTotal":"32 MB","heapUsed":"55 MB","level":"info","message":"Memory usage stats:","rss":"218 MB","service":"research-mgmt-api","timestamp":"2025-04-11 23:57:56.508"}
{"level":"warn","message":"Unauthorized access attempt (no/invalid Authorization header): /api/student-teams","service":"research-mgmt-api","timestamp":"2025-04-11 23:59:57.519"}
{"level":"error","message":"HTTP GET /api/student-teams - 404 (0ms) Error: Route not found","service":"research-mgmt-api","timestamp":"2025-04-11 23:59:57.521"}
{"level":"warn","message":"Unauthorized access attempt (no/invalid Authorization header): /api/student-teams/invitations","service":"research-mgmt-api","timestamp":"2025-04-11 23:59:57.523"}
{"level":"error","message":"HTTP GET /api/student-teams/invitations - 404 (0ms) Error: Route not found","service":"research-mgmt-api","timestamp":"2025-04-11 23:59:57.523"}
